{
"type": "FeatureCollection",
"name": "Areas_alagaveis",
"crs": { "type": "name", "properties": { "name": "urn:ogc:def:crs:OGC:1.3:CRS84" } },
"features": [
{ "type": "Feature", "properties": { "fid": 1.0 }, "geometry": { "type": "MultiPolygon", "coordinates": [ [ [ [ -46.512113769488472, -23.621703661679863, -1.79769313486231571e+308 ], [ -46.511714146713025, -23.621404567817109, -1.79769313486231571e+308 ], [ -46.511548881497447, -23.621592028817247, -1.79769313486231571e+308 ], [ -46.511948504520817, -23.621891123091704, -1.79769313486231571e+308 ], [ -46.512113769488472, -23.621703661679863, -1.79769313486231571e+308 ] ] ] ] } },
{ "type": "Feature", "properties": { "fid": 3.0 }, "geometry": { "type": "MultiPolygon", "coordinates": [ [ [ [ -46.511565496825447, -23.626227347984909, -1.79769313486231571e+308 ], [ -46.511548909975723, -23.626265859527759, -1.79769313486231571e+308 ], [ -46.511535279261544, -23.626305343320698, -1.79769313486231571e+308 ], [ -46.511524671092886, -23.626345607003316, -1.79769313486231571e+308 ], [ -46.511517137154392, -23.626386454415471, -1.79769313486231571e+308 ], [ -46.51151271415349, -23.626427686552979, -1.79769313486231571e+308 ], [ -46.511511423641529, -23.626469102537126, -1.79769313486231571e+308 ], [ -46.511513271908719, -23.626510500593323, -1.79769313486231571e+308 ], [ -46.511518249953411, -23.626551679034147, -1.79769313486231571e+308 ], [ -46.511526333525936, -23.626592437241932, -1.79769313486231571e+308 ], [ -46.511537483246634, -23.626632576646177, -1.79769313486231571e+308 ], [ -46.511551644797706, -23.626671901690933, -1.79769313486231571e+308 ], [ -46.511568749187781, -23.626710220787643, -1.79769313486231571e+308 ], [ -46.511588713087967, -23.626747347248457, -1.79769313486231571e+308 ], [ -46.511611439237811, -23.626783100195826, -1.79769313486231571e+308 ], [ -46.511636816919101, -23.626817305443748, -1.79769313486231571e+308 ], [ -46.51166472249524, -23.626849796346409, -1.79769313486231571e+308 ], [ -46.511695020013597, -23.626880414610032, -1.79769313486231571e+308 ], [ -46.511727561867808, -23.626909011064168, -1.79769313486231571e+308 ], [ -46.511762189516922, -23.626935446388455, -1.79769313486231571e+308 ], [ -46.511798734257816, -23.626959591791334, -1.79769313486231571e+308 ], [ -46.511837018047075, -23.626981329637637, -1.79769313486231571e+308 ], [ -46.511876854368445, -23.627000554021606, -1.79769313486231571e+308 ], [ -46.511918049141556, -23.627017171282979, -1.79769313486231571e+308 ], [ -46.511960401667487, -23.627031100463249, -1.79769313486231571e+308 ], [ -46.51200370560661, -23.627042273700098, -1.79769313486231571e+308 ], [ -46.512047749983857, -23.627050636558096, -1.79769313486231571e+308 ], [ -46.512092320216674, -23.627056148293818, -1.79769313486231571e+308 ], [ -46.512137199160463, -23.627058782054469, -1.79769313486231571e+308 ], [ -46.512182168166582, -23.6270585250086, -1.79769313486231571e+308 ], [ -46.512227008147597, -23.627055378408677, -1.79769313486231571e+308 ], [ -46.512271500644715, -23.627049357584966, -1.79769313486231571e+308 ], [ -46.512315428892187, -23.62704049187084, -1.79769313486231571e+308 ], [ -46.512358578873396, -23.627028824459888, -1.79769313486231571e+308 ], [ -46.51240074036356, -23.6270144121954, -1.79769313486231571e+308 ], [ -46.512441707954004, -23.626997325293466, -1.79769313486231571e+308 ], [ -46.512481282052924, -23.626977647000881, -1.79769313486231571e+308 ], [ -46.512519269857798, -23.626955473189494, -1.79769313486231571e+308 ], [ -46.512555486294737, -23.626930911889158, -1.79769313486231571e+308 ], [ -46.512589754920192, -23.626904082761399, -1.79769313486231571e+308 ], [ -46.512621908780538, -23.626875116516345, -1.79769313486231571e+308 ], [ -46.512651791225515, -23.626844154276018, -1.79769313486231571e+308 ], [ -46.512679256671348, -23.62681134688663, -1.79769313486231571e+308 ], [ -46.512704171310048, -23.626776854183738, -1.79769313486231571e+308 ], [ -46.512726413761321, -23.626740844213526, -1.79769313486231571e+308 ], [ -46.512745875663803, -23.626703492413995, -1.79769313486231571e+308 ], [ -46.512762462203057, -23.626664980760324, -1.79769313486231571e+308 ], [ -46.512776092573397, -23.626625496878216, -1.79769313486231571e+308 ], [ -46.512786700371521, -23.626585233129834, -1.79769313486231571e+308 ], [ -46.512794233920026, -23.626544385676603, -1.79769313486231571e+308 ], [ -46.51279865651906, -23.62650315352349, -1.79769313486231571e+308 ], [ -46.51279994662508, -23.626461737549512, -1.79769313486231571e+308 ], [ -46.512798097955809, -23.626420339529087, -1.79769313486231571e+308 ], [ -46.512793119520687, -23.626379161148918, -1.79769313486231571e+308 ], [ -46.512785035577018, -23.626338403025496, -1.79769313486231571e+308 ], [ -46.512773885511656, -23.626298263727683, -1.79769313486231571e+308 ], [ -46.512759723649118, -23.626258938809347, -1.79769313486231571e+308 ], [ -46.512742618986856, -23.6262206198566, -1.79769313486231571e+308 ], [ -46.512722654859033, -23.626183493554489, -1.79769313486231571e+308 ], [ -46.512699928530544, -23.626147740777441, -1.79769313486231571e+308 ], [ -46.512674550723091, -23.626113535708182, -1.79769313486231571e+308 ], [ -46.512646645075698, -23.626081044989039, -1.79769313486231571e+308 ], [ -46.512616347542412, -23.626050426910211, -1.79769313486231571e+308 ], [ -46.512583805729868, -23.62602183063855, -1.79769313486231571e+308 ], [ -46.512549178178205, -23.625995395490875, -1.79769313486231571e+308 ], [ -46.51251263358867, -23.62597125025529, -1.79769313486231571e+308 ], [ -46.512474350001717, -23.625949512563725, -1.79769313486231571e+308 ], [ -46.512434513929655, -23.625930288318912, -1.79769313486231571e+308 ], [ -46.512393319448016, -23.62591367117842, -1.79769313486231571e+308 ], [ -46.512350967250036, -23.62589974209839, -1.79769313486231571e+308 ], [ -46.512307663668977, -23.625888568939192, -1.79769313486231571e+308 ], [ -46.512263619672915, -23.625880206134752, -1.79769313486231571e+308 ], [ -46.512219049837007, -23.625874694427445, -1.79769313486231571e+308 ], [ -46.512174171298092, -23.625872060669511, -1.79769313486231571e+308 ], [ -46.512129202696975, -23.625872317692352, -1.79769313486231571e+308 ], [ -46.512084363113189, -23.625875464243951, -1.79769313486231571e+308 ], [ -46.512039870997782, -23.625881484994977, -1.79769313486231571e+308 ], [ -46.511995943109085, -23.625890350613467, -1.79769313486231571e+308 ], [ -46.511952793456743, -23.625902017907705, -1.79769313486231571e+308 ], [ -46.511910632259124, -23.625916430036675, -1.79769313486231571e+308 ], [ -46.511869664919196, -23.625933516786905, -1.79769313486231571e+308 ], [ -46.511830091023917, -23.625953194914583, -1.79769313486231571e+308 ], [ -46.511792103371825, -23.62597536855105, -1.79769313486231571e+308 ], [ -46.511755887033829, -23.625999929669852, -1.79769313486231571e+308 ], [ -46.511721618451574, -23.626026758613008, -1.79769313486231571e+308 ], [ -46.51168946457782, -23.626055724673975, -1.79769313486231571e+308 ], [ -46.511659582063118, -23.626086686734318, -1.79769313486231571e+308 ], [ -46.511632116492578, -23.626119493951336, -1.79769313486231571e+308 ], [ -46.511607201676604, -23.62615398649281, -1.79769313486231571e+308 ], [ -46.511584958998988, -23.62618999631572, -1.79769313486231571e+308 ], [ -46.511565496825447, -23.626227347984909, -1.79769313486231571e+308 ] ] ] ] } },
{ "type": "Feature", "properties": { "fid": 4.0 }, "geometry": { "type": "MultiPolygon", "coordinates": [ [ [ [ -46.511471636265149, -23.627779586122887, -1.79769313486231571e+308 ], [ -46.511457558345469, -23.6278122638161, -1.79769313486231571e+308 ], [ -46.511445988796261, -23.627845766706908, -1.79769313486231571e+308 ], [ -46.511436983985007, -23.627879931573052, -1.79769313486231571e+308 ], [ -46.511430587784176, -23.627914591967112, -1.79769313486231571e+308 ], [ -46.511426831357483, -23.627949579027316, -1.79769313486231571e+308 ], [ -46.511425733007968, -23.627984722300329, -1.79769313486231571e+308 ], [ -46.511427298088797, -23.628019850571597, -1.79769313486231571e+308 ], [ -46.51143151897719, -23.628054792699515, -1.79769313486231571e+308 ], [ -46.511438375111432, -23.62808937844925, -1.79769313486231571e+308 ], [ -46.51144783309109, -23.628123439322049, -1.79769313486231571e+308 ], [ -46.511459846839642, -23.628156809376215, -1.79769313486231571e+308 ], [ -46.511474357828959, -23.628189326035514, -1.79769313486231571e+308 ], [ -46.51149129536438, -23.628220830881322, -1.79769313486231571e+308 ], [ -46.511510576929133, -23.628251170424338, -1.79769313486231571e+308 ], [ -46.511532108586316, -23.628280196852472, -1.79769313486231571e+308 ], [ -46.511555785436514, -23.628307768750954, -1.79769313486231571e+308 ], [ -46.511581492128876, -23.628333751791295, -1.79769313486231571e+308 ], [ -46.511609103423062, -23.628358019385761, -1.79769313486231571e+308 ], [ -46.511638484799398, -23.628380453304118, -1.79769313486231571e+308 ], [ -46.511669493114262, -23.628400944249648, -1.79769313486231571e+308 ], [ -46.51170197729747, -23.628419392391624, -1.79769313486231571e+308 ], [ -46.511735779088269, -23.628435707851757, -1.79769313486231571e+308 ], [ -46.511770733806443, -23.628449811142033, -1.79769313486231571e+308 ], [ -46.511806671154574, -23.628461633552, -1.79769313486231571e+308 ], [ -46.511843416047796, -23.628471117483535, -1.79769313486231571e+308 ], [ -46.511880789466801, -23.628478216731473, -1.79769313486231571e+308 ], [ -46.511918609330046, -23.628482896708714, -1.79769313486231571e+308 ], [ -46.511956691380874, -23.628485134614717, -1.79769313486231571e+308 ], [ -46.511994850085237, -23.628484919546651, -1.79769313486231571e+308 ], [ -46.512032899535626, -23.628482252552374, -1.79769313486231571e+308 ], [ -46.512070654356869, -23.628477146625489, -1.79769313486231571e+308 ], [ -46.512107930609254, -23.628469626641962, -1.79769313486231571e+308 ], [ -46.512144546684759, -23.628459729238873, -1.79769313486231571e+308 ], [ -46.512180324191789, -23.628447502635996, -1.79769313486231571e+308 ], [ -46.512215088824412, -23.628433006400819, -1.79769313486231571e+308 ], [ -46.512248671211509, -23.62841631115835, -1.79769313486231571e+308 ], [ -46.512280907741996, -23.628397498246986, -1.79769313486231571e+308 ], [ -46.512311641361926, -23.628376659322271, -1.79769313486231571e+308 ], [ -46.512340722339687, -23.628353895910301, -1.79769313486231571e+308 ], [ -46.512368008995438, -23.628329318913096, -1.79769313486231571e+308 ], [ -46.512393368391407, -23.628303048068293, -1.79769313486231571e+308 ], [ -46.512416676979541, -23.628275211365732, -1.79769313486231571e+308 ], [ -46.512437821203392, -23.62824594442397, -1.79769313486231571e+308 ], [ -46.512456698051352, -23.62821538982941, -1.79769313486231571e+308 ], [ -46.512473215558508, -23.628183696441777, -1.79769313486231571e+308 ], [ -46.512487293254658, -23.628151018668742, -1.79769313486231571e+308 ], [ -46.512498862556299, -23.628117515713697, -1.79769313486231571e+308 ], [ -46.512507867100766, -23.628083350800168, -1.79769313486231571e+308 ], [ -46.512514263020769, -23.628048690376509, -1.79769313486231571e+308 ], [ -46.512518019158087, -23.628013703305037, -1.79769313486231571e+308 ], [ -46.512519117215298, -23.627978560039335, -1.79769313486231571e+308 ], [ -46.512517551844908, -23.627943431793785, -1.79769313486231571e+308 ], [ -46.512513330675368, -23.627908489709522, -1.79769313486231571e+308 ], [ -46.512506474273842, -23.627873904020511, -1.79769313486231571e+308 ], [ -46.51249701604597, -23.627839843224329, -1.79769313486231571e+308 ], [ -46.512485002073106, -23.627806473261185, -1.79769313486231571e+308 ], [ -46.51247049088775, -23.627773956705528, -1.79769313486231571e+308 ], [ -46.512453553188365, -23.627742451973983, -1.79769313486231571e+308 ], [ -46.512434271494925, -23.627712112553603, -1.79769313486231571e+308 ], [ -46.512412739746836, -23.627683086254113, -1.79769313486231571e+308 ], [ -46.51238906284528, -23.627655514487781, -1.79769313486231571e+308 ], [ -46.51236335614211, -23.627629531580499, -1.79769313486231571e+308 ], [ -46.512335744877873, -23.627605264117427, -1.79769313486231571e+308 ], [ -46.512306363571668, -23.627582830326258, -1.79769313486231571e+308 ], [ -46.512275355365738, -23.627562339501214, -1.79769313486231571e+308 ], [ -46.512242871328162, -23.627543891470673, -1.79769313486231571e+308 ], [ -46.512209069716839, -23.627527576110761, -1.79769313486231571e+308 ], [ -46.512174115208516, -23.627513472907555, -1.79769313486231571e+308 ], [ -46.512138178096507, -23.627501650569783, -1.79769313486231571e+308 ], [ -46.512101433461098, -23.627492166694189, -1.79769313486231571e+308 ], [ -46.512064060316561, -23.627485067484844, -1.79769313486231571e+308 ], [ -46.512026240739111, -23.627480387528088, -1.79769313486231571e+308 ], [ -46.511988158979833, -23.627478149624061, -1.79769313486231571e+308 ], [ -46.511950000567111, -23.627478364675582, -1.79769313486231571e+308 ], [ -46.511911951402773, -23.627481031635078, -1.79769313486231571e+308 ], [ -46.511874196856418, -23.627486137509649, -1.79769313486231571e+308 ], [ -46.511836920862407, -23.627493657424338, -1.79769313486231571e+308 ], [ -46.511800305023748, -23.627503554743409, -1.79769313486231571e+308 ], [ -46.511764527727408, -23.627515781248714, -1.79769313486231571e+308 ], [ -46.511729763275227, -23.627530277374674, -1.79769313486231571e+308 ], [ -46.511696181034807, -23.627546972498408, -1.79769313486231571e+308 ], [ -46.511663944614391, -23.62756578528381, -1.79769313486231571e+308 ], [ -46.511633211065764, -23.627586624077811, -1.79769313486231571e+308 ], [ -46.511604130119167, -23.627609387356852, -1.79769313486231571e+308 ], [ -46.511576843453817, -23.627633964221499, -1.79769313486231571e+308 ], [ -46.511551484007683, -23.627660234936698, -1.79769313486231571e+308 ], [ -46.511528175329801, -23.627688071515131, -1.79769313486231571e+308 ], [ -46.511507030978358, -23.627717338340652, -1.79769313486231571e+308 ], [ -46.511488153967441, -23.627747892829117, -1.79769313486231571e+308 ], [ -46.511471636265149, -23.627779586122887, -1.79769313486231571e+308 ] ] ] ] } },
{ "type": "Feature", "properties": { "fid": 5.0 }, "geometry": { "type": "MultiPolygon", "coordinates": [ [ [ [ -46.511574799610628, -23.629019646813521, -1.79769313486231571e+308 ], [ -46.511563423194538, -23.629046048007403, -1.79769313486231571e+308 ], [ -46.51155407338495, -23.629073116053533, -1.79769313486231571e+308 ], [ -46.511546795734375, -23.629100719079407, -1.79769313486231571e+308 ], [ -46.511541625700076, -23.629128722606087, -1.79769313486231571e+308 ], [ -46.511538588471268, -23.629156990203338, -1.79769313486231571e+308 ], [ -46.511537698846404, -23.629185384154336, -1.79769313486231571e+308 ], [ -46.511538961161037, -23.629213766126561, -1.79769313486231571e+308 ], [ -46.511542369266685, -23.629241997845789, -1.79769313486231571e+308 ], [ -46.511547906560729, -23.629269941769696, -1.79769313486231571e+308 ], [ -46.511555546067306, -23.629297461758007, -1.79769313486231571e+308 ], [ -46.511565250568694, -23.62932442373576, -1.79769313486231571e+308 ], [ -46.5115769727866, -23.629350696346442, -1.79769313486231571e+308 ], [ -46.511590655612501, -23.62937615159208, -1.79769313486231571e+308 ], [ -46.511606232385809, -23.6294006654567, -1.79769313486231571e+308 ], [ -46.511623627218675, -23.629424118510663, -1.79769313486231571e+308 ], [ -46.511642755365664, -23.629446396492394, -1.79769313486231571e+308 ], [ -46.511663523636585, -23.629467390865219, -1.79769313486231571e+308 ], [ -46.511685830850588, -23.629486999345996, -1.79769313486231571e+308 ], [ -46.51170956832901, -23.629505126403586, -1.79769313486231571e+308 ], [ -46.511734620424917, -23.629521683724143, -1.79769313486231571e+308 ], [ -46.511760865086494, -23.629536590641525, -1.79769313486231571e+308 ], [ -46.511788174451695, -23.629549774530176, -1.79769313486231571e+308 ], [ -46.511816415471174, -23.629561171159047, -1.79769313486231571e+308 ], [ -46.511845450556542, -23.629570725004495, -1.79769313486231571e+308 ], [ -46.511875138250645, -23.629578389520798, -1.79769313486231571e+308 ], [ -46.511905333916793, -23.629584127366936, -1.79769313486231571e+308 ], [ -46.511935890443432, -23.629587910588512, -1.79769313486231571e+308 ], [ -46.511966658960873, -23.629589720753955, -1.79769313486231571e+308 ], [ -46.51199748956661, -23.629589549044322, -1.79769313486231571e+308 ], [ -46.512028232055627, -23.629587396296238, -1.79769313486231571e+308 ], [ -46.512058736652264, -23.629583272997827, -1.79769313486231571e+308 ], [ -46.512088854739865, -23.629577199237641, -1.79769313486231571e+308 ], [ -46.512118439584917, -23.629569204606767, -1.79769313486231571e+308 ], [ -46.512147347051894, -23.629559328054647, -1.79769313486231571e+308 ], [ -46.512175436305512, -23.629547617699295, -1.79769313486231571e+308 ], [ -46.51220257049691, -23.629534130592919, -1.79769313486231571e+308 ], [ -46.512228617430324, -23.629518932443904, -1.79769313486231571e+308 ], [ -46.512253450207197, -23.629502097296712, -1.79769313486231571e+308 ], [ -46.512276947844377, -23.629483707171094, -1.79769313486231571e+308 ], [ -46.51229899586361, -23.62946385166255, -1.79769313486231571e+308 ], [ -46.512319486849194, -23.629442627505728, -1.79769313486231571e+308 ], [ -46.512338320971352, -23.629420138103235, -1.79769313486231571e+308 ], [ -46.512355406472565, -23.629396493021744, -1.79769313486231571e+308 ], [ -46.512370660114591, -23.629371807458277, -1.79769313486231571e+308 ], [ -46.512384007583996, -23.629346201678924, -1.79769313486231571e+308 ], [ -46.512395383854177, -23.629319800432913, -1.79769313486231571e+308 ], [ -46.512404733502166, -23.629292732344847, -1.79769313486231571e+308 ], [ -46.512412010978579, -23.629265129288029, -1.79769313486231571e+308 ], [ -46.512417180829566, -23.629237125742012, -1.79769313486231571e+308 ], [ -46.512420217869462, -23.629208858137396, -1.79769313486231571e+308 ], [ -46.512421107303503, -23.629180464191148, -1.79769313486231571e+308 ], [ -46.512419844799837, -23.629152082235706, -1.79769313486231571e+308 ], [ -46.512416436510641, -23.629123850544964, -1.79769313486231571e+308 ], [ -46.512410899042095, -23.629095906660691, -1.79769313486231571e+308 ], [ -46.512403259373457, -23.629068386722381, -1.79769313486231571e+308 ], [ -46.51239355472562, -23.62904142480404, -1.79769313486231571e+308 ], [ -46.512381832379702, -23.629015152261012, -1.79769313486231571e+308 ], [ -46.512368149446743, -23.628989697089949, -1.79769313486231571e+308 ], [ -46.512352572589393, -23.628965183305393, -1.79769313486231571e+308 ], [ -46.512335177697153, -23.628941730335409, -1.79769313486231571e+308 ], [ -46.51231604951662, -23.628919452439945, -1.79769313486231571e+308 ], [ -46.512295281238607, -23.628898458153984, -1.79769313486231571e+308 ], [ -46.51227297404413, -23.628878849758994, -1.79769313486231571e+308 ], [ -46.51224923661146, -23.628860722784431, -1.79769313486231571e+308 ], [ -46.512224184586643, -23.628844165542535, -1.79769313486231571e+308 ], [ -46.512197940020116, -23.628829258697905, -1.79769313486231571e+308 ], [ -46.512170630772061, -23.628816074874692, -1.79769313486231571e+308 ], [ -46.512142389889554, -23.628804678302664, -1.79769313486231571e+308 ], [ -46.512113354958323, -23.628795124504371, -1.79769313486231571e+308 ], [ -46.512083667432513, -23.628787460024594, -1.79769313486231571e+308 ], [ -46.512053471945535, -23.628781722203666, -1.79769313486231571e+308 ], [ -46.512022915605463, -23.628777938995469, -1.79769313486231571e+308 ], [ -46.511992147278356, -23.628776128831337, -1.79769313486231571e+308 ], [ -46.511961316863008, -23.62877630053017, -1.79769313486231571e+308 ], [ -46.511930574560736, -23.628778453255578, -1.79769313486231571e+308 ], [ -46.511900070143568, -23.628782576519839, -1.79769313486231571e+308 ], [ -46.511869952224657, -23.628788650235094, -1.79769313486231571e+308 ], [ -46.511840367534241, -23.628796644811125, -1.79769313486231571e+308 ], [ -46.511811460204825, -23.628806521299566, -1.79769313486231571e+308 ], [ -46.511783371069022, -23.628818231583622, -1.79769313486231571e+308 ], [ -46.511756236973405, -23.628831718612492, -1.79769313486231571e+308 ], [ -46.511730190111869, -23.628846916679286, -1.79769313486231571e+308 ], [ -46.51170535738158, -23.62886375174115, -1.79769313486231571e+308 ], [ -46.511681859764771, -23.628882141779982, -1.79769313486231571e+308 ], [ -46.5116598117393, -23.628901997201996, -1.79769313486231571e+308 ], [ -46.511639320720995, -23.628923221274199, -1.79769313486231571e+308 ], [ -46.511620486540274, -23.628945710595659, -1.79769313486231571e+308 ], [ -46.511603400955792, -23.628969355601257, -1.79769313486231571e+308 ], [ -46.511588147207405, -23.628994041095456, -1.79769313486231571e+308 ], [ -46.511574799610628, -23.629019646813521, -1.79769313486231571e+308 ] ] ] ] } },
{ "type": "Feature", "properties": { "fid": 6.0 }, "geometry": { "type": "MultiPolygon", "coordinates": [ [ [ [ -46.531310113054737, -23.618118880726243, -1.79769313486231571e+308 ], [ -46.531304293163714, -23.618132426255929, -1.79769313486231571e+308 ], [ -46.531299512926893, -23.618146312866394, -1.79769313486231571e+308 ], [ -46.531295795633433, -23.618160472903547, -1.79769313486231571e+308 ], [ -46.531293159393925, -23.618174837381165, -1.79769313486231571e+308 ], [ -46.531291617052247, -23.618189336316981, -1.79769313486231571e+308 ], [ -46.53129117612287, -23.618203899073681, -1.79769313486231571e+308 ], [ -46.531291838754335, -23.618218454702934, -1.79769313486231571e+308 ], [ -46.531293601718716, -23.618232932291161, -1.79769313486231571e+308 ], [ -46.531296456427398, -23.618247261304973, -1.79769313486231571e+308 ], [ -46.531300388972859, -23.618261371934736, -1.79769313486231571e+308 ], [ -46.531305380196436, -23.618275195434816, -1.79769313486231571e+308 ], [ -46.531311405781665, -23.618288664458376, -1.79769313486231571e+308 ], [ -46.531318436372757, -23.618301713385566, -1.79769313486231571e+308 ], [ -46.531326437717581, -23.618314278643197, -1.79769313486231571e+308 ], [ -46.53133537083454, -23.618326299014406, -1.79769313486231571e+308 ], [ -46.531345192202508, -23.618337715937034, -1.79769313486231571e+308 ], [ -46.531355853972833, -23.618348473788789, -1.79769313486231571e+308 ], [ -46.531367304202448, -23.618358520158324, -1.79769313486231571e+308 ], [ -46.531379487106953, -23.618367806100597, -1.79769313486231571e+308 ], [ -46.531392343332364, -23.618376286375263, -1.79769313486231571e+308 ], [ -46.531405810244308, -23.618383919667121, -1.79769313486231571e+308 ], [ -46.531419822233175, -23.618390668787399, -1.79769313486231571e+308 ], [ -46.531434311033721, -23.618396500854949, -1.79769313486231571e+308 ], [ -46.531449206057708, -23.618401387456398, -1.79769313486231571e+308 ], [ -46.531464434737778, -23.618405304784638, -1.79769313486231571e+308 ], [ -46.531479922881019, -23.61840823375476, -1.79769313486231571e+308 ], [ -46.531495595030407, -23.618410160097085, -1.79769313486231571e+308 ], [ -46.531511374832434, -23.618411074426621, -1.79769313486231571e+308 ], [ -46.531527185409139, -23.618410972288867, -1.79769313486231571e+308 ], [ -46.531542949732611, -23.618409854181419, -1.79769313486231571e+308 ], [ -46.531558591000298, -23.618407725551652, -1.79769313486231571e+308 ], [ -46.531574033009164, -23.618404596770098, -1.79769313486231571e+308 ], [ -46.53158920052698, -23.618400483079942, -1.79769313486231571e+308 ], [ -46.531604019658815, -23.618395404522801, -1.79769313486231571e+308 ], [ -46.53161841820711, -23.618389385840988, -1.79769313486231571e+308 ], [ -46.531632326023328, -23.618382456357068, -1.79769313486231571e+308 ], [ -46.531645675349822, -23.618374649830933, -1.79769313486231571e+308 ], [ -46.531658401149883, -23.618366004295357, -1.79769313486231571e+308 ], [ -46.531670441424588, -23.618356561870684, -1.79769313486231571e+308 ], [ -46.531681737514901, -23.618346368559614, -1.79769313486231571e+308 ], [ -46.531692234387414, -23.618335474023109, -1.79769313486231571e+308 ], [ -46.531701880902489, -23.61832393133842, -1.79769313486231571e+308 ], [ -46.53171063006338, -23.618311796740493, -1.79769313486231571e+308 ], [ -46.531718439245225, -23.618299129348035, -1.79769313486231571e+308 ], [ -46.53172527040266, -23.618285990875407, -1.79769313486231571e+308 ], [ -46.531731090255249, -23.618272445332078, -1.79769313486231571e+308 ], [ -46.531735870449509, -23.618258558710657, -1.79769313486231571e+308 ], [ -46.531739587697139, -23.618244398665436, -1.79769313486231571e+308 ], [ -46.531742223888401, -23.618230034182812, -1.79769313486231571e+308 ], [ -46.531743766180412, -23.618215535245142, -1.79769313486231571e+308 ], [ -46.531744207059617, -23.61820097248977, -1.79769313486231571e+308 ], [ -46.531743544378479, -23.618186416865004, -1.79769313486231571e+308 ], [ -46.531741781365874, -23.618171939284338, -1.79769313486231571e+308 ], [ -46.531738926611375, -23.618157610281017, -1.79769313486231571e+308 ], [ -46.531734994023381, -23.61814349966447, -1.79769313486231571e+308 ], [ -46.5317300027614, -23.618129676180072, -1.79769313486231571e+308 ], [ -46.531723977142612, -23.618116207174346, -1.79769313486231571e+308 ], [ -46.531716946523488, -23.618103158266809, -1.79769313486231571e+308 ], [ -46.531708945156694, -23.61809059303026, -1.79769313486231571e+308 ], [ -46.531700012024253, -23.618078572681153, -1.79769313486231571e+308 ], [ -46.531690190647588, -23.618067155781223, -1.79769313486231571e+308 ], [ -46.531679528875543, -23.618056397952305, -1.79769313486231571e+308 ], [ -46.531668078651194, -23.618046351605312, -1.79769313486231571e+308 ], [ -46.531655895758853, -23.618037065684849, -1.79769313486231571e+308 ], [ -46.53164303955225, -23.618028585430832, -1.79769313486231571e+308 ], [ -46.531629572665402, -23.618020952158062, -1.79769313486231571e+308 ], [ -46.531615560707444, -23.61801420305494, -1.79769313486231571e+308 ], [ -46.531601071943001, -23.618008371002283, -1.79769313486231571e+308 ], [ -46.531586176959614, -23.618003484413162, -1.79769313486231571e+308 ], [ -46.531570948323839, -23.617999567094454, -1.79769313486231571e+308 ], [ -46.531555460227757, -23.617996638130883, -1.79769313486231571e+308 ], [ -46.531539788127446, -23.617994711792004, -1.79769313486231571e+308 ], [ -46.531524008375456, -23.617993797462727, -1.79769313486231571e+308 ], [ -46.531508197848801, -23.617993899597575, -1.79769313486231571e+308 ], [ -46.531492433574392, -23.61799501769897, -1.79769313486231571e+308 ], [ -46.531476792353835, -23.617997146319688, -1.79769313486231571e+308 ], [ -46.531461350389257, -23.618000275089358, -1.79769313486231571e+308 ], [ -46.531446182912013, -23.618004388765037, -1.79769313486231571e+308 ], [ -46.531431363816246, -23.618009467305374, -1.79769313486231571e+308 ], [ -46.531416965298824, -23.618015485968396, -1.79769313486231571e+308 ], [ -46.531403057507667, -23.618022415431902, -1.79769313486231571e+308 ], [ -46.531389708199939, -23.618030221936397, -1.79769313486231571e+308 ], [ -46.531376982412006, -23.618038867449521, -1.79769313486231571e+308 ], [ -46.531364942142517, -23.618048309851378, -1.79769313486231571e+308 ], [ -46.531353646050434, -23.618058503139697, -1.79769313486231571e+308 ], [ -46.531343149169182, -23.618069397653969, -1.79769313486231571e+308 ], [ -46.531333502638581, -23.618080940317373, -1.79769313486231571e+308 ], [ -46.531324753455678, -23.618093074895384, -1.79769313486231571e+308 ], [ -46.531316944245766, -23.61810574226968, -1.79769313486231571e+308 ], [ -46.531310113054737, -23.618118880726243, -1.79769313486231571e+308 ] ] ] ] } },
{ "type": "Feature", "properties": { "fid": 8.0 }, "geometry": { "type": "MultiPolygon", "coordinates": [ [ [ [ -46.522567158536155, -23.633049508723037, -1.79769313486231571e+308 ], [ -46.522556227541997, -23.633074873547901, -1.79769313486231571e+308 ], [ -46.522547243663354, -23.633100879100354, -1.79769313486231571e+308 ], [ -46.52254025066987, -23.633127398684255, -1.79769313486231571e+308 ], [ -46.522535282631885, -23.633154303099051, -1.79769313486231571e+308 ], [ -46.522532363754408, -23.633181461269263, -1.79769313486231571e+308 ], [ -46.522531508259199, -23.633208740883074, -1.79769313486231571e+308 ], [ -46.522532720315418, -23.633236009036921, -1.79769313486231571e+308 ], [ -46.522535994019329, -23.633263132882981, -1.79769313486231571e+308 ], [ -46.522541313423012, -23.633289980276395, -1.79769313486231571e+308 ], [ -46.522548652612045, -23.633316420419114, -1.79769313486231571e+308 ], [ -46.52255797583171, -23.633342324497068, -1.79769313486231571e+308 ], [ -46.52256923766123, -23.633367566307811, -1.79769313486231571e+308 ], [ -46.522582383234955, -23.633392022875313, -1.79769313486231571e+308 ], [ -46.522597348509692, -23.633415575049121, -1.79769313486231571e+308 ], [ -46.522614060576686, -23.633438108084881, -1.79769313486231571e+308 ], [ -46.522632438016835, -23.633459512203352, -1.79769313486231571e+308 ], [ -46.522652391297314, -23.633479683125227, -1.79769313486231571e+308 ], [ -46.522673823207811, -23.633498522579227, -1.79769313486231571e+308 ], [ -46.522696629334064, -23.633515938780835, -1.79769313486231571e+308 ], [ -46.522720698566616, -23.633531846879517, -1.79769313486231571e+308 ], [ -46.522745913642105, -23.633546169372078, -1.79769313486231571e+308 ], [ -46.522772151714577, -23.633558836480304, -1.79769313486231571e+308 ], [ -46.52279928495399, -23.63356978649086, -1.79769313486231571e+308 ], [ -46.522827181169013, -23.633578966056, -1.79769313486231571e+308 ], [ -46.52285570445104, -23.633586330453515, -1.79769313486231571e+308 ], [ -46.522884715836383, -23.633591843804545, -1.79769313486231571e+308 ], [ -46.522914073983287, -23.633595479248413, -1.79769313486231571e+308 ], [ -46.522943635860535, -23.63359721907354, -1.79769313486231571e+308 ], [ -46.52297325744437, -23.63359705480363, -1.79769313486231571e+308 ], [ -46.523002794420123, -23.6335949872391, -1.79769313486231571e+308 ], [ -46.523032102885352, -23.633591026453043, -1.79769313486231571e+308 ], [ -46.523061040050962, -23.633585191742252, -1.79769313486231571e+308 ], [ -46.523089464936852, -23.633577511533151, -1.79769313486231571e+308 ], [ -46.523117239058791, -23.633568023243328, -1.79769313486231571e+308 ], [ -46.523144227103124, -23.63355677309919, -1.79769313486231571e+308 ], [ -46.523170297586027, -23.633543815910794, -1.79769313486231571e+308 ], [ -46.523195323494065, -23.633529214804785, -1.79769313486231571e+308 ], [ -46.523219182903063, -23.633513040916846, -1.79769313486231571e+308 ], [ -46.523241759572059, -23.63349537304509, -1.79769313486231571e+308 ], [ -46.52326294350965, -23.633476297266203, -1.79769313486231571e+308 ], [ -46.523282631509865, -23.633455906516055, -1.79769313486231571e+308 ], [ -46.523300727654977, -23.63343430013688, -1.79769313486231571e+308 ], [ -46.523317143782769, -23.63341158339335, -1.79769313486231571e+308 ], [ -46.523331799916079, -23.633387866959666, -1.79769313486231571e+308 ], [ -46.523344624652417, -23.633363266380368, -1.79769313486231571e+308 ], [ -46.523355555511827, -23.633337901507424, -1.79769313486231571e+308 ], [ -46.523364539241228, -23.633311895916293, -1.79769313486231571e+308 ], [ -46.523371532073888, -23.633285376303881, -1.79769313486231571e+308 ], [ -46.523376499942607, -23.63325847187129, -1.79769313486231571e+308 ], [ -46.523379418645661, -23.633231313694328, -1.79769313486231571e+308 ], [ -46.523380273964683, -23.633204034084969, -1.79769313486231571e+308 ], [ -46.523379061733948, -23.633176765946676, -1.79769313486231571e+308 ], [ -46.52337578786058, -23.633149642126977, -1.79769313486231571e+308 ], [ -46.523370468295809, -23.633122794770202, -1.79769313486231571e+308 ], [ -46.523363128957186, -23.633096354673704, -1.79769313486231571e+308 ], [ -46.523353805602326, -23.633070450650639, -1.79769313486231571e+308 ], [ -46.523342543654671, -23.633045208902409, -1.79769313486231571e+308 ], [ -46.523329397982145, -23.633020752403798, -1.79769313486231571e+308 ], [ -46.523314432629881, -23.632997200303937, -1.79769313486231571e+308 ], [ -46.523297720508126, -23.632974667345728, -1.79769313486231571e+308 ], [ -46.523279343037053, -23.632953263306916, -1.79769313486231571e+308 ], [ -46.523259389750088, -23.632933092465244, -1.79769313486231571e+308 ], [ -46.523237957857681, -23.632914253090444, -1.79769313486231571e+308 ], [ -46.523215151773726, -23.632896836965479, -1.79769313486231571e+308 ], [ -46.523191082606864, -23.632880928939404, -1.79769313486231571e+308 ], [ -46.523165867619184, -23.632866606513982, -1.79769313486231571e+308 ], [ -46.523139629654921, -23.632853939466138, -1.79769313486231571e+308 ], [ -46.523112496542012, -23.632842989508031, -1.79769313486231571e+308 ], [ -46.523084600469339, -23.632833809986366, -1.79769313486231571e+308 ], [ -46.523056077342716, -23.632826445622541, -1.79769313486231571e+308 ], [ -46.523027066122822, -23.632820932294713, -1.79769313486231571e+308 ], [ -46.522997708148189, -23.632817296863148, -1.79769313486231571e+308 ], [ -46.522968146446672, -23.632815557039176, -1.79769313486231571e+308 ], [ -46.522938525038619, -23.632815721299057, -1.79769313486231571e+308 ], [ -46.52290898823528, -23.63281778884258, -1.79769313486231571e+308 ], [ -46.52287967993572, -23.63282174959706, -1.79769313486231571e+308 ], [ -46.522850742925833, -23.632827584266316, -1.79769313486231571e+308 ], [ -46.522822318182676, -23.632835264424735, -1.79769313486231571e+308 ], [ -46.522794544187711, -23.632844752655725, -1.79769313486231571e+308 ], [ -46.522767556252106, -23.632856002733995, -1.79769313486231571e+308 ], [ -46.522741485857587, -23.6328689598508, -1.79769313486231571e+308 ], [ -46.522716460015857, -23.632883560880867, -1.79769313486231571e+308 ], [ -46.522692600649812, -23.632899734690017, -1.79769313486231571e+308 ], [ -46.522670023999559, -23.632917402481652, -1.79769313486231571e+308 ], [ -46.522648840056149, -23.632936478180632, -1.79769313486231571e+308 ], [ -46.522629152025665, -23.632956868852677, -1.79769313486231571e+308 ], [ -46.522611055826431, -23.632978475157039, -1.79769313486231571e+308 ], [ -46.522594639621708, -23.633001191830527, -1.79769313486231571e+308 ], [ -46.522579983390145, -23.633024908200298, -1.79769313486231571e+308 ], [ -46.522567158536155, -23.633049508723037, -1.79769313486231571e+308 ] ] ] ] } },
{ "type": "Feature", "properties": { "fid": 11.0 }, "geometry": { "type": "MultiPolygon", "coordinates": [ [ [ [ -46.548037466764441, -23.646528740140599, -1.79769313486231571e+308 ], [ -46.548054187211498, -23.646554032137729, -1.79769313486231571e+308 ], [ -46.548076647408116, -23.646576633805623, -1.79769313486231571e+308 ], [ -46.548104737931752, -23.646596435028687, -1.79769313486231571e+308 ], [ -46.548138321928626, -23.646613339334326, -1.79769313486231571e+308 ], [ -46.548177235780422, -23.64662726436298, -1.79769313486231571e+308 ], [ -46.548221289901456, -23.646638142269435, -1.79769313486231571e+308 ], [ -46.548270269662332, -23.646645920053448, -1.79769313486231571e+308 ], [ -46.548323936435644, -23.646650559818028, -1.79769313486231571e+308 ], [ -46.548382028758567, -23.64665203895418, -1.79769313486231571e+308 ], [ -46.548444263606818, -23.64665035025109, -1.79769313486231571e+308 ], [ -46.548510337773529, -23.646645501931406, -1.79769313486231571e+308 ], [ -46.548579929346609, -23.646637517611211, -1.79769313486231571e+308 ], [ -46.548652699277106, -23.64662643618507, -1.79769313486231571e+308 ], [ -46.548728293031175, -23.64661231163668, -1.79769313486231571e+308 ], [ -46.548806342317434, -23.646595212775853, -1.79769313486231571e+308 ], [ -46.548886466881385, -23.646575222903394, -1.79769313486231571e+308 ], [ -46.548968276358053, -23.646552439405347, -1.79769313486231571e+308 ], [ -46.549051372173963, -23.646526973278561, -1.79769313486231571e+308 ], [ -46.549135349489049, -23.646498948589979, -1.79769313486231571e+308 ], [ -46.549219799169116, -23.646468501872196, -1.79769313486231571e+308 ], [ -46.549304309779174, -23.646435781458337, -1.79769313486231571e+308 ], [ -46.549388469588038, -23.646400946759432, -1.79769313486231571e+308 ], [ -46.549471868574273, -23.646364167487668, -1.79769313486231571e+308 ], [ -46.54955410042389, -23.646325622829625, -1.79769313486231571e+308 ], [ -46.549634764509868, -23.646285500573274, -1.79769313486231571e+308 ], [ -46.549713467844036, -23.646243996192972, -1.79769313486231571e+308 ], [ -46.549789826991685, -23.64620131189719, -1.79769313486231571e+308 ], [ -46.549863469939595, -23.646157655643187, -1.79769313486231571e+308 ], [ -46.549934037908479, -23.646113240123892, -1.79769313486231571e+308 ], [ -46.550001187100818, -23.646068281731544, -1.79769313486231571e+308 ], [ -46.550064590375833, -23.646022999503383, -1.79769313486231571e+308 ], [ -46.550123938843157, -23.64597761405447, -1.79769313486231571e+308 ], [ -46.550178943367662, -23.645932346502747, -1.79769313486231571e+308 ], [ -46.550229335978031, -23.645887417391677, -1.79769313486231571e+308 ], [ -46.550274871172135, -23.645843045615699, -1.79769313486231571e+308 ], [ -46.550315327113033, -23.645799447353738, -1.79769313486231571e+308 ], [ -46.550350506709584, -23.645756835015884, -1.79769313486231571e+308 ], [ -46.550380238576572, -23.645715416208528, -1.79769313486231571e+308 ], [ -46.550404377869548, -23.645675392722797, -1.79769313486231571e+308 ], [ -46.550422806990326, -23.645636959551439, -1.79769313486231571e+308 ], [ -46.550435436159887, -23.64560030393876, -1.79769313486231571e+308 ], [ -46.550442203855567, -23.645565604468405, -1.79769313486231571e+308 ], [ -46.550443077110749, -23.645533030193249, -1.79769313486231571e+308 ], [ -46.550438051675336, -23.645502739811747, -1.79769313486231571e+308 ], [ -46.550427152036406, -23.645474880894874, -1.79769313486231571e+308 ], [ -46.550410431298815, -23.645449589167111, -1.79769313486231571e+308 ], [ -46.550387970926444, -23.645426987845227, -1.79769313486231571e+308 ], [ -46.550359880345241, -23.645407187038067, -1.79769313486231571e+308 ], [ -46.55032629641012, -23.645390283210158, -1.79769313486231571e+308 ], [ -46.550287382738183, -23.645376358711747, -1.79769313486231571e+308 ], [ -46.550243328911613, -23.645365481377738, -1.79769313486231571e+308 ], [ -46.550194349554083, -23.645357704197213, -1.79769313486231571e+308 ], [ -46.55014068328515, -23.645353065055428, -1.79769313486231571e+308 ], [ -46.55008259155781, -23.645351586549261, -1.79769313486231571e+308 ], [ -46.550020357384767, -23.645353275877259, -1.79769313486231571e+308 ], [ -46.549954283959735, -23.645358124804609, -1.79769313486231571e+308 ], [ -46.549884693180381, -23.64536610970341, -1.79769313486231571e+308 ], [ -46.549811924080196, -23.645377191667823, -1.79769313486231571e+308 ], [ -46.549736331176874, -23.645391316703673, -1.79769313486231571e+308 ], [ -46.549658282745234, -23.645408415991678, -1.79769313486231571e+308 ], [ -46.549578159023142, -23.645428406222702, -1.79769313486231571e+308 ], [ -46.549496350359178, -23.645451190003712, -1.79769313486231571e+308 ], [ -46.549413255311009, -23.645476656332381, -1.79769313486231571e+308 ], [ -46.549329278703752, -23.64550468113783, -1.79769313486231571e+308 ], [ -46.549244829657837, -23.645535127885172, -1.79769313486231571e+308 ], [ -46.549160319595885, -23.645567848240702, -1.79769313486231571e+308 ], [ -46.549076160238442, -23.645602682794561, -1.79769313486231571e+308 ], [ -46.548992761598136, -23.645639461837352, -1.79769313486231571e+308 ], [ -46.548910529982237, -23.645678006186952, -1.79769313486231571e+308 ], [ -46.548829866013207, -23.645718128061425, -1.79769313486231571e+308 ], [ -46.548751162676943, -23.645759631993812, -1.79769313486231571e+308 ], [ -46.548674803408197, -23.64580231578438, -1.79769313486231571e+308 ], [ -46.548601160222539, -23.645845971485699, -1.79769313486231571e+308 ], [ -46.548530591903898, -23.645890386415591, -1.79769313486231571e+308 ], [ -46.54846344225659, -23.64593534419329, -1.79769313486231571e+308 ], [ -46.548400038430252, -23.645980625793531, -1.79769313486231571e+308 ], [ -46.548340689325983, -23.646026010613458, -1.79769313486231571e+308 ], [ -46.548285684091297, -23.646071277547396, -1.79769313486231571e+308 ], [ -46.548235290711354, -23.64611620606388, -1.79769313486231571e+308 ], [ -46.548189754703252, -23.646160577280064, -1.79769313486231571e+308 ], [ -46.548149297919771, -23.646204175027897, -1.79769313486231571e+308 ], [ -46.548114117468451, -23.646246786907312, -1.79769313486231571e+308 ], [ -46.548084384751149, -23.646288205320843, -1.79769313486231571e+308 ], [ -46.548060244628886, -23.646328228485025, -1.79769313486231571e+308 ], [ -46.548041814715937, -23.646366661413364, -1.79769313486231571e+308 ], [ -46.548029184806794, -23.646403316866291, -1.79769313486231571e+308 ], [ -46.548022416438485, -23.64643801626325, -1.79769313486231571e+308 ], [ -46.548021542590739, -23.646470590552831, -1.79769313486231571e+308 ], [ -46.548026567525163, -23.646500881036257, -1.79769313486231571e+308 ], [ -46.548037466764441, -23.646528740140599, -1.79769313486231571e+308 ] ] ] ] } },
{ "type": "Feature", "properties": { "fid": 12.0 }, "geometry": { "type": "MultiPolygon", "coordinates": [ [ [ [ -46.550522007971978, -23.667023872235877, -1.79769313486231571e+308 ], [ -46.550514038726803, -23.667042284143548, -1.79769313486231571e+308 ], [ -46.550507483311755, -23.667061163235203, -1.79769313486231571e+308 ], [ -46.550502373664727, -23.667080417533978, -1.79769313486231571e+308 ], [ -46.550498734680019, -23.667099953234946, -1.79769313486231571e+308 ], [ -46.550496584087071, -23.667119675162223, -1.79769313486231571e+308 ], [ -46.550495932364001, -23.667139487232578, -1.79769313486231571e+308 ], [ -46.550496782686643, -23.667159292923589, -1.79769313486231571e+308 ], [ -46.550499130912982, -23.667178995743853, -1.79769313486231571e+308 ], [ -46.550502965603329, -23.667198499703101, -1.79769313486231571e+308 ], [ -46.550508268076094, -23.66721770977988, -1.79769313486231571e+308 ], [ -46.550515012498742, -23.667236532384436, -1.79769313486231571e+308 ], [ -46.550523166013633, -23.667254875814727, -1.79769313486231571e+308 ], [ -46.550532688898137, -23.667272650703161, -1.79769313486231571e+308 ], [ -46.550543534758077, -23.667289770452005, -1.79769313486231571e+308 ], [ -46.550555650753843, -23.667306151655275, -1.79769313486231571e+308 ], [ -46.550568977857708, -23.66732171450511, -1.79769313486231571e+308 ], [ -46.550583451141492, -23.667336383180537, -1.79769313486231571e+308 ], [ -46.550599000092838, -23.66735008621696, -1.79769313486231571e+308 ], [ -46.550615548958753, -23.667362756854239, -1.79769313486231571e+308 ], [ -46.550633017114656, -23.667374333362009, -1.79769313486231571e+308 ], [ -46.550651319457202, -23.667384759340422, -1.79769313486231571e+308 ], [ -46.550670366818878, -23.667393983994902, -1.79769313486231571e+308 ], [ -46.550690066402439, -23.667401962383607, -1.79769313486231571e+308 ], [ -46.550710322232995, -23.667408655636425, -1.79769313486231571e+308 ], [ -46.550731035625645, -23.667414031144357, -1.79769313486231571e+308 ], [ -46.550752105666206, -23.667418062718323, -1.79769313486231571e+308 ], [ -46.550773429702936, -23.66742073071681, -1.79769313486231571e+308 ], [ -46.550794903846601, -23.667422022141565, -1.79769313486231571e+308 ], [ -46.550816423476661, -23.667421930700865, -1.79769313486231571e+308 ], [ -46.550837883750944, -23.667420456840254, -1.79769313486231571e+308 ], [ -46.550859180116511, -23.667417607740319, -1.79769313486231571e+308 ], [ -46.550880208818946, -23.667413397281699, -1.79769313486231571e+308 ], [ -46.55090086740794, -23.667407845977493, -1.79769313486231571e+308 ], [ -46.55092105523638, -23.667400980873278, -1.79769313486231571e+308 ], [ -46.550940673950677, -23.667392835415402, -1.79769313486231571e+308 ], [ -46.550959627970023, -23.667383449287954, -1.79769313486231571e+308 ], [ -46.550977824952007, -23.66737286821947, -1.79769313486231571e+308 ], [ -46.550995176242495, -23.667361143760168, -1.79769313486231571e+308 ], [ -46.551011597307578, -23.667348333030731, -1.79769313486231571e+308 ], [ -46.551027008145411, -23.667334498444045, -1.79769313486231571e+308 ], [ -46.551041333675947, -23.667319707401134, -1.79769313486231571e+308 ], [ -46.551054504106766, -23.667304031962789, -1.79769313486231571e+308 ], [ -46.551066455273066, -23.667287548498461, -1.79769313486231571e+308 ], [ -46.551077128950254, -23.667270337314182, -1.79769313486231571e+308 ], [ -46.551086473137623, -23.667252482261354, -1.79769313486231571e+308 ], [ -46.551094442311694, -23.667234070328234, -1.79769313486231571e+308 ], [ -46.551100997647964, -23.667215191216101, -1.79769313486231571e+308 ], [ -46.551106107210067, -23.667195936902218, -1.79769313486231571e+308 ], [ -46.551109746105354, -23.667176401191799, -1.79769313486231571e+308 ], [ -46.551111896606137, -23.667156679260927, -1.79769313486231571e+308 ], [ -46.551112548236084, -23.667136867192873, -1.79769313486231571e+308 ], [ -46.551111697821177, -23.667117061510051, -1.79769313486231571e+308 ], [ -46.551109349505239, -23.667097358703675, -1.79769313486231571e+308 ], [ -46.551105514729677, -23.667077854763747, -1.79769313486231571e+308 ], [ -46.551100212177758, -23.667058644711368, -1.79769313486231571e+308 ], [ -46.55109346768355, -23.667039822135795, -1.79769313486231571e+308 ], [ -46.551085314106089, -23.667021478738505, -1.79769313486231571e+308 ], [ -46.551075791169225, -23.667003703886465, -1.79769313486231571e+308 ], [ -46.551064945268138, -23.666986584176684, -1.79769313486231571e+308 ], [ -46.551052829243268, -23.66697020301439, -1.79769313486231571e+308 ], [ -46.551039502122883, -23.666954640206647, -1.79769313486231571e+308 ], [ -46.551025028835497, -23.666939971573616, -1.79769313486231571e+308 ], [ -46.55100947989353, -23.666926268579044, -1.79769313486231571e+308 ], [ -46.550992931049798, -23.66691359798229, -1.79769313486231571e+308 ], [ -46.550975462928456, -23.6669020215129, -1.79769313486231571e+308 ], [ -46.550957160632166, -23.666891595569993, -1.79769313486231571e+308 ], [ -46.55093811332754, -23.666882370947459, -1.79769313486231571e+308 ], [ -46.55091841381072, -23.666874392586497, -1.79769313486231571e+308 ], [ -46.550898158055283, -23.666867699356683, -1.79769313486231571e+308 ], [ -46.550877444744692, -23.666862323866596, -1.79769313486231571e+308 ], [ -46.550856374791515, -23.666858292304941, -1.79769313486231571e+308 ], [ -46.550835050845791, -23.666855624312984, -1.79769313486231571e+308 ], [ -46.550813576794994, -23.666854332888896, -1.79769313486231571e+308 ], [ -46.550792057257858, -23.666854424324328, -1.79769313486231571e+308 ], [ -46.550770597074724, -23.666855898173882, -1.79769313486231571e+308 ], [ -46.550749300796788, -23.666858747257169, -1.79769313486231571e+308 ], [ -46.550728272176734, -23.666862957693876, -1.79769313486231571e+308 ], [ -46.550707613663278, -23.666868508971326, -1.79769313486231571e+308 ], [ -46.550687425902076, -23.666875374044469, -1.79769313486231571e+308 ], [ -46.550667807245382, -23.666883519467568, -1.79769313486231571e+308 ], [ -46.550648853272897, -23.666892905557201, -1.79769313486231571e+308 ], [ -46.550630656326128, -23.666903486585568, -1.79769313486231571e+308 ], [ -46.550613305058512, -23.666915211003232, -1.79769313486231571e+308 ], [ -46.550596884003511, -23.666928021690325, -1.79769313486231571e+308 ], [ -46.550581473162786, -23.666941856234779, -1.79769313486231571e+308 ], [ -46.550567147616427, -23.666956647236397, -1.79769313486231571e+308 ], [ -46.550553977157165, -23.666972322635186, -1.79769313486231571e+308 ], [ -46.550542025950357, -23.666988806062484, -1.79769313486231571e+308 ], [ -46.550531352221398, -23.667006017212966, -1.79769313486231571e+308 ], [ -46.550522007971978, -23.667023872235877, -1.79769313486231571e+308 ] ] ] ] } },
{ "type": "Feature", "properties": { "fid": 13.0 }, "geometry": { "type": "MultiPolygon", "coordinates": [ [ [ [ -46.518395362068539, -23.664672983058086, -1.79769313486231571e+308 ], [ -46.51838280397503, -23.664701959678428, -1.79769313486231571e+308 ], [ -46.518372470962163, -23.664731672601633, -1.79769313486231571e+308 ], [ -46.518364413372758, -23.664761977069698, -1.79769313486231571e+308 ], [ -46.518358670464103, -23.664792725442574, -1.79769313486231571e+308 ], [ -46.518355270216702, -23.664823767917451, -1.79769313486231571e+308 ], [ -46.518354229197882, -23.664854953258597, -1.79769313486231571e+308 ], [ -46.518355552481061, -23.664886129534086, -1.79769313486231571e+308 ], [ -46.518359233620998, -23.664917144856133, -1.79769313486231571e+308 ], [ -46.518365254685179, -23.664947848120939, -1.79769313486231571e+308 ], [ -46.51837358634112, -23.664978089744952, -1.79769313486231571e+308 ], [ -46.518384187999274, -23.665007722393554, -1.79769313486231571e+308 ], [ -46.518397008010709, -23.665036601698962, -1.79769313486231571e+308 ], [ -46.51841198391876, -23.665064586963489, -1.79769313486231571e+308 ], [ -46.518429042763252, -23.665091541845108, -1.79769313486231571e+308 ], [ -46.518448101435972, -23.665117335021606, -1.79769313486231571e+308 ], [ -46.518469067085491, -23.665141840830518, -1.79769313486231571e+308 ], [ -46.518491837569584, -23.665164939881219, -1.79769313486231571e+308 ], [ -46.518516301952808, -23.665186519636698, -1.79769313486231571e+308 ], [ -46.518542341046981, -23.665206474961803, -1.79769313486231571e+308 ], [ -46.518569827991861, -23.665224708635446, -1.79769313486231571e+308 ], [ -46.518598628873193, -23.665241131824349, -1.79769313486231571e+308 ], [ -46.518628603375134, -23.665255664515694, -1.79769313486231571e+308 ], [ -46.51865960546391, -23.665268235907121, -1.79769313486231571e+308 ], [ -46.51869148409925, -23.665278784751546, -1.79769313486231571e+308 ], [ -46.518724083970291, -23.66528725965567, -1.79769313486231571e+308 ], [ -46.518757246252257, -23.665293619330274, -1.79769313486231571e+308 ], [ -46.518790809380263, -23.665297832791438, -1.79769313486231571e+308 ], [ -46.518824609836493, -23.66529987951148, -1.79769313486231571e+308 ], [ -46.518858482946818, -23.665299749518987, -1.79769313486231571e+308 ], [ -46.518892263683192, -23.665297443447336, -1.79769313486231571e+308 ], [ -46.518925787467609, -23.665292972531688, -1.79769313486231571e+308 ], [ -46.51895889097397, -23.665286358554194, -1.79769313486231571e+308 ], [ -46.518991412923839, -23.66527763373788, -1.79769313486231571e+308 ], [ -46.519023194872169, -23.665266840589645, -1.79769313486231571e+308 ], [ -46.519054081979284, -23.665254031693205, -1.79769313486231571e+308 ], [ -46.519083923765272, -23.66523926945283, -1.79769313486231571e+308 ], [ -46.519112574843085, -23.665222625789358, -1.79769313486231571e+308 ], [ -46.519139895626928, -23.665204181789754, -1.79769313486231571e+308 ], [ -46.519165753012253, -23.665184027312094, -1.79769313486231571e+308 ], [ -46.519190021024308, -23.665162260547735, -1.79769313486231571e+308 ], [ -46.51921258143183, -23.665138987542921, -1.79769313486231571e+308 ], [ -46.519233324323046, -23.665114321682129, -1.79769313486231571e+308 ], [ -46.519252148641193, -23.665088383135707, -1.79769313486231571e+308 ], [ -46.519268962676826, -23.665061298274274, -1.79769313486231571e+308 ], [ -46.519283684514576, -23.665033199053187, -1.79769313486231571e+308 ], [ -46.51929624243224, -23.665004222369564, -1.79769313486231571e+308 ], [ -46.519306575250198, -23.664974509395343, -1.79769313486231571e+308 ], [ -46.519314632629431, -23.664944204889544, -1.79769313486231571e+308 ], [ -46.519320375316717, -23.66491345649294, -1.79769313486231571e+308 ], [ -46.519323775335877, -23.664882414008797, -1.79769313486231571e+308 ], [ -46.519324816124026, -23.66485122867304, -1.79769313486231571e+308 ], [ -46.519323492612237, -23.664820052417468, -1.79769313486231571e+308 ], [ -46.519319811250192, -23.664789037129498, -1.79769313486231571e+308 ], [ -46.519313789974738, -23.66475833391226, -1.79769313486231571e+308 ], [ -46.51930545812246, -23.664728092348387, -1.79769313486231571e+308 ], [ -46.519294856286734, -23.664698459771319, -1.79769313486231571e+308 ], [ -46.519282036119947, -23.664669580547436, -1.79769313486231571e+308 ], [ -46.519267060081795, -23.664641595372863, -1.79769313486231571e+308 ], [ -46.519250001134964, -23.664614640587853, -1.79769313486231571e+308 ], [ -46.519230942389683, -23.66458884751275, -1.79769313486231571e+308 ], [ -46.519209976698789, -23.664564341808052, -1.79769313486231571e+308 ], [ -46.519187206205295, -23.664541242862335, -1.79769313486231571e+308 ], [ -46.519162741844838, -23.664519663210587, -1.79769313486231571e+308 ], [ -46.519136702805156, -23.664499707985932, -1.79769313486231571e+308 ], [ -46.519109215945441, -23.664481474407498, -1.79769313486231571e+308 ], [ -46.51908041517828, -23.664465051306735, -1.79769313486231571e+308 ], [ -46.519050440817288, -23.664450518694704, -1.79769313486231571e+308 ], [ -46.519019438893508, -23.664437947372257, -1.79769313486231571e+308 ], [ -46.518987560443996, -23.664427398585111, -1.79769313486231571e+308 ], [ -46.518954960775993, -23.664418923725467, -1.79769313486231571e+308 ], [ -46.518921798710331, -23.664412564081676, -1.79769313486231571e+308 ], [ -46.518888235807665, -23.664408350637046, -1.79769313486231571e+308 ], [ -46.51885443558146, -23.664406303918948, -1.79769313486231571e+308 ], [ -46.518820562701336, -23.664406433898762, -1.79769313486231571e+308 ], [ -46.518786782190872, -23.66440873994334, -1.79769313486231571e+308 ], [ -46.518753258623676, -23.664413210818065, -1.79769313486231571e+308 ], [ -46.518720155321617, -23.664419824741582, -1.79769313486231571e+308 ], [ -46.518687633559161, -23.664428549491902, -1.79769313486231571e+308 ], [ -46.518655851777694, -23.664439342563416, -1.79769313486231571e+308 ], [ -46.518624964813654, -23.664452151373901, -1.79769313486231571e+308 ], [ -46.518595123144173, -23.664466913520769, -1.79769313486231571e+308 ], [ -46.518566472154014, -23.664483557084996, -1.79769313486231571e+308 ], [ -46.518539151427291, -23.664502000981546, -1.79769313486231571e+308 ], [ -46.518513294067411, -23.664522155354344, -1.79769313486231571e+308 ], [ -46.518489026048655, -23.664543922014094, -1.79769313486231571e+308 ], [ -46.518466465602408, -23.664567194916575, -1.79769313486231571e+308 ], [ -46.518445722641196, -23.664591860679288, -1.79769313486231571e+308 ], [ -46.518426898223133, -23.664617799133826, -1.79769313486231571e+308 ], [ -46.518410084059639, -23.664644883911318, -1.79769313486231571e+308 ], [ -46.518395362068539, -23.664672983058086, -1.79769313486231571e+308 ] ] ] ] } },
{ "type": "Feature", "properties": { "fid": 14.0 }, "geometry": { "type": "MultiPolygon", "coordinates": [ [ [ [ -46.52086841699365, -23.67040254283425, -1.79769313486231571e+308 ], [ -46.521270216570038, -23.670135992767104, -1.79769313486231571e+308 ], [ -46.521718117009499, -23.669965738557906, -1.79769313486231571e+308 ], [ -46.522189948293899, -23.669919640286412, -1.79769313486231571e+308 ], [ -46.522467017231158, -23.669889275610267, -1.79769313486231571e+308 ], [ -46.522660097395182, -23.669728432831192, -1.79769313486231571e+308 ], [ -46.522718071185395, -23.669555096149544, -1.79769313486231571e+308 ], [ -46.522633121834446, -23.669341699778613, -1.79769313486231571e+308 ], [ -46.522562125708021, -23.669038327393789, -1.79769313486231571e+308 ], [ -46.522400045761842, -23.668639100257241, -1.79769313486231571e+308 ], [ -46.522216596900542, -23.668336832352594, -1.79769313486231571e+308 ], [ -46.522116015053847, -23.668068303690614, -1.79769313486231571e+308 ], [ -46.521970132166842, -23.667772577116946, -1.79769313486231571e+308 ], [ -46.521832947316092, -23.66758042521354, -1.79769313486231571e+308 ], [ -46.52138449492616, -23.667702310086025, -1.79769313486231571e+308 ], [ -46.521274841801954, -23.667945260522298, -1.79769313486231571e+308 ], [ -46.521158971370198, -23.668298842878922, -1.79769313486231571e+308 ], [ -46.521111212800477, -23.668707042076711, -1.79769313486231571e+308 ], [ -46.520660377343361, -23.669271232275747, -1.79769313486231571e+308 ], [ -46.520559178376807, -23.669597027527747, -1.79769313486231571e+308 ], [ -46.520428870541402, -23.669999125871687, -1.79769313486231571e+308 ], [ -46.520544284839083, -23.670253688734565, -1.79769313486231571e+308 ], [ -46.52086841699365, -23.67040254283425, -1.79769313486231571e+308 ] ] ] ] } },
{ "type": "Feature", "properties": { "fid": 15.0 }, "geometry": { "type": "MultiPolygon", "coordinates": [ [ [ [ -46.501218636818287, -23.669889430567913, -1.79769313486231571e+308 ], [ -46.501211412996078, -23.669906069924011, -1.79769313486231571e+308 ], [ -46.501205466972962, -23.669923132877319, -1.79769313486231571e+308 ], [ -46.501200827717838, -23.669940536298967, -1.79769313486231571e+308 ], [ -46.501197517833191, -23.669958195401311, -1.79769313486231571e+308 ], [ -46.50119555344498, -23.669976024151048, -1.79769313486231571e+308 ], [ -46.501194944124066, -23.669993935688318, -1.79769313486231571e+308 ], [ -46.501195692839538, -23.670011842749894, -1.79769313486231571e+308 ], [ -46.501197795944286, -23.670029658094347, -1.79769313486231571e+308 ], [ -46.501201243192739, -23.670047294927009, -1.79769313486231571e+308 ], [ -46.50120601779075, -23.670064667322915, -1.79769313486231571e+308 ], [ -46.501212096477431, -23.670081690645315, -1.79769313486231571e+308 ], [ -46.501219449638455, -23.67009828195814, -1.79769313486231571e+308 ], [ -46.501228041450346, -23.670114360430006, -1.79769313486231571e+308 ], [ -46.501237830054976, -23.670129847727978, -1.79769313486231571e+308 ], [ -46.501248767763478, -23.670144668399256, -1.79769313486231571e+308 ], [ -46.501260801288623, -23.670158750238777, -1.79769313486231571e+308 ], [ -46.501273872004383, -23.670172024641012, -1.79769313486231571e+308 ], [ -46.501287916231576, -23.670184426934131, -1.79769313486231571e+308 ], [ -46.501302865548077, -23.670195896695169, -1.79769313486231571e+308 ], [ -46.501318647122183, -23.670206378044345, -1.79769313486231571e+308 ], [ -46.501335184067464, -23.670215819917363, -1.79769313486231571e+308 ], [ -46.5013523958173, -23.670224176314157, -1.79769313486231571e+308 ], [ -46.501370198517435, -23.670231406522994, -1.79769313486231571e+308 ], [ -46.501388505434512, -23.670237475318885, -1.79769313486231571e+308 ], [ -46.501407227378628, -23.670242353135091, -1.79769313486231571e+308 ], [ -46.501426273137859, -23.670246016207305, -1.79769313486231571e+308 ], [ -46.501445549922657, -23.670248446689328, -1.79769313486231571e+308 ], [ -46.501464963817924, -23.670249632740049, -1.79769313486231571e+308 ], [ -46.501484420240565, -23.670249568581138, -1.79769313486231571e+308 ], [ -46.501503824400295, -23.670248254525202, -1.79769313486231571e+308 ], [ -46.501523081761441, -23.670245696974263, -1.79769313486231571e+308 ], [ -46.501542098503556, -23.670241908388547, -1.79769313486231571e+308 ], [ -46.501560781978498, -23.670236907225789, -1.79769313486231571e+308 ], [ -46.501579041161797, -23.670230717851304, -1.79769313486231571e+308 ], [ -46.501596787096148, -23.670223370419308, -1.79769313486231571e+308 ], [ -46.501613933324791, -23.670214900725927, -1.79769313486231571e+308 ], [ -46.501630396312756, -23.670205350034902, -1.79769313486231571e+308 ], [ -46.501646095853786, -23.670194764876481, -1.79769313486231571e+308 ], [ -46.501660955461176, -23.670183196820719, -1.79769313486231571e+308 ], [ -46.501674902740355, -23.670170702226294, -1.79769313486231571e+308 ], [ -46.501687869741573, -23.670157341965865, -1.79769313486231571e+308 ], [ -46.50169979329101, -23.6701431811295, -1.79769313486231571e+308 ], [ -46.501710615298499, -23.67012828870763, -1.79769313486231571e+308 ], [ -46.501720283040555, -23.670112737254854, -1.79769313486231571e+308 ], [ -46.501728749417197, -23.670096602536486, -1.79769313486231571e+308 ], [ -46.501735973181475, -23.670079963159441, -1.79769313486231571e+308 ], [ -46.501741919140343, -23.670062900189237, -1.79769313486231571e+308 ], [ -46.501746558326175, -23.670045496755055, -1.79769313486231571e+308 ], [ -46.501749868137814, -23.670027837644803, -1.79769313486231571e+308 ], [ -46.501751832450729, -23.670010008891921, -1.79769313486231571e+308 ], [ -46.50175244169553, -23.669992097356342, -1.79769313486231571e+308 ], [ -46.501751692904605, -23.669974190301257, -1.79769313486231571e+308 ], [ -46.501749589726522, -23.669956374967963, -1.79769313486231571e+308 ], [ -46.501746142408301, -23.669938738150922, -1.79769313486231571e+308 ], [ -46.501741367745439, -23.669921365774787, -1.79769313486231571e+308 ], [ -46.501735289000074, -23.66990434247592, -1.79769313486231571e+308 ], [ -46.501727935787684, -23.669887751189933, -1.79769313486231571e+308 ], [ -46.501719343932741, -23.669871672747707, -1.79769313486231571e+308 ], [ -46.501709555294227, -23.669856185481574, -1.79769313486231571e+308 ], [ -46.501698617561644, -23.669841364843727, -1.79769313486231571e+308 ], [ -46.501686584022707, -23.669827283038565, -1.79769313486231571e+308 ], [ -46.501673513303707, -23.669814008670983, -1.79769313486231571e+308 ], [ -46.501659469083897, -23.669801606412094, -1.79769313486231571e+308 ], [ -46.501644519785245, -23.669790136684227, -1.79769313486231571e+308 ], [ -46.501628738239106, -23.669779655366497, -1.79769313486231571e+308 ], [ -46.501612201331376, -23.6697702135226, -1.79769313486231571e+308 ], [ -46.501594989627939, -23.669761857152036, -1.79769313486231571e+308 ], [ -46.501577186982153, -23.669754626966018, -1.79769313486231571e+308 ], [ -46.501558880126311, -23.669748558189099, -1.79769313486231571e+308 ], [ -46.501540158249128, -23.669743680387647, -1.79769313486231571e+308 ], [ -46.501521112561228, -23.669740017325669, -1.79769313486231571e+308 ], [ -46.50150183585076, -23.669737586849202, -1.79769313486231571e+308 ], [ -46.501482422031373, -23.669736400799206, -1.79769313486231571e+308 ], [ -46.501462965684702, -23.669736464954013, -1.79769313486231571e+308 ], [ -46.501443561599551, -23.6697377790011, -1.79769313486231571e+308 ], [ -46.501424304310135, -23.66974033653862, -1.79769313486231571e+308 ], [ -46.501405287635492, -23.669744125106593, -1.79769313486231571e+308 ], [ -46.501386604222475, -23.669749126247655, -1.79769313486231571e+308 ], [ -46.501368345094335, -23.669755315596881, -1.79769313486231571e+308 ], [ -46.501350599207306, -23.669762663000572, -1.79769313486231571e+308 ], [ -46.501333453017224, -23.66977113266314, -1.79769313486231571e+308 ], [ -46.501316990058314, -23.669780683321452, -1.79769313486231571e+308 ], [ -46.501301290536261, -23.669791268445888, -1.79769313486231571e+308 ], [ -46.501286430937405, -23.66980283646706, -1.79769313486231571e+308 ], [ -46.501272483656159, -23.66981533102696, -1.79769313486231571e+308 ], [ -46.501259516642293, -23.66982869125361, -1.79769313486231571e+308 ], [ -46.501247593069884, -23.669842852057588, -1.79769313486231571e+308 ], [ -46.501236771029554, -23.6698577444491, -1.79769313486231571e+308 ], [ -46.501227103245427, -23.66987329587413, -1.79769313486231571e+308 ], [ -46.501218636818287, -23.669889430567913, -1.79769313486231571e+308 ] ] ] ] } },
{ "type": "Feature", "properties": { "fid": 16.0 }, "geometry": { "type": "MultiPolygon", "coordinates": [ [ [ [ -46.501955189087376, -23.670398068966293, -1.79769313486231571e+308 ], [ -46.501946172334755, -23.670418837063856, -1.79769313486231571e+308 ], [ -46.50193875044981, -23.670440133894477, -1.79769313486231571e+308 ], [ -46.501932959591947, -23.670461855702289, -1.79769313486231571e+308 ], [ -46.501928827974432, -23.670483896661008, -1.79769313486231571e+308 ], [ -46.501926375726917, -23.670506149389364, -1.79769313486231571e+308 ], [ -46.501925614797365, -23.670528505474355, -1.79769313486231571e+308 ], [ -46.501926548893813, -23.670550855999352, -1.79769313486231571e+308 ], [ -46.501929173466294, -23.670573092074779, -1.79769313486231571e+308 ], [ -46.50193347572899, -23.670595105368577, -1.79769313486231571e+308 ], [ -46.501939434722502, -23.670616788634014, -1.79769313486231571e+308 ], [ -46.501947021415944, -23.670638036232173, -1.79769313486231571e+308 ], [ -46.501956198848383, -23.67065874464663, -1.79769313486231571e+308 ], [ -46.501966922308867, -23.670678812987767, -1.79769313486231571e+308 ], [ -46.501979139554273, -23.670698143484294, -1.79769313486231571e+308 ], [ -46.501992791063792, -23.670716641959629, -1.79769313486231571e+308 ], [ -46.502007810328912, -23.670734218290676, -1.79769313486231571e+308 ], [ -46.502024124177439, -23.670750786846924, -1.79769313486231571e+308 ], [ -46.502041653129986, -23.670766266907641, -1.79769313486231571e+308 ], [ -46.502060311787169, -23.670780583055127, -1.79769313486231571e+308 ], [ -46.502080009245681, -23.670793665542188, -1.79769313486231571e+308 ], [ -46.50210064954117, -23.670805450631892, -1.79769313486231571e+308 ], [ -46.502122132115765, -23.670815880908147, -1.79769313486231571e+308 ], [ -46.502144352307994, -23.670824905555396, -1.79769313486231571e+308 ], [ -46.502167201862697, -23.670832480606194, -1.79769313486231571e+308 ], [ -46.502190569458442, -23.67083856915545, -1.79769313486231571e+308 ], [ -46.502214341249889, -23.670843141540207, -1.79769313486231571e+308 ], [ -46.502238401422453, -23.670846175484119, -1.79769313486231571e+308 ], [ -46.502262632756548, -23.670847656206075, -1.79769313486231571e+308 ], [ -46.502286917198688, -23.670847576492147, -1.79769313486231571e+308 ], [ -46.502311136436632, -23.670845936730704, -1.79769313486231571e+308 ], [ -46.50233517247586, -23.670842744910637, -1.79769313486231571e+308 ], [ -46.50235890821439, -23.670838016582319, -1.79769313486231571e+308 ], [ -46.502382228013303, -23.67083177478186, -1.79769313486231571e+308 ], [ -46.502405018260205, -23.670824049918977, -1.79769313486231571e+308 ], [ -46.502427167922647, -23.670814879628661, -1.79769313486231571e+308 ], [ -46.502448569089189, -23.670804308588018, -1.79769313486231571e+308 ], [ -46.502469117495046, -23.670792388298427, -1.79769313486231571e+308 ], [ -46.502488713030125, -23.670779176834692, -1.79769313486231571e+308 ], [ -46.502507260226736, -23.670764738562152, -1.79769313486231571e+308 ], [ -46.502524668724696, -23.670749143822995, -1.79769313486231571e+308 ], [ -46.502540853711579, -23.670732468593616, -1.79769313486231571e+308 ], [ -46.502555736335907, -23.670714794114446, -1.79769313486231571e+308 ], [ -46.502569244091283, -23.670696206494135, -1.79769313486231571e+308 ], [ -46.502581311169656, -23.670676796290046, -1.79769313486231571e+308 ], [ -46.502591878781914, -23.67065665806707, -1.79769313486231571e+308 ], [ -46.502600895444282, -23.670635889936868, -1.79769313486231571e+308 ], [ -46.502608317229146, -23.670614593079925, -1.79769313486231571e+308 ], [ -46.502614107979056, -23.670592871252587, -1.79769313486231571e+308 ], [ -46.502618239482835, -23.670570830281545, -1.79769313486231571e+308 ], [ -46.502620691613046, -23.670548577548281, -1.79769313486231571e+308 ], [ -46.502621452424023, -23.670526221465927, -1.79769313486231571e+308 ], [ -46.502620518210016, -23.670503870951052, -1.79769313486231571e+308 ], [ -46.502617893523301, -23.670481634893008, -1.79769313486231571e+308 ], [ -46.502613591151913, -23.67045962162355, -1.79769313486231571e+308 ], [ -46.502607632057355, -23.670437938388918, -1.79769313486231571e+308 ], [ -46.502600045272487, -23.67041669082742, -1.79769313486231571e+308 ], [ -46.502590867760027, -23.670395982454785, -1.79769313486231571e+308 ], [ -46.502580144232482, -23.670375914159816, -1.79769313486231571e+308 ], [ -46.502567926934269, -23.670356583712891, -1.79769313486231571e+308 ], [ -46.502554275387254, -23.670338085289636, -1.79769313486231571e+308 ], [ -46.502539256100647, -23.670320509012136, -1.79769313486231571e+308 ], [ -46.502522942247069, -23.670303940509857, -1.79769313486231571e+308 ], [ -46.502505413306011, -23.67028846050248, -1.79769313486231571e+308 ], [ -46.502486754676639, -23.670274144406658, -1.79769313486231571e+308 ], [ -46.502467057261697, -23.670261061968592, -1.79769313486231571e+308 ], [ -46.502446417024707, -23.670249276924253, -1.79769313486231571e+308 ], [ -46.502424934522402, -23.67023884668885, -1.79769313486231571e+308 ], [ -46.502402714414842, -23.670229822077165, -1.79769313486231571e+308 ], [ -46.502379864955543, -23.670222247055914, -1.79769313486231571e+308 ], [ -46.502356497464071, -23.670216158529637, -1.79769313486231571e+308 ], [ -46.502332725783738, -23.670211586160846, -1.79769313486231571e+308 ], [ -46.502308665726972, -23.670208552225564, -1.79769313486231571e+308 ], [ -46.502284434511104, -23.670207071504734, -1.79769313486231571e+308 ], [ -46.502260150187325, -23.670207151212278, -1.79769313486231571e+308 ], [ -46.502235931065549, -23.670208790959933, -1.79769313486231571e+308 ], [ -46.502211895138061, -23.670211982759092, -1.79769313486231571e+308 ], [ -46.502188159504669, -23.670216711059787, -1.79769313486231571e+308 ], [ -46.502164839802219, -23.670222952826418, -1.79769313486231571e+308 ], [ -46.50214204964125, -23.670230677649968, -1.79769313486231571e+308 ], [ -46.50211990005252, -23.670239847896173, -1.79769313486231571e+308 ], [ -46.502098498946054, -23.67025041888882, -1.79769313486231571e+308 ], [ -46.502077950585466, -23.670262339127436, -1.79769313486231571e+308 ], [ -46.502058355079953, -23.670275550538236, -1.79769313486231571e+308 ], [ -46.502039807896651, -23.670289988756892, -1.79769313486231571e+308 ], [ -46.502022399395457, -23.670305583442261, -1.79769313486231571e+308 ], [ -46.502006214388878, -23.670322258619009, -1.79769313486231571e+308 ], [ -46.501991331728775, -23.670339933047725, -1.79769313486231571e+308 ], [ -46.501977823922232, -23.670358520620741, -1.79769313486231571e+308 ], [ -46.501965756778304, -23.670377930781612, -1.79769313486231571e+308 ], [ -46.501955189087376, -23.670398068966293, -1.79769313486231571e+308 ] ] ] ] } },
{ "type": "Feature", "properties": { "fid": 17.0 }, "geometry": { "type": "MultiPolygon", "coordinates": [ [ [ [ -46.511803636135696, -23.680534520941375, -1.79769313486231571e+308 ], [ -46.511785307399322, -23.680576685587958, -1.79769313486231571e+308 ], [ -46.511770216960073, -23.680619925045075, -1.79769313486231571e+308 ], [ -46.511758438340031, -23.680664028655269, -1.79769313486231571e+308 ], [ -46.511750028926727, -23.680708781550756, -1.79769313486231571e+308 ], [ -46.511745029693387, -23.680753965700301, -1.79769313486231571e+308 ], [ -46.511743464999299, -23.68079936097141, -1.79769313486231571e+308 ], [ -46.511745342471073, -23.680844746202808, -1.79769313486231571e+308 ], [ -46.511750652965389, -23.680889900281919, -1.79769313486231571e+308 ], [ -46.511759370613497, -23.68093460322206, -1.79769313486231571e+308 ], [ -46.511771452947158, -23.680978637234301, -1.79769313486231571e+308 ], [ -46.511786841105504, -23.681021787788406, -1.79769313486231571e+308 ], [ -46.511805460121728, -23.681063844658116, -1.79769313486231571e+308 ], [ -46.511827219288257, -23.681104602945346, -1.79769313486231571e+308 ], [ -46.511852012598652, -23.681143864078404, -1.79769313486231571e+308 ], [ -46.511879719263973, -23.681181436779514, -1.79769313486231571e+308 ], [ -46.51191020430128, -23.6812171379967, -1.79769313486231571e+308 ], [ -46.511943319191168, -23.681250793795577, -1.79769313486231571e+308 ], [ -46.511978902601378, -23.681282240206887, -1.79769313486231571e+308 ], [ -46.512016781172775, -23.681311324025245, -1.79769313486231571e+308 ], [ -46.512056770363934, -23.681337903555658, -1.79769313486231571e+308 ], [ -46.512098675350209, -23.681361849303858, -1.79769313486231571e+308 ], [ -46.512142291972978, -23.681383044607202, -1.79769313486231571e+308 ], [ -46.512187407734253, -23.681401386203067, -1.79769313486231571e+308 ], [ -46.512233802832036, -23.681416784731976, -1.79769313486231571e+308 ], [ -46.512281251231201, -23.68142916517294, -1.79769313486231571e+308 ], [ -46.512329521764784, -23.681438467209034, -1.79769313486231571e+308 ], [ -46.512378379260255, -23.681444645521168, -1.79769313486231571e+308 ], [ -46.512427585685309, -23.681447670008968, -1.79769313486231571e+308 ], [ -46.512476901307636, -23.681447525937401, -1.79769313486231571e+308 ], [ -46.512526085862923, -23.681444214008568, -1.79769313486231571e+308 ], [ -46.512574899725465, -23.681437750358263, -1.79769313486231571e+308 ], [ -46.512623105075662, -23.681428166477367, -1.79769313486231571e+308 ], [ -46.512670467058726, -23.681415509058414, -1.79769313486231571e+308 ], [ -46.512716754928938, -23.681399839768112, -1.79769313486231571e+308 ], [ -46.512761743173847, -23.68138123494683, -1.79769313486231571e+308 ], [ -46.512805212613046, -23.681359785236729, -1.79769313486231571e+308 ], [ -46.51284695146596, -23.681335595140084, -1.79769313486231571e+308 ], [ -46.512886756383757, -23.681308782510143, -1.79769313486231571e+308 ], [ -46.512924433439963, -23.68127947797695, -1.79769313486231571e+308 ], [ -46.512959799075368, -23.681247824310841, -1.79769313486231571e+308 ], [ -46.512992680992234, -23.681213975726944, -1.79769313486231571e+308 ], [ -46.513022918993755, -23.681178097133735, -1.79769313486231571e+308 ], [ -46.513050365764506, -23.681140363329604, -1.79769313486231571e+308 ], [ -46.513074887588125, -23.681100958151315, -1.79769313486231571e+308 ], [ -46.513096364998724, -23.681060073578216, -1.79769313486231571e+308 ], [ -46.513114693362873, -23.681017908796981, -1.79769313486231571e+308 ], [ -46.513129783389346, -23.680974669231201, -1.79769313486231571e+308 ], [ -46.513141561564069, -23.680930565540454, -1.79769313486231571e+308 ], [ -46.513149970508195, -23.680885812594095, -1.79769313486231571e+308 ], [ -46.513154969257634, -23.680840628424338, -1.79769313486231571e+308 ], [ -46.513156533462492, -23.680795233164069, -1.79769313486231571e+308 ], [ -46.513154655505701, -23.680749847974361, -1.79769313486231571e+308 ], [ -46.513149344540018, -23.68070469396698, -1.79769313486231571e+308 ], [ -46.513140626443366, -23.6806599911272, -1.79769313486231571e+308 ], [ -46.513128543692716, -23.680615957242029, -1.79769313486231571e+308 ], [ -46.51311315515705, -23.68057280683918, -1.79769313486231571e+308 ], [ -46.513094535810524, -23.680530750142001, -1.79769313486231571e+308 ], [ -46.513072776367132, -23.680489992045221, -1.79769313486231571e+308 ], [ -46.513047982838714, -23.68045073111681, -1.79769313486231571e+308 ], [ -46.51302027601843, -23.680413158630561, -1.79769313486231571e+308 ], [ -46.51298979089227, -23.680377457634282, -1.79769313486231571e+308 ], [ -46.512956675981343, -23.680343802058047, -1.79769313486231571e+308 ], [ -46.512921092618321, -23.680312355866789, -1.79769313486231571e+308 ], [ -46.512883214161427, -23.680283272261608, -1.79769313486231571e+308 ], [ -46.512843225149851, -23.680256692933341, -1.79769313486231571e+308 ], [ -46.512801320404748, -23.680232747372315, -1.79769313486231571e+308 ], [ -46.512757704080052, -23.680211552237555, -1.79769313486231571e+308 ], [ -46.512712588667938, -23.680193210788378, -1.79769313486231571e+308 ], [ -46.512666193963611, -23.680177812381427, -1.79769313486231571e+308 ], [ -46.512618745994544, -23.680165432035295, -1.79769313486231571e+308 ], [ -46.512570475919318, -23.680156130065082, -1.79769313486231571e+308 ], [ -46.512521618901566, -23.680149951788575, -1.79769313486231571e+308 ], [ -46.512472412964264, -23.680146927305469, -1.79769313486231571e+308 ], [ -46.512423097830236, -23.680147071350699, -1.79769313486231571e+308 ], [ -46.51237391375431, -23.680150383222696, -1.79769313486231571e+308 ], [ -46.512325100352847, -23.680156846786737, -1.79769313486231571e+308 ], [ -46.512276895436472, -23.680166430553655, -1.79769313486231571e+308 ], [ -46.512229533851531, -23.6801790878331, -1.79769313486231571e+308 ], [ -46.512183246335994, -23.680194756961104, -1.79769313486231571e+308 ], [ -46.51213825839541, -23.680213361600458, -1.79769313486231571e+308 ], [ -46.512094789204262, -23.680234811112527, -1.79769313486231571e+308 ], [ -46.512053050538292, -23.680259000998905, -1.79769313486231571e+308 ], [ -46.512013245742708, -23.680285813410425, -1.79769313486231571e+308 ], [ -46.511975568741576, -23.680315117721303, -1.79769313486231571e+308 ], [ -46.511940203093069, -23.680346771165521, -1.79769313486231571e+308 ], [ -46.511907321095165, -23.680380619532276, -1.79769313486231571e+308 ], [ -46.511877082946242, -23.680416497917328, -1.79769313486231571e+308 ], [ -46.511849635964587, -23.680454231526312, -1.79769313486231571e+308 ], [ -46.511825113870685, -23.68049363652629, -1.79769313486231571e+308 ], [ -46.511803636135696, -23.680534520941375, -1.79769313486231571e+308 ] ] ] ] } },
{ "type": "Feature", "properties": { "fid": 18.0 }, "geometry": { "type": "MultiPolygon", "coordinates": [ [ [ [ -46.546089250529896, -23.683661183421634, -1.79769313486231571e+308 ], [ -46.546068840206495, -23.683708194671173, -1.79769313486231571e+308 ], [ -46.546052040428805, -23.683756402623843, -1.79769313486231571e+308 ], [ -46.54603893304742, -23.683805572416333, -1.79769313486231571e+308 ], [ -46.546029581924223, -23.683855464499047, -1.79769313486231571e+308 ], [ -46.546024032621212, -23.683905835803259, -1.79769313486231571e+308 ], [ -46.546022312178401, -23.683956440925218, -1.79769313486231571e+308 ], [ -46.546024428982072, -23.684007033321745, -1.79769313486231571e+308 ], [ -46.546030372723763, -23.684057366511368, -1.79769313486231571e+308 ], [ -46.546040114450427, -23.68410719527521, -1.79769313486231571e+308 ], [ -46.546053606705428, -23.684156276851624, -1.79769313486231571e+308 ], [ -46.546070783759617, -23.684204372118938, -1.79769313486231571e+308 ], [ -46.546091561931547, -23.684251246760468, -1.79769313486231571e+308 ], [ -46.546115839995025, -23.684296672406109, -1.79769313486231571e+308 ], [ -46.546143499672276, -23.684340427744939, -1.79769313486231571e+308 ], [ -46.546174406210099, -23.684382299603506, -1.79769313486231571e+308 ], [ -46.546208409036353, -23.684422083984366, -1.79769313486231571e+308 ], [ -46.546245342493478, -23.684459587059994, -1.79769313486231571e+308 ], [ -46.546285026645563, -23.684494626117182, -1.79769313486231571e+308 ], [ -46.546327268154975, -23.684527030447139, -1.79769313486231571e+308 ], [ -46.54637186122428, -23.684556642177313, -1.79769313486231571e+308 ], [ -46.546418588598883, -23.684583317040502, -1.79769313486231571e+308 ], [ -46.546467222625516, -23.684606925077762, -1.79769313486231571e+308 ], [ -46.546517526361392, -23.684627351271573, -1.79769313486231571e+308 ], [ -46.546569254728581, -23.684644496106248, -1.79769313486231571e+308 ], [ -46.546622155708114, -23.684658276052783, -1.79769313486231571e+308 ], [ -46.546675971567815, -23.684668623975792, -1.79769313486231571e+308 ], [ -46.546730440118075, -23.68467548946068, -1.79769313486231571e+308 ], [ -46.546785295989267, -23.684678839059139, -1.79769313486231571e+308 ], [ -46.546840271924665, -23.684678656452252, -1.79769313486231571e+308 ], [ -46.546895100082601, -23.684674942529877, -1.79769313486231571e+308 ], [ -46.546949513341474, -23.684667715386436, -1.79769313486231571e+308 ], [ -46.547003246601165, -23.684657010232598, -1.79769313486231571e+308 ], [ -46.547056038074714, -23.684642879223848, -1.79769313486231571e+308 ], [ -46.547107630563751, -23.684625391206318, -1.79769313486231571e+308 ], [ -46.547157772711664, -23.68460463138134, -1.79769313486231571e+308 ], [ -46.547206220228169, -23.684580700890358, -1.79769313486231571e+308 ], [ -46.547252737079617, -23.684553716322092, -1.79769313486231571e+308 ], [ -46.547297096638879, -23.68452380914459, -1.79769313486231571e+308 ], [ -46.547339082789563, -23.684491125064582, -1.79769313486231571e+308 ], [ -46.547378490978858, -23.684455823317638, -1.79769313486231571e+308 ], [ -46.547415129214166, -23.684418075892317, -1.79769313486231571e+308 ], [ -46.547448818998411, -23.684378066692279, -1.79769313486231571e+308 ], [ -46.547479396199726, -23.684335990640196, -1.79769313486231571e+308 ], [ -46.547506711850957, -23.684292052728136, -1.79769313486231571e+308 ], [ -46.547530632875471, -23.684246467018792, -1.79769313486231571e+308 ], [ -46.547551042735378, -23.684199455602599, -1.79769313486231571e+308 ], [ -46.547567841999282, -23.684151247515654, -1.79769313486231571e+308 ], [ -46.547580948826607, -23.684102077623887, -1.79769313486231571e+308 ], [ -46.547590299366249, -23.684052185478823, -1.79769313486231571e+308 ], [ -46.54759584806758, -23.684001814150406, -1.79769313486231571e+308 ], [ -46.547597567902265, -23.683951209042863, -1.79769313486231571e+308 ], [ -46.547595450495884, -23.683900616699091, -1.79769313486231571e+308 ], [ -46.547589506168627, -23.683850283599526, -1.79769313486231571e+308 ], [ -46.547579763884933, -23.6838004549613, -1.79769313486231571e+308 ], [ -46.547566271112288, -23.683751373543615, -1.79769313486231571e+308 ], [ -46.5475490935899, -23.68370327846505, -1.79769313486231571e+308 ], [ -46.547528315008357, -23.683656404038611, -1.79769313486231571e+308 ], [ -46.547504036601801, -23.683610978630231, -1.79769313486231571e+308 ], [ -46.547476376654686, -23.683567223546195, -1.79769313486231571e+308 ], [ -46.547445469925471, -23.683525351955016, -1.79769313486231571e+308 ], [ -46.547411466990027, -23.683485567848919, -1.79769313486231571e+308 ], [ -46.547374533508034, -23.68344806505009, -1.79769313486231571e+308 ], [ -46.547334849415883, -23.68341302626634, -1.79769313486231571e+308 ], [ -46.54729260805005, -23.683380622201152, -1.79769313486231571e+308 ], [ -46.54724801520517, -23.6833510107219, -1.79769313486231571e+308 ], [ -46.547201288131461, -23.683324336090926, -1.79769313486231571e+308 ], [ -46.547152654476349, -23.683300728262644, -1.79769313486231571e+308 ], [ -46.547102351175376, -23.683280302250516, -1.79769313486231571e+308 ], [ -46.54705062329802, -23.683263157566678, -1.79769313486231571e+308 ], [ -46.546997722853718, -23.683249377737205, -1.79769313486231571e+308 ], [ -46.546943907564206, -23.683239029895194, -1.79769313486231571e+308 ], [ -46.546889439608009, -23.683232164453692, -1.79769313486231571e+308 ], [ -46.546834584343209, -23.68322881486014, -1.79769313486231571e+308 ], [ -46.546779609014706, -23.683228997433361, -1.79769313486231571e+308 ], [ -46.546724781452355, -23.683232711284152, -1.79769313486231571e+308 ], [ -46.546670368766172, -23.683239938319492, -1.79769313486231571e+308 ], [ -46.54661663604513, -23.683250643330812, -1.79769313486231571e+308 ], [ -46.546563845065705, -23.683264774165394, -1.79769313486231571e+308 ], [ -46.546512253016644, -23.683282261980519, -1.79769313486231571e+308 ], [ -46.546462111246008, -23.683303021578769, -1.79769313486231571e+308 ], [ -46.546413664036713, -23.683326951823119, -1.79769313486231571e+308 ], [ -46.546367147416461, -23.683353936129649, -1.79769313486231571e+308 ], [ -46.546322788007842, -23.683383843035418, -1.79769313486231571e+308 ], [ -46.546280801924361, -23.683416526838975, -1.79769313486231571e+308 ], [ -46.546241393717494, -23.68345182831013, -1.79769313486231571e+308 ], [ -46.546204755380188, -23.683489575465689, -1.79769313486231571e+308 ], [ -46.546171065411485, -23.683529584407253, -1.79769313486231571e+308 ], [ -46.546140487946872, -23.683571660217176, -1.79769313486231571e+308 ], [ -46.546113171958609, -23.683615597908108, -1.79769313486231571e+308 ], [ -46.546089250529896, -23.683661183421634, -1.79769313486231571e+308 ] ] ] ] } },
{ "type": "Feature", "properties": { "fid": 19.0 }, "geometry": { "type": "MultiPolygon", "coordinates": [ [ [ [ -46.520615325306778, -23.686535585260931, -1.79769313486231571e+308 ], [ -46.520619095579704, -23.686548267813297, -1.79769313486231571e+308 ], [ -46.520625393894555, -23.68656047026186, -1.79769313486231571e+308 ], [ -46.520634189567168, -23.686572133157185, -1.79769313486231571e+308 ], [ -46.520645439746417, -23.686583199678381, -1.79769313486231571e+308 ], [ -46.520659089622988, -23.686593615909903, -1.79769313486231571e+308 ], [ -46.520675072696342, -23.686603331104291, -1.79769313486231571e+308 ], [ -46.520693311098739, -23.686612297929379, -1.79769313486231571e+308 ], [ -46.520713715974615, -23.686620472698916, -1.79769313486231571e+308 ], [ -46.520736187913407, -23.686627815585389, -1.79769313486231571e+308 ], [ -46.520760617433936, -23.686634290814137, -1.79769313486231571e+308 ], [ -46.520786885517744, -23.68663986683762, -1.79769313486231571e+308 ], [ -46.520814864188999, -23.686644516489118, -1.79769313486231571e+308 ], [ -46.520844417137937, -23.686648217115142, -1.79769313486231571e+308 ], [ -46.520875400384988, -23.686650950685763, -1.79769313486231571e+308 ], [ -46.520907662982225, -23.686652703882537, -1.79769313486231571e+308 ], [ -46.520941047748799, -23.686653468163353, -1.79769313486231571e+308 ], [ -46.520975392036704, -23.686653239804059, -1.79769313486231571e+308 ], [ -46.521010528523199, -23.686652019916668, -1.79769313486231571e+308 ], [ -46.521046286026021, -23.686649814443921, -1.79769313486231571e+308 ], [ -46.521082490337363, -23.686646634130316, -1.79769313486231571e+308 ], [ -46.521118965072617, -23.686642494469808, -1.79769313486231571e+308 ], [ -46.521155532529733, -23.686637415630333, -1.79769313486231571e+308 ], [ -46.521192014554984, -23.686631422355507, -1.79769313486231571e+308 ], [ -46.521228233410874, -23.686624543844125, -1.79769313486231571e+308 ], [ -46.521264012642149, -23.686616813607895, -1.79769313486231571e+308 ], [ -46.52129917793544, -23.686608269308124, -1.79769313486231571e+308 ], [ -46.521333557968504, -23.6865989525723, -1.79769313486231571e+308 ], [ -46.521366985244924, -23.686588908791197, -1.79769313486231571e+308 ], [ -46.521399296910111, -23.686578186897808, -1.79769313486231571e+308 ], [ -46.521430335544757, -23.686566839128869, -1.79769313486231571e+308 ], [ -46.521459949931732, -23.686554920770369, -1.79769313486231571e+308 ], [ -46.521487995792825, -23.686542489888229, -1.79769313486231571e+308 ], [ -46.521514336491634, -23.686529607045308, -1.79769313486231571e+308 ], [ -46.521538843699247, -23.686516335006427, -1.79769313486231571e+308 ], [ -46.521561398019458, -23.686502738432498, -1.79769313486231571e+308 ], [ -46.521581889570406, -23.686488883565495, -1.79769313486231571e+308 ], [ -46.521600218519936, -23.686474837905774, -1.79769313486231571e+308 ], [ -46.521616295571945, -23.686460669883122, -1.79769313486231571e+308 ], [ -46.521630042401405, -23.686446448523387, -1.79769313486231571e+308 ], [ -46.521641392035939, -23.686432243112183, -1.79769313486231571e+308 ], [ -46.521650289182105, -23.686418122857361, -1.79769313486231571e+308 ], [ -46.521656690494744, -23.686404156551745, -1.79769313486231571e+308 ], [ -46.521660564788142, -23.686390412238076, -1.79769313486231571e+308 ], [ -46.521661893187961, -23.686376956877375, -1.79769313486231571e+308 ], [ -46.521660669223159, -23.686363856022862, -1.79769313486231571e+308 ], [ -46.521656898857508, -23.68635117350048, -1.79769313486231571e+308 ], [ -46.521650600460532, -23.686338971097978, -1.79769313486231571e+308 ], [ -46.52164180471798, -23.686327308263909, -1.79769313486231571e+308 ], [ -46.521630554482343, -23.686316241817963, -1.79769313486231571e+308 ], [ -46.521616904564048, -23.686305825674239, -1.79769313486231571e+308 ], [ -46.521600921464426, -23.686296110578461, -1.79769313486231571e+308 ], [ -46.521582683051733, -23.686287143860898, -1.79769313486231571e+308 ], [ -46.521562278181747, -23.686278969205706, -1.79769313486231571e+308 ], [ -46.521539806264897, -23.686271626438156, -1.79769313486231571e+308 ], [ -46.521515376781956, -23.68626515133062, -1.79769313486231571e+308 ], [ -46.521489108750622, -23.686259575428252, -1.79769313486231571e+308 ], [ -46.521461130145738, -23.686254925895433, -1.79769313486231571e+308 ], [ -46.521431577275749, -23.686251225383334, -1.79769313486231571e+308 ], [ -46.521400594118703, -23.686248491919667, -1.79769313486231571e+308 ], [ -46.521368331620764, -23.686246738820802, -1.79769313486231571e+308 ], [ -46.521334946960863, -23.686245974626932, -1.79769313486231571e+308 ], [ -46.521300602784926, -23.68624620306052, -1.79769313486231571e+308 ], [ -46.521265466413503, -23.686247423008115, -1.79769313486231571e+308 ], [ -46.521229709026635, -23.686249628525797, -1.79769313486231571e+308 ], [ -46.52119350482986, -23.686252808868197, -1.79769313486231571e+308 ], [ -46.521157030205558, -23.686256948540787, -1.79769313486231571e+308 ], [ -46.521120462853609, -23.686262027375424, -1.79769313486231571e+308 ], [ -46.521083980925731, -23.68626802062856, -1.79769313486231571e+308 ], [ -46.521047762157473, -23.686274899101829, -1.79769313486231571e+308 ], [ -46.521011983002417, -23.686282629284275, -1.79769313486231571e+308 ], [ -46.520976817772436, -23.686291173515624, -1.79769313486231571e+308 ], [ -46.520942437788548, -23.686300490169724, -1.79769313486231571e+308 ], [ -46.520909010546212, -23.686310533857398, -1.79769313486231571e+308 ], [ -46.520876698899343, -23.68632125564746, -1.79769313486231571e+308 ], [ -46.520845660266907, -23.686332603305189, -1.79769313486231571e+308 ], [ -46.520816045865985, -23.686344521546779, -1.79769313486231571e+308 ], [ -46.520787999975056, -23.68635695230855, -1.79769313486231571e+308 ], [ -46.520761659231113, -23.686369835030018, -1.79769313486231571e+308 ], [ -46.520737151963928, -23.686383106948707, -1.79769313486231571e+308 ], [ -46.520714597570887, -23.686396703406057, -1.79769313486231571e+308 ], [ -46.520694105935256, -23.686410558162343, -1.79769313486231571e+308 ], [ -46.520675776890833, -23.686424603719392, -1.79769313486231571e+308 ], [ -46.520659699735575, -23.686438771649385, -1.79769313486231571e+308 ], [ -46.520645952796535, -23.686452992928302, -1.79769313486231571e+308 ], [ -46.520634603048201, -23.686467198272094, -1.79769313486231571e+308 ], [ -46.520625705786244, -23.686481318474218, -1.79769313486231571e+308 ], [ -46.520619304358071, -23.686495284742872, -1.79769313486231571e+308 ], [ -46.520615429951633, -23.686509029036056, -1.79769313486231571e+308 ], [ -46.520614101443492, -23.686522484393123, -1.79769313486231571e+308 ], [ -46.520615325306778, -23.686535585260931, -1.79769313486231571e+308 ] ] ] ] } },
{ "type": "Feature", "properties": { "fid": 20.0 }, "geometry": { "type": "MultiPolygon", "coordinates": [ [ [ [ -46.507587696962858, -23.692327260028406, -1.79769313486231571e+308 ], [ -46.507759475089408, -23.69218345495911, -1.79769313486231571e+308 ], [ -46.50792466481645, -23.691982087581135, -1.79769313486231571e+308 ], [ -46.507980856060819, -23.691727301843855, -1.79769313486231571e+308 ], [ -46.50771099293582, -23.691393971477581, -1.79769313486231571e+308 ], [ -46.507572022345315, -23.691304524985938, -1.79769313486231571e+308 ], [ -46.507145026609862, -23.691301106380401, -1.79769313486231571e+308 ], [ -46.507065687582561, -23.692095651829643, -1.79769313486231571e+308 ], [ -46.507122535360047, -23.692209607439899, -1.79769313486231571e+308 ], [ -46.507587696962858, -23.692327260028406, -1.79769313486231571e+308 ] ] ] ] } },
{ "type": "Feature", "properties": { "fid": 21.0 }, "geometry": { "type": "MultiPolygon", "coordinates": [ [ [ [ -46.505393663430908, -23.693637472642905, -1.79769313486231571e+308 ], [ -46.505397133612483, -23.693649465983064, -1.79769313486231571e+308 ], [ -46.505402796323033, -23.693661036873632, -1.79769313486231571e+308 ], [ -46.505410623974889, -23.693672128942115, -1.79769313486231571e+308 ], [ -46.505420578432947, -23.693682688148751, -1.79769313486231571e+308 ], [ -46.505432611200433, -23.693692663049703, -1.79769313486231571e+308 ], [ -46.505446663655178, -23.693702005047779, -1.79769313486231571e+308 ], [ -46.505462667335216, -23.693710668629144, -1.79769313486231571e+308 ], [ -46.505480544272281, -23.693718611585112, -1.79769313486231571e+308 ], [ -46.505500207371746, -23.693725795217752, -1.79769313486231571e+308 ], [ -46.505521560836833, -23.693732184528493, -1.79769313486231571e+308 ], [ -46.505544500635416, -23.693737748388578, -1.79769313486231571e+308 ], [ -46.505568915006805, -23.693742459690785, -1.79769313486231571e+308 ], [ -46.505594685006265, -23.693746295481443, -1.79769313486231571e+308 ], [ -46.505621685084499, -23.693749237072382, -1.79769313486231571e+308 ], [ -46.505649783699312, -23.693751270131848, -1.79769313486231571e+308 ], [ -46.505678843956517, -23.693752384754475, -1.79769313486231571e+308 ], [ -46.505708724276836, -23.69375257550945, -1.79769313486231571e+308 ], [ -46.505739279085702, -23.693751841467027, -1.79769313486231571e+308 ], [ -46.505770359522479, -23.693750186203079, -1.79769313486231571e+308 ], [ -46.505801814165714, -23.69374761778165, -1.79769313486231571e+308 ], [ -46.505833489770893, -23.693744148715659, -1.79769313486231571e+308 ], [ -46.505865232016973, -23.693739795906019, -1.79769313486231571e+308 ], [ -46.505896886258306, -23.693734580559191, -1.79769313486231571e+308 ], [ -46.505928298278029, -23.693728528083973, -1.79769313486231571e+308 ], [ -46.505959315039398, -23.69372166796763, -1.79769313486231571e+308 ], [ -46.505989785431431, -23.693714033632261, -1.79769313486231571e+308 ], [ -46.506019561005033, -23.693705662271967, -1.79769313486231571e+308 ], [ -46.506048496696316, -23.693696594671643, -1.79769313486231571e+308 ], [ -46.506076451533254, -23.693686875008222, -1.79769313486231571e+308 ], [ -46.506103289322596, -23.693676550635509, -1.79769313486231571e+308 ], [ -46.50612887931328, -23.693665671853427, -1.79769313486231571e+308 ], [ -46.506153096833508, -23.693654291662977, -1.79769313486231571e+308 ], [ -46.506175823898126, -23.693642465507939, -1.79769313486231571e+308 ], [ -46.506196949783394, -23.693630251004826, -1.79769313486231571e+308 ], [ -46.506216371566467, -23.693617707662135, -1.79769313486231571e+308 ], [ -46.506233994626783, -23.693604896590408, -1.79769313486231571e+308 ], [ -46.50624973310704, -23.693591880204497, -1.79769313486231571e+308 ], [ -46.506263510331493, -23.693578721919497, -1.79769313486231571e+308 ], [ -46.506275259179503, -23.693565485841731, -1.79769313486231571e+308 ], [ -46.506284922412483, -23.693552236456487, -1.79769313486231571e+308 ], [ -46.506292452952799, -23.693539038313808, -1.79769313486231571e+308 ], [ -46.506297814113111, -23.693525955713991, -1.79769313486231571e+308 ], [ -46.506300979775048, -23.693513052394348, -1.79769313486231571e+308 ], [ -46.506301934516515, -23.693500391218649, -1.79769313486231571e+308 ], [ -46.506300673686724, -23.693488033870882, -1.79769313486231571e+308 ], [ -46.506297203428929, -23.693476040554714, -1.79769313486231571e+308 ], [ -46.506291540650437, -23.693464469700217, -1.79769313486231571e+308 ], [ -46.506283712940217, -23.693453377679152, -1.79769313486231571e+308 ], [ -46.506273758434531, -23.693442818530382, -1.79769313486231571e+308 ], [ -46.506261725631063, -23.693432843696616, -1.79769313486231571e+308 ], [ -46.506247673152693, -23.693423501773729, -1.79769313486231571e+308 ], [ -46.506231669461854, -23.693414838274094, -1.79769313486231571e+308 ], [ -46.506213792526999, -23.693406895404806, -1.79769313486231571e+308 ], [ -46.506194129442733, -23.693399711862121, -1.79769313486231571e+308 ], [ -46.506172776005521, -23.693393322642837, -1.79769313486231571e+308 ], [ -46.506149836246962, -23.693387758873943, -1.79769313486231571e+308 ], [ -46.506125421926953, -23.693383047660895, -1.79769313486231571e+308 ], [ -46.506099651989246, -23.693379211955619, -1.79769313486231571e+308 ], [ -46.506072651981924, -23.693376270444617, -1.79769313486231571e+308 ], [ -46.506044553445797, -23.693374237458098, -1.79769313486231571e+308 ], [ -46.50601549327353, -23.69337312290001, -1.79769313486231571e+308 ], [ -46.505985613042753, -23.6933729321999, -1.79769313486231571e+308 ], [ -46.505955058326279, -23.693373666286444, -1.79769313486231571e+308 ], [ -46.505923977982945, -23.693375321582931, -1.79769313486231571e+308 ], [ -46.505892523432387, -23.69337789002466, -1.79769313486231571e+308 ], [ -46.505860847917326, -23.693381359098325, -1.79769313486231571e+308 ], [ -46.505829105757037, -23.693385711902867, -1.79769313486231571e+308 ], [ -46.505797451595505, -23.693390927231917, -1.79769313486231571e+308 ], [ -46.505766039648037, -23.693396979677029, -1.79769313486231571e+308 ], [ -46.50573502294997, -23.693403839751525, -1.79769313486231571e+308 ], [ -46.505704552611064, -23.693411474034118, -1.79769313486231571e+308 ], [ -46.505674777079371, -23.693419845331736, -1.79769313486231571e+308 ], [ -46.505645841417959, -23.693428912860703, -1.79769313486231571e+308 ], [ -46.50561788659828, -23.693438632445485, -1.79769313486231571e+308 ], [ -46.505591048813251, -23.693448956733778, -1.79769313486231571e+308 ], [ -46.505565458813841, -23.69345983542733, -1.79769313486231571e+308 ], [ -46.505541241272013, -23.693471215526849, -1.79769313486231571e+308 ], [ -46.505518514173367, -23.693483041590337, -1.79769313486231571e+308 ], [ -46.505497388242283, -23.69349525600305, -1.79769313486231571e+308 ], [ -46.505477966402509, -23.69350779925826, -1.79769313486231571e+308 ], [ -46.505460343275701, -23.693520610247127, -1.79769313486231571e+308 ], [ -46.505444604720459, -23.693533626556405, -1.79769313486231571e+308 ], [ -46.505430827413988, -23.693546784772501, -1.79769313486231571e+308 ], [ -46.505419078478539, -23.693560020790422, -1.79769313486231571e+308 ], [ -46.505409415154368, -23.693573270126048, -1.79769313486231571e+308 ], [ -46.505401884520907, -23.693586468230308, -1.79769313486231571e+308 ], [ -46.505396523267301, -23.69359955080364, -1.79769313486231571e+308 ], [ -46.505393357513739, -23.693612454109264, -1.79769313486231571e+308 ], [ -46.505392402684116, -23.693625115283666, -1.79769313486231571e+308 ], [ -46.505393663430908, -23.693637472642905, -1.79769313486231571e+308 ] ] ] ] } },
{ "type": "Feature", "properties": { "fid": 22.0 }, "geometry": { "type": "MultiPolygon", "coordinates": [ [ [ [ -46.493293902175147, -23.690105366581438, -1.79769313486231571e+308 ], [ -46.493287557404692, -23.690119924865805, -1.79769313486231571e+308 ], [ -46.49328233085221, -23.690134855274049, -1.79769313486231571e+308 ], [ -46.493278247981287, -23.690150085066808, -1.79769313486231571e+308 ], [ -46.493275328683652, -23.690165540046131, -1.79769313486231571e+308 ], [ -46.49327358718223, -23.690181144916945, -1.79769313486231571e+308 ], [ -46.493273031961877, -23.690196823653931, -1.79769313486231571e+308 ], [ -46.493273665727983, -23.690212499871837, -1.79769313486231571e+308 ], [ -46.493275485393333, -23.690228097197675, -1.79769313486231571e+308 ], [ -46.49327848209311, -23.690243539642768, -1.79769313486231571e+308 ], [ -46.493282641228085, -23.690258751972994, -1.79769313486231571e+308 ], [ -46.49328794253573, -23.690273660075302, -1.79769313486231571e+308 ], [ -46.493294360188941, -23.690288191318785, -1.79769313486231571e+308 ], [ -46.493301862921847, -23.690302274908532, -1.79769313486231571e+308 ], [ -46.493310414182119, -23.690315842230557, -1.79769313486231571e+308 ], [ -46.493319972309074, -23.690328827186026, -1.79769313486231571e+308 ], [ -46.493330490736618, -23.690341166513381, -1.79769313486231571e+308 ], [ -46.493341918220104, -23.690352800096466, -1.79769313486231571e+308 ], [ -46.493354199086006, -23.690363671257405, -1.79769313486231571e+308 ], [ -46.493367273503132, -23.690373727032846, -1.79769313486231571e+308 ], [ -46.493381077774139, -23.690382918431855, -1.79769313486231571e+308 ], [ -46.49339554464585, -23.690391200674693, -1.79769313486231571e+308 ], [ -46.49341060363691, -23.690398533410931, -1.79769313486231571e+308 ], [ -46.493426181381174, -23.690404880916077, -1.79769313486231571e+308 ], [ -46.49344220198514, -23.690410212265583, -1.79769313486231571e+308 ], [ -46.493458587397683, -23.690414501485556, -1.79769313486231571e+308 ], [ -46.493475257790337, -23.690417727679257, -1.79769313486231571e+308 ], [ -46.493492131946262, -23.690419875128956, -1.79769313486231571e+308 ], [ -46.493509127655805, -23.690420933372437, -1.79769313486231571e+308 ], [ -46.493526162117192, -23.690420897254054, -1.79769313486231571e+308 ], [ -46.49354315233979, -23.690419766949784, -1.79769313486231571e+308 ], [ -46.493560015548532, -23.690417547966408, -1.79769313486231571e+308 ], [ -46.493576669587156, -23.690414251114667, -1.79769313486231571e+308 ], [ -46.49359303331849, -23.690409892456604, -1.79769313486231571e+308 ], [ -46.49360902701973, -23.690404493227259, -1.79769313486231571e+308 ], [ -46.493624572770848, -23.690398079731285, -1.79769313486231571e+308 ], [ -46.493639594834256, -23.690390683214748, -1.79769313486231571e+308 ], [ -46.493654020023754, -23.690382339712912, -1.79769313486231571e+308 ], [ -46.493667778061095, -23.690373089874658, -1.79769313486231571e+308 ], [ -46.493680801918408, -23.690362978764448, -1.79769313486231571e+308 ], [ -46.493693028144712, -23.690352055642798, -1.79769313486231571e+308 ], [ -46.493704397175073, -23.690340373726265, -1.79769313486231571e+308 ], [ -46.493714853620787, -23.690327989928125, -1.79769313486231571e+308 ], [ -46.493724346539238, -23.690314964581216, -1.79769313486231571e+308 ], [ -46.493732829682052, -23.690301361143867, -1.79769313486231571e+308 ], [ -46.493740261720454, -23.690287245890829, -1.79769313486231571e+308 ], [ -46.493746606446571, -23.690272687590316, -1.79769313486231571e+308 ], [ -46.493751832949869, -23.690257757169036, -1.79769313486231571e+308 ], [ -46.493755915767707, -23.690242527366586, -1.79769313486231571e+308 ], [ -46.493758835009388, -23.690227072381116, -1.79769313486231571e+308 ], [ -46.493760576453063, -23.690211467507797, -1.79769313486231571e+308 ], [ -46.493761131615038, -23.690195788772023, -1.79769313486231571e+308 ], [ -46.493760497791023, -23.690180112559005, -1.79769313486231571e+308 ], [ -46.493758678069376, -23.690164515241651, -1.79769313486231571e+308 ], [ -46.49375568131601, -23.690149072808456, -1.79769313486231571e+308 ], [ -46.493751522131191, -23.690133860493326, -1.79769313486231571e+308 ], [ -46.493746220778419, -23.690118952409001, -1.79769313486231571e+308 ], [ -46.493739803085681, -23.690104421186053, -1.79769313486231571e+308 ], [ -46.493732300319614, -23.690090337618994, -1.79769313486231571e+308 ], [ -46.493723749033187, -23.690076770321355, -1.79769313486231571e+308 ], [ -46.493714190887601, -23.690063785391498, -1.79769313486231571e+308 ], [ -46.493703672449307, -23.690051446090489, -1.79769313486231571e+308 ], [ -46.493692244963171, -23.690039812533978, -1.79769313486231571e+308 ], [ -46.49367996410276, -23.690028941399305, -1.79769313486231571e+308 ], [ -46.493666889699163, -23.69001888564933, -1.79769313486231571e+308 ], [ -46.493653085449459, -23.69000969427448, -1.79769313486231571e+308 ], [ -46.493638618606404, -23.690001412054027, -1.79769313486231571e+308 ], [ -46.493623559650807, -23.689994079337961, -1.79769313486231571e+308 ], [ -46.493607981948109, -23.689987731850376, -1.79769313486231571e+308 ], [ -46.493591961391026, -23.689982400515479, -1.79769313486231571e+308 ], [ -46.493575576029748, -23.689978111306907, -1.79769313486231571e+308 ], [ -46.493558905691735, -23.689974885121146, -1.79769313486231571e+308 ], [ -46.49354203159281, -23.689972737675784, -1.79769313486231571e+308 ], [ -46.493525035941452, -23.689971679432951, -1.79769313486231571e+308 ], [ -46.493508001538366, -23.689971715548271, -1.79769313486231571e+308 ], [ -46.493491011373003, -23.689972845845848, -1.79769313486231571e+308 ], [ -46.493474148219342, -23.689975064819013, -1.79769313486231571e+308 ], [ -46.493457494232558, -23.689978361657218, -1.79769313486231571e+308 ], [ -46.493441130548824, -23.689982720298701, -1.79769313486231571e+308 ], [ -46.493425136890018, -23.68998811950874, -1.79769313486231571e+308 ], [ -46.493409591175329, -23.689994532983054, -1.79769313486231571e+308 ], [ -46.49339456914165, -23.690001929475994, -1.79769313486231571e+308 ], [ -46.493380143974605, -23.690010272952772, -1.79769313486231571e+308 ], [ -46.49336638595198, -23.690019522764981, -1.79769313486231571e+308 ], [ -46.493353362101388, -23.69002963384866, -1.79769313486231571e+308 ], [ -46.493341135873663, -23.690040556943835, -1.79769313486231571e+308 ], [ -46.493329766833774, -23.690052238834447, -1.79769313486231571e+308 ], [ -46.493319310370595, -23.6900646226077, -1.79769313486231571e+308 ], [ -46.493309817427111, -23.69007764793129, -1.79769313486231571e+308 ], [ -46.493301334252159, -23.690091251347308, -1.79769313486231571e+308 ], [ -46.493293902175147, -23.690105366581438, -1.79769313486231571e+308 ] ] ] ] } },
{ "type": "Feature", "properties": { "fid": 23.0 }, "geometry": { "type": "MultiPolygon", "coordinates": [ [ [ [ -46.492461033786178, -23.692701834266735, -1.79769313486231571e+308 ], [ -46.492452516398487, -23.692721367917084, -1.79769313486231571e+308 ], [ -46.492445499424939, -23.692741401129091, -1.79769313486231571e+308 ], [ -46.492440017052168, -23.692761836303113, -1.79769313486231571e+308 ], [ -46.492436095990449, -23.692782573881185, -1.79769313486231571e+308 ], [ -46.492433755343527, -23.692803512831986, -1.79769313486231571e+308 ], [ -46.492433006515554, -23.69282455114308, -1.79769313486231571e+308 ], [ -46.492433853155518, -23.692845586317929, -1.79769313486231571e+308 ], [ -46.492436291139434, -23.692866515875178, -1.79769313486231571e+308 ], [ -46.492440308590432, -23.692887237848051, -1.79769313486231571e+308 ], [ -46.49244588593659, -23.692907651281011, -1.79769313486231571e+308 ], [ -46.492452996006307, -23.692927656721672, -1.79769313486231571e+308 ], [ -46.492461604160617, -23.692947156705277, -1.79769313486231571e+308 ], [ -46.492471668461988, -23.692966056229643, -1.79769313486231571e+308 ], [ -46.49248313987858, -23.692984263217852, -1.79769313486231571e+308 ], [ -46.492495962523158, -23.693001688966969, -1.79769313486231571e+308 ], [ -46.492510073925331, -23.693018248580167, -1.79769313486231571e+308 ], [ -46.492525405335897, -23.693033861380343, -1.79769313486231571e+308 ], [ -46.492541882061815, -23.693048451303135, -1.79769313486231571e+308 ], [ -46.492559423830059, -23.693061947267552, -1.79769313486231571e+308 ], [ -46.492577945178702, -23.693074283522311, -1.79769313486231571e+308 ], [ -46.492597355873329, -23.693085399966076, -1.79769313486231571e+308 ], [ -46.49261756134662, -23.693095242440364, -1.79769313486231571e+308 ], [ -46.492638463159061, -23.693103762993371, -1.79769313486231571e+308 ], [ -46.492659959478573, -23.693110920113568, -1.79769313486231571e+308 ], [ -46.492681945576642, -23.693116678932007, -1.79769313486231571e+308 ], [ -46.492704314338532, -23.693121011392158, -1.79769313486231571e+308 ], [ -46.49272695678517, -23.693123896386599, -1.79769313486231571e+308 ], [ -46.492749762604078, -23.693125319859863, -1.79769313486231571e+308 ], [ -46.492772620686836, -23.693125274876934, -1.79769313486231571e+308 ], [ -46.492795419670401, -23.693123761657002, -1.79769313486231571e+308 ], [ -46.492818048479648, -23.693120787572415, -1.79769313486231571e+308 ], [ -46.492840396868587, -23.693116367112744, -1.79769313486231571e+308 ], [ -46.492862355957421, -23.693110521814191, -1.79769313486231571e+308 ], [ -46.492883818763062, -23.693103280154688, -1.79769313486231571e+308 ], [ -46.492904680720315, -23.693094677415139, -1.79769313486231571e+308 ], [ -46.492924840191343, -23.693084755507492, -1.79769313486231571e+308 ], [ -46.492944198960835, -23.693073562770607, -1.79769313486231571e+308 ], [ -46.492962662714518, -23.693061153734696, -1.79769313486231571e+308 ], [ -46.492980141498649, -23.693047588855677, -1.79769313486231571e+308 ], [ -46.49299655015826, -23.693032934220632, -1.79769313486231571e+308 ], [ -46.493011808752023, -23.693017261225791, -1.79769313486231571e+308 ], [ -46.493025842941741, -23.693000646228782, -1.79769313486231571e+308 ], [ -46.493038584354466, -23.692983170176525, -1.79769313486231571e+308 ], [ -46.493049970915663, -23.69296491821088, -1.79769313486231571e+308 ], [ -46.493059947151558, -23.692945979253878, -1.79769313486231571e+308 ], [ -46.493068464459434, -23.692926445574461, -1.79769313486231571e+308 ], [ -46.493075481344427, -23.692906412338953, -1.79769313486231571e+308 ], [ -46.493080963621608, -23.692885977147466, -1.79769313486231571e+308 ], [ -46.493084884582572, -23.692865239558291, -1.79769313486231571e+308 ], [ -46.493087225125542, -23.692844300602982, -1.79769313486231571e+308 ], [ -46.493087973848361, -23.692823262294045, -1.79769313486231571e+308 ], [ -46.493087127104111, -23.692802227127991, -1.79769313486231571e+308 ], [ -46.493084689018808, -23.692781297585995, -1.79769313486231571e+308 ], [ -46.49308067147129, -23.692760575634523, -1.79769313486231571e+308 ], [ -46.493075094035348, -23.692740162228727, -1.79769313486231571e+308 ], [ -46.493067983884352, -23.692720156820442, -1.79769313486231571e+308 ], [ -46.493059375658831, -23.692700656873797, -1.79769313486231571e+308 ], [ -46.49304931129771, -23.692681757390272, -1.79769313486231571e+308 ], [ -46.493037839833988, -23.692663550445971, -1.79769313486231571e+308 ], [ -46.49302501715583, -23.692646124742975, -1.79769313486231571e+308 ], [ -46.493010905734259, -23.692629565177217, -1.79769313486231571e+308 ], [ -46.492995574318876, -23.692613952424892, -1.79769313486231571e+308 ], [ -46.492979097602806, -23.692599362549416, -1.79769313486231571e+308 ], [ -46.492961555858891, -23.692585866630846, -1.79769313486231571e+308 ], [ -46.492943034548567, -23.692573530419597, -1.79769313486231571e+308 ], [ -46.492923623905511, -23.692562414016152, -1.79769313486231571e+308 ], [ -46.492903418496056, -23.692552571578194, -1.79769313486231571e+308 ], [ -46.492882516758449, -23.692544051056839, -1.79769313486231571e+308 ], [ -46.492861020523321, -23.692536893962991, -1.79769313486231571e+308 ], [ -46.492839034517552, -23.69253113516508, -1.79769313486231571e+308 ], [ -46.492816665854065, -23.692526802719254, -1.79769313486231571e+308 ], [ -46.492794023510037, -23.692523917732636, -1.79769313486231571e+308 ], [ -46.492771217795941, -23.692522494260547, -1.79769313486231571e+308 ], [ -46.492748359818151, -23.692522539237991, -1.79769313486231571e+308 ], [ -46.492725560937679, -23.692524052445872, -1.79769313486231571e+308 ], [ -46.492702932227623, -23.692527026512074, -1.79769313486231571e+308 ], [ -46.492680583932064, -23.69253144694742, -1.79769313486231571e+308 ], [ -46.492658624928971, -23.692537292216119, -1.79769313486231571e+308 ], [ -46.492637162199763, -23.69254453384087, -1.79769313486231571e+308 ], [ -46.49261630030815, -23.692553136541427, -1.79769313486231571e+308 ], [ -46.49259614089069, -23.692563058406598, -1.79769313486231571e+308 ], [ -46.492576782161656, -23.69257425109836, -1.79769313486231571e+308 ], [ -46.492558318434526, -23.692586660087368, -1.79769313486231571e+308 ], [ -46.492540839662524, -23.692600224918632, -1.79769313486231571e+308 ], [ -46.492524431000398, -23.692614879505982, -1.79769313486231571e+308 ], [ -46.492509172389504, -23.692630552454123, -1.79769313486231571e+308 ], [ -46.492495138168394, -23.692647167406342, -1.79769313486231571e+308 ], [ -46.492482396710606, -23.692664643416585, -1.79769313486231571e+308 ], [ -46.49247101009157, -23.692682895343815, -1.79769313486231571e+308 ], [ -46.492461033786178, -23.692701834266735, -1.79769313486231571e+308 ] ] ] ] } },
{ "type": "Feature", "properties": { "fid": 24.0 }, "geometry": { "type": "MultiPolygon", "coordinates": [ [ [ [ -46.500276895828947, -23.711785567827818, -1.79769313486231571e+308 ], [ -46.500266383941096, -23.711809608105366, -1.79769313486231571e+308 ], [ -46.500257718969848, -23.711834264990525, -1.79769313486231571e+308 ], [ -46.500250943131071, -23.711859418357687, -1.79769313486231571e+308 ], [ -46.500246089437013, -23.71188494566238, -1.79769313486231571e+308 ], [ -46.50024318153551, -23.711910722538256, -1.79769313486231571e+308 ], [ -46.500242233594712, -23.711936623403016, -1.79769313486231571e+308 ], [ -46.500243250234057, -23.71196252207023, -1.79769313486231571e+308 ], [ -46.500246226501723, -23.711988292364094, -1.79769313486231571e+308 ], [ -46.500251147898773, -23.712013808734177, -1.79769313486231571e+308 ], [ -46.500257990449711, -23.712038946867033, -1.79769313486231571e+308 ], [ -46.500266720819326, -23.712063584291908, -1.79769313486231571e+308 ], [ -46.500277296475026, -23.712087600977398, -1.79769313486231571e+308 ], [ -46.500289665894073, -23.712110879916203, -1.79769313486231571e+308 ], [ -46.500303768814554, -23.712133307695218, -1.79769313486231571e+308 ], [ -46.500319536528991, -23.712154775048091, -1.79769313486231571e+308 ], [ -46.500336892219046, -23.712175177387522, -1.79769313486231571e+308 ], [ -46.500355751329742, -23.712194415314833, -1.79769313486231571e+308 ], [ -46.500376021981452, -23.712212395104245, -1.79769313486231571e+308 ], [ -46.500397605417483, -23.712229029159509, -1.79769313486231571e+308 ], [ -46.500420396485246, -23.712244236440672, -1.79769313486231571e+308 ], [ -46.500444284148521, -23.712257942858908, -1.79769313486231571e+308 ], [ -46.500469152028451, -23.712270081637481, -1.79769313486231571e+308 ], [ -46.500494878970514, -23.712280593637061, -1.79769313486231571e+308 ], [ -46.500521339634808, -23.712289427643924, -1.79769313486231571e+308 ], [ -46.500548405106706, -23.712296540619359, -1.79769313486231571e+308 ], [ -46.500575943524922, -23.712301897909445, -1.79769313486231571e+308 ], [ -46.500603820723967, -23.712305473413853, -1.79769313486231571e+308 ], [ -46.500631900887797, -23.712307249712975, -1.79769313486231571e+308 ], [ -46.500660047211518, -23.71230721815288, -1.79769313486231571e+308 ], [ -46.500688122567894, -23.712305378887351, -1.79769313486231571e+308 ], [ -46.500715990175472, -23.712301740877258, -1.79769313486231571e+308 ], [ -46.500743514264983, -23.712296321846811, -1.79769313486231571e+308 ], [ -46.500770560740783, -23.71228914819725, -1.79769313486231571e+308 ], [ -46.500796997834222, -23.712280254878237, -1.79769313486231571e+308 ], [ -46.50082269674558, -23.712269685217461, -1.79769313486231571e+308 ], [ -46.500847532271621, -23.712257490709714, -1.79769313486231571e+308 ], [ -46.500871383415557, -23.712243730765877, -1.79769313486231571e+308 ], [ -46.500894133976573, -23.712228472423504, -1.79769313486231571e+308 ], [ -46.500915673115919, -23.71221179002022, -1.79769313486231571e+308 ], [ -46.500935895896944, -23.712193764831564, -1.79769313486231571e+308 ], [ -46.50095470379631, -23.71217448467495, -1.79769313486231571e+308 ], [ -46.500972005184018, -23.712154043481895, -1.79769313486231571e+308 ], [ -46.500987715769782, -23.712132540840337, -1.79769313486231571e+308 ], [ -46.501001759013711, -23.712110081509422, -1.79769313486231571e+308 ], [ -46.501014066499167, -23.712086774909217, -1.79769313486231571e+308 ], [ -46.501024578266097, -23.712062734587469, -1.79769313486231571e+308 ], [ -46.501033243103095, -23.712038077666577, -1.79769313486231571e+308 ], [ -46.501040018796942, -23.71201292427282, -1.79769313486231571e+308 ], [ -46.501044872338184, -23.711987396951191, -1.79769313486231571e+308 ], [ -46.501047780081976, -23.711961620068369, -1.79769313486231571e+308 ], [ -46.501048727863235, -23.711935719206771, -1.79769313486231571e+308 ], [ -46.501047711065617, -23.711909820552801, -1.79769313486231571e+308 ], [ -46.501044734644033, -23.711884050281981, -1.79769313486231571e+308 ], [ -46.501039813100419, -23.711858533944294, -1.79769313486231571e+308 ], [ -46.501032970413114, -23.711833395852569, -1.79769313486231571e+308 ], [ -46.50102423992, -23.711808758476742, -1.79769313486231571e+308 ], [ -46.501013664156055, -23.711784741847282, -1.79769313486231571e+308 ], [ -46.501001294646137, -23.711761462970372, -1.79769313486231571e+308 ], [ -46.500987191653913, -23.711739035257928, -1.79769313486231571e+308 ], [ -46.500971423888267, -23.711717567975015, -1.79769313486231571e+308 ], [ -46.500954068168546, -23.711697165707562, -1.79769313486231571e+308 ], [ -46.500935209050283, -23.711677927852843, -1.79769313486231571e+308 ], [ -46.500914938413253, -23.711659948135221, -1.79769313486231571e+308 ], [ -46.500893355013879, -23.711643314149565, -1.79769313486231571e+308 ], [ -46.500870564004025, -23.711628106934455, -1.79769313486231571e+308 ], [ -46.500846676418789, -23.711614400577446, -1.79769313486231571e+308 ], [ -46.500821808635507, -23.711602261854065, -1.79769313486231571e+308 ], [ -46.500796081806818, -23.711591749902574, -1.79769313486231571e+308 ], [ -46.500769621270422, -23.711582915935768, -1.79769313486231571e+308 ], [ -46.500742555938459, -23.711575802991586, -1.79769313486231571e+308 ], [ -46.500715017669478, -23.711570445723314, -1.79769313486231571e+308 ], [ -46.500687140626063, -23.711566870230886, -1.79769313486231571e+308 ], [ -46.50065906062126, -23.711565093933654, -1.79769313486231571e+308 ], [ -46.500630914456835, -23.711565125485521, -1.79769313486231571e+308 ], [ -46.500602839256935, -23.71156696473286, -1.79769313486231571e+308 ], [ -46.500574971799963, -23.711570602715174, -1.79769313486231571e+308 ], [ -46.500547447852256, -23.711576021708765, -1.79769313486231571e+308 ], [ -46.500520401506705, -23.711583195313125, -1.79769313486231571e+308 ], [ -46.500493964529426, -23.711592088579472, -1.79769313486231571e+308 ], [ -46.500468265717871, -23.711602658181146, -1.79769313486231571e+308 ], [ -46.500443430273336, -23.711614852624496, -1.79769313486231571e+308 ], [ -46.500419579191025, -23.711628612499897, -1.79769313486231571e+308 ], [ -46.500396828670546, -23.711643870771137, -1.79769313486231571e+308 ], [ -46.500375289549865, -23.71166055310195, -1.79769313486231571e+308 ], [ -46.500355066765273, -23.711678578218237, -1.79769313486231571e+308 ], [ -46.500336258840179, -23.711697858303985, -1.79769313486231571e+308 ], [ -46.500318957405071, -23.711718299429045, -1.79769313486231571e+308 ], [ -46.500303246751166, -23.711739802006814, -1.79769313486231571e+308 ], [ -46.500289203419676, -23.711762261279379, -1.79769313486231571e+308 ], [ -46.500276895828947, -23.711785567827818, -1.79769313486231571e+308 ] ] ] ] } },
{ "type": "Feature", "properties": { "fid": 25.0 , "MODELO" : "TAMCENTRAL"}, "geometry": { "type": "MultiPolygon", "coordinates": [ [ [ [ -46.545620770800696, -23.610730253198064, -1.79769313486231571e+308 ], [ -46.545604285341966, -23.610768697398175, -1.79769313486231571e+308 ], [ -46.545590750325012, -23.61080810762251, -1.79769313486231571e+308 ], [ -46.545580231693563, -23.610848291869111, -1.79769313486231571e+308 ], [ -46.545572780696048, -23.610889054364794, -1.79769313486231571e+308 ], [ -46.5455684336358, -23.610930196519085, -1.79769313486231571e+308 ], [ -46.545567211694184, -23.610971517891652, -1.79769313486231571e+308 ], [ -46.545569120827324, -23.611012817168842, -1.79769313486231571e+308 ], [ -46.545574151737021, -23.611053893144458, -1.79769313486231571e+308 ], [ -46.545582279916026, -23.61109454570002, -1.79769313486231571e+308 ], [ -46.545593465767354, -23.611134576779758, -1.79769313486231571e+308 ], [ -46.545607654797152, -23.61117379135549, -1.79769313486231571e+308 ], [ -46.545624777880157, -23.611211998376831, -1.79769313486231571e+308 ], [ -46.545644751596384, -23.611249011701943, -1.79769313486231571e+308 ], [ -46.545667478637547, -23.611284651004489, -1.79769313486231571e+308 ], [ -46.545692848281071, -23.611318742652131, -1.79769313486231571e+308 ], [ -46.545720736929496, -23.611351120552474, -1.79769313486231571e+308 ], [ -46.545751008712635, -23.611381626962324, -1.79769313486231571e+308 ], [ -46.545783516149513, -23.611410113256166, -1.79769313486231571e+308 ], [ -46.545818100866846, -23.61143644065033, -1.79769313486231571e+308 ], [ -46.545854594370638, -23.61146048087911, -1.79769313486231571e+308 ], [ -46.545892818867109, -23.611482116819719, -1.79769313486231571e+308 ], [ -46.545932588128871, -23.611501243062897, -1.79769313486231571e+308 ], [ -46.545973708402265, -23.611517766426527, -1.79769313486231571e+308 ], [ -46.546015979351317, -23.61153160640955, -1.79769313486231571e+308 ], [ -46.546059195033834, -23.611542695584255, -1.79769313486231571e+308 ], [ -46.546103144904748, -23.611550979924729, -1.79769313486231571e+308 ], [ -46.546147614841935, -23.611556419070119, -1.79769313486231571e+308 ], [ -46.546192388189446, -23.611558986521249, -1.79769313486231571e+308 ], [ -46.546237246813099, -23.611558669769767, -1.79769313486231571e+308 ], [ -46.54628197216325, -23.611555470359008, -1.79769313486231571e+308 ], [ -46.546326346339605, -23.611549403876548, -1.79769313486231571e+308 ], [ -46.546370153152878, -23.611540499878195, -1.79769313486231571e+308 ], [ -46.546413179178067, -23.611528801744054, -1.79769313486231571e+308 ], [ -46.546455214794335, -23.611514366467116, -1.79769313486231571e+308 ], [ -46.546496055206269, -23.611497264375576, -1.79769313486231571e+308 ], [ -46.546535501441674, -23.611477578790193, -1.79769313486231571e+308 ], [ -46.546573361320988, -23.611455405618393, -1.79769313486231571e+308 ], [ -46.546609450393603, -23.611430852886905, -1.79769313486231571e+308 ], [ -46.54664359283646, -23.611404040215479, -1.79769313486231571e+308 ], [ -46.546675622310723, -23.611375098234102, -1.79769313486231571e+308 ], [ -46.546705382772117, -23.611344167946534, -1.79769313486231571e+308 ], [ -46.546732729231174, -23.611311400043316, -1.79769313486231571e+308 ], [ -46.546757528459622, -23.611276954167646, -1.79769313486231571e+308 ], [ -46.546779659639412, -23.611240998137539, -1.79769313486231571e+308 ], [ -46.546799014951311, -23.611203707128205, -1.79769313486231571e+308 ], [ -46.546815500100159, -23.611165262818641, -1.79769313486231571e+308 ], [ -46.546829034774234, -23.611125852506476, -1.79769313486231571e+308 ], [ -46.546839553036456, -23.6110856681954, -1.79769313486231571e+308 ], [ -46.546847003645617, -23.611044905659828, -1.79769313486231571e+308 ], [ -46.546851350305914, -23.61100376349102, -1.79769313486231571e+308 ], [ -46.546852571843793, -23.610962442129594, -1.79769313486231571e+308 ], [ -46.546850662310973, -23.610921142888984, -1.79769313486231571e+308 ], [ -46.546845631013426, -23.610880066974673, -1.79769313486231571e+308 ], [ -46.546837502465976, -23.61083941450395, -1.79769313486231571e+308 ], [ -46.54682631627275, -23.610799383530935, -1.79769313486231571e+308 ], [ -46.546812126934256, -23.610760169081733, -1.79769313486231571e+308 ], [ -46.546795003581799, -23.61072196220427, -1.79769313486231571e+308 ], [ -46.546775029640571, -23.610684949037559, -1.79769313486231571e+308 ], [ -46.546752302423265, -23.61064930990489, -1.79769313486231571e+308 ], [ -46.546726932655872, -23.610615218435267, -1.79769313486231571e+308 ], [ -46.546699043938261, -23.61058284071763, -1.79769313486231571e+308 ], [ -46.546668772141963, -23.610552334491629, -1.79769313486231571e+308 ], [ -46.546636264748216, -23.610523848379174, -1.79769313486231571e+308 ], [ -46.54660168012947, -23.610497521160426, -1.79769313486231571e+308 ], [ -46.546565186777784, -23.610473481097674, -1.79769313486231571e+308 ], [ -46.546526962483995, -23.610451845310461, -1.79769313486231571e+308 ], [ -46.546487193471542, -23.610432719205072, -1.79769313486231571e+308 ], [ -46.546446073489228, -23.610416195960944, -1.79769313486231571e+308 ], [ -46.546403802867353, -23.610402356076801, -1.79769313486231571e+308 ], [ -46.546360587541763, -23.610391266978439, -1.79769313486231571e+308 ], [ -46.546316638050556, -23.610382982690275, -1.79769313486231571e+308 ], [ -46.546272168508487, -23.610377543572152, -1.79769313486231571e+308 ], [ -46.546227395563797, -23.610374976122714, -1.79769313486231571e+308 ], [ -46.546182537342837, -23.610375292850275, -1.79769313486231571e+308 ], [ -46.546137812387414, -23.610378492211971, -1.79769313486231571e+308 ], [ -46.546093438590127, -23.610384558621181, -1.79769313486231571e+308 ], [ -46.546049632132906, -23.610393462523515, -1.79769313486231571e+308 ], [ -46.546006606433799, -23.610405160540747, -1.79769313486231571e+308 ], [ -46.545964571107305, -23.610419595682153, -1.79769313486231571e+308 ], [ -46.545923730943201, -23.610436697622195, -1.79769313486231571e+308 ], [ -46.545884284908858, -23.610456383043029, -1.79769313486231571e+308 ], [ -46.54584642517991, -23.610478556040455, -1.79769313486231571e+308 ], [ -46.54581033620407, -23.610503108591136, -1.79769313486231571e+308 ], [ -46.545776193802482, -23.610529921078832, -1.79769313486231571e+308 ], [ -46.545744164313192, -23.610558862877159, -1.79769313486231571e+308 ], [ -46.545714403780778, -23.610589792985888, -1.79769313486231571e+308 ], [ -46.545687057196069, -23.610622560717967, -1.79769313486231571e+308 ], [ -46.545662257789786, -23.610657006433527, -1.79769313486231571e+308 ], [ -46.545640126383446, -23.610692962317692, -1.79769313486231571e+308 ], [ -46.545620770800696, -23.610730253198064, -1.79769313486231571e+308 ] ] ] ] } },
{ "type": "Feature", "properties": { "fid": 26.0 , "MODELO" : "ORATORIO"}, "geometry": { "type": "MultiPolygon", "coordinates": [ [ [ [ -46.496917016872629, -23.625349421278397, -1.79769313486231571e+308 ], [ -46.496883202315352, -23.625343644114171, -1.79769313486231571e+308 ], [ -46.496848675467227, -23.625341232451625, -1.79769313486231571e+308 ], [ -46.496813604536939, -23.625342198039824, -1.79769313486231571e+308 ], [ -46.496778160383805, -23.625346536174369, -1.79769313486231571e+308 ], [ -46.496742515685455, -23.625354225720219, -1.79769313486231571e+308 ], [ -46.496706844096593, -23.625365229214772, -1.79769313486231571e+308 ], [ -46.496671319402992, -23.625379493050218, -1.79769313486231571e+308 ], [ -46.496636114674942, -23.625396947734881, -1.79769313486231571e+308 ], [ -46.496601401424066, -23.625417508231678, -1.79769313486231571e+308 ], [ -46.496567348767805, -23.625441074372397, -1.79769313486231571e+308 ], [ -46.496534122605503, -23.625467531345716, -1.79769313486231571e+308 ], [ -46.496501884810243, -23.625496750256559, -1.79769313486231571e+308 ], [ -46.496470792440192, -23.62552858875404, -1.79769313486231571e+308 ], [ -46.496440996973497, -23.625562891724954, -1.79769313486231571e+308 ], [ -46.496412643570295, -23.625599492049439, -1.79769313486231571e+308 ], [ -46.496385870365508, -23.625638211415215, -1.79769313486231571e+308 ], [ -46.49636080779586, -23.62567886118622, -1.79769313486231571e+308 ], [ -46.496337577964425, -23.625721243321678, -1.79769313486231571e+308 ], [ -46.496316294045712, -23.625765151340836, -1.79769313486231571e+308 ], [ -46.496297059734282, -23.625810371328988, -1.79769313486231571e+308 ], [ -46.496279968739508, -23.625856682979546, -1.79769313486231571e+308 ], [ -46.496265104329026, -23.625903860667457, -1.79769313486231571e+308 ], [ -46.496252538923017, -23.625951674548244, -1.79769313486231571e+308 ], [ -46.496242333741321, -23.625999891677957, -1.79769313486231571e+308 ], [ -46.496234538505171, -23.626048277147905, -1.79769313486231571e+308 ], [ -46.496229191194843, -23.626096595229168, -1.79769313486231571e+308 ], [ -46.496226317864632, -23.626144610521045, -1.79769313486231571e+308 ], [ -46.496225932515841, -23.626192089097859, -1.79769313486231571e+308 ], [ -46.496228037028501, -23.626238799648657, -1.79769313486231571e+308 ], [ -46.496232621152167, -23.626284514604095, -1.79769313486231571e+308 ], [ -46.496239662555823, -23.626329011245211, -1.79769313486231571e+308 ], [ -46.496249126936625, -23.626372072788389, -1.79769313486231571e+308 ], [ -46.496260968186945, -23.62641348944161, -1.79769313486231571e+308 ], [ -46.496275128619033, -23.62645305942652, -1.79769313486231571e+308 ], [ -46.496291539245973, -23.626490589961445, -1.79769313486231571e+308 ], [ -46.496310120117776, -23.626525898200679, -1.79769313486231571e+308 ], [ -46.496330780710871, -23.626558812125243, -1.79769313486231571e+308 ], [ -46.49635342036914, -23.626589171381028, -1.79769313486231571e+308 ], [ -46.496377928794253, -23.626616828059959, -1.79769313486231571e+308 ], [ -46.496404186583057, -23.626641647420691, -1.79769313486231571e+308 ], [ -46.496432065809316, -23.626663508544979, -1.79769313486231571e+308 ], [ -46.496461430646988, -23.626682304926895, -1.79769313486231571e+308 ], [ -46.496492138031904, -23.626697944991641, -1.79769313486231571e+308 ], [ -46.496524038358899, -23.62671035254175, -1.79769313486231571e+308 ], [ -46.496556976210627, -23.626719467128304, -1.79769313486231571e+308 ], [ -46.496590791114834, -23.62672524434549, -1.79769313486231571e+308 ], [ -46.49662531832616, -23.626727656046885, -1.79769313486231571e+308 ], [ -46.496660389628858, -23.626726690482659, -1.79769313486231571e+308 ], [ -46.496695834156355, -23.626722352356751, -1.79769313486231571e+308 ], [ -46.496731479223733, -23.62671466280403, -1.79769313486231571e+308 ], [ -46.496767151169124, -23.62670365928723, -1.79769313486231571e+308 ], [ -46.496802676199792, -23.626689395414605, -1.79769313486231571e+308 ], [ -46.496837881238896, -23.626671940678538, -1.79769313486231571e+308 ], [ -46.49687259476876, -23.626651380117135, -1.79769313486231571e+308 ], [ -46.496906647666506, -23.626627813899841, -1.79769313486231571e+308 ], [ -46.496939874028101, -23.626601356839473, -1.79769313486231571e+308 ], [ -46.496972111976582, -23.626572137832817, -1.79769313486231571e+308 ], [ -46.497003204450792, -23.626540299232602, -1.79769313486231571e+308 ], [ -46.497032999970557, -23.626505996154062, -1.79769313486231571e+308 ], [ -46.497061353374711, -23.626469395719131, -1.79769313486231571e+308 ], [ -46.497088126528318, -23.626430676242247, -1.79769313486231571e+308 ], [ -46.497113188995641, -23.626390026361623, -1.79769313486231571e+308 ], [ -46.497136418675595, -23.626347644120184, -1.79769313486231571e+308 ], [ -46.497157702396628, -23.62630373600074, -1.79769313486231571e+308 ], [ -46.49717693646803, -23.62625851591994, -1.79769313486231571e+308 ], [ -46.497194027185095, -23.626212204186185, -1.79769313486231571e+308 ], [ -46.497208891285581, -23.626165026426165, -1.79769313486231571e+308 ], [ -46.497221456355362, -23.62611721248572, -1.79769313486231571e+308 ], [ -46.497231661181118, -23.626068995309986, -1.79769313486231571e+308 ], [ -46.497239456048582, -23.626020609808553, -1.79769313486231571e+308 ], [ -46.497244802984611, -23.625972291710937, -1.79769313486231571e+308 ], [ -46.497247675942212, -23.625924276418178, -1.79769313486231571e+308 ], [ -46.49724806092734, -23.625876797855959, -1.79769313486231571e+308 ], [ -46.49724595606704, -23.62583008733495, -1.79769313486231571e+308 ], [ -46.497241371618522, -23.625784372423912, -1.79769313486231571e+308 ], [ -46.497234329919124, -23.625739875840946, -1.79769313486231571e+308 ], [ -46.497224865277452, -23.625696814368535, -1.79769313486231571e+308 ], [ -46.497213023806189, -23.625655397797317, -1.79769313486231571e+308 ], [ -46.497198863197418, -23.625615827904063, -1.79769313486231571e+308 ], [ -46.497182452441479, -23.62557829746865, -1.79769313486231571e+308 ], [ -46.497163871490869, -23.625542989334846, -1.79769313486231571e+308 ], [ -46.497143210870689, -23.625510075519593, -1.79769313486231571e+308 ], [ -46.497120571237602, -23.625479716374862, -1.79769313486231571e+308 ], [ -46.49709606288944, -23.625452059806566, -1.79769313486231571e+308 ], [ -46.497069805227845, -23.625427240553893, -1.79769313486231571e+308 ], [ -46.497041926176578, -23.625405379532985, -1.79769313486231571e+308 ], [ -46.4970125615583, -23.625386583247778, -1.79769313486231571e+308 ], [ -46.496981854432889, -23.625370943271164, -1.79769313486231571e+308 ], [ -46.496949954400463, -23.625358535798906, -1.79769313486231571e+308 ], [ -46.496917016872629, -23.625349421278397, -1.79769313486231571e+308 ] ] ] ] } },
{ "type": "Feature", "properties": { "fid": 27.0 , "MODELO" : "ORATORIO"}, "geometry": { "type": "MultiPolygon", "coordinates": [ [ [ [ -46.495781063483172, -23.625054358066727, -1.79769313486231571e+308 ], [ -46.495797452409249, -23.625051610325205, -1.79769313486231571e+308 ], [ -46.495813492418293, -23.625046089598094, -1.79769313486231571e+308 ], [ -46.495829105364052, -23.625037822781973, -1.79769313486231571e+308 ], [ -46.495844215180973, -23.625026850152128, -1.79769313486231571e+308 ], [ -46.495858748254818, -23.625013225166292, -1.79769313486231571e+308 ], [ -46.495872633781289, -23.624997014204201, -1.79769313486231571e+308 ], [ -46.495885804111019, -23.624978296244254, -1.79769313486231571e+308 ], [ -46.495898195079128, -23.624957162478651, -1.79769313486231571e+308 ], [ -46.495909746317885, -23.624933715869169, -1.79769313486231571e+308 ], [ -46.495920401550748, -23.624908070645507, -1.79769313486231571e+308 ], [ -46.495930108866617, -23.624880351748786, -1.79769313486231571e+308 ], [ -46.495938820972661, -23.624850694222843, -1.79769313486231571e+308 ], [ -46.495946495424811, -23.624819242556281, -1.79769313486231571e+308 ], [ -46.495953094834405, -23.6247861499786, -1.79769313486231571e+308 ], [ -46.495958587050481, -23.624751577713578, -1.79769313486231571e+308 ], [ -46.495962945316272, -23.624715694193899, -1.79769313486231571e+308 ], [ -46.495966148399631, -23.624678674240482, -1.79769313486231571e+308 ], [ -46.49596818069643, -23.624640698210843, -1.79769313486231571e+308 ], [ -46.495969032306519, -23.624601951120354, -1.79769313486231571e+308 ], [ -46.495968699082034, -23.624562621740921, -1.79769313486231571e+308 ], [ -46.495967182647483, -23.624522901681239, -1.79769313486231571e+308 ], [ -46.495964490391877, -23.624482984453376, -1.79769313486231571e+308 ], [ -46.495960635432688, -23.624443064529917, -1.79769313486231571e+308 ], [ -46.495955636551912, -23.624403336396583, -1.79769313486231571e+308 ], [ -46.495949518104567, -23.624363993604693, -1.79769313486231571e+308 ], [ -46.495942309899995, -23.624325227828216, -1.79769313486231571e+308 ], [ -46.49593404705665, -23.624287227929919, -1.79769313486231571e+308 ], [ -46.495924769830928, -23.624250179041308, -1.79769313486231571e+308 ], [ -46.495914523421121, -23.624214261660647, -1.79769313486231571e+308 ], [ -46.49590335774711, -23.624179650773609, -1.79769313486231571e+308 ], [ -46.495891327207204, -23.62414651500076, -1.79769313486231571e+308 ], [ -46.495878490413112, -23.624115015776063, -1.79769313486231571e+308 ], [ -46.495864909904377, -23.624085306560413, -1.79769313486231571e+308 ], [ -46.495850651843696, -23.624057532093953, -1.79769313486231571e+308 ], [ -46.49583578569456, -23.624031827690963, -1.79769313486231571e+308 ], [ -46.495820383882908, -23.624008318580568, -1.79769313486231571e+308 ], [ -46.495804521444192, -23.6239871192967, -1.79769313486231571e+308 ], [ -46.495788275657901, -23.623968333120054, -1.79769313486231571e+308 ], [ -46.495771725671048, -23.623952051574943, -1.79769313486231571e+308 ], [ -46.495754952112577, -23.623938353983409, -1.79769313486231571e+308 ], [ -46.495738036700594, -23.623927307078713, -1.79769313486231571e+308 ], [ -46.495721061844222, -23.62391896468031, -1.79769313486231571e+308 ], [ -46.495704110242201, -23.623913367431594, -1.79769313486231571e+308 ], [ -46.495687264479912, -23.623910542601859, -1.79769313486231571e+308 ], [ -46.495670606627151, -23.6239105039535, -1.79769313486231571e+308 ], [ -46.495654217838236, -23.623913251674946, -1.79769313486231571e+308 ], [ -46.495638177956714, -23.623918772379714, -1.79769313486231571e+308 ], [ -46.495622565126347, -23.623927039171647, -1.79769313486231571e+308 ], [ -46.495607455410408, -23.623938011775941, -1.79769313486231571e+308 ], [ -46.49559292242121, -23.623951636735363, -1.79769313486231571e+308 ], [ -46.495579036961374, -23.623967847670684, -1.79769313486231571e+308 ], [ -46.495565866678994, -23.623986565604017, -1.79769313486231571e+308 ], [ -46.495553475737999, -23.624007699343693, -1.79769313486231571e+308 ], [ -46.495541924505623, -23.624031145928441, -1.79769313486231571e+308 ], [ -46.495531269258265, -23.624056791129043, -1.79769313486231571e+308 ], [ -46.495521561907317, -23.624084510004806, -1.79769313486231571e+308 ], [ -46.495512849746277, -23.624114167512335, -1.79769313486231571e+308 ], [ -46.495505175220316, -23.624145619163354, -1.79769313486231571e+308 ], [ -46.495498575719495, -23.624178711728689, -1.79769313486231571e+308 ], [ -46.495493083396582, -23.624213283984794, -1.79769313486231571e+308 ], [ -46.495488725010404, -23.624249167499158, -1.79769313486231571e+308 ], [ -46.495485521795452, -23.624286187450959, -1.79769313486231571e+308 ], [ -46.495483489358428, -23.624324163482722, -1.79769313486231571e+308 ], [ -46.495482637602194, -23.624362910579027, -1.79769313486231571e+308 ], [ -46.495482970677486, -23.624402239967861, -1.79769313486231571e+308 ], [ -46.495484486962667, -23.624441960040347, -1.79769313486231571e+308 ], [ -46.495487179071652, -23.624481877284154, -1.79769313486231571e+308 ], [ -46.495491033889834, -23.624521797226411, -1.79769313486231571e+308 ], [ -46.495496032637931, -23.624561525380997, -1.79769313486231571e+308 ], [ -46.495502150963532, -23.624600868196207, -1.79769313486231571e+308 ], [ -46.495509359059646, -23.624639633997617, -1.79769313486231571e+308 ], [ -46.49551762180996, -23.624677633921959, -1.79769313486231571e+308 ], [ -46.495526898959852, -23.624714682837233, -1.79769313486231571e+308 ], [ -46.495537145312532, -23.624750600244653, -1.79769313486231571e+308 ], [ -46.495548310949225, -23.624785211158024, -1.79769313486231571e+308 ], [ -46.495560341472334, -23.624818346956268, -1.79769313486231571e+308 ], [ -46.495573178270497, -23.624849846204921, -1.79769313486231571e+308 ], [ -46.495586758804073, -23.624879555442625, -1.79769313486231571e+308 ], [ -46.495601016909902, -23.624907329928817, -1.79769313486231571e+308 ], [ -46.495615883123598, -23.624933034348828, -1.79769313486231571e+308 ], [ -46.495631285017978, -23.6249565434732, -1.79769313486231571e+308 ], [ -46.495647147555964, -23.624977742767733, -1.79769313486231571e+308 ], [ -46.495663393456148, -23.624996528951513, -1.79769313486231571e+308 ], [ -46.4956799435693, -23.625012810500095, -1.79769313486231571e+308 ], [ -46.495696717264003, -23.625026508091381, -1.79769313486231571e+308 ], [ -46.495713632819523, -23.62503755499209, -1.79769313486231571e+308 ], [ -46.495730607823923, -23.625045897382865, -1.79769313486231571e+308 ], [ -46.495747559575598, -23.625051494620454, -1.79769313486231571e+308 ], [ -46.495764405486234, -23.625054319435783, -1.79769313486231571e+308 ], [ -46.495781063483172, -23.625054358066727, -1.79769313486231571e+308 ] ] ] ] } },
{ "type": "Feature", "properties": { "fid": 28.0, "MODELO" : "ORATORIO" }, "geometry": { "type": "MultiPolygon", "coordinates": [ [ [ [ -46.502261856330328, -23.634049062624065, -1.79769313486231571e+308 ], [ -46.50226569155263, -23.634087939165397, -1.79769313486231571e+308 ], [ -46.502272692802457, -23.634126470661961, -1.79769313486231571e+308 ], [ -46.502282825973062, -23.634164469391649, -1.79769313486231571e+308 ], [ -46.50229604169914, -23.634201750227724, -1.79769313486231571e+308 ], [ -46.502312275597255, -23.634238131540808, -1.79769313486231571e+308 ], [ -46.502331448579483, -23.634273436083795, -1.79769313486231571e+308 ], [ -46.502353467238684, -23.634307491855342, -1.79769313486231571e+308 ], [ -46.502378224303513, -23.634340132937911, -1.79769313486231571e+308 ], [ -46.502405599161058, -23.634371200306077, -1.79769313486231571e+308 ], [ -46.502435458444388, -23.634400542601409, -1.79769313486231571e+308 ], [ -46.502467656682306, -23.634428016869812, -1.79769313486231571e+308 ], [ -46.502502037008071, -23.634453489257982, -1.79769313486231571e+308 ], [ -46.502538431923647, -23.63447683566568, -1.79769313486231571e+308 ], [ -46.502576664115715, -23.634497942350258, -1.79769313486231571e+308 ], [ -46.50261654731959, -23.634516706480856, -1.79769313486231571e+308 ], [ -46.502657887226675, -23.634533036639414, -1.79769313486231571e+308 ], [ -46.502700482431145, -23.634546853266048, -1.79769313486231571e+308 ], [ -46.50274412541124, -23.634558089046749, -1.79769313486231571e+308 ], [ -46.502788603540317, -23.63456668924124, -1.79769313486231571e+308 ], [ -46.502833700122771, -23.634572611949743, -1.79769313486231571e+308 ], [ -46.502879195449857, -23.634575828317125, -1.79769313486231571e+308 ], [ -46.502924867870085, -23.634576322673457, -1.79769313486231571e+308 ], [ -46.502970494869189, -23.634574092610379, -1.79769313486231571e+308 ], [ -46.503015854154214, -23.634569148992806, -1.79769313486231571e+308 ], [ -46.503060724736571, -23.634561515906011, -1.79769313486231571e+308 ], [ -46.503104888008743, -23.634551230538282, -1.79769313486231571e+308 ], [ -46.503148128809308, -23.63453834299969, -1.79769313486231571e+308 ], [ -46.503190236471326, -23.634522916077994, -1.79769313486231571e+308 ], [ -46.50323100584864, -23.634505024932711, -1.79769313486231571e+308 ], [ -46.503270238315402, -23.634484756728877, -1.79769313486231571e+308 ], [ -46.503307742733796, -23.63446221021244, -1.79769313486231571e+308 ], [ -46.503343336385257, -23.634437495229129, -1.79769313486231571e+308 ], [ -46.503376845860643, -23.63441073218921, -1.79769313486231571e+308 ], [ -46.503408107905138, -23.634382051480941, -1.79769313486231571e+308 ], [ -46.503436970213556, -23.634351592835213, -1.79769313486231571e+308 ], [ -46.503463292172377, -23.634319504644811, -1.79769313486231571e+308 ], [ -46.503486945544786, -23.634285943241434, -1.79769313486231571e+308 ], [ -46.503507815095396, -23.634251072134031, -1.79769313486231571e+308 ], [ -46.50352579915166, -23.634215061212174, -1.79769313486231571e+308 ], [ -46.503540810099146, -23.634178085918343, -1.79769313486231571e+308 ], [ -46.503552774808341, -23.634140326393208, -1.79769313486231571e+308 ], [ -46.503561634990938, -23.634101966597974, -1.79769313486231571e+308 ], [ -46.503567347483688, -23.634063193418076, -1.79769313486231571e+308 ], [ -46.503569884458692, -23.634024195752751, -1.79769313486231571e+308 ], [ -46.503569233558899, -23.633985163594751, -1.79769313486231571e+308 ], [ -46.503565397958248, -23.633946287104603, -1.79769313486231571e+308 ], [ -46.503558396346165, -23.633907755684309, -1.79769313486231571e+308 ], [ -46.503548262836432, -23.633869757054512, -1.79769313486231571e+308 ], [ -46.503535046800977, -23.633832476339983, -1.79769313486231571e+308 ], [ -46.503518812629245, -23.633796095167742, -1.79769313486231571e+308 ], [ -46.503499639414493, -23.633760790782169, -1.79769313486231571e+308 ], [ -46.503477620568383, -23.633726735181519, -1.79769313486231571e+308 ], [ -46.503452863365887, -23.63369409428002, -1.79769313486231571e+308 ], [ -46.503425488422614, -23.633663027099562, -1.79769313486231571e+308 ], [ -46.503395629107153, -23.633633684994926, -1.79769313486231571e+308 ], [ -46.503363430891334, -23.633606210916497, -1.79769313486231571e+308 ], [ -46.503329050641462, -23.633580738713885, -1.79769313486231571e+308 ], [ -46.503292655854096, -23.633557392483709, -1.79769313486231571e+308 ], [ -46.503254423840069, -23.633536285965175, -1.79769313486231571e+308 ], [ -46.503214540860583, -23.63351752198589, -1.79769313486231571e+308 ], [ -46.50317320121988, -23.633501191960992, -1.79769313486231571e+308 ], [ -46.503130606318599, -23.633487375447739, -1.79769313486231571e+308 ], [ -46.503086963672587, -23.63347613975796, -1.79769313486231571e+308 ], [ -46.503042485902007, -23.63346753963015, -1.79769313486231571e+308 ], [ -46.502997389695473, -23.633461616962776, -1.79769313486231571e+308 ], [ -46.50295189475441, -23.633458400610188, -1.79769313486231571e+308 ], [ -46.5029062227228, -23.633457906242029, -1.79769313486231571e+308 ], [ -46.50286059610734, -23.633460136266876, -1.79769313486231571e+308 ], [ -46.502815237193524, -23.633465079820553, -1.79769313486231571e+308 ], [ -46.502770366962707, -23.633472712819056, -1.79769313486231571e+308 ], [ -46.502726204015588, -23.633482998075799, -1.79769313486231571e+308 ], [ -46.502682963507219, -23.633495885482873, -1.79769313486231571e+308 ], [ -46.502640856098893, -23.633511312255067, -1.79769313486231571e+308 ], [ -46.502600086931814, -23.63352920323581, -1.79769313486231571e+308 ], [ -46.502560854627738, -23.63354947126323, -1.79769313486231571e+308 ], [ -46.502523350321312, -23.633572017594823, -1.79769313486231571e+308 ], [ -46.502487756728925, -23.633596732388476, -1.79769313486231571e+308 ], [ -46.502454247258562, -23.633623495237586, -1.79769313486231571e+308 ], [ -46.502422985164955, -23.633652175757636, -1.79769313486231571e+308 ], [ -46.502394122754232, -23.633682634221383, -1.79769313486231571e+308 ], [ -46.50236780064192, -23.633714722239585, -1.79769313486231571e+308 ], [ -46.502344147067802, -23.633748283483893, -1.79769313486231571e+308 ], [ -46.502323277271202, -23.633783154448466, -1.79769313486231571e+308 ], [ -46.502305292929464, -23.633819165246493, -1.79769313486231571e+308 ], [ -46.50229028166256, -23.633856140437924, -1.79769313486231571e+308 ], [ -46.502278316606223, -23.633893899884065, -1.79769313486231571e+308 ], [ -46.502269456055529, -23.633932259625261, -1.79769313486231571e+308 ], [ -46.502263743180883, -23.633971032777129, -1.79769313486231571e+308 ], [ -46.502261205817611, -23.634010030440965, -1.79769313486231571e+308 ], [ -46.502261856330328, -23.634049062624065, -1.79769313486231571e+308 ] ] ] ] } },
{ "type": "Feature", "properties": { "fid": 29.0, "MODELO" : "ORATORIO" }, "geometry": { "type": "MultiPolygon", "coordinates": [ [ [ [ -46.539967634710479, -23.622561246262023, -1.79769313486231571e+308 ], [ -46.539951961904777, -23.622597712200545, -1.79769313486231571e+308 ], [ -46.539939088056336, -23.62263509665366, -1.79769313486231571e+308 ], [ -46.5399290758875, -23.622673217488664, -1.79769313486231571e+308 ], [ -46.539921974178974, -23.622711888985108, -1.79769313486231571e+308 ], [ -46.539917817532128, -23.622750922739602, -1.79769313486231571e+308 ], [ -46.539916626200352, -23.622790128583723, -1.79769313486231571e+308 ], [ -46.539918405990342, -23.622829315510476, -1.79769313486231571e+308 ], [ -46.539923148233768, -23.622868292604824, -1.79769313486231571e+308 ], [ -46.539930829829459, -23.622906869973914, -1.79769313486231571e+308 ], [ -46.539941413355869, -23.622944859672117, -1.79769313486231571e+308 ], [ -46.539954847253355, -23.622982076616744, -1.79769313486231571e+308 ], [ -46.539971066075381, -23.62301833948974, -1.79769313486231571e+308 ], [ -46.539989990807236, -23.623053471621109, -1.79769313486231571e+308 ], [ -46.540011529251004, -23.623087301849573, -1.79769313486231571e+308 ], [ -46.540035576474729, -23.623119665356558, -1.79769313486231571e+308 ], [ -46.540062015323549, -23.623150404469143, -1.79769313486231571e+308 ], [ -46.540090716990541, -23.623179369428268, -1.79769313486231571e+308 ], [ -46.54012154164414, -23.623206419118347, -1.79769313486231571e+308 ], [ -46.540154339109456, -23.623231421754809, -1.79769313486231571e+308 ], [ -46.540188949599894, -23.623254255526184, -1.79769313486231571e+308 ], [ -46.540225204495634, -23.623274809187528, -1.79769313486231571e+308 ], [ -46.540262927165124, -23.623292982602475, -1.79769313486231571e+308 ], [ -46.540301933825688, -23.623308687231045, -1.79769313486231571e+308 ], [ -46.540342034438879, -23.623321846561097, -1.79769313486231571e+308 ], [ -46.540383033636402, -23.62333239648105, -1.79769313486231571e+308 ], [ -46.540424731671941, -23.623340285592228, -1.79769313486231571e+308 ], [ -46.540466925394362, -23.623345475459338, -1.79769313486231571e+308 ], [ -46.540509409237487, -23.623347940797686, -1.79769313486231571e+308 ], [ -46.540551976221664, -23.623347669596399, -1.79769313486231571e+308 ], [ -46.540594418962186, -23.623344663176876, -1.79769313486231571e+308 ], [ -46.540636530679677, -23.623338936186407, -1.79769313486231571e+308 ], [ -46.540678106207594, -23.623330516526813, -1.79769313486231571e+308 ], [ -46.540718942991809, -23.623319445218439, -1.79769313486231571e+308 ], [ -46.540758842077459, -23.623305776200361, -1.79769313486231571e+308 ], [ -46.540797609078304, -23.623289576067553, -1.79769313486231571e+308 ], [ -46.540835055123786, -23.623270923746418, -1.79769313486231571e+308 ], [ -46.540870997779201, -23.623249910110285, -1.79769313486231571e+308 ], [ -46.540905261934562, -23.623226637536607, -1.79769313486231571e+308 ], [ -46.540937680657692, -23.62320121940823, -1.79769313486231571e+308 ], [ -46.540968096007575, -23.623173779560908, -1.79769313486231571e+308 ], [ -46.540996359803756, -23.62314445168003, -1.79769313486231571e+308 ], [ -46.541022334348341, -23.623113378649258, -1.79769313486231571e+308 ], [ -46.541045893096779, -23.623080711854399, -1.79769313486231571e+308 ], [ -46.541066921274378, -23.623046610445851, -1.79769313486231571e+308 ], [ -46.541085316435456, -23.623011240563208, -1.79769313486231571e+308 ], [ -46.541100988962405, -23.62297477452584, -1.79769313486231571e+308 ], [ -46.541113862502293, -23.622937389993329, -1.79769313486231571e+308 ], [ -46.54112387433878, -23.622899269099928, -1.79769313486231571e+308 ], [ -46.541130975697627, -23.622860597567243, -1.79769313486231571e+308 ], [ -46.541135131984284, -23.622821563799345, -1.79769313486231571e+308 ], [ -46.541136322952354, -23.62278235796493, -1.79769313486231571e+308 ], [ -46.541134542802226, -23.622743171070805, -1.79769313486231571e+308 ], [ -46.541129800209234, -23.622704194031364, -1.79769313486231571e+308 ], [ -46.541122118281372, -23.622665616738406, -1.79769313486231571e+308 ], [ -46.541111534446635, -23.622627627136062, -1.79769313486231571e+308 ], [ -46.541098100270659, -23.622590410305161, -1.79769313486231571e+308 ], [ -46.541081881205429, -23.622554147561541, -1.79769313486231571e+308 ], [ -46.541062956270366, -23.622519015572692, -1.79769313486231571e+308 ], [ -46.541041417667351, -23.622485185497101, -1.79769313486231571e+308 ], [ -46.541017370331431, -23.622452822150382, -1.79769313486231571e+308 ], [ -46.540990931419657, -23.62242208320232, -1.79769313486231571e+308 ], [ -46.540962229740188, -23.622393118408795, -1.79769313486231571e+308 ], [ -46.540931405124809, -23.622366068882158, -1.79769313486231571e+308 ], [ -46.540898607747685, -23.622341066403791, -1.79769313486231571e+308 ], [ -46.540863997393686, -23.622318232782092, -1.79769313486231571e+308 ], [ -46.540827742679987, -23.622297679259102, -1.79769313486231571e+308 ], [ -46.540790020234581, -23.622279505968496, -1.79769313486231571e+308 ], [ -46.540751013835795, -23.622263801447797, -1.79769313486231571e+308 ], [ -46.540710913516968, -23.622250642207092, -1.79769313486231571e+308 ], [ -46.540669914640674, -23.622240092356204, -1.79769313486231571e+308 ], [ -46.540628216946985, -23.622232203292455, -1.79769313486231571e+308 ], [ -46.540586023580367, -23.622227013450239, -1.79769313486231571e+308 ], [ -46.540543540100074, -23.622224548113728, -1.79769313486231571e+308 ], [ -46.5405009734787, -23.622224819293798, -1.79769313486231571e+308 ], [ -46.540458531093897, -23.622227825669448, -1.79769313486231571e+308 ], [ -46.540416419718106, -23.622233552594238, -1.79769313486231571e+308 ], [ -46.54037484451122, -23.62224197216764, -1.79769313486231571e+308 ], [ -46.540334008021127, -23.622253043370961, -1.79769313486231571e+308 ], [ -46.540294109196964, -23.622266712267191, -1.79769313486231571e+308 ], [ -46.540255342419869, -23.622282912263721, -1.79769313486231571e+308 ], [ -46.540217896556065, -23.622301564436789, -1.79769313486231571e+308 ], [ -46.540181954036697, -23.622322577915966, -1.79769313486231571e+308 ], [ -46.540147689969125, -23.622345850326852, -1.79769313486231571e+308 ], [ -46.540115271283796, -23.622371268289765, -1.79769313486231571e+308 ], [ -46.540084855921016, -23.622398707972174, -1.79769313486231571e+308 ], [ -46.540056592061468, -23.622428035691886, -1.79769313486231571e+308 ], [ -46.540030617404291, -23.622459108568396, -1.79769313486231571e+308 ], [ -46.540007058496229, -23.622491775218883, -1.79769313486231571e+308 ], [ -46.539986030115074, -23.622525876495775, -1.79769313486231571e+308 ], [ -46.539967634710479, -23.622561246262023, -1.79769313486231571e+308 ] ] ] ] } },
{ "type": "Feature", "properties": { "fid": 36.0 , "MODELO" : "TAMCENTRAL"}, "geometry": { "type": "MultiPolygon", "coordinates": [ [ [ [ -46.498495345858061, -23.666630043555166, -1.79769313486231571e+308 ], [ -46.498481606738991, -23.666648163898991, -1.79769313486231571e+308 ], [ -46.498469696556072, -23.666667445110836, -1.79769313486231571e+308 ], [ -46.498459673335084, -23.666687793254972, -1.79769313486231571e+308 ], [ -46.498451585908853, -23.666709109197594, -1.79769313486231571e+308 ], [ -46.498445473679347, -23.666731289089856, -1.79769313486231571e+308 ], [ -46.498441366425659, -23.666754224873728, -1.79769313486231571e+308 ], [ -46.498439284158927, -23.666777804808479, -1.79769313486231571e+308 ], [ -46.498439237024847, -23.666801914015053, -1.79769313486231571e+308 ], [ -46.498441225254176, -23.66682643503577, -1.79769313486231571e+308 ], [ -46.498445239161619, -23.666851248406534, -1.79769313486231571e+308 ], [ -46.498451259192983, -23.666876233238895, -1.79769313486231571e+308 ], [ -46.498459256020418, -23.666901267808967, -1.79769313486231571e+308 ], [ -46.498469190685285, -23.666926230150455, -1.79769313486231571e+308 ], [ -46.498481014787927, -23.666950998648954, -1.79769313486231571e+308 ], [ -46.49849467072346, -23.66697545263434, -1.79769313486231571e+308 ], [ -46.498510091962359, -23.666999472968747, -1.79769313486231571e+308 ], [ -46.49852720337465, -23.667022942626947, -1.79769313486231571e+308 ], [ -46.498545921595841, -23.667045747266588, -1.79769313486231571e+308 ], [ -46.498566155433075, -23.667067775785146, -1.79769313486231571e+308 ], [ -46.498587806309438, -23.667088920861321, -1.79769313486231571e+308 ], [ -46.498610768744172, -23.667109079477829, -1.79769313486231571e+308 ], [ -46.498634930866565, -23.667128153423413, -1.79769313486231571e+308 ], [ -46.49866017496101, -23.667146049771166, -1.79769313486231571e+308 ], [ -46.498686378040468, -23.667162681331419, -1.79769313486231571e+308 ], [ -46.49871341244566, -23.667177967076462, -1.79769313486231571e+308 ], [ -46.498741146467061, -23.667191832535316, -1.79769313486231571e+308 ], [ -46.498769444986536, -23.667204210156566, -1.79769313486231571e+308 ], [ -46.498798170135643, -23.667215039637462, -1.79769313486231571e+308 ], [ -46.498827181967393, -23.667224268217719, -1.79769313486231571e+308 ], [ -46.49885633913798, -23.667231850936552, -1.79769313486231571e+308 ], [ -46.498885499595495, -23.667237750851758, -1.79769313486231571e+308 ], [ -46.498914521271978, -23.667241939219608, -1.79769313486231571e+308 ], [ -46.498943262775569, -23.667244395634999, -1.79769313486231571e+308 ], [ -46.498971584079392, -23.667245108130768, -1.79769313486231571e+308 ], [ -46.498999347203792, -23.667244073236027, -1.79769313486231571e+308 ], [ -46.499026416888555, -23.667241295993083, -1.79769313486231571e+308 ], [ -46.499052661251895, -23.667236789932819, -1.79769313486231571e+308 ], [ -46.499077952433019, -23.667230577008816, -1.79769313486231571e+308 ], [ -46.499102167215042, -23.667222687490344, -1.79769313486231571e+308 ], [ -46.499125187625317, -23.667213159814906, -1.79769313486231571e+308 ], [ -46.499146901510208, -23.667202040400962, -1.79769313486231571e+308 ], [ -46.49916720308147, -23.667189383421757, -1.79769313486231571e+308 ], [ -46.499185993431674, -23.667175250541401, -1.79769313486231571e+308 ], [ -46.499203181016064, -23.66715971061446, -1.79769313486231571e+308 ], [ -46.499218682098579, -23.667142839350401, -1.79769313486231571e+308 ], [ -46.499232421159753, -23.667124718944827, -1.79769313486231571e+308 ], [ -46.499244331264705, -23.667105437678988, -1.79769313486231571e+308 ], [ -46.499254354389144, -23.667085089489682, -1.79769313486231571e+308 ], [ -46.499262441702136, -23.667063773511547, -1.79769313486231571e+308 ], [ -46.49926855380393, -23.667041593594156, -1.79769313486231571e+308 ], [ -46.499272660917903, -23.667018657796032, -1.79769313486231571e+308 ], [ -46.499274743035635, -23.666995077858157, -1.79769313486231571e+308 ], [ -46.499274790014354, -23.666970968659669, -1.79769313486231571e+308 ], [ -46.499272801626297, -23.666946447658077, -1.79769313486231571e+308 ], [ -46.499268787559878, -23.666921634317113, -1.79769313486231571e+308 ], [ -46.49926276737235, -23.666896649524645, -1.79769313486231571e+308 ], [ -46.499254770394629, -23.666871615003789, -1.79769313486231571e+308 ], [ -46.499244835588264, -23.666846652719862, -1.79769313486231571e+308 ], [ -46.499233011355678, -23.666821884286172, -1.79769313486231571e+308 ], [ -46.499219355304284, -23.666797430371567, -1.79769313486231571e+308 ], [ -46.499203933965845, -23.666773410112544, -1.79769313486231571e+308 ], [ -46.499186822472289, -23.666749940532856, -1.79769313486231571e+308 ], [ -46.499168104189692, -23.666727135973332, -1.79769313486231571e+308 ], [ -46.499147870312086, -23.666705107534941, -1.79769313486231571e+308 ], [ -46.499126219417192, -23.666683962537405, -1.79769313486231571e+308 ], [ -46.499103256986125, -23.666663803996496, -1.79769313486231571e+308 ], [ -46.499079094889517, -23.666644730121995, -1.79769313486231571e+308 ], [ -46.499053850842479, -23.66662683383942, -1.79769313486231571e+308 ], [ -46.499027647831127, -23.666610202337175, -1.79769313486231571e+308 ], [ -46.49900061351341, -23.666594916641834, -1.79769313486231571e+308 ], [ -46.498972879597154, -23.666581051223424, -1.79769313486231571e+308 ], [ -46.498944581198458, -23.666568673632572, -1.79769313486231571e+308 ], [ -46.49891585618338, -23.666557844171411, -1.79769313486231571e+308 ], [ -46.49888684449634, -23.666548615599865, -1.79769313486231571e+308 ], [ -46.498857687478306, -23.666541032878545, -1.79769313486231571e+308 ], [ -46.498828527178219, -23.666535132949704, -1.79769313486231571e+308 ], [ -46.498799505660983, -23.66653094455733, -1.79769313486231571e+308 ], [ -46.498770764315346, -23.666528488107009, -1.79769313486231571e+308 ], [ -46.498742443165114, -23.666527775566571, -1.79769313486231571e+308 ], [ -46.498714680186964, -23.666528810407801, -1.79769313486231571e+308 ], [ -46.49868761063825, -23.666531587589404, -1.79769313486231571e+308 ], [ -46.498661366398117, -23.666536093581716, -1.79769313486231571e+308 ], [ -46.49863607532496, -23.666542306432451, -1.79769313486231571e+308 ], [ -46.498611860633552, -23.666550195873786, -1.79769313486231571e+308 ], [ -46.498588840294794, -23.666559723469714, -1.79769313486231571e+308 ], [ -46.498567126460912, -23.666570842803324, -1.79769313486231571e+308 ], [ -46.498546824919167, -23.666583499702934, -1.79769313486231571e+308 ], [ -46.498528034576417, -23.666597632505976, -1.79769313486231571e+308 ], [ -46.498510846977261, -23.666613172359398, -1.79769313486231571e+308 ], [ -46.498495345858061, -23.666630043555166, -1.79769313486231571e+308 ] ] ] ] } },
{ "type": "Feature", "properties": { "fid": 37.0, "MODELO" : "TAMCENTRAL" }, "geometry": { "type": "MultiPolygon", "coordinates": [ [ [ [ -46.500452068468917, -23.668162077276541, -1.79769313486231571e+308 ], [ -46.500444424026199, -23.668179689402507, -1.79769313486231571e+308 ], [ -46.500438132063209, -23.668197749787435, -1.79769313486231571e+308 ], [ -46.500433223234268, -23.668216170443078, -1.79769313486231571e+308 ], [ -46.500429721455276, -23.668234861625962, -1.79769313486231571e+308 ], [ -46.500427643787141, -23.668253732274568, -1.79769313486231571e+308 ], [ -46.500427000352659, -23.668272690453044, -1.79769313486231571e+308 ], [ -46.500427794287212, -23.668291643799019, -1.79769313486231571e+308 ], [ -46.500430021723439, -23.66831049997365, -1.79769313486231571e+308 ], [ -46.5004336718101, -23.668329167111466, -1.79769313486231571e+308 ], [ -46.500438726764912, -23.668347554267903, -1.79769313486231571e+308 ], [ -46.50044516196116, -23.668365571862431, -1.79769313486231571e+308 ], [ -46.500452946047709, -23.66838313211494, -1.79769313486231571e+308 ], [ -46.500462041101684, -23.668400149473445, -1.79769313486231571e+308 ], [ -46.500472402813251, -23.668416541030837, -1.79769313486231571e+308 ], [ -46.500483980701468, -23.668432226928818, -1.79769313486231571e+308 ], [ -46.500496718360232, -23.668447130747019, -1.79769313486231571e+308 ], [ -46.500510553733044, -23.668461179875234, -1.79769313486231571e+308 ], [ -46.500525419415403, -23.66847430586726, -1.79769313486231571e+308 ], [ -46.500541242983125, -23.668486444774292, -1.79769313486231571e+308 ], [ -46.50055794734525, -23.668497537456521, -1.79769313486231571e+308 ], [ -46.500575451119559, -23.668507529871274, -1.79769313486231571e+308 ], [ -46.500593669029122, -23.668516373336249, -1.79769313486231571e+308 ], [ -46.500612512317737, -23.668524024766771, -1.79769313486231571e+308 ], [ -46.500631889182351, -23.668530446885665, -1.79769313486231571e+308 ], [ -46.500651705220328, -23.668535608404834, -1.79769313486231571e+308 ], [ -46.500671863889373, -23.668539484177778, -1.79769313486231571e+308 ], [ -46.500692266977893, -23.668542055322025, -1.79769313486231571e+308 ], [ -46.500712815083489, -23.668543309311175, -1.79769313486231571e+308 ], [ -46.50073340809724, -23.668543240035913, -1.79769313486231571e+308 ], [ -46.500753945691415, -23.668541847833776, -1.79769313486231571e+308 ], [ -46.500774327808323, -23.668539139487493, -1.79769313486231571e+308 ], [ -46.500794455147755, -23.668535128191987, -1.79769313486231571e+308 ], [ -46.500814229650778, -23.668529833490012, -1.79769313486231571e+308 ], [ -46.50083355497749, -23.668523281177023, -1.79769313486231571e+308 ], [ -46.500852336976408, -23.668515503175417, -1.79769313486231571e+308 ], [ -46.500870484143121, -23.668506537379074, -1.79769313486231571e+308 ], [ -46.500887908066154, -23.668496427468696, -1.79769313486231571e+308 ], [ -46.500904523857656, -23.668485222699026, -1.79769313486231571e+308 ], [ -46.500920250567006, -23.668472977658862, -1.79769313486231571e+308 ], [ -46.500935011575194, -23.668459752005074, -1.79769313486231571e+308 ], [ -46.500948734968091, -23.668445610172011, -1.79769313486231571e+308 ], [ -46.500961353886794, -23.668430621057535, -1.79769313486231571e+308 ], [ -46.500972806853405, -23.668414857687367, -1.79769313486231571e+308 ], [ -46.500983038070487, -23.66839839685932, -1.79769313486231571e+308 ], [ -46.500991997692907, -23.668381318769107, -1.79769313486231571e+308 ], [ -46.500999642070717, -23.668363706619672, -1.79769313486231571e+308 ], [ -46.50100593396175, -23.668345646215819, -1.79769313486231571e+308 ], [ -46.501010842713058, -23.668327225546136, -1.79769313486231571e+308 ], [ -46.501014344410265, -23.668308534354395, -1.79769313486231571e+308 ], [ -46.501016421994066, -23.668289663702271, -1.79769313486231571e+308 ], [ -46.501017065343284, -23.668270705525693, -1.79769313486231571e+308 ], [ -46.501016271324211, -23.668251752186986, -1.79769313486231571e+308 ], [ -46.501014043805846, -23.668232896024868, -1.79769313486231571e+308 ], [ -46.501010393641032, -23.668214228904553, -1.79769313486231571e+308 ], [ -46.501005338613581, -23.66819584177026, -1.79769313486231571e+308 ], [ -46.500998903351594, -23.668177824202097, -1.79769313486231571e+308 ], [ -46.500991119207519, -23.668160263979662, -1.79769313486231571e+308 ], [ -46.500982024105333, -23.668143246654349, -1.79769313486231571e+308 ], [ -46.500971662355809, -23.66812685513263, -1.79769313486231571e+308 ], [ -46.500960084440635, -23.668111169272102, -1.79769313486231571e+308 ], [ -46.500947346766438, -23.668096265492398, -1.79769313486231571e+308 ], [ -46.500933511390002, -23.66808221640299, -1.79769313486231571e+308 ], [ -46.50091864571592, -23.668069090449311, -1.79769313486231571e+308 ], [ -46.500902822168193, -23.668056951579427, -1.79769313486231571e+308 ], [ -46.500886117837418, -23.668045858932427, -1.79769313486231571e+308 ], [ -46.50086861410518, -23.668035866550291, -1.79769313486231571e+308 ], [ -46.5008503962476, -23.668027023114696, -1.79769313486231571e+308 ], [ -46.500831553019871, -23.668019371709736, -1.79769313486231571e+308 ], [ -46.50081217622386, -23.668012949612081, -1.79769313486231571e+308 ], [ -46.500792360260867, -23.668007788109435, -1.79769313486231571e+308 ], [ -46.500772201671715, -23.66800391234797, -1.79769313486231571e+308 ], [ -46.500751798666457, -23.668001341209926, -1.79769313486231571e+308 ], [ -46.500731250645877, -23.668000087221589, -1.79769313486231571e+308 ], [ -46.500710657717228, -23.668000156492255, -1.79769313486231571e+308 ], [ -46.500690120206578, -23.668001548684479, -1.79769313486231571e+308 ], [ -46.500669738170011, -23.668004257015717, -1.79769313486231571e+308 ], [ -46.500649610906166, -23.668008268291356, -1.79769313486231571e+308 ], [ -46.500629836472498, -23.668013562969012, -1.79769313486231571e+308 ], [ -46.500610511207562, -23.668020115253714, -1.79769313486231571e+308 ], [ -46.500591729261636, -23.668027893223606, -1.79769313486231571e+308 ], [ -46.500573582138117, -23.668036858985442, -1.79769313486231571e+308 ], [ -46.500556158247626, -23.668046968859169, -1.79769313486231571e+308 ], [ -46.500539542477377, -23.668058173590769, -1.79769313486231571e+308 ], [ -46.500523815777569, -23.668070418592187, -1.79769313486231571e+308 ], [ -46.500509054767051, -23.668083644207304, -1.79769313486231571e+308 ], [ -46.500495331359986, -23.668097786002527, -1.79769313486231571e+308 ], [ -46.500482712415547, -23.668112775080722, -1.79769313486231571e+308 ], [ -46.500471259412137, -23.668128538416877, -1.79769313486231571e+308 ], [ -46.500461028147917, -23.668144999213858, -1.79769313486231571e+308 ], [ -46.500452068468917, -23.668162077276541, -1.79769313486231571e+308 ] ] ] ] } },
{ "type": "Feature", "properties": { "fid": 38.0 , "MODELO" : "TAMCENTRAL"}, "geometry": { "type": "MultiPolygon", "coordinates": [ [ [ [ -46.522035268985995, -23.681561664242977, -1.79769313486231571e+308 ], [ -46.522014895879153, -23.681555340563875, -1.79769313486231571e+308 ], [ -46.52199377673621, -23.681551006305153, -1.79769313486231571e+308 ], [ -46.521972014446582, -23.681548682582651, -1.79769313486231571e+308 ], [ -46.52194971503296, -23.681548380717121, -1.79769313486231571e+308 ], [ -46.521926987134812, -23.68155010217907, -1.79769313486231571e+308 ], [ -46.521903941479103, -23.681553838581564, -1.79769313486231571e+308 ], [ -46.521880690340872, -23.681559571721202, -1.79769313486231571e+308 ], [ -46.521857346996285, -23.681567273666666, -1.79769313486231571e+308 ], [ -46.521834025170726, -23.681576906894882, -1.79769313486231571e+308 ], [ -46.521810838484825, -23.68158842447383, -1.79769313486231571e+308 ], [ -46.521787899900886, -23.681601770291138, -1.79769313486231571e+308 ], [ -46.52176532117258, -23.681616879327475, -1.79769313486231571e+308 ], [ -46.5217432123005, -23.68163367797338, -1.79769313486231571e+308 ], [ -46.521721680996272, -23.681652084387764, -1.79769313486231571e+308 ], [ -46.521700832157791, -23.681672008896708, -1.79769313486231571e+308 ], [ -46.521680767358212, -23.681693354430312, -1.79769313486231571e+308 ], [ -46.521661584351044, -23.681716016995605, -1.79769313486231571e+308 ], [ -46.521643376593964, -23.68173988618318, -1.79769313486231571e+308 ], [ -46.521626232793466, -23.6817648457051, -1.79769313486231571e+308 ], [ -46.521610236472711, -23.681790773961438, -1.79769313486231571e+308 ], [ -46.521595465564602, -23.681817544632679, -1.79769313486231571e+308 ], [ -46.521581992032061, -23.6818450272951, -1.79769313486231571e+308 ], [ -46.521569881517479, -23.681873088056264, -1.79769313486231571e+308 ], [ -46.521559193022853, -23.681901590207243, -1.79769313486231571e+308 ], [ -46.521549978622332, -23.681930394888674, -1.79769313486231571e+308 ], [ -46.521542283208504, -23.681959361767269, -1.79769313486231571e+308 ], [ -46.521536144273689, -23.681988349719465, -1.79769313486231571e+308 ], [ -46.521531591727189, -23.682017217519014, -1.79769313486231571e+308 ], [ -46.521528647749655, -23.682045824524991, -1.79769313486231571e+308 ], [ -46.521527326684897, -23.682074031366984, -1.79769313486231571e+308 ], [ -46.521527634970063, -23.68210170062407, -1.79769313486231571e+308 ], [ -46.521529571104217, -23.68212869749436, -1.79769313486231571e+308 ], [ -46.521533125655644, -23.682154890451717, -1.79769313486231571e+308 ], [ -46.521538281307777, -23.682180151886538, -1.79769313486231571e+308 ], [ -46.521545012943562, -23.682204358727454, -1.79769313486231571e+308 ], [ -46.521553287767773, -23.68222739304095, -1.79769313486231571e+308 ], [ -46.521563065466822, -23.682249142605897, -1.79769313486231571e+308 ], [ -46.52157429840512, -23.682269501460301, -1.79769313486231571e+308 ], [ -46.521586931857151, -23.682288370417577, -1.79769313486231571e+308 ], [ -46.521600904274095, -23.682305657549726, -1.79769313486231571e+308 ], [ -46.521616147583686, -23.682321278635222, -1.79769313486231571e+308 ], [ -46.521632587521829, -23.682335157569366, -1.79769313486231571e+308 ], [ -46.521650143994442, -23.682347226735043, -1.79769313486231571e+308 ], [ -46.52166873146767, -23.68235742733216, -1.79769313486231571e+308 ], [ -46.521688259384582, -23.682365709664111, -1.79769313486231571e+308 ], [ -46.521708632606398, -23.682372033379917, -1.79769313486231571e+308 ], [ -46.521729751875981, -23.682376367670802, -1.79769313486231571e+308 ], [ -46.521751514301464, -23.682378691420304, -1.79769313486231571e+308 ], [ -46.521773813857493, -23.682378993307136, -1.79769313486231571e+308 ], [ -46.52179654190185, -23.682377271860389, -1.79769313486231571e+308 ], [ -46.521819587704698, -23.682373535466684, -1.79769313486231571e+308 ], [ -46.521842838988142, -23.682367802329274, -1.79769313486231571e+308 ], [ -46.521866182473204, -23.682360100379412, -1.79769313486231571e+308 ], [ -46.521889504431748, -23.68235046714026, -1.79769313486231571e+308 ], [ -46.521912691240573, -23.682338949544068, -1.79769313486231571e+308 ], [ -46.521935629934958, -23.682325603703536, -1.79769313486231571e+308 ], [ -46.521958208759102, -23.682310494638433, -1.79769313486231571e+308 ], [ -46.52198031771055, -23.682293695958801, -1.79769313486231571e+308 ], [ -46.522001849076112, -23.682275289506379, -1.79769313486231571e+308 ], [ -46.522022697956714, -23.682255364955818, -1.79769313486231571e+308 ], [ -46.522042762778383, -23.68223401937782, -1.79769313486231571e+308 ], [ -46.522061945787165, -23.682211356766249, -1.79769313486231571e+308 ], [ -46.522080153525366, -23.68218748753139, -1.79769313486231571e+308 ], [ -46.522097297286848, -23.68216252796211, -1.79769313486231571e+308 ], [ -46.522113293549218, -23.682136599659252, -1.79769313486231571e+308 ], [ -46.522128064380709, -23.682109828943247, -1.79769313486231571e+308 ], [ -46.522141537819891, -23.682082346238669, -1.79769313486231571e+308 ], [ -46.52215364822618, -23.682054285438795, -1.79769313486231571e+308 ], [ -46.522164336599708, -23.682025783253291, -1.79769313486231571e+308 ], [ -46.522173550868651, -23.681996978542212, -1.79769313486231571e+308 ], [ -46.522181246143006, -23.681968011639412, -1.79769313486231571e+308 ], [ -46.522187384933176, -23.681939023668917, -1.79769313486231571e+308 ], [ -46.522191937332636, -23.681910155857341, -1.79769313486231571e+308 ], [ -46.522194881163642, -23.681881548845841, -1.79769313486231571e+308 ], [ -46.522196202085205, -23.681853342004946, -1.79769313486231571e+308 ], [ -46.522195893662975, -23.681825672755533, -1.79769313486231571e+308 ], [ -46.522193957400553, -23.681798675899365, -1.79769313486231571e+308 ], [ -46.522190402732157, -23.681772482962288, -1.79769313486231571e+308 ], [ -46.522185246976626, -23.681747221553529, -1.79769313486231571e+308 ], [ -46.522178515253024, -23.681723014743941, -1.79769313486231571e+308 ], [ -46.522170240358292, -23.681699980466423, -1.79769313486231571e+308 ], [ -46.522160462607381, -23.681678230941408, -1.79769313486231571e+308 ], [ -46.522149229636909, -23.681657872130096, -1.79769313486231571e+308 ], [ -46.522136596172999, -23.681639003218269, -1.79769313486231571e+308 ], [ -46.522122623764702, -23.681621716133023, -1.79769313486231571e+308 ], [ -46.52210738048413, -23.68160609509496, -1.79769313486231571e+308 ], [ -46.522090940594808, -23.681592216207875, -1.79769313486231571e+308 ], [ -46.522073384189859, -23.681580147087953, -1.79769313486231571e+308 ], [ -46.522054796801832, -23.681569946534399, -1.79769313486231571e+308 ], [ -46.522035268985995, -23.681561664242977, -1.79769313486231571e+308 ] ] ] ] } },
{ "type": "Feature", "properties": { "fid": 39.0 , "MODELO" : "GUARARA"}, "geometry": { "type": "MultiPolygon", "coordinates": [ [ [ [ -46.512731656477882, -23.713706131396421, -1.79769313486231571e+308 ], [ -46.512769954354404, -23.713705904368712, -1.79769313486231571e+308 ], [ -46.512808149491313, -23.713703108317478, -1.79769313486231571e+308 ], [ -46.512846055803557, -23.713697756865074, -1.79769313486231571e+308 ], [ -46.512883488613262, -23.713689876083627, -1.79769313486231571e+308 ], [ -46.512920265549546, -23.713679504367992, -1.79769313486231571e+308 ], [ -46.51295620743705, -23.713666692248758, -1.79769313486231571e+308 ], [ -46.512991139168882, -23.713651502146003, -1.79769313486231571e+308 ], [ -46.513024890559755, -23.713634008065199, -1.79769313486231571e+308 ], [ -46.513057297175159, -23.713614295236589, -1.79769313486231571e+308 ], [ -46.513088201132469, -23.713592459700028, -1.79769313486231571e+308 ], [ -46.513117451870144, -23.713568607837033, -1.79769313486231571e+308 ], [ -46.513144906881301, -23.713542855852463, -1.79769313486231571e+308 ], [ -46.513170432407932, -23.713515329208349, -1.79769313486231571e+308 ], [ -46.513193904092638, -23.713486162012714, -1.79769313486231571e+308 ], [ -46.513215207584402, -23.713455496366109, -1.79769313486231571e+308 ], [ -46.513234239095738, -23.713423481669324, -1.79769313486231571e+308 ], [ -46.513250905908286, -23.713390273895534, -1.79769313486231571e+308 ], [ -46.513265126824507, -23.713356034830387, -1.79769313486231571e+308 ], [ -46.51327683256325, -23.713320931283715, -1.79769313486231571e+308 ], [ -46.513285966097229, -23.713285134276976, -1.79769313486231571e+308 ], [ -46.513292482930837, -23.713248818209909, -1.79769313486231571e+308 ], [ -46.513296351316889, -23.713212160010986, -1.79769313486231571e+308 ], [ -46.51329755241121, -23.713175338275342, -1.79769313486231571e+308 ], [ -46.513296080364448, -23.713138532394709, -1.79769313486231571e+308 ], [ -46.513291942350499, -23.71310192168346, -1.79769313486231571e+308 ], [ -46.513285158531517, -23.713065684504993, -1.79769313486231571e+308 ], [ -46.513275761959648, -23.713029997402707, -1.79769313486231571e+308 ], [ -46.513263798415963, -23.712995034240063, -1.79769313486231571e+308 ], [ -46.513249326187371, -23.712960965353382, -1.79769313486231571e+308 ], [ -46.513232415782632, -23.712927956722087, -1.79769313486231571e+308 ], [ -46.513213149588807, -23.712896169160089, -1.79769313486231571e+308 ], [ -46.513191621469858, -23.712865757532271, -1.79769313486231571e+308 ], [ -46.513167936309308, -23.712836870000103, -1.79769313486231571e+308 ], [ -46.513142209499293, -23.712809647299746, -1.79769313486231571e+308 ], [ -46.51311456637832, -23.712784222056506, -1.79769313486231571e+308 ], [ -46.513085141620692, -23.712760718138615, -1.79769313486231571e+308 ], [ -46.513054078580325, -23.712739250053875, -1.79769313486231571e+308 ], [ -46.513021528592397, -23.712719922391745, -1.79769313486231571e+308 ], [ -46.512987650236056, -23.712702829313841, -1.79769313486231571e+308 ], [ -46.512952608561868, -23.712688054095185, -1.79769313486231571e+308 ], [ -46.512916574287743, -23.7126756687185, -1.79769313486231571e+308 ], [ -46.512879722967234, -23.712665733523586, -1.79769313486231571e+308 ], [ -46.512842234134283, -23.712658296913286, -1.79769313486231571e+308 ], [ -46.512804290428583, -23.712653395117727, -1.79769313486231571e+308 ], [ -46.51276607670588, -23.712651052017833, -1.79769313486231571e+308 ], [ -46.512727779137343, -23.712651279028922, -1.79769313486231571e+308 ], [ -46.512689584302606, -23.712654075045144, -1.79769313486231571e+308 ], [ -46.512651678280882, -23.712659426444848, -1.79769313486231571e+308 ], [ -46.512614245744373, -23.71266730715692, -1.79769313486231571e+308 ], [ -46.512577469058641, -23.712677678787855, -1.79769313486231571e+308 ], [ -46.51254152739417, -23.712690490808711, -1.79769313486231571e+308 ], [ -46.512506595853509, -23.712705680801339, -1.79769313486231571e+308 ], [ -46.51247284461823, -23.712723174762402, -1.79769313486231571e+308 ], [ -46.51244043811981, -23.712742887463985, -1.79769313486231571e+308 ], [ -46.5124095342386, -23.712764722868695, -1.79769313486231571e+308 ], [ -46.512380283534661, -23.712788574597607, -1.79769313486231571e+308 ], [ -46.512352828514217, -23.712814326448459, -1.79769313486231571e+308 ], [ -46.512327302935446, -23.712841852961809, -1.79769313486231571e+308 ], [ -46.512303831156785, -23.712871020032196, -1.79769313486231571e+308 ], [ -46.512282527531056, -23.712901685561512, -1.79769313486231571e+308 ], [ -46.512263495848366, -23.712933700151229, -1.79769313486231571e+308 ], [ -46.512246828830413, -23.712966907830271, -1.79769313486231571e+308 ], [ -46.512232607678719, -23.713001146814833, -1.79769313486231571e+308 ], [ -46.512220901679044, -23.713036250296646, -1.79769313486231571e+308 ], [ -46.512211767863725, -23.713072047255526, -1.79769313486231571e+308 ], [ -46.512205250733857, -23.71310836329264, -1.79769313486231571e+308 ], [ -46.512201382042399, -23.713145021480134, -1.79769313486231571e+308 ], [ -46.512200180639454, -23.713181843223062, -1.79769313486231571e+308 ], [ -46.512201652380391, -23.71321864912958, -1.79769313486231571e+308 ], [ -46.512205790097269, -23.713255259884782, -1.79769313486231571e+308 ], [ -46.512212573633704, -23.713291497124441, -1.79769313486231571e+308 ], [ -46.512221969943063, -23.713327184303953, -1.79769313486231571e+308 ], [ -46.512233933249377, -23.713362147558353, -1.79769313486231571e+308 ], [ -46.512248405270356, -23.713396216549537, -1.79769313486231571e+308 ], [ -46.512265315501296, -23.713429225296061, -1.79769313486231571e+308 ], [ -46.512284581558497, -23.713461012981739, -1.79769313486231571e+308 ], [ -46.512306109580663, -23.713491424739306, -1.79769313486231571e+308 ], [ -46.512329794686167, -23.713520312404764, -1.79769313486231571e+308 ], [ -46.512355521483933, -23.713547535239353, -1.79769313486231571e+308 ], [ -46.512383164635679, -23.713572960615156, -1.79769313486231571e+308 ], [ -46.512412589466543, -23.713596464661371, -1.79769313486231571e+308 ], [ -46.512443652621144, -23.713617932867674, -1.79769313486231571e+308 ], [ -46.512476202762109, -23.713637260642255, -1.79769313486231571e+308 ], [ -46.51251008130729, -23.713654353821315, -1.79769313486231571e+308 ], [ -46.512545123202443, -23.713669129127851, -1.79769313486231571e+308 ], [ -46.512581157725378, -23.713681514577434, -1.79769313486231571e+308 ], [ -46.512618009317684, -23.713691449828847, -1.79769313486231571e+308 ], [ -46.512655498440147, -23.713698886478149, -1.79769313486231571e+308 ], [ -46.512693442447414, -23.713703788294445, -1.79769313486231571e+308 ], [ -46.512731656477882, -23.713706131396421, -1.79769313486231571e+308 ] ] ] ] } },
{ "type": "Feature", "properties": { "fid": 40.0, "MODELO" : "GUARARA" }, "geometry": { "type": "MultiPolygon", "coordinates": [ [ [ [ -46.506781094722854, -23.677170541654615, -1.79769313486231571e+308 ], [ -46.506766346515654, -23.677178337800733, -1.79769313486231571e+308 ], [ -46.50675240276712, -23.677187411775627, -1.79769313486231571e+308 ], [ -46.506739331409591, -23.677197719372042, -1.79769313486231571e+308 ], [ -46.506727196125311, -23.677209210372617, -1.79769313486231571e+308 ], [ -46.506716056036105, -23.677221828794579, -1.79769313486231571e+308 ], [ -46.506705965415428, -23.677235513162472, -1.79769313486231571e+308 ], [ -46.5066969734239, -23.677250196807631, -1.79769313486231571e+308 ], [ -46.506689123869805, -23.677265808192981, -1.79769313486231571e+308 ], [ -46.506682454995669, -23.677282271261589, -1.79769313486231571e+308 ], [ -46.506676999291926, -23.677299505807163, -1.79769313486231571e+308 ], [ -46.50667278333863, -23.67731742786485, -1.79769313486231571e+308 ], [ -46.506669827675964, -23.677335950120252, -1.79769313486231571e+308 ], [ -46.506668146704122, -23.677354982334837, -1.79769313486231571e+308 ], [ -46.506667748613197, -23.677374431785598, -1.79769313486231571e+308 ], [ -46.50666863534321, -23.677394203716727, -1.79769313486231571e+308 ], [ -46.506670802574696, -23.67741420180133, -1.79769313486231571e+308 ], [ -46.506674239749707, -23.677434328610648, -1.79769313486231571e+308 ], [ -46.506678930123279, -23.67745448608877, -1.79769313486231571e+308 ], [ -46.506684850844913, -23.677474576030356, -1.79769313486231571e+308 ], [ -46.506691973069998, -23.677494500559064, -1.79769313486231571e+308 ], [ -46.506700262100253, -23.67751416260441, -1.79769313486231571e+308 ], [ -46.506709677552792, -23.67753346637468, -1.79769313486231571e+308 ], [ -46.50672017355685, -23.677552317823622, -1.79769313486231571e+308 ], [ -46.506731698977262, -23.677570625108633, -1.79769313486231571e+308 ], [ -46.506744197663572, -23.677588299038259, -1.79769313486231571e+308 ], [ -46.506757608723589, -23.677605253506623, -1.79769313486231571e+308 ], [ -46.50677186682006, -23.677621405913065, -1.79769313486231571e+308 ], [ -46.506786902488962, -23.67763667756444, -1.79769313486231571e+308 ], [ -46.506802642477943, -23.677650994058592, -1.79769313486231571e+308 ], [ -46.506819010103193, -23.67766428564682, -1.79769313486231571e+308 ], [ -46.506835925623022, -23.677676487573667, -1.79769313486231571e+308 ], [ -46.506853306626418, -23.677687540392423, -1.79769313486231571e+308 ], [ -46.506871068434492, -23.677697390254757, -1.79769313486231571e+308 ], [ -46.506889124513037, -23.677705989173024, -1.79769313486231571e+308 ], [ -46.506907386894177, -23.677713295254115, -1.79769313486231571e+308 ], [ -46.50692576660488, -23.677719272903499, -1.79769313486231571e+308 ], [ -46.506944174100489, -23.677723892998692, -1.79769313486231571e+308 ], [ -46.506962519700949, -23.67772713303107, -1.79769313486231571e+308 ], [ -46.506980714027733, -23.677728977215597, -1.79769313486231571e+308 ], [ -46.506998668439337, -23.677729416567697, -1.79769313486231571e+308 ], [ -46.507016295463089, -23.677728448947004, -1.79769313486231571e+308 ], [ -46.507033509221351, -23.677726079067856, -1.79769313486231571e+308 ], [ -46.507050225849923, -23.677722318476203, -1.79769313486231571e+308 ], [ -46.50706636390661, -23.677717185493503, -1.79769313486231571e+308 ], [ -46.507081844768003, -23.677710705127307, -1.79769313486231571e+308 ], [ -46.507096593012562, -23.677702908949563, -1.79769313486231571e+308 ], [ -46.507110536788055, -23.677693834942684, -1.79769313486231571e+308 ], [ -46.507123608161614, -23.677683527314535, -1.79769313486231571e+308 ], [ -46.507135743450696, -23.677672036283095, -1.79769313486231571e+308 ], [ -46.507146883533359, -23.677659417831752, -1.79769313486231571e+308 ], [ -46.507156974136286, -23.677645733436524, -1.79769313486231571e+308 ], [ -46.507165966099208, -23.67763104976661, -1.79769313486231571e+308 ], [ -46.507173815614401, -23.677615438359567, -1.79769313486231571e+308 ], [ -46.507180484440092, -23.677598975272751, -1.79769313486231571e+308 ], [ -46.507185940086771, -23.6775817407128, -1.79769313486231571e+308 ], [ -46.507190155975515, -23.677563818644863, -1.79769313486231571e+308 ], [ -46.50719311156741, -23.677545296383524, -1.79769313486231571e+308 ], [ -46.507194792463608, -23.67752626416744, -1.79769313486231571e+308 ], [ -46.507195190475514, -23.677506814719631, -1.79769313486231571e+308 ], [ -46.507194303664626, -23.677487042795867, -1.79769313486231571e+308 ], [ -46.507192136351996, -23.677467044722889, -1.79769313486231571e+308 ], [ -46.507188699097135, -23.677446917929242, -1.79769313486231571e+308 ], [ -46.50718400864659, -23.677426760470492, -1.79769313486231571e+308 ], [ -46.507178087852324, -23.677406670551655, -1.79769313486231571e+308 ], [ -46.507170965560391, -23.677386746048604, -1.79769313486231571e+308 ], [ -46.507162676470365, -23.677367084031317, -1.79769313486231571e+308 ], [ -46.507153260966284, -23.677347780290983, -1.79769313486231571e+308 ], [ -46.507142764919926, -23.677328928873251, -1.79769313486231571e+308 ], [ -46.507131239467277, -23.677310621620123, -1.79769313486231571e+308 ], [ -46.507118740759424, -23.677292947722432, -1.79769313486231571e+308 ], [ -46.507105329688962, -23.677275993285438, -1.79769313486231571e+308 ], [ -46.507091071593365, -23.677259840909194, -1.79769313486231571e+308 ], [ -46.507076035936635, -23.677244569286248, -1.79769313486231571e+308 ], [ -46.507060295970881, -23.677230252818205, -1.79769313486231571e+308 ], [ -46.507043928379474, -23.677216961253258, -1.79769313486231571e+308 ], [ -46.507027012903421, -23.677204759346417, -1.79769313486231571e+308 ], [ -46.507009631952911, -23.677193706543985, -1.79769313486231571e+308 ], [ -46.506991870205795, -23.677183856694, -1.79769313486231571e+308 ], [ -46.506973814195078, -23.677175257783841, -1.79769313486231571e+308 ], [ -46.506955551887323, -23.67716795170648, -1.79769313486231571e+308 ], [ -46.50693717225414, -23.677161974056364, -1.79769313486231571e+308 ], [ -46.50691876483868, -23.677157353956002, -1.79769313486231571e+308 ], [ -46.506900419319436, -23.677154113914106, -1.79769313486231571e+308 ], [ -46.506882225073333, -23.677152269715904, -1.79769313486231571e+308 ], [ -46.506864270740337, -23.677151830346236, -1.79769313486231571e+308 ], [ -46.506846643791569, -23.677152797945805, -1.79769313486231571e+308 ], [ -46.506829430103203, -23.677155167800699, -1.79769313486231571e+308 ], [ -46.506812713538103, -23.677158928365426, -1.79769313486231571e+308 ], [ -46.506796575537216, -23.677164061319065, -1.79769313486231571e+308 ], [ -46.506781094722854, -23.677170541654615, -1.79769313486231571e+308 ] ] ] ] } },
{ "type": "Feature", "properties": { "fid": 41.0, "MODELO" : "TAMCENTRAL" }, "geometry": { "type": "MultiPolygon", "coordinates": [ [ [ [ -46.523181590647695, -23.679674173282319, -1.79769313486231571e+308 ], [ -46.523147082945286, -23.679692311097362, -1.79769313486231571e+308 ], [ -46.523114362596971, -23.679713267901271, -1.79769313486231571e+308 ], [ -46.523083589011982, -23.679736941595817, -1.79769313486231571e+308 ], [ -46.523054912115505, -23.679763216846375, -1.79769313486231571e+308 ], [ -46.523028471618304, -23.679791965643737, -1.79769313486231571e+308 ], [ -46.523004396336049, -23.67982304792783, -1.79769313486231571e+308 ], [ -46.522982803561753, -23.679856312269948, -1.79769313486231571e+308 ], [ -46.522963798494267, -23.679891596610542, -1.79769313486231571e+308 ], [ -46.522947473725822, -23.679928729048751, -1.79769313486231571e+308 ], [ -46.522933908790833, -23.679967528679807, -1.79769313486231571e+308 ], [ -46.522923169778423, -23.680007806476404, -1.79769313486231571e+308 ], [ -46.522915309010358, -23.680049366209637, -1.79769313486231571e+308 ], [ -46.522910364786156, -23.680092005404951, -1.79769313486231571e+308 ], [ -46.522908361196386, -23.68013551632859, -1.79769313486231571e+308 ], [ -46.522909308005282, -23.680179686999669, -1.79769313486231571e+308 ], [ -46.522913200603092, -23.680224302222904, -1.79769313486231571e+308 ], [ -46.522920020028494, -23.68026914463703, -1.79769313486231571e+308 ], [ -46.522929733060927, -23.680313995773762, -1.79769313486231571e+308 ], [ -46.522942292382332, -23.680358637122183, -1.79769313486231571e+308 ], [ -46.522957636807682, -23.680402851193332, -1.79769313486231571e+308 ], [ -46.522975691582978, -23.680446422579735, -1.79769313486231571e+308 ], [ -46.522996368749411, -23.680489139004941, -1.79769313486231571e+308 ], [ -46.523019567571836, -23.680530792357704, -1.79769313486231571e+308 ], [ -46.523045175029523, -23.680571179705915, -1.79769313486231571e+308 ], [ -46.523073066366713, -23.680610104285229, -1.79769313486231571e+308 ], [ -46.523103105700464, -23.680647376457816, -1.79769313486231571e+308 ], [ -46.523135146682527, -23.680682814636178, -1.79769313486231571e+308 ], [ -46.523169033212483, -23.680716246167883, -1.79769313486231571e+308 ], [ -46.523204600198113, -23.680747508176768, -1.79769313486231571e+308 ], [ -46.523241674359781, -23.680776448356433, -1.79769313486231571e+308 ], [ -46.523280075074666, -23.680802925712275, -1.79769313486231571e+308 ], [ -46.523319615256717, -23.68082681124849, -1.79769313486231571e+308 ], [ -46.523360102268192, -23.680847988596451, -1.79769313486231571e+308 ], [ -46.523401338858179, -23.680866354581735, -1.79769313486231571e+308 ], [ -46.523443124123638, -23.6808818197267, -1.79769313486231571e+308 ], [ -46.523485254488222, -23.680894308686529, -1.79769313486231571e+308 ], [ -46.523527524694153, -23.680903760616214, -1.79769313486231571e+308 ], [ -46.523569728802251, -23.680910129467041, -1.79769313486231571e+308 ], [ -46.523611661195311, -23.680913384210918, -1.79769313486231571e+308 ], [ -46.523653117579933, -23.680913508991516, -1.79769313486231571e+308 ], [ -46.523693895981829, -23.680910503201531, -1.79769313486231571e+308 ], [ -46.523733797729932, -23.680904381485611, -1.79769313486231571e+308 ], [ -46.523772628424311, -23.680895173669036, -1.79769313486231571e+308 ], [ -46.523810198883361, -23.680882924612369, -1.79769313486231571e+308 ], [ -46.523846326065481, -23.680867693992841, -1.79769313486231571e+308 ], [ -46.523880833960916, -23.680849556013669, -1.79769313486231571e+308 ], [ -46.523913554449244, -23.680828599042457, -1.79769313486231571e+308 ], [ -46.523944328118517, -23.680804925180677, -1.79769313486231571e+308 ], [ -46.52397300504191, -23.680778649766221, -1.79769313486231571e+308 ], [ -46.523999445508117, -23.68074990081147, -1.79769313486231571e+308 ], [ -46.524023520702094, -23.680718818379596, -1.79769313486231571e+308 ], [ -46.524045113332541, -23.680685553902148, -1.79769313486231571e+308 ], [ -46.524064118203391, -23.680650269441308, -1.79769313486231571e+308 ], [ -46.524080442726259, -23.680613136900305, -1.79769313486231571e+308 ], [ -46.524094007371502, -23.680574337185888, -1.79769313486231571e+308 ], [ -46.524104746055642, -23.680534059326998, -1.79769313486231571e+308 ], [ -46.524112606463291, -23.680492499553733, -1.79769313486231571e+308 ], [ -46.524117550301952, -23.680449860341433, -1.79769313486231571e+308 ], [ -46.524119553488561, -23.680406349424196, -1.79769313486231571e+308 ], [ -46.52411860626674, -23.680362178782786, -1.79769313486231571e+308 ], [ -46.524114713254271, -23.680317563611887, -1.79769313486231571e+308 ], [ -46.524107893420528, -23.680272721271777, -1.79769313486231571e+308 ], [ -46.524098179994049, -23.68022787022926, -1.79769313486231571e+308 ], [ -46.524085620300546, -23.680183228993446, -1.79769313486231571e+308 ], [ -46.524070275532296, -23.680139015051108, -1.79769313486231571e+308 ], [ -46.524052220449967, -23.680095443807197, -1.79769313486231571e+308 ], [ -46.524031543018353, -23.680052727535394, -1.79769313486231571e+308 ], [ -46.524008343977741, -23.680011074343966, -1.79769313486231571e+308 ], [ -46.523982736353133, -23.67997068716188, -1.79769313486231571e+308 ], [ -46.523954844903514, -23.67993176275024, -1.79769313486231571e+308 ], [ -46.523924805514042, -23.679894490743628, -1.79769313486231571e+308 ], [ -46.523892764534011, -23.679859052726297, -1.79769313486231571e+308 ], [ -46.523858878063834, -23.67982562134755, -1.79769313486231571e+308 ], [ -46.523823311194562, -23.679794359480571, -1.79769313486231571e+308 ], [ -46.523786237203552, -23.679765419429, -1.79769313486231571e+308 ], [ -46.523747836710307, -23.679738942184947, -1.79769313486231571e+308 ], [ -46.523708296796578, -23.67971505674204, -1.79769313486231571e+308 ], [ -46.523667810094864, -23.679693879467084, -1.79769313486231571e+308 ], [ -46.523626573850066, -23.679675513533095, -1.79769313486231571e+308 ], [ -46.523584788958495, -23.6796600484167, -1.79769313486231571e+308 ], [ -46.523542658989221, -23.679647559462168, -1.79769313486231571e+308 ], [ -46.523500389192321, -23.67963810751441, -1.79769313486231571e+308 ], [ -46.523458185499038, -23.679631738622483, -1.79769313486231571e+308 ], [ -46.523416253518477, -23.679628483815279, -1.79769313486231571e+308 ], [ -46.523374797536029, -23.679628358950367, -1.79769313486231571e+308 ], [ -46.523334019518138, -23.679631364636684, -1.79769313486231571e+308 ], [ -46.523294118128405, -23.679637486231599, -1.79769313486231571e+308 ], [ -46.523255287759781, -23.679646693912197, -1.79769313486231571e+308 ], [ -46.523217717587542, -23.679658942820552, -1.79769313486231571e+308 ], [ -46.523181590647695, -23.679674173282319, -1.79769313486231571e+308 ] ] ] ] } },
{ "type": "Feature", "properties": { "fid": 42.0 , "MODELO" : "TAMCENTRAL"}, "geometry": { "type": "MultiPolygon", "coordinates": [ [ [ [ -46.529793166165902, -23.631252627191373, -1.79769313486231571e+308 ], [ -46.529777466019546, -23.631289083651723, -1.79769313486231571e+308 ], [ -46.52976456436474, -23.631326460339359, -1.79769313486231571e+308 ], [ -46.529754524059321, -23.631364575159385, -1.79769313486231571e+308 ], [ -46.529747394021058, -23.631403242420667, -1.79769313486231571e+308 ], [ -46.529743208989323, -23.631442273740458, -1.79769313486231571e+308 ], [ -46.52974198935582, -23.631481478962197, -1.79769313486231571e+308 ], [ -46.529743741065111, -23.631520667081912, -1.79769313486231571e+308 ], [ -46.529748455585697, -23.631559647178779, -1.79769313486231571e+308 ], [ -46.52975610995145, -23.631598229345308, -1.79769313486231571e+308 ], [ -46.529766666873485, -23.631636225612496, -1.79769313486231571e+308 ], [ -46.529780074921817, -23.631673450865645, -1.79769313486231571e+308 ], [ -46.52979626877579, -23.631709723746241, -1.79769313486231571e+308 ], [ -46.529815169542381, -23.631744867535513, -1.79769313486231571e+308 ], [ -46.529836685140424, -23.631778711015425, -1.79769313486231571e+308 ], [ -46.529860710749254, -23.631811089302815, -1.79769313486231571e+308 ], [ -46.529887129319356, -23.631841844652762, -1.79769313486231571e+308 ], [ -46.529915812142569, -23.631870827227083, -1.79769313486231571e+308 ], [ -46.529946619479155, -23.63189789582438, -1.79769313486231571e+308 ], [ -46.529979401238599, -23.63192291856797, -1.79769313486231571e+308 ], [ -46.530013997710817, -23.631945773548438, -1.79769313486231571e+308 ], [ -46.530050240344295, -23.631966349417489, -1.79769313486231571e+308 ], [ -46.530087952567229, -23.631984545930564, -1.79769313486231571e+308 ], [ -46.530126950647819, -23.632000274435168, -1.79769313486231571e+308 ], [ -46.530167044589454, -23.632013458302808, -1.79769313486231571e+308 ], [ -46.530208039056326, -23.632024033302361, -1.79769313486231571e+308 ], [ -46.530249734325153, -23.632031947912981, -1.79769313486231571e+308 ], [ -46.530291927258304, -23.632037163575134, -1.79769313486231571e+308 ], [ -46.530334412293435, -23.632039654878461, -1.79769313486231571e+308 ], [ -46.530376982445105, -23.632039409685561, -1.79769313486231571e+308 ], [ -46.530419430313138, -23.632036429191146, -1.79769313486231571e+308 ], [ -46.530461549093197, -23.632030727916192, -1.79769313486231571e+308 ], [ -46.530503133584332, -23.632022333637217, -1.79769313486231571e+308 ], [ -46.530543981188728, -23.63201128725094, -1.79769313486231571e+308 ], [ -46.530583892898818, -23.631997642575012, -1.79769313486231571e+308 ], [ -46.530622674266844, -23.63198146608579, -1.79769313486231571e+308 ], [ -46.53066013635226, -23.631962836594514, -1.79769313486231571e+308 ], [ -46.530696096642195, -23.631941844863274, -1.79769313486231571e+308 ], [ -46.530730379940756, -23.631918593162805, -1.79769313486231571e+308 ], [ -46.530762819222495, -23.63189319477425, -1.79769313486231571e+308 ], [ -46.530793256446238, -23.631865773437216, -1.79769313486231571e+308 ], [ -46.530821543324947, -23.631836462746907, -1.79769313486231571e+308 ], [ -46.530847542048271, -23.631805405503211, -1.79769313486231571e+308 ], [ -46.530871125953858, -23.631772753015053, -1.79769313486231571e+308 ], [ -46.530892180144455, -23.631738664363123, -1.79769313486231571e+308 ], [ -46.530910602047641, -23.631703305624868, -1.79769313486231571e+308 ], [ -46.530926301915528, -23.631666849065351, -1.79769313486231571e+308 ], [ -46.530939203261958, -23.631629472297988, -1.79769313486231571e+308 ], [ -46.530949243235142, -23.631591357419225, -1.79769313486231571e+308 ], [ -46.530956372923747, -23.631552690121335, -1.79769313486231571e+308 ], [ -46.530960557595201, -23.631513658787789, -1.79769313486231571e+308 ], [ -46.530961776864842, -23.631474453575404, -1.79769313486231571e+308 ], [ -46.530960024795149, -23.631435265487983, -1.79769313486231571e+308 ], [ -46.530955309924678, -23.631396285445707, -1.79769313486231571e+308 ], [ -46.530947655226349, -23.631357703355011, -1.79769313486231571e+308 ], [ -46.530937097995498, -23.631319707183426, -1.79769313486231571e+308 ], [ -46.530923689668171, -23.631282482043783, -1.79769313486231571e+308 ], [ -46.530907495570396, -23.631246209292382, -1.79769313486231571e+308 ], [ -46.530888594599993, -23.631211065645491, -1.79769313486231571e+308 ], [ -46.530867078842064, -23.631177222318364, -1.79769313486231571e+308 ], [ -46.530843053120385, -23.631144844191212, -1.79769313486231571e+308 ], [ -46.530816634486683, -23.631114089005809, -1.79769313486231571e+308 ], [ -46.53078795165036, -23.631085106597137, -1.79769313486231571e+308 ], [ -46.530757144351384, -23.631058038163385, -1.79769313486231571e+308 ], [ -46.530724362679571, -23.631033015578051, -1.79769313486231571e+308 ], [ -46.530689766343272, -23.631010160747461, -1.79769313486231571e+308 ], [ -46.530653523891374, -23.630989585016998, -1.79769313486231571e+308 ], [ -46.530615811892133, -23.630971388628524, -1.79769313486231571e+308 ], [ -46.530576814072987, -23.630955660232107, -1.79769313486231571e+308 ], [ -46.530536720425488, -23.63094247645413, -1.79769313486231571e+308 ], [ -46.53049572627971, -23.630931901523983, -1.79769313486231571e+308 ], [ -46.530454031352662, -23.630923986961143, -1.79769313486231571e+308 ], [ -46.53041183877535, -23.630918771324232, -1.79769313486231571e+308 ], [ -46.530369354103165, -23.630916280023111, -1.79769313486231571e+308 ], [ -46.530326784314525, -23.63091652519514, -1.79769313486231571e+308 ], [ -46.530284336802495, -23.630919505646009, -1.79769313486231571e+308 ], [ -46.530242218364499, -23.630925206855583, -1.79769313486231571e+308 ], [ -46.530200634194848, -23.630933601048635, -1.79769313486231571e+308 ], [ -46.530159786885072, -23.630944647330097, -1.79769313486231571e+308 ], [ -46.530119875437023, -23.630958291884383, -1.79769313486231571e+308 ], [ -46.530081094293344, -23.630974468237476, -1.79769313486231571e+308 ], [ -46.530043632390232, -23.630993097580813, -1.79769313486231571e+308 ], [ -46.530007672236991, -23.631014089155165, -1.79769313486231571e+308 ], [ -46.529973389026864, -23.63103734069286, -1.79769313486231571e+308 ], [ -46.529940949783573, -23.631062738915904, -1.79769313486231571e+308 ], [ -46.529910512547559, -23.631090160087936, -1.79769313486231571e+308 ], [ -46.529882225606066, -23.631119470616959, -1.79769313486231571e+308 ], [ -46.529856226770697, -23.631150527706204, -1.79769313486231571e+308 ], [ -46.529832642705976, -23.631183180049778, -1.79769313486231571e+308 ], [ -46.529811588312249, -23.631217268569795, -1.79769313486231571e+308 ], [ -46.529793166165902, -23.631252627191373, -1.79769313486231571e+308 ] ] ] ] } },
{ "type": "Feature", "properties": { "fid": 43.0, "MODELO" : "TAMCENTRAL" }, "geometry": { "type": "MultiPolygon", "coordinates": [ [ [ [ -46.525389043977313, -23.631601518780645, -1.79769313486231571e+308 ], [ -46.525376480611648, -23.631630682830107, -1.79769313486231571e+308 ], [ -46.525366155969472, -23.6316605832709, -1.79769313486231571e+308 ], [ -46.525358120352841, -23.631691074431462, -1.79769313486231571e+308 ], [ -46.525352412912028, -23.631722007762207, -1.79769313486231571e+308 ], [ -46.525349061454726, -23.631753232559223, -1.79769313486231571e+308 ], [ -46.5253480823106, -23.631784596698484, -1.79769313486231571e+308 ], [ -46.525349480251641, -23.631815947377042, -1.79769313486231571e+308 ], [ -46.525353248468889, -23.631847131857384, -1.79769313486231571e+308 ], [ -46.525359368605606, -23.631877998211589, -1.79769313486231571e+308 ], [ -46.525367810846667, -23.631908396061537, -1.79769313486231571e+308 ], [ -46.525378534063755, -23.631938177311511, -1.79769313486231571e+308 ], [ -46.525391486015742, -23.631967196869731, -1.79769313486231571e+308 ], [ -46.525406603603145, -23.631995313355208, -1.79769313486231571e+308 ], [ -46.525423813175564, -23.632022389786606, -1.79769313486231571e+308 ], [ -46.525443030890443, -23.632048294249564, -1.79769313486231571e+308 ], [ -46.525464163121519, -23.632072900539352, -1.79769313486231571e+308 ], [ -46.525487106914994, -23.632096088775878, -1.79769313486231571e+308 ], [ -46.525511750491063, -23.632117745987589, -1.79769313486231571e+308 ], [ -46.525537973788552, -23.63213776666197, -1.79769313486231571e+308 ], [ -46.525565649049753, -23.632156053259564, -1.79769313486231571e+308 ], [ -46.525594641442957, -23.632172516689209, -1.79769313486231571e+308 ], [ -46.525624809719297, -23.632187076742081, -1.79769313486231571e+308 ], [ -46.525656006900903, -23.632199662482478, -1.79769313486231571e+308 ], [ -46.525688080997028, -23.632210212593446, -1.79769313486231571e+308 ], [ -46.525720875744533, -23.632218675675482, -1.79769313486231571e+308 ], [ -46.525754231369199, -23.632225010496967, -1.79769313486231571e+308 ], [ -46.525787985364182, -23.632229186195072, -1.79769313486231571e+308 ], [ -46.525821973281744, -23.632231182426089, -1.79769313486231571e+308 ], [ -46.525856029534488, -23.632230989464592, -1.79769313486231571e+308 ], [ -46.52588998820206, -23.632228608250738, -1.79769313486231571e+308 ], [ -46.525923683839594, -23.632224050385791, -1.79769313486231571e+308 ], [ -46.525956952283728, -23.632217338075495, -1.79769313486231571e+308 ], [ -46.525989631452447, -23.63220850402196, -1.79769313486231571e+308 ], [ -46.526021562134758, -23.632197591264312, -1.79769313486231571e+308 ], [ -46.526052588766348, -23.632184652968945, -1.79769313486231571e+308 ], [ -46.526082560187547, -23.632169752170579, -1.79769313486231571e+308 ], [ -46.526111330379742, -23.63215296146512, -1.79769313486231571e+308 ], [ -46.526138759176824, -23.632134362655904, -1.79769313486231571e+308 ], [ -46.526164712948031, -23.632114046355223, -1.79769313486231571e+308 ], [ -46.526189065249014, -23.632092111542836, -1.79769313486231571e+308 ], [ -46.52621169743788, -23.632068665083711, -1.79769313486231571e+308 ], [ -46.526232499253155, -23.632043821207386, -1.79769313486231571e+308 ], [ -46.526251369351023, -23.632017700951462, -1.79769313486231571e+308 ], [ -46.526268215799, -23.631990431571861, -1.79769313486231571e+308 ], [ -46.526282956523829, -23.631962145922888, -1.79769313486231571e+308 ], [ -46.526295519711333, -23.631932981809914, -1.79769313486231571e+308 ], [ -46.526305844156205, -23.631903081318047, -1.79769313486231571e+308 ], [ -46.526313879560227, -23.631872590119837, -1.79769313486231571e+308 ], [ -46.526319586777291, -23.631841656765612, -1.79769313486231571e+308 ], [ -46.526322938004014, -23.631810431959735, -1.79769313486231571e+308 ], [ -46.52632391691526, -23.631779067826404, -1.79769313486231571e+308 ], [ -46.526322518743562, -23.631747717168459, -1.79769313486231571e+308 ], [ -46.526318750302352, -23.631716532723001, -1.79769313486231571e+308 ], [ -46.526312629952741, -23.63168566641728, -1.79769313486231571e+308 ], [ -46.526304187514008, -23.631655268628464, -1.79769313486231571e+308 ], [ -46.526293464118289, -23.631625487451092, -1.79769313486231571e+308 ], [ -46.526280512010224, -23.631596467975523, -1.79769313486231571e+308 ], [ -46.526265394292295, -23.631568351581134, -1.79769313486231571e+308 ], [ -46.526248184617472, -23.631541275247503, -1.79769313486231571e+308 ], [ -46.526228966830303, -23.631515370887072, -1.79769313486231571e+308 ], [ -46.526207834558434, -23.631490764702573, -1.79769313486231571e+308 ], [ -46.526184890756483, -23.631467576572071, -1.79769313486231571e+308 ], [ -46.526160247204395, -23.631445919465037, -1.79769313486231571e+308 ], [ -46.526134023962911, -23.631425898891937, -1.79769313486231571e+308 ], [ -46.526106348788609, -23.631407612390294, -1.79769313486231571e+308 ], [ -46.526077356511536, -23.631391149049378, -1.79769313486231571e+308 ], [ -46.526047188378307, -23.631376589076286, -1.79769313486231571e+308 ], [ -46.52601599136397, -23.631364003405167, -1.79769313486231571e+308 ], [ -46.525983917456038, -23.631353453351629, -1.79769313486231571e+308 ], [ -46.525951122913987, -23.631344990314066, -1.79769313486231571e+308 ], [ -46.525917767508041, -23.631338655523216, -1.79769313486231571e+308 ], [ -46.525884013740779, -23.631334479841325, -1.79769313486231571e+308 ], [ -46.525850026055494, -23.631332483611775, -1.79769313486231571e+308 ], [ -46.52581597003509, -23.631332676559964, -1.79769313486231571e+308 ], [ -46.525782011595382, -23.631335057746007, -1.79769313486231571e+308 ], [ -46.525748316176802, -23.631339615569168, -1.79769313486231571e+308 ], [ -46.525715047938455, -23.631346327824524, -1.79769313486231571e+308 ], [ -46.52568236895835, -23.631355161811026, -1.79769313486231571e+308 ], [ -46.525650438443805, -23.63136607449086, -1.79769313486231571e+308 ], [ -46.525619411955873, -23.631379012699146, -1.79769313486231571e+308 ], [ -46.525589440651416, -23.631393913402857, -1.79769313486231571e+308 ], [ -46.525560670546781, -23.631410704007926, -1.79769313486231571e+308 ], [ -46.525533241806386, -23.631429302712977, -1.79769313486231571e+308 ], [ -46.525507288059877, -23.631449618907741, -1.79769313486231571e+308 ], [ -46.525482935751114, -23.631471553614521, -1.79769313486231571e+308 ], [ -46.525460303522159, -23.63149499997041, -1.79769313486231571e+308 ], [ -46.525439501635255, -23.631519843747878, -1.79769313486231571e+308 ], [ -46.525420631435615, -23.63154596391124, -1.79769313486231571e+308 ], [ -46.525403784857708, -23.631573233206378, -1.79769313486231571e+308 ], [ -46.525389043977313, -23.631601518780645, -1.79769313486231571e+308 ] ] ] ] } },
{ "type": "Feature", "properties": { "fid": 44.0, "MODELO" : "ORATORIO" }, "geometry": { "type": "MultiPolygon", "coordinates": [ [ [ [ -46.487148423656684, -23.624635193111096, -1.79769313486231571e+308 ], [ -46.487144880005872, -23.624604935283799, -1.79769313486231571e+308 ], [ -46.487138246278832, -23.624574997863462, -1.79769313486231571e+308 ], [ -46.487128554796421, -23.624545526701716, -1.79769313486231571e+308 ], [ -46.487115852776427, -23.62451666537843, -1.79769313486231571e+308 ], [ -46.487100202103505, -23.624488554502229, -1.79769313486231571e+308 ], [ -46.487081679027639, -23.624461331025568, -1.79769313486231571e+308 ], [ -46.487060373792659, -23.624435127577396, -1.79769313486231571e+308 ], [ -46.487036390196515, -23.624410071817117, -1.79769313486231571e+308 ], [ -46.487009845085609, -23.624386285812633, -1.79769313486231571e+308 ], [ -46.486980867785469, -23.624363885445671, -1.79769313486231571e+308 ], [ -46.486949599470726, -23.624342979847242, -1.79769313486231571e+308 ], [ -46.48691619247731, -23.624323670866001, -1.79769313486231571e+308 ], [ -46.486880809560255, -23.624306052572052, -1.79769313486231571e+308 ], [ -46.486843623100818, -23.624290210798719, -1.79769313486231571e+308 ], [ -46.486804814266669, -23.624276222724358, -1.79769313486231571e+308 ], [ -46.48676457212926, -23.62426415649637, -1.79769313486231571e+308 ], [ -46.486723092742729, -23.624254070899262, -1.79769313486231571e+308 ], [ -46.486680578188768, -23.624246015068231, -1.79769313486231571e+308 ], [ -46.48663723559212, -23.62424002824979, -1.79769313486231571e+308 ], [ -46.486593276111549, -23.62423613961063, -1.79769313486231571e+308 ], [ -46.486548913911143, -23.624234368095482, -1.79769313486231571e+308 ], [ -46.486504365116922, -23.62423472233483, -1.79769313486231571e+308 ], [ -46.486459846763985, -23.624237200602927, -1.79769313486231571e+308 ], [ -46.486415575739137, -23.624241790826108, -1.79769313486231571e+308 ], [ -46.486371767724322, -23.624248470641668, -1.79769313486231571e+308 ], [ -46.486328636145842, -23.62425720750679, -1.79769313486231571e+308 ], [ -46.486286391134655, -23.624267958857107, -1.79769313486231571e+308 ], [ -46.48624523850259, -23.624280672313979, -1.79769313486231571e+308 ], [ -46.486205378739783, -23.624295285939738, -1.79769313486231571e+308 ], [ -46.486167006037846, -23.624311728539411, -1.79769313486231571e+308 ], [ -46.486130307343871, -23.624329920007479, -1.79769313486231571e+308 ], [ -46.486095461449622, -23.624349771718229, -1.79769313486231571e+308 ], [ -46.486062638120529, -23.624371186957443, -1.79769313486231571e+308 ], [ -46.486031997268555, -23.624394061393556, -1.79769313486231571e+308 ], [ -46.48600368817317, -23.624418283585911, -1.79769313486231571e+308 ], [ -46.485977848754061, -23.624443735527702, -1.79769313486231571e+308 ], [ -46.48595460489917, -23.624470293220842, -1.79769313486231571e+308 ], [ -46.485934069851382, -23.624497827280052, -1.79769313486231571e+308 ], [ -46.48591634365679, -23.624526203563182, -1.79769313486231571e+308 ], [ -46.485901512677245, -23.624555283824723, -1.79769313486231571e+308 ], [ -46.485889649169593, -23.624584926389304, -1.79769313486231571e+308 ], [ -46.485880810933601, -23.624614986841923, -1.79769313486231571e+308 ], [ -46.485875041030319, -23.624645318731485, -1.79769313486231571e+308 ], [ -46.485872367572263, -23.624675774284331, -1.79769313486231571e+308 ], [ -46.485872803586417, -23.624706205124077, -1.79769313486231571e+308 ], [ -46.485876346950711, -23.62473646299463, -1.79769313486231571e+308 ], [ -46.48588298040432, -23.624766400482379, -1.79769313486231571e+308 ], [ -46.485892671631717, -23.624795871734364, -1.79769313486231571e+308 ], [ -46.485905373420067, -23.624824733168978, -1.79769313486231571e+308 ], [ -46.485921023889247, -23.6248528441754, -1.79769313486231571e+308 ], [ -46.485939546793212, -23.624880067798664, -1.79769313486231571e+308 ], [ -46.485960851891498, -23.624906271406971, -1.79769313486231571e+308 ], [ -46.485984835388805, -23.624931327337777, -1.79769313486231571e+308 ], [ -46.486011380440658, -23.624955113519881, -1.79769313486231571e+308 ], [ -46.486040357722679, -23.624977514068096, -1.79769313486231571e+308 ], [ -46.486071626060578, -23.624998419847874, -1.79769313486231571e+308 ], [ -46.486105033118008, -23.625017729007048, -1.79769313486231571e+308 ], [ -46.486140416138646, -23.625035347472021, -1.79769313486231571e+308 ], [ -46.486177602739247, -23.625051189406165, -1.79769313486231571e+308 ], [ -46.486216411749382, -23.625065177627988, -1.79769313486231571e+308 ], [ -46.486256654094177, -23.625077243987217, -1.79769313486231571e+308 ], [ -46.486298133715458, -23.625087329696793, -1.79769313486231571e+308 ], [ -46.486340648526969, -23.625095385619328, -1.79769313486231571e+308 ], [ -46.486383991398945, -23.625101372506528, -1.79769313486231571e+308 ], [ -46.486427951167258, -23.625105261190363, -1.79769313486231571e+308 ], [ -46.48647231366224, -23.625107032725232, -1.79769313486231571e+308 ], [ -46.486516862752119, -23.625106678480265, -1.79769313486231571e+308 ], [ -46.486561381396051, -23.625104200181326, -1.79769313486231571e+308 ], [ -46.486605652701563, -23.62509960990268, -1.79769313486231571e+308 ], [ -46.486649460981248, -23.625092930008112, -1.79769313486231571e+308 ], [ -46.486692592803642, -23.625084193041953, -1.79769313486231571e+308 ], [ -46.486734838033058, -23.625073441570571, -1.79769313486231571e+308 ], [ -46.486775990853403, -23.625060727974937, -1.79769313486231571e+308 ], [ -46.486815850770888, -23.625046114195445, -1.79769313486231571e+308 ], [ -46.486854223590882, -23.625029671430038, -1.79769313486231571e+308 ], [ -46.48689092236399, -23.625011479787457, -1.79769313486231571e+308 ], [ -46.486925768296913, -23.62499162789684, -1.79769313486231571e+308 ], [ -46.486958591623484, -23.624970212475883, -1.79769313486231571e+308 ], [ -46.486989232431768, -23.624947337859698, -1.79769313486231571e+308 ], [ -46.487017541443151, -23.624923115492432, -1.79769313486231571e+308 ], [ -46.487043380739586, -23.62489766338431, -1.79769313486231571e+308 ], [ -46.487066624435514, -23.624871105536659, -1.79769313486231571e+308 ], [ -46.487087159291143, -23.624843571337756, -1.79769313486231571e+308 ], [ -46.487104885264131, -23.624815194932474, -1.79769313486231571e+308 ], [ -46.487119715996926, -23.624786114568703, -1.79769313486231571e+308 ], [ -46.487131579237492, -23.624756471923796, -1.79769313486231571e+308 ], [ -46.487140417191263, -23.624726411414326, -1.79769313486231571e+308 ], [ -46.487146186802669, -23.62469607949248, -1.79769313486231571e+308 ], [ -46.487148859964883, -23.624665623932572, -1.79769313486231571e+308 ], [ -46.487148423656684, -23.624635193111096, -1.79769313486231571e+308 ] ] ] ] } },
{ "type": "Feature", "properties": { "fid": 45.0, "MODELO" : "TAMCENTRAL" }, "geometry": { "type": "MultiPolygon", "coordinates": [ [ [ [ -46.542822388698262, -23.639350871594583, -1.79769313486231571e+308 ], [ -46.542815188026914, -23.639375462160412, -1.79769313486231571e+308 ], [ -46.54281174078578, -23.639401124514563, -1.79769313486231571e+308 ], [ -46.542812063771635, -23.639427733632761, -1.79769313486231571e+308 ], [ -46.542816155413249, -23.639455159877905, -1.79769313486231571e+308 ], [ -46.542823995778981, -23.639483269631647, -1.79769313486231571e+308 ], [ -46.542835546673842, -23.639511925945399, -1.79769313486231571e+308 ], [ -46.542850751825533, -23.639540989207525, -1.79769313486231571e+308 ], [ -46.542869537158538, -23.63957031782353, -1.79769313486231571e+308 ], [ -46.542891811154981, -23.639599768905928, -1.79769313486231571e+308 ], [ -46.542917465300427, -23.639629198970407, -1.79769313486231571e+308 ], [ -46.542946374612512, -23.639658464634905, -1.79769313486231571e+308 ], [ -46.542978398249836, -23.639687423318154, -1.79769313486231571e+308 ], [ -46.54301338019804, -23.639715933934411, -1.79769313486231571e+308 ], [ -46.543051150029918, -23.639743857580793, -1.79769313486231571e+308 ], [ -46.543091523735633, -23.63977105821408, -1.79769313486231571e+308 ], [ -46.543134304619237, -23.63979740331353, -1.79769313486231571e+308 ], [ -46.543179284256887, -23.639822764526574, -1.79769313486231571e+308 ], [ -46.543226243512315, -23.639847018294077, -1.79769313486231571e+308 ], [ -46.543274953604367, -23.63987004645249, -1.79769313486231571e+308 ], [ -46.543325177221682, -23.639891736809414, -1.79769313486231571e+308 ], [ -46.543376669678821, -23.639911983690325, -1.79769313486231571e+308 ], [ -46.543429180108355, -23.639930688453404, -1.79769313486231571e+308 ], [ -46.543482452683151, -23.639947759970116, -1.79769313486231571e+308 ], [ -46.54353622786271, -23.639963115069179, -1.79769313486231571e+308 ], [ -46.543590243657675, -23.639976678941828, -1.79769313486231571e+308 ], [ -46.543644236906289, -23.639988385506264, -1.79769313486231571e+308 ], [ -46.54369794455647, -23.639998177729563, -1.79769313486231571e+308 ], [ -46.543751104947496, -23.640006007905573, -1.79769313486231571e+308 ], [ -46.543803459084785, -23.640011837887286, -1.79769313486231571e+308 ], [ -46.543854751901762, -23.640015639272693, -1.79769313486231571e+308 ], [ -46.543904733502551, -23.640017393543161, -1.79769313486231571e+308 ], [ -46.543953160379509, -23.640017092153542, -1.79769313486231571e+308 ], [ -46.543999796599607, -23.640014736573875, -1.79769313486231571e+308 ], [ -46.544044414953902, -23.640010338282135, -1.79769313486231571e+308 ], [ -46.544086798064534, -23.640003918708267, -1.79769313486231571e+308 ], [ -46.544126739443783, -23.639995509129786, -1.79769313486231571e+308 ], [ -46.544164044500114, -23.63998515051934, -1.79769313486231571e+308 ], [ -46.544198531486195, -23.639972893345053, -1.79769313486231571e+308 ], [ -46.544230032384398, -23.639958797324603, -1.79769313486231571e+308 ], [ -46.544258393725343, -23.639942931134257, -1.79769313486231571e+308 ], [ -46.544283477335611, -23.639925372074234, -1.79769313486231571e+308 ], [ -46.544305161010925, -23.639906205692096, -1.79769313486231571e+308 ], [ -46.544323339111443, -23.639885525365951, -1.79769313486231571e+308 ], [ -46.54433792307649, -23.639863431849427, -1.79769313486231571e+308 ], [ -46.544348841855928, -23.639840032780867, -1.79769313486231571e+308 ], [ -46.544356042256304, -23.639815442158852, -1.79769313486231571e+308 ], [ -46.544359489199969, -23.639789779786842, -1.79769313486231571e+308 ], [ -46.544359165895926, -23.639763170689456, -1.79769313486231571e+308 ], [ -46.544355073921615, -23.639735744503383, -1.79769313486231571e+308 ], [ -46.544347233215142, -23.639707634845834, -1.79769313486231571e+308 ], [ -46.544335681978119, -23.639678978663522, -1.79769313486231571e+308 ], [ -46.544320476489524, -23.639649915565521, -1.79769313486231571e+308 ], [ -46.544301690831411, -23.639620587143138, -1.79769313486231571e+308 ], [ -46.544279416527999, -23.639591136280082, -1.79769313486231571e+308 ], [ -46.544253762099693, -23.639561706456394, -1.79769313486231571e+308 ], [ -46.544224852534356, -23.639532441049464, -1.79769313486231571e+308 ], [ -46.544192828678327, -23.639503482635522, -1.79769313486231571e+308 ], [ -46.54415784655022, -23.639474972295098, -1.79769313486231571e+308 ], [ -46.544120076580739, -23.639447048925689, -1.79769313486231571e+308 ], [ -46.544079702782398, -23.639419848565119, -1.79769313486231571e+308 ], [ -46.544036921852957, -23.639393503728829, -1.79769313486231571e+308 ], [ -46.543991942217133, -23.639368142764287, -1.79769313486231571e+308 ], [ -46.543944983011187, -23.639343889225749, -1.79769313486231571e+308 ], [ -46.543896273015278, -23.639320861272349, -1.79769313486231571e+308 ], [ -46.543846049538921, -23.639299171092457, -1.79769313486231571e+308 ], [ -46.543794557264803, -23.639278924357185, -1.79769313486231571e+308 ], [ -46.543742047056774, -23.639260219705498, -1.79769313486231571e+308 ], [ -46.543688774737682, -23.639243148263777, -1.79769313486231571e+308 ], [ -46.543634999843036, -23.639227793201826, -1.79769313486231571e+308 ], [ -46.543580984356645, -23.639214229327695, -1.79769313486231571e+308 ], [ -46.543526991434277, -23.639202522723224, -1.79769313486231571e+308 ], [ -46.543473284121639, -23.639192730422096, -1.79769313486231571e+308 ], [ -46.543420124072895, -23.639184900131994, -1.79769313486231571e+308 ], [ -46.543367770275971, -23.639179070002132, -1.79769313486231571e+308 ], [ -46.543316477790803, -23.639175268437423, -1.79769313486231571e+308 ], [ -46.543266496506824, -23.639173513959975, -1.79769313486231571e+308 ], [ -46.543218069925501, -23.639173815118955, -1.79769313486231571e+308 ], [ -46.543171433974116, -23.639176170448838, -1.79769313486231571e+308 ], [ -46.543126815856375, -23.639180568476498, -1.79769313486231571e+308 ], [ -46.543084432945534, -23.63918698777713, -1.79769313486231571e+308 ], [ -46.543044491725418, -23.639195397078538, -1.79769313486231571e+308 ], [ -46.543007186784486, -23.639205755413453, -1.79769313486231571e+308 ], [ -46.542972699867803, -23.639218012319144, -1.79769313486231571e+308 ], [ -46.542941198991663, -23.639232108083146, -1.79769313486231571e+308 ], [ -46.542912837625003, -23.639247974034181, -1.79769313486231571e+308 ], [ -46.542887753941741, -23.639265532876681, -1.79769313486231571e+308 ], [ -46.542866070147596, -23.639284699067325, -1.79769313486231571e+308 ], [ -46.542847891884691, -23.639305379231743, -1.79769313486231571e+308 ], [ -46.542833307716883, -23.639327472619438, -1.79769313486231571e+308 ], [ -46.542822388698262, -23.639350871594583, -1.79769313486231571e+308 ] ] ] ] } },
{ "type": "Feature", "properties": { "fid": 46.0 , "MODELO" : "MENINOS"}, "geometry": { "type": "MultiPolygon", "coordinates": [ [ [ [ -46.53666722332494, -23.682859976120174, -1.79769313486231571e+308 ], [ -46.536657364944773, -23.682882674847189, -1.79769313486231571e+308 ], [ -46.536649249867118, -23.68290595161745, -1.79769313486231571e+308 ], [ -46.536642917628697, -23.682929693029102, -1.79769313486231571e+308 ], [ -46.536638399080481, -23.682953783416547, -1.79769313486231571e+308 ], [ -46.53663571623737, -23.682978105413941, -1.79769313486231571e+308 ], [ -46.536634882170944, -23.683002540526999, -1.79769313486231571e+308 ], [ -46.536635900945704, -23.683026969710294, -1.79769313486231571e+308 ], [ -46.536638767599314, -23.683051273947186, -1.79769313486231571e+308 ], [ -46.53664346816673, -23.683075334829756, -1.79769313486231571e+308 ], [ -46.536649979748205, -23.683099035135566, -1.79769313486231571e+308 ], [ -46.536658270620848, -23.683122259398832, -1.79769313486231571e+308 ], [ -46.536668300393146, -23.683144894472985, -1.79769313486231571e+308 ], [ -46.536680020201779, -23.683166830081838, -1.79769313486231571e+308 ], [ -46.536693372949578, -23.683187959356889, -1.79769313486231571e+308 ], [ -46.536708293583771, -23.683208179358036, -1.79769313486231571e+308 ], [ -46.536724709412844, -23.683227391574992, -1.79769313486231571e+308 ], [ -46.536742540460729, -23.683245502407292, -1.79769313486231571e+308 ], [ -46.536761699856378, -23.683262423620331, -1.79769313486231571e+308 ], [ -46.536782094257056, -23.683278072775185, -1.79769313486231571e+308 ], [ -46.53680362430304, -23.683292373630287, -1.79769313486231571e+308 ], [ -46.536826185101738, -23.683305256512881, -1.79769313486231571e+308 ], [ -46.536849666738682, -23.683316658658498, -1.79769313486231571e+308 ], [ -46.536873954813075, -23.683326524516616, -1.79769313486231571e+308 ], [ -46.536898930995122, -23.683334806021506, -1.79769313486231571e+308 ], [ -46.536924473602532, -23.683341462826231, -1.79769313486231571e+308 ], [ -46.536950458193388, -23.683346462499291, -1.79769313486231571e+308 ], [ -46.536976758172401, -23.683349780682686, -1.79769313486231571e+308 ], [ -46.537003245407703, -23.683351401210444, -1.79769313486231571e+308 ], [ -46.537029790855129, -23.683351316187547, -1.79769313486231571e+308 ], [ -46.537056265186891, -23.683349526028234, -1.79769313486231571e+308 ], [ -46.537082539421682, -23.683346039454133, -1.79769313486231571e+308 ], [ -46.537108485553098, -23.683340873451645, -1.79769313486231571e+308 ], [ -46.537133977173283, -23.68333405318927, -1.79769313486231571e+308 ], [ -46.53715889008879, -23.683325611894944, -1.79769313486231571e+308 ], [ -46.537183102925646, -23.683315590694122, -1.79769313486231571e+308 ], [ -46.537206497720696, -23.683304038409492, -1.79769313486231571e+308 ], [ -46.537228960496336, -23.683291011323057, -1.79769313486231571e+308 ], [ -46.537250381815781, -23.683276572901885, -1.79769313486231571e+308 ], [ -46.537270657316263, -23.683260793488987, -1.79769313486231571e+308 ], [ -46.537289688217463, -23.683243749960557, -1.79769313486231571e+308 ], [ -46.537307381802769, -23.683225525351407, -1.79769313486231571e+308 ], [ -46.537323651870999, -23.683206208450468, -1.79769313486231571e+308 ], [ -46.537338419156313, -23.683185893368179, -1.79769313486231571e+308 ], [ -46.537351611714442, -23.683164679077993, -1.79769313486231571e+308 ], [ -46.537363165273135, -23.683142668934178, -1.79769313486231571e+308 ], [ -46.5373730235453, -23.68311997016826, -1.79769313486231571e+308 ], [ -46.537381138503214, -23.68309669336664, -1.79769313486231571e+308 ], [ -46.537387470612501, -23.683072951931781, -1.79769313486231571e+308 ], [ -46.537391989024691, -23.683048861529752, -1.79769313486231571e+308 ], [ -46.53739467172754, -23.683024539526649, -1.79769313486231571e+308 ], [ -46.537395505652199, -23.683000104416895, -1.79769313486231571e+308 ], [ -46.537394486736915, -23.682975675245832, -1.79769313486231571e+308 ], [ -46.53739161994676, -23.682951371029876, -1.79769313486231571e+308 ], [ -46.53738691924945, -23.682927310176535, -1.79769313486231571e+308 ], [ -46.537380407547246, -23.682903609907672, -1.79769313486231571e+308 ], [ -46.537372116565408, -23.682880385688364, -1.79769313486231571e+308 ], [ -46.537362086697534, -23.682857750664311, -1.79769313486231571e+308 ], [ -46.537350366808852, -23.682835815110739, -1.79769313486231571e+308 ], [ -46.537337013998055, -23.682814685895053, -1.79769313486231571e+308 ], [ -46.537322093319162, -23.682794465956228, -1.79769313486231571e+308 ], [ -46.537305677464545, -23.682775253803328, -1.79769313486231571e+308 ], [ -46.537287846410777, -23.682757143035545, -1.79769313486231571e+308 ], [ -46.537268687029012, -23.682740221886263, -1.79769313486231571e+308 ], [ -46.537248292661722, -23.682724572793148, -1.79769313486231571e+308 ], [ -46.537226762667977, -23.682710271996566, -1.79769313486231571e+308 ], [ -46.53720420193936, -23.682697389168137, -1.79769313486231571e+308 ], [ -46.537180720388953, -23.682685987071292, -1.79769313486231571e+308 ], [ -46.537156432415898, -23.682676121255568, -1.79769313486231571e+308 ], [ -46.537131456348, -23.682667839785893, -1.79769313486231571e+308 ], [ -46.537105913865325, -23.68266118300852, -1.79769313486231571e+308 ], [ -46.537079929407376, -23.6826561833544, -1.79769313486231571e+308 ], [ -46.537053629566842, -23.682652865181183, -1.79769313486231571e+308 ], [ -46.537027142472894, -23.682651244654622, -1.79769313486231571e+308 ], [ -46.537000597166966, -23.682651329669746, -1.79769313486231571e+308 ], [ -46.53697412297408, -23.682653119812421, -1.79769313486231571e+308 ], [ -46.536947848872835, -23.682656606361384, -1.79769313486231571e+308 ], [ -46.536921902867036, -23.682661772330697, -1.79769313486231571e+308 ], [ -46.536896411362093, -23.682668592552528, -1.79769313486231571e+308 ], [ -46.536871498549225, -23.682677033799706, -1.79769313486231571e+308 ], [ -46.536847285800391, -23.68268705494771, -1.79769313486231571e+308 ], [ -46.536823891077034, -23.682698607174867, -1.79769313486231571e+308 ], [ -46.536801428355375, -23.68271163420032, -1.79769313486231571e+308 ], [ -46.536780007071137, -23.68272607255815, -1.79769313486231571e+308 ], [ -46.536759731586415, -23.682741851906606, -1.79769313486231571e+308 ], [ -46.5367407006812, -23.682758895370739, -1.79769313486231571e+308 ], [ -46.53672300707219, -23.682777119916992, -1.79769313486231571e+308 ], [ -46.536706736961051, -23.682796436757645, -1.79769313486231571e+308 ], [ -46.536691969614424, -23.682816751783449, -1.79769313486231571e+308 ], [ -46.536678776977801, -23.682837966022046, -1.79769313486231571e+308 ], [ -46.53666722332494, -23.682859976120174, -1.79769313486231571e+308 ] ] ] ] } },
{ "type": "Feature", "properties": { "fid": 47.0 , "MODELO" : "GUARARA"}, "geometry": { "type": "MultiPolygon", "coordinates": [ [ [ [ -46.504614839424534, -23.703100457580668, -1.79769313486231571e+308 ], [ -46.504580322945209, -23.703118591649936, -1.79769313486231571e+308 ], [ -46.50454759378367, -23.703139544918123, -1.79769313486231571e+308 ], [ -46.504516811392072, -23.703163215304251, -1.79769313486231571e+308 ], [ -46.504488125738519, -23.703189487489809, -1.79769313486231571e+308 ], [ -46.504461676576426, -23.703218233480541, -1.79769313486231571e+308 ], [ -46.504437592763686, -23.703249313230017, -1.79769313486231571e+308 ], [ -46.504415991634851, -23.703282575321904, -1.79769313486231571e+308 ], [ -46.50439697842949, -23.703317857707614, -1.79769313486231571e+308 ], [ -46.504380645779463, -23.703354988495803, -1.79769313486231571e+308 ], [ -46.504367073257605, -23.703393786789746, -1.79769313486231571e+308 ], [ -46.504356326989985, -23.703434063568672, -1.79769313486231571e+308 ], [ -46.50434845933372, -23.703475622608611, -1.79769313486231571e+308 ], [ -46.504343508621893, -23.703518261438393, -1.79769313486231571e+308 ], [ -46.504341498976672, -23.703561772326065, -1.79769313486231571e+308 ], [ -46.504342440191813, -23.703605943290899, -1.79769313486231571e+308 ], [ -46.5043463276848, -23.703650559136179, -1.79769313486231571e+308 ], [ -46.504353142519207, -23.703695402497626, -1.79769313486231571e+308 ], [ -46.504362851496822, -23.703740254902339, -1.79769313486231571e+308 ], [ -46.504375407319358, -23.70378489783322, -1.79769313486231571e+308 ], [ -46.504390748818835, -23.703829113793592, -1.79769313486231571e+308 ], [ -46.504408801255508, -23.7038726873668, -1.79769313486231571e+308 ], [ -46.504429476681977, -23.703915406265729, -1.79769313486231571e+308 ], [ -46.504452674371578, -23.703957062367081, -1.79769313486231571e+308 ], [ -46.50447828130909, -23.703997452725353, -1.79769313486231571e+308 ], [ -46.504506172741316, -23.704036380561547, -1.79769313486231571e+308 ], [ -46.504536212784821, -23.704073656221937, -1.79769313486231571e+308 ], [ -46.504568255087946, -23.704109098102048, -1.79769313486231571e+308 ], [ -46.504602143543799, -23.704142533531435, -1.79769313486231571e+308 ], [ -46.504637713050791, -23.704173799614903, -1.79769313486231571e+308 ], [ -46.504674790317026, -23.70420274402623, -1.79769313486231571e+308 ], [ -46.504713194704529, -23.70422922575019, -1.79769313486231571e+308 ], [ -46.504752739109378, -23.704253115769696, -1.79769313486231571e+308 ], [ -46.50479323087324, -23.704274297694266, -1.79769313486231571e+308 ], [ -46.504834472722074, -23.70429266832717, -1.79769313486231571e+308 ], [ -46.504876263727184, -23.704308138168148, -1.79769313486231571e+308 ], [ -46.504918400284296, -23.704320631849495, -1.79769313486231571e+308 ], [ -46.50496067710543, -23.704330088503177, -1.79769313486231571e+308 ], [ -46.505002888219195, -23.704336462057494, -1.79769313486231571e+308 ], [ -46.505044827974238, -23.704339721461409, -1.79769313486231571e+308 ], [ -46.505086292041284, -23.704339850835893, -1.79769313486231571e+308 ], [ -46.505127078408627, -23.704336849551268, -1.79769313486231571e+308 ], [ -46.505166988366376, -23.70433073223025, -1.79769313486231571e+308 ], [ -46.505205827474619, -23.704321528676672, -1.79769313486231571e+308 ], [ -46.505243406510729, -23.704309283730328, -1.79769313486231571e+308 ], [ -46.505279542391328, -23.704294057048465, -1.79769313486231571e+308 ], [ -46.505314059064276, -23.704275922815057, -1.79769313486231571e+308 ], [ -46.505346788366381, -23.704254969379502, -1.79769313486231571e+308 ], [ -46.505377570842768, -23.704231298826034, -1.79769313486231571e+308 ], [ -46.505406256523656, -23.70420502647643, -1.79769313486231571e+308 ], [ -46.505432705655132, -23.704176280328142, -1.79769313486231571e+308 ], [ -46.505456789379878, -23.704145200430649, -1.79769313486231571e+308 ], [ -46.50547839036507, -23.70411193820318, -1.79769313486231571e+308 ], [ -46.505497403373916, -23.704076655696962, -1.79769313486231571e+308 ], [ -46.505513735778386, -23.704039524805676, -1.79769313486231571e+308 ], [ -46.505527308010443, -23.704000726428053, -1.79769313486231571e+308 ], [ -46.505538053949643, -23.703960449586507, -1.79769313486231571e+308 ], [ -46.505545921245243, -23.703918890506216, -1.79769313486231571e+308 ], [ -46.505550871571216, -23.703876251659135, -1.79769313486231571e+308 ], [ -46.505552880812878, -23.703832740777557, -1.79769313486231571e+308 ], [ -46.50555193918435, -23.703788569842086, -1.79769313486231571e+308 ], [ -46.505548051276172, -23.703743954048878, -1.79769313486231571e+308 ], [ -46.505541236032869, -23.703699110761182, -1.79769313486231571e+308 ], [ -46.505531526660597, -23.703654258450484, -1.79769313486231571e+308 ], [ -46.505518970465332, -23.703609615632029, -1.79769313486231571e+308 ], [ -46.505503628622307, -23.703565399800322, -1.79769313486231571e+308 ], [ -46.505485575877955, -23.70352182636951, -1.79769313486231571e+308 ], [ -46.505464900185657, -23.703479107623938, -1.79769313486231571e+308 ], [ -46.505441702277274, -23.703437451683918, -1.79769313486231571e+308 ], [ -46.505416095172258, -23.703397061491803, -1.79769313486231571e+308 ], [ -46.505388203627085, -23.703358133823365, -1.79769313486231571e+308 ], [ -46.505358163527369, -23.703320858329075, -1.79769313486231571e+308 ], [ -46.505326121225885, -23.703285416610157, -1.79769313486231571e+308 ], [ -46.50529223282949, -23.703251981333935, -1.79769313486231571e+308 ], [ -46.505256663438594, -23.703220715392604, -1.79769313486231571e+308 ], [ -46.505219586342861, -23.703191771109637, -1.79769313486231571e+308 ], [ -46.505181182176926, -23.703165289497747, -1.79769313486231571e+308 ], [ -46.505141638040413, -23.703141399571862, -1.79769313486231571e+308 ], [ -46.505101146586419, -23.70312021772062, -1.79769313486231571e+308 ], [ -46.505059905082973, -23.703101847139326, -1.79769313486231571e+308 ], [ -46.505018114452021, -23.703086377327249, -1.79769313486231571e+308 ], [ -46.504975978290588, -23.703073883651516, -1.79769313486231571e+308 ], [ -46.504933701878912, -23.70306442698006, -1.79769313486231571e+308 ], [ -46.504891491180459, -23.703058053384925, -1.79769313486231571e+308 ], [ -46.504849551838468, -23.703054793917943, -1.79769313486231571e+308 ], [ -46.50480808817418, -23.703054664459369, -1.79769313486231571e+308 ], [ -46.504767302191468, -23.703057665640529, -1.79769313486231571e+308 ], [ -46.504727392592734, -23.703063782840704, -1.79769313486231571e+308 ], [ -46.504688553810901, -23.703072986258423, -1.79769313486231571e+308 ], [ -46.504650975062241, -23.703085231056523, -1.79769313486231571e+308 ], [ -46.504614839424534, -23.703100457580668, -1.79769313486231571e+308 ] ] ] ] } },
{ "type": "Feature", "properties": { "fid": 48.0, "MODELO" : "GUARARA" }, "geometry": { "type": "MultiPolygon", "coordinates": [ [ [ [ -46.503416246575689, -23.707213766054622, -1.79769313486231571e+308 ], [ -46.503394155242979, -23.707225371723325, -1.79769313486231571e+308 ], [ -46.503373207819443, -23.707238781687778, -1.79769313486231571e+308 ], [ -46.503353506358387, -23.707253930616471, -1.79769313486231571e+308 ], [ -46.503335146843114, -23.707270744705855, -1.79769313486231571e+308 ], [ -46.503318218719251, -23.70728914203988, -1.79769313486231571e+308 ], [ -46.503302804459004, -23.70730903298902, -1.79769313486231571e+308 ], [ -46.503288979159365, -23.707330320647046, -1.79769313486231571e+308 ], [ -46.503276810176231, -23.707352901303008, -1.79769313486231571e+308 ], [ -46.503266356796246, -23.707376664946597, -1.79769313486231571e+308 ], [ -46.503257669947978, -23.707401495804021, -1.79769313486231571e+308 ], [ -46.503250791953732, -23.707427272902112, -1.79769313486231571e+308 ], [ -46.503245756323388, -23.707453870657616, -1.79769313486231571e+308 ], [ -46.50324258759111, -23.707481159489046, -1.79769313486231571e+308 ], [ -46.503241301195793, -23.707509006448046, -1.79769313486231571e+308 ], [ -46.503241903405829, -23.707537275866969, -1.79769313486231571e+308 ], [ -46.503244391288568, -23.707565830020009, -1.79769313486231571e+308 ], [ -46.503248752724502, -23.707594529794005, -1.79769313486231571e+308 ], [ -46.503254966466407, -23.707623235366345, -1.79769313486231571e+308 ], [ -46.503263002242718, -23.707651806886076, -1.79769313486231571e+308 ], [ -46.503272820905067, -23.707680105155294, -1.79769313486231571e+308 ], [ -46.503284374618936, -23.707707992307288, -1.79769313486231571e+308 ], [ -46.503297607096712, -23.707735332478237, -1.79769313486231571e+308 ], [ -46.503312453871899, -23.707761992469116, -1.79769313486231571e+308 ], [ -46.503328842613143, -23.707787842394648, -1.79769313486231571e+308 ], [ -46.503346693476644, -23.70781275631607, -1.79769313486231571e+308 ], [ -46.503365919495138, -23.707836612854823, -1.79769313486231571e+308 ], [ -46.503386427001551, -23.707859295783692, -1.79769313486231571e+308 ], [ -46.503408116085382, -23.707880694593271, -1.79769313486231571e+308 ], [ -46.50343088107941, -23.707900705030251, -1.79769313486231571e+308 ], [ -46.503454611074524, -23.707919229605366, -1.79769313486231571e+308 ], [ -46.503479190460062, -23.707936178068369, -1.79769313486231571e+308 ], [ -46.503504499487072, -23.707951467847714, -1.79769313486231571e+308 ], [ -46.503530414851717, -23.70796502445285, -1.79769313486231571e+308 ], [ -46.503556810296011, -23.707976781837147, -1.79769313486231571e+308 ], [ -46.503583557222974, -23.70798668271965, -1.79769313486231571e+308 ], [ -46.503610525323154, -23.707994678864182, -1.79769313486231571e+308 ], [ -46.503637583209489, -23.708000731314296, -1.79769313486231571e+308 ], [ -46.503664599057451, -23.708004810583112, -1.79769313486231571e+308 ], [ -46.503691441247312, -23.708006896796977, -1.79769313486231571e+308 ], [ -46.50371797900538, -23.708006979792273, -1.79769313486231571e+308 ], [ -46.503744083041155, -23.708005059164876, -1.79769313486231571e+308 ], [ -46.50376962617726, -23.70800114427221, -1.79769313486231571e+308 ], [ -46.503794483969024, -23.707995254187608, -1.79769313486231571e+308 ], [ -46.503818535310813, -23.707987417607352, -1.79769313486231571e+308 ], [ -46.503841663026051, -23.707977672710943, -1.79769313486231571e+308 ], [ -46.503863754438093, -23.707966066974993, -1.79769313486231571e+308 ], [ -46.50388470191924, -23.707952656941984, -1.79769313486231571e+308 ], [ -46.503904403415035, -23.707937507944742, -1.79769313486231571e+308 ], [ -46.503922762941521, -23.70792069378815, -1.79769313486231571e+308 ], [ -46.503939691052857, -23.707902296389584, -1.79769313486231571e+308 ], [ -46.503955105277072, -23.707882405379806, -1.79769313486231571e+308 ], [ -46.503968930517864, -23.70786111766623, -1.79769313486231571e+308 ], [ -46.503981099420507, -23.707838536960896, -1.79769313486231571e+308 ], [ -46.503991552699894, -23.707814773275064, -1.79769313486231571e+308 ], [ -46.504000239429445, -23.70778994238335, -1.79769313486231571e+308 ], [ -46.504007117289149, -23.707764165259601, -1.79769313486231571e+308 ], [ -46.504012152771743, -23.707737567487548, -1.79769313486231571e+308 ], [ -46.504015321345946, -23.707710278649024, -1.79769313486231571e+308 ], [ -46.504016607575942, -23.707682431692511, -1.79769313486231571e+308 ], [ -46.504016005196533, -23.707654162285603, -1.79769313486231571e+308 ], [ -46.504013517143711, -23.70762560815389, -1.79769313486231571e+308 ], [ -46.504009155540246, -23.707596908410093, -1.79769313486231571e+308 ], [ -46.504002941636656, -23.70756820287626, -1.79769313486231571e+308 ], [ -46.503994905707629, -23.707539631402582, -1.79769313486231571e+308 ], [ -46.503985086904528, -23.707511333186062, -1.79769313486231571e+308 ], [ -46.503973533064602, -23.707483446092397, -1.79769313486231571e+308 ], [ -46.503960300477907, -23.707456105984271, -1.79769313486231571e+308 ], [ -46.503945453613085, -23.707429446059479, -1.79769313486231571e+308 ], [ -46.503929064803209, -23.70740359620201, -1.79769313486231571e+308 ], [ -46.50391121389341, -23.707378682349297, -1.79769313486231571e+308 ], [ -46.50389198785188, -23.707354825878603, -1.79769313486231571e+308 ], [ -46.50387148034612, -23.707332143015769, -1.79769313486231571e+308 ], [ -46.50384979128664, -23.707310744268938, -1.79769313486231571e+308 ], [ -46.503827026340169, -23.707290733890193, -1.79769313486231571e+308 ], [ -46.503803296414894, -23.707272209367662, -1.79769313486231571e+308 ], [ -46.50377871712012, -23.707255260950578, -1.79769313486231571e+308 ], [ -46.503753408203032, -23.707239971209592, -1.79769313486231571e+308 ], [ -46.503727492965332, -23.707226414634508, -1.79769313486231571e+308 ], [ -46.503701097662521, -23.707214657271365, -1.79769313486231571e+308 ], [ -46.503674350888851, -23.707204756400706, -1.79769313486231571e+308 ], [ -46.50364738295076, -23.70719676025848, -1.79769313486231571e+308 ], [ -46.503620325232184, -23.7071907078011, -1.79769313486231571e+308 ], [ -46.503593309554361, -23.707186628515569, -1.79769313486231571e+308 ], [ -46.503566467533723, -23.707184542275879, -1.79769313486231571e+308 ], [ -46.503539929940665, -23.707184459246157, -1.79769313486231571e+308 ], [ -46.503513826062473, -23.707186379831164, -1.79769313486231571e+308 ], [ -46.503488283073452, -23.707190294674334, -1.79769313486231571e+308 ], [ -46.503463425415418, -23.707196184703289, -1.79769313486231571e+308 ], [ -46.503439374191409, -23.707204021222822, -1.79769313486231571e+308 ], [ -46.503416246575689, -23.707213766054622, -1.79769313486231571e+308 ] ] ] ] } },
{ "type": "Feature", "properties": { "fid": 49.0 , "MODELO" : "ORATORIO"}, "geometry": { "type": "MultiPolygon", "coordinates": [ [ [ [ -46.533314568730269, -23.61429005318729, 0.0 ], [ -46.533163954279324, -23.614199665394416, 0.0 ], [ -46.533154454474008, -23.614193238628612, 0.0 ], [ -46.533145512378667, -23.614185934312591, 0.0 ], [ -46.533136970114967, -23.614178016330875, 0.0 ], [ -46.533128669804519, -23.614169748567996, 0.0 ], [ -46.53312045356892, -23.614161394908486, 0.0 ], [ -46.533112163529708, -23.614153219236798, 0.0 ], [ -46.53310364180841, -23.614145485437355, 0.0 ], [ -46.533094730526486, -23.614138457394567, 0.0 ], [ -46.533085271805369, -23.614132398992844, 0.0 ], [ -46.533075107766408, -23.614127574116438, 0.0 ], [ -46.533064080530856, -23.614124246649695, 0.0 ], [ -46.533052503328832, -23.614121916264867, 0.0 ], [ -46.533040914728154, -23.614119709932666, 0.0 ], [ -46.533029317006097, -23.614117620295968, 0.0 ], [ -46.533017710493063, -23.614115643148427, 0.0 ], [ -46.533006095519454, -23.614113774283776, 0.0 ], [ -46.532994472415659, -23.614112009495749, 0.0 ], [ -46.532982841512094, -23.614110344578016, 0.0 ], [ -46.532971203139162, -23.614108775324326, 0.0 ], [ -46.532959557627265, -23.614107297528335, 0.0 ], [ -46.53294790530682, -23.614105906983795, 0.0 ], [ -46.532936246508214, -23.614104599484392, 0.0 ], [ -46.532924581561879, -23.614103370823866, 0.0 ], [ -46.532912910798217, -23.614102216795885, 0.0 ], [ -46.532901234547644, -23.614101133194175, 0.0 ], [ -46.532889553140578, -23.614100115812459, 0.0 ], [ -46.532877866907434, -23.614099160444429, 0.0 ], [ -46.532866176178615, -23.614098262883768, 0.0 ], [ -46.532854481284559, -23.614097418924231, 0.0 ], [ -46.53284278255569, -23.614096624359526, 0.0 ], [ -46.53283108032241, -23.61409587498332, 0.0 ], [ -46.532819374915157, -23.614095166589355, 0.0 ], [ -46.532807666664347, -23.614094494971329, 0.0 ], [ -46.532795955900419, -23.614093855922967, 0.0 ], [ -46.532784242953788, -23.614093245237957, 0.0 ], [ -46.532772528154894, -23.614092658709986, 0.0 ], [ -46.532760811834166, -23.614092092132818, 0.0 ], [ -46.532749094322035, -23.614091541300116, 0.0 ], [ -46.53273737594894, -23.614091002005633, 0.0 ], [ -46.532725657045305, -23.614090470043035, 0.0 ], [ -46.53271393794158, -23.614089941206053, 0.0 ], [ -46.53270221896819, -23.614089411288386, 0.0 ], [ -46.532690500455594, -23.614088876083759, 0.0 ], [ -46.532678782734209, -23.614088331385855, 0.0 ], [ -46.532667066134508, -23.614087772988409, 0.0 ], [ -46.532655350986907, -23.614087196685112, 0.0 ], [ -46.532643637621874, -23.614086598269704, 0.0 ], [ -46.532631926369845, -23.61408597353584, 0.0 ], [ -46.532620217561274, -23.614085318277272, 0.0 ], [ -46.532608511526611, -23.614084628287706, 0.0 ], [ -46.53259680859631, -23.614083899360828, 0.0 ], [ -46.532585109100815, -23.614083127290368, 0.0 ], [ -46.532573413370592, -23.614082307870028, 0.0 ], [ -46.532561721736094, -23.614081436893514, 0.0 ], [ -46.53255003452778, -23.614080510154533, 0.0 ], [ -46.532538352076109, -23.614079523446822, 0.0 ], [ -46.532526674711541, -23.614078472564046, 0.0 ], [ -46.532514740800643, -23.614076964603242, 0.0 ], [ -46.532502225380995, -23.614074520463056, 0.0 ], [ -46.532489216875284, -23.61407127952339, 0.0 ], [ -46.532475807022621, -23.614067386106285, 0.0 ], [ -46.532462087562074, -23.614062984533746, 0.0 ], [ -46.532448150232653, -23.614058219127877, 0.0 ], [ -46.5324340867733, -23.614053234210779, 0.0 ], [ -46.532419988922868, -23.614048174104589, 0.0 ], [ -46.532405948420163, -23.614043183131493, 0.0 ], [ -46.532392057003889, -23.614038405613698, 0.0 ], [ -46.532378406412704, -23.614033985873476, 0.0 ], [ -46.532365088385163, -23.614030068233113, 0.0 ], [ -46.532352194659801, -23.614026797014937, 0.0 ], [ -46.532339816975067, -23.614024316541322, 0.0 ], [ -46.532328047069377, -23.614022771134596, 0.0 ], [ -46.53231697668113, -23.61402230511721, 0.0 ], [ -46.532306697548677, -23.614023062811572, 0.0 ], [ -46.532297301410409, -23.614025188540133, 0.0 ], [ -46.532288880004707, -23.614028826625336, 0.0 ], [ -46.532281525069997, -23.614034121389587, 0.0 ], [ -46.532275328344795, -23.614041217155368, 0.0 ], [ -46.532270381567663, -23.614050258245054, 0.0 ], [ -46.531946843553733, -23.614808871737097, 0.0 ], [ -46.532031111783667, -23.614910123903577, 0.0 ], [ -46.532043200676945, -23.614923229979816, 0.0 ], [ -46.532056473083948, -23.614935068078029, 0.0 ], [ -46.532070828983649, -23.614945740798898, 0.0 ], [ -46.532086168354972, -23.614955350743248, 0.0 ], [ -46.532102391176814, -23.614964000511812, 0.0 ], [ -46.532119397428055, -23.614971792705383, 0.0 ], [ -46.532137087087584, -23.614978829924866, 0.0 ], [ -46.53215536013429, -23.614985214771064, 0.0 ], [ -46.532174116547097, -23.614991049844924, 0.0 ], [ -46.532193256304957, -23.614996437747362, 0.0 ], [ -46.532212679386845, -23.6150014810794, 0.0 ], [ -46.532232285771805, -23.615006282442039, 0.0 ], [ -46.532251975438918, -23.61501094443641, 0.0 ], [ -46.532271648367299, -23.615015569663644, 0.0 ], [ -46.532291204536136, -23.615020260724894, 0.0 ], [ -46.532310543924666, -23.615025120221397, 0.0 ], [ -46.532329566512161, -23.615030250754433, 0.0 ], [ -46.532348172277942, -23.615035754925348, 0.0 ], [ -46.532366261201382, -23.615041735335478, 0.0 ], [ -46.532383733261867, -23.61504829458622, 0.0 ], [ -46.532400488438817, -23.615055535279041, 0.0 ], [ -46.532416426711677, -23.615063560015408, 0.0 ], [ -46.532431448059867, -23.615072471396804, 0.0 ], [ -46.532445452462817, -23.61508237202478, 0.0 ], [ -46.532458339899932, -23.615093364500879, 0.0 ], [ -46.532466714652422, -23.615105534530521, 0.0 ], [ -46.532466354789349, -23.615118796914754, 0.0 ], [ -46.532458809676513, -23.615132980805111, 0.0 ], [ -46.532445692584865, -23.615147915015324, 0.0 ], [ -46.532428616785907, -23.615163428359025, 0.0 ], [ -46.532409195551857, -23.61517934965007, 0.0 ], [ -46.532389042155806, -23.615195507702889, 0.0 ], [ -46.532369769871735, -23.61521173133271, 0.0 ], [ -46.532352991974591, -23.615227849355453, 0.0 ], [ -46.532340321740215, -23.615243690587672, 0.0 ], [ -46.532333372445251, -23.615259083846077, 0.0 ], [ -46.532333757367034, -23.615273857947145, 0.0 ], [ -46.532342860669836, -23.615287903952098, 0.0 ], [ -46.532355713426305, -23.615302676347476, 0.0 ], [ -46.532369602704179, -23.615318593688649, 0.0 ], [ -46.53238438165409, -23.615335312088341, 0.0 ], [ -46.532399903426466, -23.615352487659315, 0.0 ], [ -46.532416021171485, -23.615369776514402, 0.0 ], [ -46.532432588039121, -23.615386834766518, 0.0 ], [ -46.532449457179048, -23.615403318528596, 0.0 ], [ -46.53246648174072, -23.615418883913723, 0.0 ], [ -46.532483514873284, -23.61543318703502, 0.0 ], [ -46.532500409725678, -23.615445884005677, 0.0 ], [ -46.532517019446587, -23.615456630938997, 0.0 ], [ -46.53253319718452, -23.61546508394833, 0.0 ], [ -46.532548796087802, -23.615470899147091, 0.0 ], [ -46.532563669304658, -23.615473732648777, 0.0 ], [ -46.532577669983219, -23.615473240566903, 0.0 ], [ -46.53259065127164, -23.615469079015057, 0.0 ], [ -46.532602466318124, -23.615460904106815, 0.0 ], [ -46.53261363684593, -23.61545044088156, 0.0 ], [ -46.532624798562921, -23.615439699385387, 0.0 ], [ -46.532635951361641, -23.615428687618575, 0.0 ], [ -46.532647095109361, -23.615417413502513, 0.0 ], [ -46.532658229673352, -23.615405884958566, 0.0 ], [ -46.532669354920856, -23.615394109908117, 0.0 ], [ -46.532680470719171, -23.615382096272519, 0.0 ], [ -46.532691576935562, -23.615369851973149, 0.0 ], [ -46.532702673437299, -23.615357384931393, 0.0 ], [ -46.532713760091667, -23.615344703068594, 0.0 ], [ -46.532724836765951, -23.615331814306135, 0.0 ], [ -46.532735903327428, -23.615318726565377, 0.0 ], [ -46.532746959643383, -23.615305447767724, 0.0 ], [ -46.532758005581115, -23.615291985834546, 0.0 ], [ -46.53276904100791, -23.615278348687156, 0.0 ], [ -46.532780065791066, -23.615264544246958, 0.0 ], [ -46.532791079797882, -23.615250580435344, 0.0 ], [ -46.532802082895657, -23.615236465173663, 0.0 ], [ -46.532813074951683, -23.615222206383283, 0.0 ], [ -46.532824055833288, -23.615207811985588, 0.0 ], [ -46.532835025407756, -23.61519328990191, 0.0 ], [ -46.532845983542416, -23.615178648053689, 0.0 ], [ -46.532856930104572, -23.615163894362215, 0.0 ], [ -46.532867864961538, -23.615149036748921, 0.0 ], [ -46.532878787980643, -23.615134083135157, 0.0 ], [ -46.532889699029198, -23.61511904144227, 0.0 ], [ -46.532900597974525, -23.615103919591647, 0.0 ], [ -46.532911484683964, -23.61508872550467, 0.0 ], [ -46.532922359024823, -23.615073467102693, 0.0 ], [ -46.53293322086445, -23.615058152307085, 0.0 ], [ -46.532944070070172, -23.615042789039233, 0.0 ], [ -46.532954906509318, -23.615027385220476, 0.0 ], [ -46.532965730049234, -23.615011948772221, 0.0 ], [ -46.532976540557264, -23.614996487615798, 0.0 ], [ -46.532987337900749, -23.614981009672611, 0.0 ], [ -46.532998121947031, -23.614965522864011, 0.0 ], [ -46.533008892563451, -23.614950035111363, 0.0 ], [ -46.53301964961738, -23.614934554336045, 0.0 ], [ -46.533030392976151, -23.614919088459427, 0.0 ], [ -46.533041122507136, -23.614903645402862, 0.0 ], [ -46.533051838077675, -23.614888233087754, 0.0 ], [ -46.533062539555146, -23.614872859435444, 0.0 ], [ -46.533073226806899, -23.614857532367321, 0.0 ], [ -46.533083899700301, -23.614842259804725, 0.0 ], [ -46.533094558102725, -23.614827049669046, 0.0 ], [ -46.53310520188154, -23.614811909881638, 0.0 ], [ -46.533115830904109, -23.614796848363884, 0.0 ], [ -46.533126445041717, -23.614781873037309, 0.0 ], [ -46.533137548919562, -23.614767008658283, 0.0 ], [ -46.533149547652158, -23.614752262789782, 0.0 ], [ -46.533162300412258, -23.61473761790548, 0.0 ], [ -46.533175666372699, -23.614723056479001, 0.0 ], [ -46.533189504706364, -23.614708560984045, 0.0 ], [ -46.53320367458619, -23.61469411389433, 0.0 ], [ -46.533218035185172, -23.614679697683655, 0.0 ], [ -46.533232445676383, -23.614665294825787, 0.0 ], [ -46.533246765232931, -23.614650887794667, 0.0 ], [ -46.53326085302799, -23.614636459064169, 0.0 ], [ -46.533274568234802, -23.61462199110829, 0.0 ], [ -46.533287770026647, -23.614607466401019, 0.0 ], [ -46.533300317576888, -23.61459286741643, 0.0 ], [ -46.533312070058919, -23.614578176628601, 0.0 ], [ -46.533322886646232, -23.614563376511644, 0.0 ], [ -46.533332626512355, -23.614548449539704, 0.0 ], [ -46.533341148830885, -23.614533378186938, 0.0 ], [ -46.533348312775502, -23.614518144927498, 0.0 ], [ -46.533353977519937, -23.61450273223549, 0.0 ], [ -46.533358002238018, -23.614487122585079, 0.0 ], [ -46.533360246103634, -23.614471298450304, 0.0 ], [ -46.533360568290746, -23.614455242305191, 0.0 ], [ -46.533358827973423, -23.614438936623703, 0.0 ], [ -46.533354884325803, -23.614422363879701, 0.0 ], [ -46.533314568730269, -23.61429005318729, 0.0 ] ] ] ] } },
{ "type": "Feature", "properties": { "fid": 50.0, "MODELO" : "TAMCENTRAL" }, "geometry": { "type": "MultiPolygon", "coordinates": [ [ [ [ -46.544161006897433, -23.625549504333378, 0.0 ], [ -46.544403517411254, -23.625680306653411, 0.0 ], [ -46.54441349703076, -23.625684802971261, 0.0 ], [ -46.544423737562404, -23.625687746685628, 0.0 ], [ -46.544434200871876, -23.625689236288739, 0.0 ], [ -46.544444848824895, -23.625689370272816, 0.0 ], [ -46.544455643287172, -23.625688247130061, 0.0 ], [ -46.544466546124475, -23.625685965352734, 0.0 ], [ -46.544477519202573, -23.625682623433047, 0.0 ], [ -46.544488524387305, -23.62567831986329, 0.0 ], [ -46.544499523544509, -23.625673153135697, 0.0 ], [ -46.54451047854009, -23.625667221742532, 0.0 ], [ -46.544521351239993, -23.625660624176103, 0.0 ], [ -46.544532103510178, -23.625653458928667, 0.0 ], [ -46.544542697216691, -23.625645824492526, 0.0 ], [ -46.544553094225577, -23.625637819360001, 0.0 ], [ -46.544563256402959, -23.625629542023386, 0.0 ], [ -46.54457314561499, -23.625621090974999, 0.0 ], [ -46.544582723727849, -23.625612564707151, 0.0 ], [ -46.544591753411773, -23.625603936404019, 0.0 ], [ -46.544599986657133, -23.625595086601006, 0.0 ], [ -46.544607476618552, -23.625586031930876, 0.0 ], [ -46.544614277928474, -23.625576789818279, 0.0 ], [ -46.544620445219358, -23.625567377687791, 0.0 ], [ -46.544626033123627, -23.625557812964022, 0.0 ], [ -46.544631096273704, -23.625548113071559, 0.0 ], [ -46.544635689302019, -23.625538295434961, 0.0 ], [ -46.54463986684096, -23.62552837747878, 0.0 ], [ -46.544643683522921, -23.625518376627618, 0.0 ], [ -46.544647193980289, -23.625508310305936, 0.0 ], [ -46.54465045284541, -23.625498195938341, 0.0 ], [ -46.544653514750649, -23.625488050949293, 0.0 ], [ -46.54465643432831, -23.625477892763382, 0.0 ], [ -46.544659266210729, -23.625467738805092, 0.0 ], [ -46.544662065030195, -23.625457606498969, 0.0 ], [ -46.54466488541901, -23.625447513269517, 0.0 ], [ -46.544667782009419, -23.625437476541236, 0.0 ], [ -46.544670809433676, -23.625427513738654, 0.0 ], [ -46.544674022324031, -23.625417642286269, 0.0 ], [ -46.544677475312696, -23.625407879608584, 0.0 ], [ -46.544681223031894, -23.62539824313011, 0.0 ], [ -46.544685320113793, -23.625388750275295, 0.0 ], [ -46.544689821190595, -23.625379418468675, 0.0 ], [ -46.544694780894474, -23.625370265134702, 0.0 ], [ -46.544700253857577, -23.625361307697837, 0.0 ], [ -46.544706294712064, -23.625352563582528, 0.0 ], [ -46.544712958008702, -23.625344050186946, 0.0 ], [ -46.544719979039741, -23.625335681929464, 0.0 ], [ -46.544727075616564, -23.625327368240317, 0.0 ], [ -46.544734246858503, -23.625319109597953, 0.0 ], [ -46.544741491884928, -23.625310906480887, 0.0 ], [ -46.544748809815168, -23.625302759367468, 0.0 ], [ -46.544756199768578, -23.625294668736263, 0.0 ], [ -46.544763660864511, -23.62528663506566, 0.0 ], [ -46.544771192222306, -23.625278658834134, 0.0 ], [ -46.544778792961317, -23.625270740520133, 0.0 ], [ -46.544786462200904, -23.625262880602115, 0.0 ], [ -46.544794199060398, -23.625255079558542, 0.0 ], [ -46.544802002659175, -23.625247337867851, 0.0 ], [ -46.544809872116566, -23.62523965600851, 0.0 ], [ -46.544817806551933, -23.625232034458982, 0.0 ], [ -46.544825805084628, -23.62522447369771, 0.0 ], [ -46.544833866834004, -23.625216974203155, 0.0 ], [ -46.544841990919416, -23.625209536453774, 0.0 ], [ -46.544850176460209, -23.625202160928016, 0.0 ], [ -46.54485842257575, -23.625194848104343, 0.0 ], [ -46.544866728385394, -23.625187598461192, 0.0 ], [ -46.544875093008493, -23.625180412477054, 0.0 ], [ -46.544883515564401, -23.625173290630357, 0.0 ], [ -46.544891995172478, -23.625166233399579, 0.0 ], [ -46.544900530952084, -23.625159241263155, 0.0 ], [ -46.544909122022567, -23.625152314699545, 0.0 ], [ -46.5449177675033, -23.625145454187201, 0.0 ], [ -46.544926466513623, -23.625138660204595, 0.0 ], [ -46.54493521817291, -23.625131933230186, 0.0 ], [ -46.544944021600521, -23.625125273742405, 0.0 ], [ -46.544952875915811, -23.62511868221975, 0.0 ], [ -46.544961780238133, -23.625112159140627, 0.0 ], [ -46.54497073368686, -23.625105704983564, 0.0 ], [ -46.544979735381361, -23.625099320226941, 0.0 ], [ -46.544988784440982, -23.625093005349239, 0.0 ], [ -46.544997879985083, -23.625086760828943, 0.0 ], [ -46.545007215806422, -23.625080935360675, 0.0 ], [ -46.545017070626628, -23.625076030056192, 0.0 ], [ -46.545027403159544, -23.625071973972506, 0.0 ], [ -46.545038168318314, -23.625068689370458, 0.0 ], [ -46.54504932101608, -23.625066098510807, 0.0 ], [ -46.545060816165986, -23.625064123654383, 0.0 ], [ -46.545072608681139, -23.625062687061998, 0.0 ], [ -46.545084653474646, -23.625061710994476, 0.0 ], [ -46.545096905459602, -23.625061117712665, 0.0 ], [ -46.545109319549063, -23.625060829477423, 0.0 ], [ -46.545121850656066, -23.625060768549627, 0.0 ], [ -46.545134453693635, -23.62506085719016, 0.0 ], [ -46.54514708357474, -23.62506101765992, 0.0 ], [ -46.545159695212334, -23.625061172219873, 0.0 ], [ -46.545172243519346, -23.625061243130904, 0.0 ], [ -46.545184683408671, -23.625061152653974, 0.0 ], [ -46.545196969793174, -23.625060823050063, 0.0 ], [ -46.545209057585701, -23.625060176580167, 0.0 ], [ -46.545220901699075, -23.625059135505285, 0.0 ], [ -46.545232457046083, -23.625057622086398, 0.0 ], [ -46.545243678539507, -23.625055558584577, 0.0 ], [ -46.545254521092112, -23.625052867260816, 0.0 ], [ -46.545264939616644, -23.625049470376222, 0.0 ], [ -46.545274889025862, -23.625045290191775, 0.0 ], [ -46.545284324232505, -23.62504024896862, 0.0 ], [ -46.545293200149317, -23.625034268967759, 0.0 ], [ -46.545301471689086, -23.625027272450311, 0.0 ], [ -46.545309093764573, -23.625019181677324, 0.0 ], [ -46.545316089512504, -23.625010174988031, 0.0 ], [ -46.545322661583825, -23.62500102486856, 0.0 ], [ -46.545328846653639, -23.624991792858889, 0.0 ], [ -46.545334666563129, -23.624982481789669, 0.0 ], [ -46.545340143153517, -23.624973094491544, 0.0 ], [ -46.545345298265993, -23.624963633795144, 0.0 ], [ -46.545350153741772, -23.624954102531145, 0.0 ], [ -46.545354731422023, -23.624944503530134, 0.0 ], [ -46.545359053147948, -23.624934839622757, 0.0 ], [ -46.54536314076072, -23.624925113639669, 0.0 ], [ -46.545367016101508, -23.624915328411429, 0.0 ], [ -46.545370701011493, -23.624905486768711, 0.0 ], [ -46.545374217331826, -23.624895591542128, 0.0 ], [ -46.545377586903669, -23.624885645562262, 0.0 ], [ -46.545380831568174, -23.624875651659753, 0.0 ], [ -46.54538397316648, -23.624865612665197, 0.0 ], [ -46.545387033539718, -23.624855531409214, 0.0 ], [ -46.545390034529042, -23.624845410722433, 0.0 ], [ -46.545392997975569, -23.624835253435396, 0.0 ], [ -46.545395945720408, -23.624825062378772, 0.0 ], [ -46.545398899604663, -23.624814840383142, 0.0 ], [ -46.545401881469466, -23.624804590279108, 0.0 ], [ -46.545404913155892, -23.624794314897283, 0.0 ], [ -46.545407956912982, -23.624784016452193, 0.0 ], [ -46.545410936012665, -23.624773696248919, 0.0 ], [ -46.5454138499965, -23.624763356050682, 0.0 ], [ -46.545416699039862, -23.624752997625986, 0.0 ], [ -46.545419483318099, -23.624742622743337, 0.0 ], [ -46.545422203006567, -23.624732233171223, 0.0 ], [ -46.545424858280647, -23.624721830678148, 0.0 ], [ -46.545427449315682, -23.624711417032621, 0.0 ], [ -46.545429976287039, -23.624700994003128, 0.0 ], [ -46.545432439370074, -23.624690563358204, 0.0 ], [ -46.545434838740157, -23.624680126866313, 0.0 ], [ -46.545437174572626, -23.624669686295967, 0.0 ], [ -46.545439447042867, -23.624659243415671, 0.0 ], [ -46.545441656326233, -23.624648799993917, 0.0 ], [ -46.545443802598079, -23.624638357799196, 0.0 ], [ -46.545445886033768, -23.624627918600037, 0.0 ], [ -46.545447906808654, -23.624617484164929, 0.0 ], [ -46.545449865098114, -23.624607056262356, 0.0 ], [ -46.545451761077494, -23.624596636660851, 0.0 ], [ -46.545453594922165, -23.624586227128869, 0.0 ], [ -46.545455366807474, -23.624575829434942, 0.0 ], [ -46.545457076908797, -23.624565445347557, 0.0 ], [ -46.545458725401481, -23.624555076635215, 0.0 ], [ -46.545460312460897, -23.624544725066421, 0.0 ], [ -46.545461838262398, -23.624534392409686, 0.0 ], [ -46.545463302981346, -23.624524080433456, 0.0 ], [ -46.545464706793105, -23.624513790906306, 0.0 ], [ -46.545466049873035, -23.624503525596698, 0.0 ], [ -46.545467332396491, -23.624493286273108, 0.0 ], [ -46.545468554538836, -23.624483074704077, 0.0 ], [ -46.545469716475424, -23.624472892658087, 0.0 ], [ -46.545470818381624, -23.624462741903621, 0.0 ], [ -46.545471860432798, -23.624452624209191, 0.0 ], [ -46.545472842804287, -23.624442541343328, 0.0 ], [ -46.545473503827104, -23.624432502881465, 0.0 ], [ -46.545472302343747, -23.62442255704503, 0.0 ], [ -46.545469202554095, -23.624412707961781, 0.0 ], [ -46.545464464157526, -23.62440295100733, 0.0 ], [ -46.545458346853344, -23.624393281557278, 0.0 ], [ -46.545451110340778, -23.624383694987259, 0.0 ], [ -46.545443014318955, -23.624374186672888, 0.0 ], [ -46.545434318486933, -23.62436475198983, 0.0 ], [ -46.545425282543725, -23.624355386313841, 0.0 ], [ -46.545416166188232, -23.624346085020676, 0.0 ], [ -46.545407229119313, -23.624336843486212, 0.0 ], [ -46.54539873103576, -23.624327657086347, 0.0 ], [ -46.545390931636284, -23.624318521197079, 0.0 ], [ -46.545384090619535, -23.624309431194384, 0.0 ], [ -46.545378467684095, -23.624300382454354, 0.0 ], [ -46.545374322528495, -23.624291370353049, 0.0 ], [ -46.545371914851167, -23.624282390266547, 0.0 ], [ -46.545371504350491, -23.624273437570853, 0.0 ], [ -46.54537335072478, -23.624264507641971, 0.0 ], [ -46.545377376175217, -23.624255626144507, 0.0 ], [ -46.545382221782603, -23.624246916627051, 0.0 ], [ -46.545387665975539, -23.624238377825041, 0.0 ], [ -46.545393653744796, -23.624229992324182, 0.0 ], [ -46.54540013008117, -23.624221742710123, 0.0 ], [ -46.545407039975466, -23.624213611568557, 0.0 ], [ -46.545414328418509, -23.624205581485139, 0.0 ], [ -46.545421940401134, -23.62419763504554, 0.0 ], [ -46.545429820914165, -23.624189754835477, 0.0 ], [ -46.545437914948479, -23.624181923440624, 0.0 ], [ -46.545446167494944, -23.624174123446725, 0.0 ], [ -46.545454523544414, -23.624166337439469, 0.0 ], [ -46.545462928087787, -23.624158548004601, 0.0 ], [ -46.545471326115958, -23.624150737727842, 0.0 ], [ -46.545479662619833, -23.624142889194971, 0.0 ], [ -46.545487882590315, -23.624134984991748, 0.0 ], [ -46.545495931018344, -23.624127007703944, 0.0 ], [ -46.545503752894838, -23.624118939917338, 0.0 ], [ -46.545511293210751, -23.624110764217736, 0.0 ], [ -46.545518496957044, -23.624102463190937, 0.0 ], [ -46.545525309124677, -23.624094019422753, 0.0 ], [ -46.545531674704641, -23.624085415499, 0.0 ], [ -46.545537538687931, -23.624076634005519, 0.0 ], [ -46.545542872182729, -23.624067664283718, 0.0 ], [ -46.545548042822681, -23.624058599903183, 0.0 ], [ -46.545553185864023, -23.624049478064531, 0.0 ], [ -46.545558301567226, -23.624040301526822, 0.0 ], [ -46.54556339019279, -23.624031073049075, 0.0 ], [ -46.545568452001191, -23.624021795390327, 0.0 ], [ -46.545573487252902, -23.624012471309609, 0.0 ], [ -46.545578496208435, -23.624003103565975, 0.0 ], [ -46.545583479128247, -23.623993694918422, 0.0 ], [ -46.545588436272844, -23.623984248126025, 0.0 ], [ -46.545593367902711, -23.6239747659478, 0.0 ], [ -46.545598274278333, -23.623965251142767, 0.0 ], [ -46.545603155660189, -23.623955706469975, 0.0 ], [ -46.545608012308776, -23.623946134688449, 0.0 ], [ -46.54561284448458, -23.623936538557235, 0.0 ], [ -46.545617652448087, -23.623926920835363, 0.0 ], [ -46.545622436459787, -23.623917284281877, 0.0 ], [ -46.545627196780174, -23.623907631655761, 0.0 ], [ -46.545631933669725, -23.623897965716115, 0.0 ], [ -46.545636647388946, -23.623888289221945, 0.0 ], [ -46.545641338198301, -23.623878604932251, 0.0 ], [ -46.545646006358311, -23.623868915606121, 0.0 ], [ -46.545650652129446, -23.623859224002555, 0.0 ], [ -46.545655275772198, -23.623849532880609, 0.0 ], [ -46.545659877547067, -23.623839844999271, 0.0 ], [ -46.545664457714537, -23.623830163117631, 0.0 ], [ -46.545669016535101, -23.623820489994689, 0.0 ], [ -46.545673554269257, -23.623810828389491, 0.0 ], [ -46.545678071177484, -23.623801181061076, 0.0 ], [ -46.545682567520274, -23.623791550768431, 0.0 ], [ -46.545687313868711, -23.62378182082157, 0.0 ], [ -46.545692507339787, -23.62377188523535, 0.0 ], [ -46.545698019506631, -23.623761770660511, 0.0 ], [ -46.545703721909831, -23.6237515037616, 0.0 ], [ -46.545709486090026, -23.623741111203188, 0.0 ], [ -46.545715183587888, -23.623730619649827, 0.0 ], [ -46.545720685944147, -23.623720055766125, 0.0 ], [ -46.545725864699577, -23.623709446216683, 0.0 ], [ -46.545730591394992, -23.623698817666149, 0.0 ], [ -46.545734737571259, -23.623688196779106, 0.0 ], [ -46.545738174769291, -23.623677610220206, 0.0 ], [ -46.545740774530032, -23.623667084654134, 0.0 ], [ -46.545742408394482, -23.623656646745449, 0.0 ], [ -46.545742947903676, -23.623646323158823, 0.0 ], [ -46.545742264598665, -23.623636140558858, 0.0 ], [ -46.545740230020556, -23.623626125610073, 0.0 ], [ -46.545736715710468, -23.623616304977023, 0.0 ], [ -46.545731593209538, -23.623606705324175, 0.0 ], [ -46.545724864568889, -23.62359744787225, 0.0 ], [ -46.54571717629522, -23.623589040730032, 0.0 ], [ -46.545708692838751, -23.623581525026651, 0.0 ], [ -46.545699482630347, -23.623574864738416, 0.0 ], [ -46.545689614100844, -23.623569023841586, 0.0 ], [ -46.545679155681036, -23.623563966312453, 0.0 ], [ -46.545668175801708, -23.623559656127323, 0.0 ], [ -46.545656742893634, -23.623556057262515, 0.0 ], [ -46.545644925387592, -23.623553133694354, 0.0 ], [ -46.545632791714318, -23.623550849399194, 0.0 ], [ -46.545620410304579, -23.623549168353389, 0.0 ], [ -46.545607849589139, -23.623548054533344, 0.0 ], [ -46.545595177998777, -23.623547471915462, 0.0 ], [ -46.545582463964259, -23.623547384476183, 0.0 ], [ -46.545569775916398, -23.623547756191964, 0.0 ], [ -46.545557182285997, -23.62354855103926, 0.0 ], [ -46.54554475150389, -23.623549732994579, 0.0 ], [ -46.545532552000928, -23.623551266034436, 0.0 ], [ -46.545520652207983, -23.623553114135369, 0.0 ], [ -46.545509120555955, -23.623555241273927, 0.0 ], [ -46.545498025475759, -23.62355761142668, 0.0 ], [ -46.545487435398329, -23.62356018857022, 0.0 ], [ -46.54547694762519, -23.623562898719868, 0.0 ], [ -46.545466105733375, -23.623565707626362, 0.0 ], [ -46.545454986520348, -23.623568648078546, 0.0 ], [ -46.545443667246275, -23.623571752913001, 0.0 ], [ -46.545432225171311, -23.623575054966349, 0.0 ], [ -46.545420737555609, -23.623578587075215, 0.0 ], [ -46.545409281659339, -23.62358238207629, 0.0 ], [ -46.545397934742631, -23.623586472806256, 0.0 ], [ -46.545386774065648, -23.623590892101767, 0.0 ], [ -46.545375876888556, -23.623595672799627, 0.0 ], [ -46.545365320471511, -23.623600847736533, 0.0 ], [ -46.545355182074694, -23.623606449749285, 0.0 ], [ -46.545345538958266, -23.623612511674651, 0.0 ], [ -46.545336468382459, -23.623619066349431, 0.0 ], [ -46.54532804760747, -23.623626146610427, 0.0 ], [ -46.545320353893551, -23.623633785294462, 0.0 ], [ -46.545313464500978, -23.623642015238371, 0.0 ], [ -46.545307456690047, -23.623650869278961, 0.0 ], [ -46.544161006897433, -23.625549504333378, 0.0 ] ] ] ] } },
{ "type": "Feature", "properties": { "fid": 52.0 , "MODELO" : "MENINOS"}, "geometry": { "type": "MultiPolygon", "coordinates": [ [ [ [ -46.552805107160715, -23.664507723964149, 0.0 ], [ -46.552922110835681, -23.664596287121153, 0.0 ], [ -46.552778408118215, -23.664532857081053, 0.0 ], [ -46.552768639020087, -23.664529584716529, 0.0 ], [ -46.552758859154615, -23.664528257522445, 0.0 ], [ -46.552749071642147, -23.664528682664731, 0.0 ], [ -46.552739279603038, -23.664530667309233, 0.0 ], [ -46.552729486157766, -23.664534018621875, 0.0 ], [ -46.552719694426806, -23.664538543768579, 0.0 ], [ -46.55270990753074, -23.664544049915204, 0.0 ], [ -46.552700128590168, -23.664550344227656, 0.0 ], [ -46.552690360725791, -23.664557233871815, 0.0 ], [ -46.552680607058328, -23.66456452601356, 0.0 ], [ -46.552670870708582, -23.664572027818803, 0.0 ], [ -46.552661154797384, -23.664579546453417, 0.0 ], [ -46.552651462445645, -23.66458688908325, 0.0 ], [ -46.552641807963276, -23.664593876361362, 0.0 ], [ -46.552632451022802, -23.664600688331081, 0.0 ], [ -46.552623486062629, -23.664607466152916, 0.0 ], [ -46.552614895261264, -23.664614239411197, 0.0 ], [ -46.552606660797231, -23.664621037690299, 0.0 ], [ -46.552598764849023, -23.664627890574508, 0.0 ], [ -46.552591189595148, -23.664634827648168, 0.0 ], [ -46.552583917214086, -23.664641878495608, 0.0 ], [ -46.55257692988431, -23.664649072701145, 0.0 ], [ -46.552570209784292, -23.664656439849072, 0.0 ], [ -46.552563739092491, -23.664664009523719, 0.0 ], [ -46.552557499987365, -23.664671811309397, 0.0 ], [ -46.552551474647345, -23.66467987479038, 0.0 ], [ -46.552545645250881, -23.664688229550968, 0.0 ], [ -46.552539993976396, -23.664696905175472, 0.0 ], [ -46.552534506895228, -23.664705881844259, 0.0 ], [ -46.552529190843302, -23.664714920415516, 0.0 ], [ -46.552524041724823, -23.664723984566781, 0.0 ], [ -46.552519052943595, -23.664733073726474, 0.0 ], [ -46.552514217903386, -23.664742187322961, 0.0 ], [ -46.552509530007981, -23.664751324784675, 0.0 ], [ -46.552504982661169, -23.664760485540018, 0.0 ], [ -46.552500569266705, -23.664769669017364, 0.0 ], [ -46.552496283228379, -23.664778874645133, 0.0 ], [ -46.55249211794996, -23.664788101851727, 0.0 ], [ -46.552488066835217, -23.664797350065506, 0.0 ], [ -46.552484123287925, -23.664806618714923, 0.0 ], [ -46.552480280711855, -23.664815907228348, 0.0 ], [ -46.552476532510752, -23.664825215034153, 0.0 ], [ -46.552472872088408, -23.664834541560769, 0.0 ], [ -46.552469292848578, -23.664843886236572, 0.0 ], [ -46.552465788195008, -23.664853248489965, 0.0 ], [ -46.552462351531474, -23.664862627749322, 0.0 ], [ -46.552458976261725, -23.664872023443053, 0.0 ], [ -46.552455655789522, -23.664881434999536, 0.0 ], [ -46.552452383518613, -23.664890861847148, 0.0 ], [ -46.552449152852745, -23.664900303414313, 0.0 ], [ -46.55244595719568, -23.664909759129422, 0.0 ], [ -46.552442789951165, -23.664919228420839, 0.0 ], [ -46.552439644522934, -23.664928710716943, 0.0 ], [ -46.552436514314749, -23.664938205446166, 0.0 ], [ -46.552433392730329, -23.664947712036867, 0.0 ], [ -46.552430345222696, -23.664957244912646, 0.0 ], [ -46.552427581261647, -23.664966847662452, 0.0 ], [ -46.552425095365201, -23.664976518258907, 0.0 ], [ -46.552422865935711, -23.664986251291506, 0.0 ], [ -46.552420871375546, -23.664996041349674, 0.0 ], [ -46.552419090087035, -23.665005883022832, 0.0 ], [ -46.552417500472529, -23.665015770900435, 0.0 ], [ -46.552416080934357, -23.665025699571903, 0.0 ], [ -46.552414809874847, -23.665035663626661, 0.0 ], [ -46.552413665696335, -23.665045657654165, 0.0 ], [ -46.552412626801114, -23.665055676243824, 0.0 ], [ -46.552411671591507, -23.665065713985097, 0.0 ], [ -46.552410778469813, -23.665075765467392, 0.0 ], [ -46.55240992583834, -23.665085825280133, 0.0 ], [ -46.55240909209936, -23.665095888012768, 0.0 ], [ -46.552408255655166, -23.66510594825473, 0.0 ], [ -46.55240739490803, -23.665116000595415, 0.0 ], [ -46.552406488260232, -23.665126039624273, 0.0 ], [ -46.552405514114021, -23.665136059930749, 0.0 ], [ -46.55240445087167, -23.665146056104273, 0.0 ], [ -46.552403276935415, -23.665156022734244, 0.0 ], [ -46.552401970707507, -23.66516595441011, 0.0 ], [ -46.552400510590182, -23.665175845721283, 0.0 ], [ -46.552398874985677, -23.665185691257207, 0.0 ], [ -46.552397042296214, -23.665195485607338, 0.0 ], [ -46.552394990924007, -23.665205223361024, 0.0 ], [ -46.55239269927128, -23.665214899107745, 0.0 ], [ -46.552390145740233, -23.6652245074369, 0.0 ], [ -46.552387308733067, -23.665234042937911, 0.0 ], [ -46.55238416665199, -23.665243500200198, 0.0 ], [ -46.552380685784385, -23.665252860049854, 0.0 ], [ -46.552376711535139, -23.665261955991856, 0.0 ], [ -46.552372222727691, -23.665270752356452, 0.0 ], [ -46.552367244955491, -23.665279264246276, 0.0 ], [ -46.552361803811962, -23.665287506763963, 0.0 ], [ -46.55235592489057, -23.665295495012089, 0.0 ], [ -46.552349633784758, -23.665303244093288, 0.0 ], [ -46.552342956088005, -23.665310769110153, 0.0 ], [ -46.552335917393783, -23.6653180851653, 0.0 ], [ -46.552328543295573, -23.665325207361363, 0.0 ], [ -46.552320859386867, -23.665332150800921, 0.0 ], [ -46.55231289126116, -23.665338930586625, 0.0 ], [ -46.552304664511944, -23.665345561821077, 0.0 ], [ -46.552296204732713, -23.665352059606892, 0.0 ], [ -46.552287537516982, -23.665358439046738, 0.0 ], [ -46.552278688458252, -23.665364715243204, 0.0 ], [ -46.552269683150044, -23.665370903298978, 0.0 ], [ -46.552260547185853, -23.665377018316644, 0.0 ], [ -46.552251306159192, -23.665383075398907, 0.0 ], [ -46.552241985663592, -23.665389089648393, 0.0 ], [ -46.552232611292546, -23.665395076167759, 0.0 ], [ -46.552223208639589, -23.665401050059703, 0.0 ], [ -46.55221380329823, -23.665407026426873, 0.0 ], [ -46.552204420861983, -23.665413020371961, 0.0 ], [ -46.552195086924364, -23.665419046997641, 0.0 ], [ -46.552185827078901, -23.665425121406614, 0.0 ], [ -46.552176666919117, -23.665431258701577, 0.0 ], [ -46.552167632038525, -23.665437473985225, 0.0 ], [ -46.552158748030664, -23.665443782360278, 0.0 ], [ -46.552150040489032, -23.665450198929459, 0.0 ], [ -46.552141535007188, -23.665456738795474, 0.0 ], [ -46.552133257178653, -23.665463417061044, 0.0 ], [ -46.552125232596943, -23.665470248828907, 0.0 ], [ -46.552117486855622, -23.6654772492018, 0.0 ], [ -46.552110045548218, -23.665484433282437, 0.0 ], [ -46.552102934268277, -23.665491816173574, 0.0 ], [ -46.552096178609361, -23.665499412977969, 0.0 ], [ -46.552089804165021, -23.665507238798337, 0.0 ], [ -46.552083649690374, -23.665515401191232, 0.0 ], [ -46.552077260923468, -23.665524129908338, 0.0 ], [ -46.55207071094398, -23.665533370562244, 0.0 ], [ -46.552064104274571, -23.66554305256513, 0.0 ], [ -46.552057545437961, -23.665553105329149, 0.0 ], [ -46.552051138956898, -23.665563458266458, 0.0 ], [ -46.552044989354201, -23.665574040789263, 0.0 ], [ -46.552039201152709, -23.665584782309772, 0.0 ], [ -46.552033878875328, -23.665595612240196, 0.0 ], [ -46.55202912704501, -23.665606459992748, 0.0 ], [ -46.55202505018476, -23.665617254979679, 0.0 ], [ -46.552021752817609, -23.665627926613219, 0.0 ], [ -46.552019339466611, -23.665638404305572, 0.0 ], [ -46.55201791465489, -23.665648617468978, 0.0 ], [ -46.55201758290557, -23.665658495515618, 0.0 ], [ -46.552018448741784, -23.665667967857704, 0.0 ], [ -46.552020616686676, -23.665676963907369, 0.0 ], [ -46.552024191263378, -23.665685413076751, 0.0 ], [ -46.552029276995036, -23.665693244777898, 0.0 ], [ -46.552035978404717, -23.665700388422838, 0.0 ], [ -46.552043722934393, -23.66570699795253, 0.0 ], [ -46.552051734969588, -23.665713326294075, 0.0 ], [ -46.55205999707038, -23.66571939292427, 0.0 ], [ -46.552068493194263, -23.66572521687263, 0.0 ], [ -46.552077207298758, -23.665730817168615, 0.0 ], [ -46.55208612334134, -23.665736212841729, 0.0 ], [ -46.55209522527953, -23.665741422921439, 0.0 ], [ -46.552104497070815, -23.665746466437252, 0.0 ], [ -46.552113922672724, -23.665751362418632, 0.0 ], [ -46.552123486042753, -23.665756129895108, 0.0 ], [ -46.552133171138415, -23.665760787896158, 0.0 ], [ -46.552142961917227, -23.665765355451299, 0.0 ], [ -46.552152842336696, -23.665769851590021, 0.0 ], [ -46.552162796354359, -23.665774295341823, 0.0 ], [ -46.552172807927739, -23.665778705736251, 0.0 ], [ -46.552182861014352, -23.665783101802816, 0.0 ], [ -46.552192939571739, -23.665787502571007, 0.0 ], [ -46.552203027557447, -23.66579192707038, 0.0 ], [ -46.552213108929003, -23.665796394330471, 0.0 ], [ -46.552223193100644, -23.665800943638111, 0.0 ], [ -46.552233379324825, -23.665805653581831, 0.0 ], [ -46.552243662321636, -23.665810475794139, 0.0 ], [ -46.552254022169237, -23.665815347837459, 0.0 ], [ -46.552264438945741, -23.66582020727418, 0.0 ], [ -46.552274892729251, -23.66582499166671, 0.0 ], [ -46.552285363597854, -23.665829638577495, 0.0 ], [ -46.5522958316296, -23.66583408556895, 0.0 ], [ -46.552306276902506, -23.665838270203498, 0.0 ], [ -46.552316679494602, -23.665842130043579, 0.0 ], [ -46.552327019483862, -23.665845602651657, 0.0 ], [ -46.552337276948265, -23.665848625590204, 0.0 ], [ -46.55234743196575, -23.665851136421637, 0.0 ], [ -46.552357464614246, -23.665853072708416, 0.0 ], [ -46.552367354971672, -23.665854372013044, 0.0 ], [ -46.552377083115914, -23.665854971897996, 0.0 ], [ -46.552386629124875, -23.665854809925744, 0.0 ], [ -46.552395960604329, -23.665853856467486, 0.0 ], [ -46.552405042520682, -23.665852179795252, 0.0 ], [ -46.552413885692388, -23.665849814906434, 0.0 ], [ -46.552422502852849, -23.665846793798977, 0.0 ], [ -46.552430906735481, -23.665843148470785, 0.0 ], [ -46.552439110073735, -23.665838910919778, 0.0 ], [ -46.552447125601056, -23.665834113143852, 0.0 ], [ -46.552454966050902, -23.665828787140956, 0.0 ], [ -46.552462644156741, -23.665822964908976, 0.0 ], [ -46.552470172652058, -23.665816678445797, 0.0 ], [ -46.552477564270333, -23.665809959749346, 0.0 ], [ -46.552484831745069, -23.665802840817484, 0.0 ], [ -46.552491987809752, -23.665795353648136, 0.0 ], [ -46.552499045197905, -23.665787530239147, 0.0 ], [ -46.552506016643022, -23.665779402588438, 0.0 ], [ -46.552512914878633, -23.665771002693898, 0.0 ], [ -46.552519752638254, -23.665762362553377, 0.0 ], [ -46.5525265426554, -23.665753514164798, 0.0 ], [ -46.552533297663608, -23.665744489525981, 0.0 ], [ -46.552540030396393, -23.66573532063483, 0.0 ], [ -46.552546753587301, -23.665726039489236, 0.0 ], [ -46.552553479969859, -23.665716678086991, 0.0 ], [ -46.552560222277606, -23.665707268426068, 0.0 ], [ -46.552566993244078, -23.665697842504247, 0.0 ], [ -46.552573805602812, -23.665688432319431, 0.0 ], [ -46.552580672087359, -23.66567906986948, 0.0 ], [ -46.552587605431249, -23.665669787152254, 0.0 ], [ -46.552594618368047, -23.665660616165585, 0.0 ], [ -46.552601723631291, -23.665651588907345, 0.0 ], [ -46.552608933954552, -23.665642737375393, 0.0 ], [ -46.552616262071361, -23.66563409356753, 0.0 ], [ -46.55262372071531, -23.66562568948164, 0.0 ], [ -46.552631322619938, -23.665617557115578, 0.0 ], [ -46.552639080518837, -23.665609728467146, 0.0 ], [ -46.552647007145573, -23.665602235534212, 0.0 ], [ -46.55265511523374, -23.665595110314609, 0.0 ], [ -46.552663417516925, -23.665588384806107, 0.0 ], [ -46.552671926728728, -23.665582091006598, 0.0 ], [ -46.552680655602757, -23.665576260913873, 0.0 ], [ -46.552689616872641, -23.665570926525771, 0.0 ], [ -46.552698750885796, -23.665565942957038, 0.0 ], [ -46.552707901209118, -23.665560929605753, 0.0 ], [ -46.552717062852842, -23.665555876628119, 0.0 ], [ -46.552726236893186, -23.665550789015779, 0.0 ], [ -46.552735424406343, -23.665545671760302, 0.0 ], [ -46.552744626468531, -23.665540529853317, 0.0 ], [ -46.552753844155951, -23.665535368286385, 0.0 ], [ -46.552763078544821, -23.66553019205115, 0.0 ], [ -46.552772330711349, -23.665525006139191, 0.0 ], [ -46.552781601731731, -23.665519815542126, 0.0 ], [ -46.552790892682189, -23.665514625251525, 0.0 ], [ -46.552800204638942, -23.665509440259008, 0.0 ], [ -46.552809538678211, -23.665504265556162, 0.0 ], [ -46.5528188958762, -23.665499106134604, 0.0 ], [ -46.552828277309118, -23.665493966985917, 0.0 ], [ -46.552837684053202, -23.665488853101717, 0.0 ], [ -46.552847117184662, -23.665483769473589, 0.0 ], [ -46.552856577779728, -23.66547872109313, 0.0 ], [ -46.552866066914611, -23.665473712951922, 0.0 ], [ -46.552875585665539, -23.665468750041612, 0.0 ], [ -46.552885135108738, -23.665463837353741, 0.0 ], [ -46.552894716320424, -23.665458979879933, 0.0 ], [ -46.552904330376847, -23.665454182611782, 0.0 ], [ -46.552913978354219, -23.665449450540894, 0.0 ], [ -46.552923661328769, -23.665444788658821, 0.0 ], [ -46.552933380376736, -23.665440201957225, 0.0 ], [ -46.552943136574356, -23.665435695427629, 0.0 ], [ -46.552952930997847, -23.665431274061685, 0.0 ], [ -46.552962764723461, -23.665426942850967, 0.0 ], [ -46.552972638827427, -23.665422706787048, 0.0 ], [ -46.552982554385991, -23.665418570861572, 0.0 ], [ -46.552992512475377, -23.665414540066074, 0.0 ], [ -46.553002514171844, -23.665410619392183, 0.0 ], [ -46.553012560551629, -23.665406813831481, 0.0 ], [ -46.553022652690977, -23.665403128375559, 0.0 ], [ -46.553032791666134, -23.665399568016003, 0.0 ], [ -46.553042978553343, -23.665396137744388, 0.0 ], [ -46.553053214428871, -23.665392842552354, 0.0 ], [ -46.55306350036895, -23.66538968743145, 0.0 ], [ -46.553073837449844, -23.665386677373284, 0.0 ], [ -46.553084226747806, -23.665383817369424, 0.0 ], [ -46.553094649844866, -23.665381060323515, 0.0 ], [ -46.553105077135804, -23.665378327503223, 0.0 ], [ -46.553115508028874, -23.665375616506921, 0.0 ], [ -46.553125942254134, -23.665372925786546, 0.0 ], [ -46.553136379541684, -23.665370253793977, 0.0 ], [ -46.553146819621581, -23.665367598981163, 0.0 ], [ -46.55315726222392, -23.665364959800009, 0.0 ], [ -46.553167707078764, -23.665362334702436, 0.0 ], [ -46.553178153916193, -23.665359722140352, 0.0 ], [ -46.553188602466278, -23.665357120565663, 0.0 ], [ -46.5531990524591, -23.665354528430317, 0.0 ], [ -46.553209503624728, -23.665351944186188, 0.0 ], [ -46.553219955693244, -23.665349366285231, 0.0 ], [ -46.553230408394718, -23.665346793179349, 0.0 ], [ -46.553240861459223, -23.665344223320471, 0.0 ], [ -46.553251314616823, -23.665341655160478, 0.0 ], [ -46.553261767597597, -23.66533908715131, 0.0 ], [ -46.553272220131618, -23.665336517744901, 0.0 ], [ -46.553282671948963, -23.66533394539313, 0.0 ], [ -46.553293122954585, -23.665331370007799, 0.0 ], [ -46.553303585339322, -23.665328892627208, 0.0 ], [ -46.553314065017645, -23.665326557478103, 0.0 ], [ -46.553324559645759, -23.66532433901039, 0.0 ], [ -46.553335066879882, -23.665322211674074, 0.0 ], [ -46.553345584376196, -23.665320149919079, 0.0 ], [ -46.553356109790883, -23.665318128195334, 0.0 ], [ -46.553366640780126, -23.665316120952806, 0.0 ], [ -46.553377175000087, -23.665314102641442, 0.0 ], [ -46.553387710106932, -23.665312047711186, 0.0 ], [ -46.553398243756817, -23.665309930611997, 0.0 ], [ -46.553408773605874, -23.665307725793784, 0.0 ], [ -46.553419297310242, -23.665305407706548, 0.0 ], [ -46.553429812526062, -23.665302950800267, 0.0 ], [ -46.553440316909445, -23.665300329524811, 0.0 ], [ -46.553450808116516, -23.665297518330217, 0.0 ], [ -46.553461283803365, -23.665294491666383, 0.0 ], [ -46.553471741626097, -23.665291223983317, 0.0 ], [ -46.553482160868214, -23.665287670467013, 0.0 ], [ -46.553491857318555, -23.665283115869055, 0.0 ], [ -46.553500510427646, -23.665277296778815, 0.0 ], [ -46.553508154641861, -23.665270333887744, 0.0 ], [ -46.553514824407671, -23.6652623478873, 0.0 ], [ -46.553520554171612, -23.665253459468889, 0.0 ], [ -46.55352537838025, -23.665243789323917, 0.0 ], [ -46.553529331480213, -23.665233458143717, 0.0 ], [ -46.553532447918158, -23.665222586619691, 0.0 ], [ -46.553534762140735, -23.66521129544314, 0.0 ], [ -46.553536308594637, -23.665199705305383, 0.0 ], [ -46.553537121726542, -23.66518793689773, 0.0 ], [ -46.553537235983121, -23.665176110911471, 0.0 ], [ -46.553536685811039, -23.66516434803788, 0.0 ], [ -46.553535505656946, -23.665152768968255, 0.0 ], [ -46.553533729967455, -23.665141494393858, 0.0 ], [ -46.553531393189161, -23.665130645005934, 0.0 ], [ -46.553528529768634, -23.665120341495797, 0.0 ], [ -46.553525174152398, -23.665110704554706, 0.0 ], [ -46.553521381241652, -23.665101769584869, 0.0 ], [ -46.553517333416828, -23.665092945788032, 0.0 ], [ -46.553513061372037, -23.665084108090475, 0.0 ], [ -46.553508558867094, -23.665075270681989, 0.0 ], [ -46.55350381966182, -23.665066447752352, 0.0 ], [ -46.553498837516038, -23.665057653491402, 0.0 ], [ -46.553493606189555, -23.665048902088927, 0.0 ], [ -46.553488119442193, -23.66504020773473, 0.0 ], [ -46.553482371033766, -23.6650315846186, 0.0 ], [ -46.553476354724083, -23.665023046930372, 0.0 ], [ -46.553470064272943, -23.66501460885976, 0.0 ], [ -46.553463493440184, -23.665006284596625, 0.0 ], [ -46.553456635985569, -23.664998088330723, 0.0 ], [ -46.553449485840687, -23.664990034178487, 0.0 ], [ -46.553442217657341, -23.664982057180822, 0.0 ], [ -46.553434985946083, -23.664974093983894, 0.0 ], [ -46.553427785919595, -23.664966147651423, 0.0 ], [ -46.553420612790589, -23.664958221247126, 0.0 ], [ -46.55341346177174, -23.66495031783472, 0.0 ], [ -46.553406328075745, -23.664942440477923, 0.0 ], [ -46.553399206915323, -23.66493459224046, 0.0 ], [ -46.553392093503142, -23.664926776186018, 0.0 ], [ -46.55338498305192, -23.664918995378351, 0.0 ], [ -46.553377870774341, -23.664911252881165, 0.0 ], [ -46.553370751883108, -23.664903551758133, 0.0 ], [ -46.553363621590918, -23.664895895073009, 0.0 ], [ -46.553356475110462, -23.664888285889489, 0.0 ], [ -46.55334930765445, -23.664880727271274, 0.0 ], [ -46.553342114435573, -23.664873222282097, 0.0 ], [ -46.553334890666527, -23.664865773985643, 0.0 ], [ -46.553327631560023, -23.664858385445637, 0.0 ], [ -46.553320332328752, -23.664851059725748, 0.0 ], [ -46.553312988185418, -23.664843799889756, 0.0 ], [ -46.553305594342717, -23.664836609001291, 0.0 ], [ -46.553298146013347, -23.664829490124074, 0.0 ], [ -46.553290638410012, -23.664822446321839, 0.0 ], [ -46.553283066745415, -23.664815480658259, 0.0 ], [ -46.55327542623224, -23.664808596197062, 0.0 ], [ -46.553267712083205, -23.6648017960019, 0.0 ], [ -46.553259919511007, -23.6647950831365, 0.0 ], [ -46.553252043728342, -23.664788460664578, 0.0 ], [ -46.553244079947909, -23.664781931649795, 0.0 ], [ -46.553236023382404, -23.664775499155869, 0.0 ], [ -46.55322786924453, -23.664769166246472, 0.0 ], [ -46.553219612746986, -23.664762935985326, 0.0 ], [ -46.553211249102468, -23.664756811436114, 0.0 ], [ -46.55320277352368, -23.664750795662499, 0.0 ], [ -46.553194181223304, -23.664744891728215, 0.0 ], [ -46.553185467414053, -23.66473910269692, 0.0 ], [ -46.553176627308616, -23.664733431632307, 0.0 ], [ -46.55316765611969, -23.664727881598072, 0.0 ], [ -46.552805107160715, -23.664507723964149, 0.0 ] ] ] ] } },
{ "type": "Feature", "properties": { "fid": 53.0 , "MODELO" : "MENINOS"}, "geometry": { "type": "MultiPolygon", "coordinates": [ [ [ [ -46.549482825445388, -23.678849315356437, 0.0 ], [ -46.549498667400343, -23.678858814853335, 0.0 ], [ -46.549382758963745, -23.678811684407425, 0.0 ], [ -46.549374247802461, -23.678809318328799, 0.0 ], [ -46.549365380011594, -23.678808772385931, 0.0 ], [ -46.549356297069231, -23.678809767679262, 0.0 ], [ -46.549347140453548, -23.678812025309281, 0.0 ], [ -46.549338051642799, -23.678815266376517, 0.0 ], [ -46.549329172115307, -23.678819211981494, 0.0 ], [ -46.549320643349532, -23.678823583224773, 0.0 ], [ -46.549312588427775, -23.678828104783477, 0.0 ], [ -46.549304770870705, -23.678832640582815, 0.0 ], [ -46.549297065463968, -23.678837196496566, 0.0 ], [ -46.549289458889945, -23.678841778876432, 0.0 ], [ -46.549281937831005, -23.678846394074078, 0.0 ], [ -46.549274488969523, -23.678851048441192, 0.0 ], [ -46.549267098987862, -23.678855748329436, 0.0 ], [ -46.549259754568403, -23.678860500090504, 0.0 ], [ -46.549252442393481, -23.678865310076024, 0.0 ], [ -46.549245149145477, -23.678870184637688, 0.0 ], [ -46.549237861506732, -23.67887513012715, 0.0 ], [ -46.549230569100935, -23.678880119633423, 0.0 ], [ -46.549223272483573, -23.67888509797174, 0.0 ], [ -46.549215973611211, -23.678890066794217, 0.0 ], [ -46.549208674399736, -23.678895028921488, 0.0 ], [ -46.549201376764991, -23.678899987174166, 0.0 ], [ -46.549194082622861, -23.678904944372857, 0.0 ], [ -46.549186793889199, -23.678909903338209, 0.0 ], [ -46.549179512479881, -23.678914866890839, 0.0 ], [ -46.549172240310774, -23.678919837851339, 0.0 ], [ -46.549164979297736, -23.678924819040379, 0.0 ], [ -46.549157731356637, -23.67892981327855, 0.0 ], [ -46.54915049840335, -23.678934823386474, 0.0 ], [ -46.549143282353725, -23.678939852184797, 0.0 ], [ -46.549136085123635, -23.678944902494131, 0.0 ], [ -46.549128908628937, -23.678949977135083, 0.0 ], [ -46.549121754785503, -23.678955078928318, 0.0 ], [ -46.549114625509198, -23.678960210694441, 0.0 ], [ -46.549107522715886, -23.678965375254059, 0.0 ], [ -46.549100448321425, -23.678970575427829, 0.0 ], [ -46.549093404241674, -23.678975814036356, 0.0 ], [ -46.54908639239251, -23.678981093900266, 0.0 ], [ -46.549079414689785, -23.6789864178402, 0.0 ], [ -46.549072473049364, -23.678991788676782, 0.0 ], [ -46.549065588633709, -23.678997224845094, 0.0 ], [ -46.549058815226608, -23.679002769714359, 0.0 ], [ -46.549052145256482, -23.679008415232033, 0.0 ], [ -46.549045566921997, -23.679014149861178, 0.0 ], [ -46.549039068421813, -23.679019962064906, 0.0 ], [ -46.549032637954596, -23.67902584030632, 0.0 ], [ -46.549026263719014, -23.679031773048507, 0.0 ], [ -46.549019933913733, -23.679037748754542, 0.0 ], [ -46.549013636737428, -23.679043755887516, 0.0 ], [ -46.549007360388742, -23.679049782910532, 0.0 ], [ -46.549001093066366, -23.679055818286642, 0.0 ], [ -46.54899482296895, -23.679061850478952, 0.0 ], [ -46.548988538295177, -23.679067867950518, 0.0 ], [ -46.548982227243691, -23.679073859164419, 0.0 ], [ -46.548975878013167, -23.679079812583762, 0.0 ], [ -46.54896947880227, -23.67908571667158, 0.0 ], [ -46.548963017809669, -23.679091559890967, 0.0 ], [ -46.548956483234022, -23.679097330704973, 0.0 ], [ -46.548949863273997, -23.679103017576704, 0.0 ], [ -46.548943146128252, -23.679108608969184, 0.0 ], [ -46.548936341572549, -23.679114114313982, 0.0 ], [ -46.548929523870299, -23.679119605757119, 0.0 ], [ -46.548922700451982, -23.679125090552134, 0.0 ], [ -46.548915871316396, -23.679130568733012, 0.0 ], [ -46.548909036462319, -23.679136040333635, 0.0 ], [ -46.548902195888566, -23.679141505387992, 0.0 ], [ -46.548895349593934, -23.67914696392997, 0.0 ], [ -46.548888497577202, -23.679152415993524, 0.0 ], [ -46.548881639837184, -23.67915786161258, 0.0 ], [ -46.548874776372685, -23.679163300821102, 0.0 ], [ -46.548867907182476, -23.679168733652983, 0.0 ], [ -46.548861032265378, -23.679174160142189, 0.0 ], [ -46.548854151620183, -23.679179580322636, 0.0 ], [ -46.548847265245669, -23.679184994228255, 0.0 ], [ -46.548840373140663, -23.679190401893017, 0.0 ], [ -46.548833475303937, -23.679195803350815, 0.0 ], [ -46.54882657173431, -23.679201198635589, 0.0 ], [ -46.54881966243056, -23.67920658778128, 0.0 ], [ -46.548812747391494, -23.67921197082185, 0.0 ], [ -46.548805826615904, -23.679217347791202, 0.0 ], [ -46.548798900102597, -23.679222718723267, 0.0 ], [ -46.548791967850363, -23.679228083651999, 0.0 ], [ -46.548785029857989, -23.679233442611292, 0.0 ], [ -46.548778086124294, -23.679238795635165, 0.0 ], [ -46.548771136648057, -23.679244142757458, 0.0 ], [ -46.548764181428091, -23.679249484012161, 0.0 ], [ -46.548757220463173, -23.679254819433201, 0.0 ], [ -46.548750253752118, -23.679260149054496, 0.0 ], [ -46.548743281293724, -23.679265472909986, 0.0 ], [ -46.54873630308677, -23.679270791033634, 0.0 ], [ -46.548729319130068, -23.679276103459344, 0.0 ], [ -46.548722329422411, -23.679281410221055, 0.0 ], [ -46.548715333962591, -23.679286711352695, 0.0 ], [ -46.548708332749413, -23.679292006888222, 0.0 ], [ -46.548701325781671, -23.679297296861538, 0.0 ], [ -46.548694313058164, -23.679302581306594, 0.0 ], [ -46.548687294577689, -23.679307860257325, 0.0 ], [ -46.548680270339034, -23.679313133747687, 0.0 ], [ -46.548673240341003, -23.679318401811589, 0.0 ], [ -46.548666204582403, -23.679323664482961, 0.0 ], [ -46.548659163062013, -23.679328921795751, 0.0 ], [ -46.548652115778644, -23.679334173783882, 0.0 ], [ -46.548645062731083, -23.679339420481309, 0.0 ], [ -46.548638003918136, -23.679344661921945, 0.0 ], [ -46.548630939338587, -23.67934989813973, 0.0 ], [ -46.54862386899125, -23.679355129168606, 0.0 ], [ -46.548616785372886, -23.679360344760898, 0.0 ], [ -46.548609680835341, -23.679365534265212, 0.0 ], [ -46.548602556645498, -23.679370699135994, 0.0 ], [ -46.548595414078115, -23.679375840838503, 0.0 ], [ -46.548588254407981, -23.679380960837982, 0.0 ], [ -46.548581078909884, -23.679386060599676, 0.0 ], [ -46.548573888858598, -23.679391141588827, 0.0 ], [ -46.548566685528897, -23.679396205270699, 0.0 ], [ -46.548559470195563, -23.679401253110544, 0.0 ], [ -46.548552244133383, -23.679406286573577, 0.0 ], [ -46.548545008617126, -23.679411307125079, 0.0 ], [ -46.548537764921576, -23.679416316230309, 0.0 ], [ -46.54853051432152, -23.679421315354496, 0.0 ], [ -46.548523258091727, -23.679426305962867, 0.0 ], [ -46.548515997506968, -23.679431289520721, 0.0 ], [ -46.548508733842041, -23.679436267493273, 0.0 ], [ -46.548501468371711, -23.679441241345792, 0.0 ], [ -46.548494202370769, -23.679446212543514, 0.0 ], [ -46.548486937113978, -23.679451182551698, 0.0 ], [ -46.54847967387613, -23.679456152835588, 0.0 ], [ -46.548472413931997, -23.679461124860474, 0.0 ], [ -46.548465158556354, -23.679466100091545, 0.0 ], [ -46.548457893265606, -23.679471049840842, 0.0 ], [ -46.54845056120881, -23.679475865676203, 0.0 ], [ -46.548443160710292, -23.679480546358072, 0.0 ], [ -46.548435695859439, -23.679485101748998, 0.0 ], [ -46.548428170745645, -23.679489541711561, 0.0 ], [ -46.548420589458296, -23.679493876108332, 0.0 ], [ -46.548412956086786, -23.679498114801827, 0.0 ], [ -46.548405274720487, -23.679502267654641, 0.0 ], [ -46.548397549448794, -23.679506344529337, 0.0 ], [ -46.548389784361092, -23.679510355288464, 0.0 ], [ -46.548381983546747, -23.67951430979458, 0.0 ], [ -46.54837415109516, -23.679518217910271, 0.0 ], [ -46.548366291095689, -23.679522089498086, 0.0 ], [ -46.548358407637721, -23.679525934420607, 0.0 ], [ -46.548350504810621, -23.679529762540383, 0.0 ], [ -46.548342586703782, -23.679533583719984, 0.0 ], [ -46.548334657406549, -23.679537407822004, 0.0 ], [ -46.548326721008316, -23.679541244708968, 0.0 ], [ -46.548318781598425, -23.679545104243484, 0.0 ], [ -46.548310843266265, -23.679548996288126, 0.0 ], [ -46.548302910101185, -23.679552930705441, 0.0 ], [ -46.548294986192552, -23.679556917358024, 0.0 ], [ -46.548287075629723, -23.679560966108419, 0.0 ], [ -46.548279182502057, -23.679565086819238, 0.0 ], [ -46.548271310898919, -23.67956928935304, 0.0 ], [ -46.548263464909652, -23.679573583572424, 0.0 ], [ -46.548255648623631, -23.679577979339935, 0.0 ], [ -46.548247866130176, -23.67958248651815, 0.0 ], [ -46.54824012151866, -23.679587114969678, 0.0 ], [ -46.548232418878428, -23.679591874557097, 0.0 ], [ -46.548224762298823, -23.679596775142944, 0.0 ], [ -46.548217155869196, -23.679601826589863, 0.0 ], [ -46.548209603678899, -23.679607038760398, 0.0 ], [ -46.548202109817268, -23.679612421517163, 0.0 ], [ -46.54819467837364, -23.6796179847227, 0.0 ], [ -46.548187354096108, -23.679623739288783, 0.0 ], [ -46.54818031557329, -23.679629692006291, 0.0 ], [ -46.54817357651806, -23.67963583532439, 0.0 ], [ -46.54816712904141, -23.679642160600956, 0.0 ], [ -46.548160965254333, -23.679648659193823, 0.0 ], [ -46.548155077267822, -23.679655322460832, 0.0 ], [ -46.548149457192871, -23.67966214175981, 0.0 ], [ -46.548144097140479, -23.679669108448561, 0.0 ], [ -46.548138989221641, -23.679676213884978, 0.0 ], [ -46.548134125547357, -23.679683449426857, 0.0 ], [ -46.548129498228633, -23.679690806432014, 0.0 ], [ -46.548125099376463, -23.679698276258275, 0.0 ], [ -46.548120921101855, -23.679705850263495, 0.0 ], [ -46.548116955515795, -23.679713519805436, 0.0 ], [ -46.548113194729304, -23.679721276241974, 0.0 ], [ -46.548109630853382, -23.679729110930893, 0.0 ], [ -46.548106255999016, -23.679737015230007, 0.0 ], [ -46.548103062277207, -23.679744980497162, 0.0 ], [ -46.548100041798961, -23.679752998090144, 0.0 ], [ -46.548097186675278, -23.679761059366758, 0.0 ], [ -46.548094489017153, -23.679769155684824, 0.0 ], [ -46.548091940935578, -23.67977727840216, 0.0 ], [ -46.54808953454156, -23.679785418876566, 0.0 ], [ -46.548087261946073, -23.679793568465858, 0.0 ], [ -46.548085115260122, -23.679801718527838, 0.0 ], [ -46.548083086594708, -23.679809860420303, 0.0 ], [ -46.548081168060797, -23.679817985501067, 0.0 ], [ -46.548079351769381, -23.679826085127939, 0.0 ], [ -46.548077661452801, -23.679834173363179, 0.0 ], [ -46.548076213576422, -23.679842328329766, 0.0 ], [ -46.54807502009298, -23.679850550007313, 0.0 ], [ -46.5480740813368, -23.67985882989511, 0.0 ], [ -46.548073397642213, -23.679867159492435, 0.0 ], [ -46.548072969343572, -23.67987553029851, 0.0 ], [ -46.548072796775173, -23.67988393381264, 0.0 ], [ -46.548072880271391, -23.67989236153408, 0.0 ], [ -46.548073220166529, -23.679900804962088, 0.0 ], [ -46.54807381679494, -23.679909255595927, 0.0 ], [ -46.548074670490948, -23.679917704934848, 0.0 ], [ -46.548075781588885, -23.679926144478099, 0.0 ], [ -46.54807715042309, -23.679934565724981, 0.0 ], [ -46.548078777327888, -23.679942960174706, 0.0 ], [ -46.548080662637616, -23.679951319326562, 0.0 ], [ -46.548082806686601, -23.679959634679747, 0.0 ], [ -46.548085209809173, -23.67996789773359, 0.0 ], [ -46.548087872339657, -23.679976099987275, 0.0 ], [ -46.548090794612385, -23.679984232940114, 0.0 ], [ -46.548093976961681, -23.679992288091295, 0.0 ], [ -46.54809741217413, -23.68000025658349, 0.0 ], [ -46.54810097308669, -23.680008126483692, 0.0 ], [ -46.548104621017771, -23.680015896048758, 0.0 ], [ -46.548108365038914, -23.680023566590165, 0.0 ], [ -46.548112214221675, -23.680031139419299, 0.0 ], [ -46.548116177637588, -23.680038615847597, 0.0 ], [ -46.548120264358225, -23.680045997186468, 0.0 ], [ -46.548124483455112, -23.680053284747309, 0.0 ], [ -46.548128843999812, -23.680060479841597, 0.0 ], [ -46.548133355063889, -23.680067583780652, 0.0 ], [ -46.548138025718899, -23.680074597875958, 0.0 ], [ -46.548142865036375, -23.680081523438911, 0.0 ], [ -46.548147882087903, -23.680088361780896, 0.0 ], [ -46.548153085945039, -23.680095114213341, 0.0 ], [ -46.54815848567933, -23.680101782047632, 0.0 ], [ -46.548164090362356, -23.680108366595199, 0.0 ], [ -46.548169909065663, -23.680114869167411, 0.0 ], [ -46.548175950860831, -23.680121291075668, 0.0 ], [ -46.548182224819421, -23.680127633631404, 0.0 ], [ -46.548188740013011, -23.680133898145964, 0.0 ], [ -46.548195505513142, -23.680140085930773, 0.0 ], [ -46.548202530391407, -23.680146198297198, 0.0 ], [ -46.548209711285168, -23.680152157832605, 0.0 ], [ -46.548216911112107, -23.680157868471415, 0.0 ], [ -46.548224138987649, -23.680163339528271, 0.0 ], [ -46.548231404651993, -23.680168580761713, 0.0 ], [ -46.548238717845337, -23.680173601930239, 0.0 ], [ -46.548246088307906, -23.680178412792372, 0.0 ], [ -46.548253525779906, -23.680183023106618, 0.0 ], [ -46.548261040001542, -23.680187442631485, 0.0 ], [ -46.548268640713054, -23.6801916811255, 0.0 ], [ -46.548276337654649, -23.680195748347145, 0.0 ], [ -46.548284140566551, -23.680199654054928, 0.0 ], [ -46.548292059188988, -23.680203408007355, 0.0 ], [ -46.548300103262193, -23.680207019962918, 0.0 ], [ -46.548308282526392, -23.680210499680097, 0.0 ], [ -46.548316606721826, -23.680213856917419, 0.0 ], [ -46.548325085588736, -23.680217101433364, 0.0 ], [ -46.548333728867355, -23.680220242986405, 0.0 ], [ -46.548342540285695, -23.680223285585466, 0.0 ], [ -46.548351402723242, -23.680226118056304, 0.0 ], [ -46.548360268037797, -23.68022869613127, 0.0 ], [ -46.548369136669258, -23.680231022136262, 0.0 ], [ -46.548378009057565, -23.680233098397174, 0.0 ], [ -46.548386885642628, -23.68023492723993, 0.0 ], [ -46.548395766864381, -23.680236510990461, 0.0 ], [ -46.548404653162734, -23.680237851974635, 0.0 ], [ -46.54841354497762, -23.680238952518398, 0.0 ], [ -46.548422442748958, -23.680239814947647, 0.0 ], [ -46.548431346916665, -23.680240441588303, 0.0 ], [ -46.548440257922309, -23.680240834786233, 0.0 ], [ -46.548449180472048, -23.680241052926831, 0.0 ], [ -46.548458117321694, -23.680241144774524, 0.0 ], [ -46.548467066492186, -23.680241104442931, 0.0 ], [ -46.548476026004444, -23.680240926045556, 0.0 ], [ -46.548484993879427, -23.680240603695996, 0.0 ], [ -46.548493968138047, -23.68024013150783, 0.0 ], [ -46.548502946801243, -23.680239503594596, 0.0 ], [ -46.548511927889948, -23.680238714069858, 0.0 ], [ -46.548520909425086, -23.680237757047212, 0.0 ], [ -46.548529889427591, -23.680236626640212, 0.0 ], [ -46.548538865918381, -23.680235316962424, 0.0 ], [ -46.548547836918381, -23.680233822127427, 0.0 ], [ -46.548556800448516, -23.68023213624878, 0.0 ], [ -46.548565754529712, -23.680230253440055, 0.0 ], [ -46.548574697182872, -23.680228167814839, 0.0 ], [ -46.548583626428943, -23.680225873486656, 0.0 ], [ -46.548592540288809, -23.680223364569137, 0.0 ], [ -46.548601436783414, -23.680220635175829, 0.0 ], [ -46.548610313933665, -23.680217679420295, 0.0 ], [ -46.548619169500142, -23.680214493001419, 0.0 ], [ -46.548627981655081, -23.680211192932109, 0.0 ], [ -46.548636736736356, -23.680207852843619, 0.0 ], [ -46.548645433778375, -23.680204470270905, 0.0 ], [ -46.548654071815541, -23.680201042748855, 0.0 ], [ -46.548662649882246, -23.680197567812399, 0.0 ], [ -46.548671167012891, -23.680194042996458, 0.0 ], [ -46.548679622241885, -23.680190465835974, 0.0 ], [ -46.54868801460362, -23.680186833865864, 0.0 ], [ -46.548696343132505, -23.680183144621033, 0.0 ], [ -46.548704606862927, -23.680179395636436, 0.0 ], [ -46.548712804829286, -23.680175584446971, 0.0 ], [ -46.548720936065997, -23.68017170858759, 0.0 ], [ -46.548728999607441, -23.680167765593179, 0.0 ], [ -46.548736994488024, -23.680163752998702, 0.0 ], [ -46.548744919742148, -23.680159668339069, 0.0 ], [ -46.5487527744042, -23.680155509149209, 0.0 ], [ -46.548760557508587, -23.68015127296405, 0.0 ], [ -46.548768268089695, -23.680146957318495, 0.0 ], [ -46.548775905181934, -23.680142559747487, 0.0 ], [ -46.548783467819696, -23.680138077785966, 0.0 ], [ -46.548790955037376, -23.680133508968819, 0.0 ], [ -46.548798365869374, -23.680128850831021, 0.0 ], [ -46.548805699350083, -23.680124100907449, 0.0 ], [ -46.548812954513899, -23.680119256733057, 0.0 ], [ -46.548820130395235, -23.680114315842772, 0.0 ], [ -46.548827226028457, -23.680109275771517, 0.0 ], [ -46.548834240447988, -23.680104134054215, 0.0 ], [ -46.548841172688221, -23.680098888225782, 0.0 ], [ -46.548848021783535, -23.680093535821175, 0.0 ], [ -46.548854786768345, -23.680088074375277, 0.0 ], [ -46.548861466677046, -23.680082501423069, 0.0 ], [ -46.548868060544031, -23.680076814499415, 0.0 ], [ -46.548874567403693, -23.68007101113929, 0.0 ], [ -46.548880986290435, -23.680065088877594, 0.0 ], [ -46.548887327877594, -23.680059065539609, 0.0 ], [ -46.548893643654374, -23.680053029724004, 0.0 ], [ -46.54889994019247, -23.680046991212997, 0.0 ], [ -46.548906217884337, -23.680040948989056, 0.0 ], [ -46.548912477122407, -23.68003490203472, 0.0 ], [ -46.548918718299156, -23.680028849332494, 0.0 ], [ -46.548924941807009, -23.680022789864857, 0.0 ], [ -46.548931148038427, -23.680016722614322, 0.0 ], [ -46.548937337385858, -23.680010646563396, 0.0 ], [ -46.548943510241742, -23.680004560694563, 0.0 ], [ -46.548949666998539, -23.679998463990344, 0.0 ], [ -46.548955808048682, -23.679992355433232, 0.0 ], [ -46.548961933784632, -23.679986234005742, 0.0 ], [ -46.54896804459883, -23.679980098690343, 0.0 ], [ -46.548974140883715, -23.679973948469563, 0.0 ], [ -46.548980223031748, -23.679967782325917, 0.0 ], [ -46.548986291435369, -23.67996159924186, 0.0 ], [ -46.548992346487019, -23.679955398199926, 0.0 ], [ -46.548998394315149, -23.679949187075962, 0.0 ], [ -46.549004441467083, -23.679942975439687, 0.0 ], [ -46.549010487967898, -23.679936763315016, 0.0 ], [ -46.549016533837992, -23.679930550718723, 0.0 ], [ -46.549022579097731, -23.679924337667597, 0.0 ], [ -46.549028623767498, -23.679918124178396, 0.0 ], [ -46.549034667867666, -23.679911910267904, 0.0 ], [ -46.549040711418613, -23.679905695952883, 0.0 ], [ -46.549046754440703, -23.679899481250143, 0.0 ], [ -46.549052796954335, -23.679893266176435, 0.0 ], [ -46.549058838979867, -23.679887050748544, 0.0 ], [ -46.549064880537692, -23.679880834983258, 0.0 ], [ -46.549070921648173, -23.679874618897337, 0.0 ], [ -46.549076962331689, -23.679868402507548, 0.0 ], [ -46.549083002608626, -23.679862185830697, 0.0 ], [ -46.549089042499347, -23.679855968883544, 0.0 ], [ -46.549095082024238, -23.679849751682884, 0.0 ], [ -46.549101121203663, -23.67984353424546, 0.0 ], [ -46.549107160058014, -23.679837316588074, 0.0 ], [ -46.549113198607657, -23.679831098727512, 0.0 ], [ -46.549119236872983, -23.679824880680528, 0.0 ], [ -46.549125274874349, -23.679818662463894, 0.0 ], [ -46.549131312632142, -23.679812444094431, 0.0 ], [ -46.549137350166738, -23.679806225588873, 0.0 ], [ -46.549143387498518, -23.679800006964001, 0.0 ], [ -46.549149424647844, -23.679793788236616, 0.0 ], [ -46.549155461635102, -23.679787569423457, 0.0 ], [ -46.549161498480672, -23.679781350541347, 0.0 ], [ -46.54916753520493, -23.679775131607027, 0.0 ], [ -46.549173571828248, -23.679768912637297, 0.0 ], [ -46.549179608370999, -23.679762693648911, 0.0 ], [ -46.549185644853566, -23.679756474658671, 0.0 ], [ -46.549191681296328, -23.679750255683327, 0.0 ], [ -46.54919771771965, -23.679744036739681, 0.0 ], [ -46.549203754143917, -23.679737817844515, 0.0 ], [ -46.549209790589508, -23.679731599014563, 0.0 ], [ -46.549215827076793, -23.679725380266643, 0.0 ], [ -46.549221863626151, -23.679719161617523, 0.0 ], [ -46.549227900257961, -23.679712943083977, 0.0 ], [ -46.5492339369926, -23.679706724682777, 0.0 ], [ -46.549239973850433, -23.679700506430706, 0.0 ], [ -46.549246010851853, -23.679694288344511, 0.0 ], [ -46.549252048017223, -23.679688070441028, 0.0 ], [ -46.54925808536693, -23.679681852737009, 0.0 ], [ -46.549264122921343, -23.679675635249197, 0.0 ], [ -46.549270160700843, -23.679669417994404, 0.0 ], [ -46.549276198725799, -23.679663200989399, 0.0 ], [ -46.549282237016598, -23.679656984250979, 0.0 ], [ -46.549288275593611, -23.679650767795874, 0.0 ], [ -46.549294314477216, -23.679644551640894, 0.0 ], [ -46.549300353687784, -23.679638335802821, 0.0 ], [ -46.549306393245708, -23.679632120298407, 0.0 ], [ -46.549312433171337, -23.679625905144455, 0.0 ], [ -46.549318473485073, -23.679619690357725, 0.0 ], [ -46.549324514207278, -23.679613475955005, 0.0 ], [ -46.549330555358331, -23.679607261953056, 0.0 ], [ -46.549336596958611, -23.679601048368674, 0.0 ], [ -46.549342639028502, -23.679594835218612, 0.0 ], [ -46.54934868158837, -23.67958862251967, 0.0 ], [ -46.549354724658585, -23.679582410288607, 0.0 ], [ -46.54936076825954, -23.679576198542215, 0.0 ], [ -46.549366812411598, -23.67956998729727, 0.0 ], [ -46.549372857135147, -23.679563776570532, 0.0 ], [ -46.549378902450556, -23.679557566378794, 0.0 ], [ -46.549384950313957, -23.679551360335633, 0.0 ], [ -46.549391007317922, -23.679545170544589, 0.0 ], [ -46.549397073625833, -23.679538997017087, 0.0 ], [ -46.549403148806938, -23.679532838654751, 0.0 ], [ -46.549409232430499, -23.679526694359271, 0.0 ], [ -46.54941532406577, -23.679520563032302, 0.0 ], [ -46.549421423282006, -23.679514443575478, 0.0 ], [ -46.549427529648476, -23.679508334890528, 0.0 ], [ -46.549433642734428, -23.679502235879074, 0.0 ], [ -46.549439762109117, -23.679496145442798, 0.0 ], [ -46.549445887341818, -23.679490062483342, 0.0 ], [ -46.549452018001766, -23.67948398590239, 0.0 ], [ -46.549458153658229, -23.679477914601602, 0.0 ], [ -46.549464293880455, -23.679471847482645, 0.0 ], [ -46.549470438237719, -23.679465783447188, 0.0 ], [ -46.549476586299257, -23.679459721396881, 0.0 ], [ -46.549482737634342, -23.67945366023341, 0.0 ], [ -46.549488891812217, -23.679447598858431, 0.0 ], [ -46.54949504840215, -23.679441536173609, 0.0 ], [ -46.549501206973389, -23.679435471080595, 0.0 ], [ -46.549507367095195, -23.679429402481077, 0.0 ], [ -46.549513528336817, -23.679423329276709, 0.0 ], [ -46.549519690267523, -23.679417250369177, 0.0 ], [ -46.549525852456554, -23.679411164660124, 0.0 ], [ -46.549532014473179, -23.679405071051221, 0.0 ], [ -46.549538175886646, -23.679398968444115, 0.0 ], [ -46.549544336266209, -23.67939285574052, 0.0 ], [ -46.54955049518113, -23.679386731842072, 0.0 ], [ -46.549556652200664, -23.679380595650443, 0.0 ], [ -46.549562806894052, -23.679374446067261, 0.0 ], [ -46.549568958830569, -23.679368281994272, 0.0 ], [ -46.549575107579457, -23.679362102333069, 0.0 ], [ -46.549581252709977, -23.679355905985361, 0.0 ], [ -46.549587393791377, -23.679349691852799, 0.0 ], [ -46.549593530392919, -23.679343458837046, 0.0 ], [ -46.54959966208385, -23.679337205839776, 0.0 ], [ -46.549605788433432, -23.679330931762671, 0.0 ], [ -46.54961190901092, -23.679324635507363, 0.0 ], [ -46.549618023385555, -23.679318315975546, 0.0 ], [ -46.549624131126613, -23.679311972068884, 0.0 ], [ -46.549630265468643, -23.679305538271652, 0.0 ], [ -46.549636447922744, -23.679298934369388, 0.0 ], [ -46.549642640530671, -23.679292170849564, 0.0 ], [ -46.549648805058233, -23.679285258667285, 0.0 ], [ -46.549654903271254, -23.679278208777614, 0.0 ], [ -46.549660896935563, -23.679271032135681, 0.0 ], [ -46.549666747817007, -23.679263739696573, 0.0 ], [ -46.549672417681421, -23.679256342415389, 0.0 ], [ -46.549677868294687, -23.679248851247262, 0.0 ], [ -46.54968306142267, -23.679241277147316, 0.0 ], [ -46.549687958831257, -23.679233631070623, 0.0 ], [ -46.54969252228635, -23.679225923972357, 0.0 ], [ -46.549696713553864, -23.679218166807605, 0.0 ], [ -46.549700494399708, -23.679210370531539, 0.0 ], [ -46.54970382658982, -23.679202546099223, 0.0 ], [ -46.549706671890156, -23.679194704465832, 0.0 ], [ -46.549708992066655, -23.679186856586501, 0.0 ], [ -46.549710748885275, -23.679179013416288, 0.0 ], [ -46.549711904112002, -23.679171185910334, 0.0 ], [ -46.549712419512808, -23.679163385023763, 0.0 ], [ -46.549712256853688, -23.679155621711683, 0.0 ], [ -46.549711302275703, -23.679147893860829, 0.0 ], [ -46.549709068472396, -23.679140117919225, 0.0 ], [ -46.549705800726613, -23.679132307152912, 0.0 ], [ -46.549701895965974, -23.67912449840162, 0.0 ], [ -46.549697751118018, -23.679116728505111, 0.0 ], [ -46.549693733124137, -23.679109011209167, 0.0 ], [ -46.54968989351994, -23.679101231014535, 0.0 ], [ -46.549686190077772, -23.67909338098546, 0.0 ], [ -46.549682594951634, -23.679085478695054, 0.0 ], [ -46.549679080295547, -23.679077541716513, 0.0 ], [ -46.549675618263535, -23.679069587622976, 0.0 ], [ -46.549672181009612, -23.679061633987576, 0.0 ], [ -46.549668740687807, -23.67905369838347, 0.0 ], [ -46.549665269452149, -23.6790457983838, 0.0 ], [ -46.549661739456688, -23.679037951561703, 0.0 ], [ -46.549658122855455, -23.679030175490325, 0.0 ], [ -46.549654391802491, -23.679022487742792, 0.0 ], [ -46.549650518451848, -23.679014905892242, 0.0 ], [ -46.549646474957584, -23.679007447511793, 0.0 ], [ -46.54964223347374, -23.679000130174561, 0.0 ], [ -46.549637766154383, -23.678992971453695, 0.0 ], [ -46.54963304515357, -23.678985988922314, 0.0 ], [ -46.549628042625358, -23.678979200153506, 0.0 ], [ -46.549622730723812, -23.678972622720362, 0.0 ], [ -46.549617081602982, -23.678966274196021, 0.0 ], [ -46.549611067416933, -23.678960172153573, 0.0 ], [ -46.549604660319723, -23.67895433416609, 0.0 ], [ -46.549482825445388, -23.678849315356437, 0.0 ] ] ] ] } },
{ "type": "Feature", "properties": { "fid": 57.0 , "MODELO" : "ORATORIO"}, "geometry": { "type": "MultiPolygon", "coordinates": [ [ [ [ -46.544162886419926, -23.608333227345124, 0.0 ], [ -46.544198053683118, -23.608387980367652, 0.0 ], [ -46.544234991364313, -23.608441172207112, 0.0 ], [ -46.544273525984423, -23.6084925530444, 0.0 ], [ -46.54431347656368, -23.608541881565962, 0.0 ], [ -46.544354655471665, -23.60858892609718, 0.0 ], [ -46.5443968693085, -23.608633465690435, 0.0 ], [ -46.544439919813186, -23.608675291162843, 0.0 ], [ -46.544483604794777, -23.608714206078687, 0.0 ], [ -46.544527719082062, -23.60875002767202, 0.0 ], [ -46.544572055487158, -23.608782587704958, 0.0 ], [ -46.544616405778669, -23.608811733257937, 0.0 ], [ -46.544660561659683, -23.608837327447844, 0.0 ], [ -46.544704315746166, -23.608859250070864, 0.0 ], [ -46.544747462541011, -23.608877398167039, 0.0 ], [ -46.54478979939919, -23.608891686503856, 0.0 ], [ -46.544831127479647, -23.608902047976429, 0.0 ], [ -46.544871252679151, -23.60890843392275, 0.0 ], [ -46.54490998654407, -23.608910814352136, 0.0 ], [ -46.544947147155469, -23.608909178086094, 0.0 ], [ -46.544982559983566, -23.608903532810785, 0.0 ], [ -46.545016058707525, -23.608893905040905, 0.0 ], [ -46.545047485996591, -23.608880339995132, 0.0 ], [ -46.545076694249083, -23.608862901383709, 0.0 ], [ -46.545103546285638, -23.608841671109243, 0.0 ], [ -46.545127915993504, -23.608816748881964, 0.0 ], [ -46.545149688918848, -23.608788251751459, 0.0 ], [ -46.545168762804316, -23.608756313556889, 0.0 ], [ -46.545185048069264, -23.608721084298381, 0.0 ], [ -46.545198468230488, -23.608682729432591, 0.0 ], [ -46.545208960261405, -23.608641429095513, 0.0 ], [ -46.545216474887987, -23.608597377256537, 0.0 ], [ -46.54522097682019, -23.608550780807384, 0.0 ], [ -46.545222444917613, -23.608501858590525, 0.0 ], [ -46.545220872288731, -23.608450840371241, 0.0 ], [ -46.545216266323187, -23.608397965758652, 0.0 ], [ -46.545208648657052, -23.608343483080308, 0.0 ], [ -46.545198055071083, -23.608287648215921, 0.0 ], [ -46.54518453532264, -23.608230723395664, 0.0 ], [ -46.545168152911927, -23.608172975968607, 0.0 ], [ -46.545132985322049, -23.608118223182661, 0.0 ], [ -46.545096047390075, -23.608065031569136, 0.0 ], [ -46.545057512597111, -23.608013650943683, 0.0 ], [ -46.545017561923451, -23.607964322616699, 0.0 ], [ -46.54497638299857, -23.607917278259986, 0.0 ], [ -46.54493416921995, -23.607872738818713, 0.0 ], [ -46.544891118844752, -23.607830913473794, 0.0 ], [ -46.544847434058816, -23.607791998659408, 0.0 ], [ -46.544803320027036, -23.60775617714053, 0.0 ], [ -46.544758983929889, -23.607723617154463, 0.0 ], [ -46.544714633990473, -23.607694471620796, 0.0 ], [ -46.544670478496599, -23.607668877423169, 0.0 ], [ -46.54462672482267, -23.607646954766409, 0.0 ], [ -46.544583578455786, -23.607628806611931, 0.0 ], [ -46.544541242030746, -23.607614518194211, 0.0 ], [ -46.544499914378434, -23.60760415662044, 0.0 ], [ -46.544459789592111, -23.60759777055533, 0.0 ], [ -46.544421056115873, -23.607595389992529, 0.0 ], [ -46.544383895859724, -23.607597026113794, 0.0 ], [ -46.54434848334526, -23.607602671236339, 0.0 ], [ -46.544314984886114, -23.607612298849002, 0.0 ], [ -46.544283557806899, -23.607625863736651, 0.0 ], [ -46.544254349704367, -23.607643302192574, 0.0 ], [ -46.54422749775425, -23.6076645323176, 0.0 ], [ -46.544203128067025, -23.60768945440476, 0.0 ], [ -46.544181355095688, -23.607717951407526, 0.0 ], [ -46.544162281098195, -23.607749889489455, 0.0 ], [ -46.544145995657189, -23.607785118652867, 0.0 ], [ -46.54413257525929, -23.60782347344313, 0.0 ], [ -46.544122082935807, -23.607864773725833, 0.0 ], [ -46.54411456796673, -23.607908825532757, 0.0 ], [ -46.544110065649193, -23.607955421972811, 0.0 ], [ -46.544108597131661, -23.608004344203735, 0.0 ], [ -46.544110169314557, -23.608055362459897, 0.0 ], [ -46.544114774817778, -23.608108237131393, 0.0 ], [ -46.544122392015296, -23.608162719889389, 0.0 ], [ -46.544132985136642, -23.608218554852421, 0.0 ], [ -46.544146504434835, -23.608275479788187, 0.0 ], [ -46.544162886419926, -23.608333227345124, 0.0 ] ] ] ] } },
{ "type": "Feature", "properties": { "fid": 58.0 , "MODELO" : "ORATORIO"}, "geometry": { "type": "MultiPolygon", "coordinates": [ [ [ [ -46.513658751972294, -23.619997636320591, 0.0 ], [ -46.51357052254437, -23.619904964381568, 0.0 ], [ -46.513565987061966, -23.619900396885935, 0.0 ], [ -46.513561269577785, -23.619896011095342, 0.0 ], [ -46.513556384691711, -23.619891792567412, 0.0 ], [ -46.51355134700362, -23.619887726859865, 0.0 ], [ -46.51354617111339, -23.619883799530314, 0.0 ], [ -46.513540871620911, -23.619879996136433, 0.0 ], [ -46.513535463126061, -23.61987630223588, 0.0 ], [ -46.513529960228709, -23.619872703386321, 0.0 ], [ -46.513524377528761, -23.619869185145443, 0.0 ], [ -46.513518729626071, -23.619865733070878, 0.0 ], [ -46.513513031120539, -23.61986233272032, 0.0 ], [ -46.51350729661204, -23.619858969651446, 0.0 ], [ -46.513501540700467, -23.61985562942191, 0.0 ], [ -46.513495777985703, -23.619852297589411, 0.0 ], [ -46.513490023067639, -23.619848959711597, 0.0 ], [ -46.51348429054616, -23.619845601346192, 0.0 ], [ -46.513478595021162, -23.619842208050841, 0.0 ], [ -46.513472951092531, -23.619838765383246, 0.0 ], [ -46.513467368012535, -23.619835264348232, 0.0 ], [ -46.513461806122443, -23.619831745700417, 0.0 ], [ -46.513456252144564, -23.619828223189153, 0.0 ], [ -46.513450703441741, -23.619824699712314, 0.0 ], [ -46.513445157376815, -23.619821178167761, 0.0 ], [ -46.513439611312634, -23.619817661453403, 0.0 ], [ -46.513434062612028, -23.6198141524671, 0.0 ], [ -46.513428508637858, -23.619810654106736, 0.0 ], [ -46.513422946752954, -23.619807169270178, 0.0 ], [ -46.513417374320163, -23.619803700855332, 0.0 ], [ -46.513411788702321, -23.619800251760061, 0.0 ], [ -46.513406187262269, -23.619796824882251, 0.0 ], [ -46.513400567362858, -23.61979342311977, 0.0 ], [ -46.513394926366921, -23.619790049370497, 0.0 ], [ -46.513389261637293, -23.619786706532302, 0.0 ], [ -46.513383570536824, -23.619783397503067, 0.0 ], [ -46.513377850428348, -23.619780125180675, 0.0 ], [ -46.513372098674708, -23.61977689246298, 0.0 ], [ -46.513366312638745, -23.619773702247898, 0.0 ], [ -46.513360489683294, -23.61977055743327, 0.0 ], [ -46.513354627171189, -23.619767460916968, 0.0 ], [ -46.513348727284715, -23.61976441226938, 0.0 ], [ -46.513342809363621, -23.619761398600023, 0.0 ], [ -46.51333687597905, -23.619758417788148, 0.0 ], [ -46.513330927402322, -23.619755469259331, 0.0 ], [ -46.5133249639048, -23.619752552439117, 0.0 ], [ -46.513318985757806, -23.619749666753041, 0.0 ], [ -46.513312993232695, -23.619746811626648, 0.0 ], [ -46.513306986600789, -23.619743986485531, 0.0 ], [ -46.513300966133443, -23.619741190755203, 0.0 ], [ -46.513294932101992, -23.61973842386119, 0.0 ], [ -46.513288884777779, -23.619735685229077, 0.0 ], [ -46.513282824432146, -23.619732974284421, 0.0 ], [ -46.513276751336434, -23.61973029045274, 0.0 ], [ -46.513270665761972, -23.619727633159599, 0.0 ], [ -46.513264567980116, -23.619725001830556, 0.0 ], [ -46.513258458262193, -23.619722395891138, 0.0 ], [ -46.513252336879567, -23.619719814766921, 0.0 ], [ -46.513246204103552, -23.619717257883423, 0.0 ], [ -46.513240060205511, -23.61971472466622, 0.0 ], [ -46.513233905456765, -23.619712214540854, 0.0 ], [ -46.513227740128677, -23.61970972693285, 0.0 ], [ -46.513221564492568, -23.619707261267802, 0.0 ], [ -46.513215378819801, -23.619704816971229, 0.0 ], [ -46.51320918338169, -23.619702393468675, 0.0 ], [ -46.513202978449605, -23.619699990185705, 0.0 ], [ -46.513196764294868, -23.619697606547867, 0.0 ], [ -46.513190541188834, -23.619695241980722, 0.0 ], [ -46.513184309402838, -23.619692895909797, 0.0 ], [ -46.513178069208223, -23.619690567760635, 0.0 ], [ -46.51317182087633, -23.619688256958817, 0.0 ], [ -46.513165564678509, -23.619685962929879, 0.0 ], [ -46.513159300886088, -23.619683685099353, 0.0 ], [ -46.513153029770422, -23.619681422892825, 0.0 ], [ -46.513146752227414, -23.619679174548011, 0.0 ], [ -46.513140472463206, -23.619676932002747, 0.0 ], [ -46.513134191271867, -23.619674693676682, 0.0 ], [ -46.513127908725203, -23.619672459362572, 0.0 ], [ -46.513121624895, -23.619670228853156, 0.0 ], [ -46.513115339853037, -23.619668001941154, 0.0 ], [ -46.513109053671123, -23.619665778419328, 0.0 ], [ -46.513102766421042, -23.619663558080426, 0.0 ], [ -46.513096478174596, -23.619661340717165, 0.0 ], [ -46.513090189003563, -23.619659126122293, 0.0 ], [ -46.513083898979751, -23.619656914088573, 0.0 ], [ -46.513077608174946, -23.619654704408735, 0.0 ], [ -46.513071316660941, -23.619652496875517, 0.0 ], [ -46.513065024509523, -23.619650291281644, 0.0 ], [ -46.513058731792498, -23.619648087419911, 0.0 ], [ -46.513052438581639, -23.619645885082985, 0.0 ], [ -46.513046144948767, -23.619643684063654, 0.0 ], [ -46.513039850965647, -23.619641484154666, 0.0 ], [ -46.513033556704094, -23.619639285148761, 0.0 ], [ -46.513027262235887, -23.61963708683863, 0.0 ], [ -46.513020967632826, -23.619634889017082, 0.0 ], [ -46.51301467296669, -23.61963269147682, 0.0 ], [ -46.513008378309294, -23.619630494010586, 0.0 ], [ -46.513002083732424, -23.619628296411136, 0.0 ], [ -46.512995789307865, -23.619626098471201, 0.0 ], [ -46.512989495107412, -23.619623899983534, 0.0 ], [ -46.512983201202871, -23.619621700740868, 0.0 ], [ -46.512976907666022, -23.619619500535951, 0.0 ], [ -46.512970614568658, -23.619617299161536, 0.0 ], [ -46.512964321982579, -23.619615096410335, 0.0 ], [ -46.512958029979586, -23.619612892075097, 0.0 ], [ -46.51295173863145, -23.619610685948587, 0.0 ], [ -46.51294544800998, -23.619608477823522, 0.0 ], [ -46.512939158186967, -23.619606267492657, 0.0 ], [ -46.512932869211681, -23.619604054305654, 0.0 ], [ -46.512926577144313, -23.619601758269965, 0.0 ], [ -46.512920279947373, -23.619599333759364, 0.0 ], [ -46.512913978915442, -23.619596800030664, 0.0 ], [ -46.512907675343087, -23.619594176340648, 0.0 ], [ -46.512901370524865, -23.619591481946124, 0.0 ], [ -46.512895065755337, -23.6195887361039, 0.0 ], [ -46.512888762329062, -23.619585958070772, 0.0 ], [ -46.512882461540599, -23.619583167103517, 0.0 ], [ -46.512876164684478, -23.619580382458963, 0.0 ], [ -46.512869873055259, -23.619577623393926, 0.0 ], [ -46.512863587947479, -23.619574909165166, 0.0 ], [ -46.512857310655676, -23.619572259029535, 0.0 ], [ -46.512851042474367, -23.619569692243818, 0.0 ], [ -46.512844784698103, -23.619567228064785, 0.0 ], [ -46.512838538621409, -23.619564885749295, 0.0 ], [ -46.512832305538787, -23.619562684554129, 0.0 ], [ -46.512826086744766, -23.619560643736108, 0.0 ], [ -46.512819883533865, -23.619558782552005, 0.0 ], [ -46.512813697200585, -23.619557120258655, 0.0 ], [ -46.512807529039442, -23.619555676112846, 0.0 ], [ -46.512801380344932, -23.619554469371394, 0.0 ], [ -46.512795252411557, -23.61955351929112, 0.0 ], [ -46.51278948631613, -23.619553453476165, 0.0 ], [ -46.512784441788405, -23.619554904256635, 0.0 ], [ -46.512780042559633, -23.619557706917078, 0.0 ], [ -46.512776211489879, -23.619561695165256, 0.0 ], [ -46.512772871439289, -23.619566702708962, 0.0 ], [ -46.512769945267998, -23.619572563255968, 0.0 ], [ -46.512767355836196, -23.619579110513989, 0.0 ], [ -46.512765026004054, -23.619586178190808, 0.0 ], [ -46.512762878631762, -23.619593599994118, 0.0 ], [ -46.512760836579488, -23.619601209631668, 0.0 ], [ -46.512758822707418, -23.619608840811186, 0.0 ], [ -46.5127567598757, -23.619616327240394, 0.0 ], [ -46.51275457094448, -23.619623502626983, 0.0 ], [ -46.512752178773916, -23.619630200678706, 0.0 ], [ -46.512749505163043, -23.619636266982386, 0.0 ], [ -46.512746467943899, -23.619642136168618, 0.0 ], [ -46.512743141183506, -23.619648082638154, 0.0 ], [ -46.512739650542564, -23.619654085125742, 0.0 ], [ -46.512736121681783, -23.619660122366145, 0.0 ], [ -46.512732680261919, -23.61966617309411, 0.0 ], [ -46.512729451943741, -23.619672216044449, 0.0 ], [ -46.512726562388046, -23.619678229951909, 0.0 ], [ -46.51272413725566, -23.61968419355129, 0.0 ], [ -46.512722302207436, -23.619690085577407, 0.0 ], [ -46.512721182904222, -23.619695884765019, 0.0 ], [ -46.51272090500693, -23.619701569848946, 0.0 ], [ -46.512721594176455, -23.619707119563934, 0.0 ], [ -46.512723341002697, -23.619712506428112, 0.0 ], [ -46.512725860801261, -23.619717656252487, 0.0 ], [ -46.512729021092696, -23.619722560295418, 0.0 ], [ -46.512732769868094, -23.619727228041263, 0.0 ], [ -46.512737055118492, -23.61973166897431, 0.0 ], [ -46.512741824834961, -23.619735892578888, 0.0 ], [ -46.512747027008544, -23.619739908339326, 0.0 ], [ -46.512752609630262, -23.619743725739994, 0.0 ], [ -46.51275852069115, -23.619747354265161, 0.0 ], [ -46.512764708182218, -23.619750803399203, 0.0 ], [ -46.512771120094477, -23.619754082626475, 0.0 ], [ -46.512777704418951, -23.619757201431305, 0.0 ], [ -46.512784409146626, -23.6197601692981, 0.0 ], [ -46.512791182268515, -23.619762995711181, 0.0 ], [ -46.512797971775605, -23.619765690154942, 0.0 ], [ -46.512804725658903, -23.619768262113812, 0.0 ], [ -46.512811391909395, -23.619770721072154, 0.0 ], [ -46.512817918518088, -23.619773076514402, 0.0 ], [ -46.512824265576882, -23.619775341965255, 0.0 ], [ -46.512830563987194, -23.619777580291231, 0.0 ], [ -46.512836863406974, -23.619779810542802, 0.0 ], [ -46.512843163765922, -23.61978203314332, 0.0 ], [ -46.512849464993742, -23.61978424851619, 0.0 ], [ -46.51285576702012, -23.619786457084754, 0.0 ], [ -46.512862069774755, -23.619788659272388, 0.0 ], [ -46.512868373187345, -23.61979085550248, 0.0 ], [ -46.51287467718759, -23.619793046198378, 0.0 ], [ -46.51288098170518, -23.619795231783495, 0.0 ], [ -46.512887286669823, -23.619797412681166, 0.0 ], [ -46.51289359201121, -23.619799589314791, 0.0 ], [ -46.512899897659032, -23.61980176210772, 0.0 ], [ -46.512906203542997, -23.619803931483343, 0.0 ], [ -46.512912509592802, -23.619806097865027, 0.0 ], [ -46.512918815738139, -23.619808261676134, 0.0 ], [ -46.512925121908708, -23.61981042334007, 0.0 ], [ -46.512931428034207, -23.619812583280162, 0.0 ], [ -46.512937734044343, -23.619814741919818, 0.0 ], [ -46.512944039868792, -23.619816899682387, 0.0 ], [ -46.512950345437275, -23.619819056991268, 0.0 ], [ -46.512956650679484, -23.619821214269813, 0.0 ], [ -46.512962955525104, -23.619823371941422, 0.0 ], [ -46.512969259903848, -23.61982553042942, 0.0 ], [ -46.512975563745407, -23.619827690157219, 0.0 ], [ -46.51298186697948, -23.619829851548172, 0.0 ], [ -46.512988169535774, -23.619832015025668, 0.0 ], [ -46.51299447134398, -23.61983418101309, 0.0 ], [ -46.513000772333797, -23.619836349933777, 0.0 ], [ -46.513007072434924, -23.619838522211122, 0.0 ], [ -46.51301337157706, -23.619840698268497, 0.0 ], [ -46.513019669689911, -23.619842878529266, 0.0 ], [ -46.513025966703161, -23.619845063416808, 0.0 ], [ -46.513032262546517, -23.619847253354504, 0.0 ], [ -46.513038557149692, -23.619849448765724, 0.0 ], [ -46.513044850442363, -23.619851650073834, 0.0 ], [ -46.513051142354236, -23.619853857702221, 0.0 ], [ -46.513057432815017, -23.619856072074221, 0.0 ], [ -46.513063742401634, -23.61985826753957, 0.0 ], [ -46.513070151294038, -23.619860342895041, 0.0 ], [ -46.513076658735727, -23.619862298780834, 0.0 ], [ -46.513083254612503, -23.619864147636601, 0.0 ], [ -46.513089928810182, -23.619865901901857, 0.0 ], [ -46.513096671214605, -23.619867574016233, 0.0 ], [ -46.513103471711567, -23.619869176419286, 0.0 ], [ -46.513110320186897, -23.619870721550612, 0.0 ], [ -46.513117206526438, -23.619872221849779, 0.0 ], [ -46.513124120615984, -23.619873689756396, 0.0 ], [ -46.513131052341393, -23.619875137710068, 0.0 ], [ -46.513137991588479, -23.619876578150361, 0.0 ], [ -46.513144928243086, -23.619878023516872, 0.0 ], [ -46.513151852191044, -23.619879486249193, 0.0 ], [ -46.513158753318194, -23.619880978786949, 0.0 ], [ -46.513165621510375, -23.619882513569721, 0.0 ], [ -46.513172446653428, -23.619884103037084, 0.0 ], [ -46.513179218633198, -23.619885759628698, 0.0 ], [ -46.513185927335535, -23.619887495784109, 0.0 ], [ -46.513192562646289, -23.619889323942967, 0.0 ], [ -46.513199114451304, -23.619891256544857, 0.0 ], [ -46.513205572636444, -23.619893306029397, 0.0 ], [ -46.513211927087546, -23.619895484836178, 0.0 ], [ -46.513218167690482, -23.61989780540484, 0.0 ], [ -46.513224284331095, -23.619900280174956, 0.0 ], [ -46.513230266895256, -23.619902921586188, 0.0 ], [ -46.513236105268803, -23.619905742078121, 0.0 ], [ -46.513241789337613, -23.619908754090368, 0.0 ], [ -46.513247308987538, -23.619911970062571, 0.0 ], [ -46.513252654104434, -23.619915402434327, 0.0 ], [ -46.51325781457416, -23.61991906364528, 0.0 ], [ -46.513262780282567, -23.619922966135007, 0.0 ], [ -46.513267541115525, -23.619927122343153, 0.0 ], [ -46.513272086958871, -23.619931544709367, 0.0 ], [ -46.51327640769847, -23.619936245673223, 0.0 ], [ -46.513446586756309, -23.620132310293069, 0.0 ], [ -46.513508505310725, -23.620181174044458, 0.0 ], [ -46.513637371808457, -23.620049181690238, 0.0 ], [ -46.513658751972294, -23.619997636320591, 0.0 ] ] ] ] } },
{ "type": "Feature", "properties": { "fid": 59.0, "MODELO" : "GUARARA" }, "geometry": { "type": "MultiPolygon", "coordinates": [ [ [ [ -46.506895558393865, -23.686834236219841, 0.0 ], [ -46.507090965513427, -23.687457501967756, 0.0 ], [ -46.507099472818794, -23.687475737805521, 0.0 ], [ -46.507112269768335, -23.68749099802908, 0.0 ], [ -46.507128854988999, -23.68750339307471, 0.0 ], [ -46.507148727107086, -23.68751303337859, 0.0 ], [ -46.507171384748354, -23.687520029376891, 0.0 ], [ -46.507196326538228, -23.687524491506039, 0.0 ], [ -46.507223051101846, -23.687526530202554, 0.0 ], [ -46.507251057064238, -23.687526255903357, 0.0 ], [ -46.507279843050384, -23.687523779045595, 0.0 ], [ -46.507308907685342, -23.687519210066803, 0.0 ], [ -46.507337749594328, -23.687512659404884, 0.0 ], [ -46.507365867402754, -23.687504237498096, 0.0 ], [ -46.507392759736355, -23.687494054785031, 0.0 ], [ -46.507417925221219, -23.687482221704595, 0.0 ], [ -46.507440862483826, -23.687468848695961, 0.0 ], [ -46.507461070151102, -23.687454046198482, 0.0 ], [ -46.507478046850458, -23.687437924651636, 0.0 ], [ -46.507491291209789, -23.687420594494888, 0.0 ], [ -46.507502261007041, -23.687402623051906, 0.0 ], [ -46.507513011974865, -23.687384566819013, 0.0 ], [ -46.507523534730588, -23.687366417617429, 0.0 ], [ -46.507533817483527, -23.687348166660481, 0.0 ], [ -46.507543848443021, -23.68732980516149, 0.0 ], [ -46.507553615818409, -23.687311324333823, 0.0 ], [ -46.507563107819024, -23.687292715390754, 0.0 ], [ -46.507572312654233, -23.687273969545668, 0.0 ], [ -46.507581218533375, -23.687255078011859, 0.0 ], [ -46.507589813665824, -23.687236032002676, 0.0 ], [ -46.507598111157471, -23.687216841433518, 0.0 ], [ -46.507606312931479, -23.687197655084677, 0.0 ], [ -46.507614465186535, -23.687178499378881, 0.0 ], [ -46.507622567230257, -23.687159365018374, 0.0 ], [ -46.50763061837025, -23.687140242705418, 0.0 ], [ -46.507638617914132, -23.687121123142298, 0.0 ], [ -46.507646565169516, -23.687101997031281, 0.0 ], [ -46.507654459444005, -23.68708285507461, 0.0 ], [ -46.507662300045205, -23.687063687974572, 0.0 ], [ -46.507670086280726, -23.687044486433432, 0.0 ], [ -46.507677817458173, -23.687025241153474, 0.0 ], [ -46.507685492885138, -23.687005942836933, 0.0 ], [ -46.507693111869244, -23.68698658218613, 0.0 ], [ -46.50770067371807, -23.68696714990325, 0.0 ], [ -46.507708177739225, -23.686947636690679, 0.0 ], [ -46.507715623240308, -23.686928033250567, 0.0 ], [ -46.507722857872672, -23.686908310871825, 0.0 ], [ -46.507729520699741, -23.686888430520138, 0.0 ], [ -46.507735617623105, -23.686868415541447, 0.0 ], [ -46.507741171895397, -23.686848291841372, 0.0 ], [ -46.507746206769205, -23.686828085325356, 0.0 ], [ -46.507750745497127, -23.686807821898931, 0.0 ], [ -46.50775481133175, -23.68678752746764, 0.0 ], [ -46.507758427525658, -23.686767227936954, 0.0 ], [ -46.507761617331404, -23.686746949212367, 0.0 ], [ -46.507764404001541, -23.686726717199399, 0.0 ], [ -46.507766810788603, -23.686706557803522, 0.0 ], [ -46.507768816902157, -23.686686480806472, 0.0 ], [ -46.507770286413482, -23.686666444188099, 0.0 ], [ -46.507771216839672, -23.686646443525156, 0.0 ], [ -46.507771618560014, -23.686626478659395, 0.0 ], [ -46.507771501953847, -23.686606549432494, 0.0 ], [ -46.507770877400468, -23.686586655686177, 0.0 ], [ -46.507769755279178, -23.686566797262142, 0.0 ], [ -46.50776814596928, -23.68654697400207, 0.0 ], [ -46.507766059850042, -23.686527185747678, 0.0 ], [ -46.507763507300744, -23.686507432340608, 0.0 ], [ -46.507760498700662, -23.686487713622594, 0.0 ], [ -46.507757044429063, -23.686468029435289, 0.0 ], [ -46.507753154865199, -23.686448379620376, 0.0 ], [ -46.507748840388317, -23.686428764019549, 0.0 ], [ -46.507744111377662, -23.686409182474435, 0.0 ], [ -46.507738978212465, -23.686389634826739, 0.0 ], [ -46.50773345127196, -23.686370120918145, 0.0 ], [ -46.507727540935363, -23.686350640590277, 0.0 ], [ -46.507721257581892, -23.68633119368485, 0.0 ], [ -46.507714611590764, -23.686311780043532, 0.0 ], [ -46.507707613341161, -23.686292399507924, 0.0 ], [ -46.507700273212293, -23.686273051919777, 0.0 ], [ -46.507692601583337, -23.686253737120701, 0.0 ], [ -46.507684608833479, -23.686234454952388, 0.0 ], [ -46.507676305341896, -23.686215205256488, 0.0 ], [ -46.507667701487755, -23.686195987874701, 0.0 ], [ -46.507658807650216, -23.686176802648678, 0.0 ], [ -46.507649634208441, -23.686157649420061, 0.0 ], [ -46.507640191541576, -23.686138528030583, 0.0 ], [ -46.507630490028752, -23.686119438321846, 0.0 ], [ -46.507620540049125, -23.686100380135578, 0.0 ], [ -46.50761035198181, -23.686081353313426, 0.0 ], [ -46.507599936205935, -23.686062357697089, 0.0 ], [ -46.50758930310063, -23.68604339312823, 0.0 ], [ -46.507578463044986, -23.686024459448529, 0.0 ], [ -46.507567426418127, -23.686005556499683, 0.0 ], [ -46.507556203599144, -23.685986684123389, 0.0 ], [ -46.507544804967125, -23.6859678421613, 0.0 ], [ -46.507533240901168, -23.685949030455152, 0.0 ], [ -46.507521521780355, -23.685930248846606, 0.0 ], [ -46.507509657983746, -23.685911497177379, 0.0 ], [ -46.507497659890433, -23.685892775289162, 0.0 ], [ -46.507485537879468, -23.68587408302368, 0.0 ], [ -46.507473302329899, -23.685855420222609, 0.0 ], [ -46.507460963620794, -23.68583678672768, 0.0 ], [ -46.5074485321312, -23.685818182380601, 0.0 ], [ -46.507436018240142, -23.6857996070231, 0.0 ], [ -46.507423432326668, -23.685781060496875, 0.0 ], [ -46.507410784769803, -23.685762542643683, 0.0 ], [ -46.50739808594858, -23.685744053305232, 0.0 ], [ -46.507385346242003, -23.685725592323269, 0.0 ], [ -46.507372576029077, -23.685707159539486, 0.0 ], [ -46.507359785688841, -23.685688754795702, 0.0 ], [ -46.507346985600265, -23.685670377933587, 0.0 ], [ -46.507334186142359, -23.68565202879493, 0.0 ], [ -46.507321397694106, -23.685633707221456, 0.0 ], [ -46.507308630634498, -23.685615413054926, 0.0 ], [ -46.507295895342509, -23.685597146137123, 0.0 ], [ -46.507283202197115, -23.685578906309768, 0.0 ], [ -46.507269756506815, -23.685560967882143, 0.0 ], [ -46.507253878524658, -23.685543938965949, 0.0 ], [ -46.507235674872938, -23.685527846803748, 0.0 ], [ -46.507215317264063, -23.685512696935444, 0.0 ], [ -46.50719297741027, -23.68549849490087, 0.0 ], [ -46.507168827023627, -23.685485246239921, 0.0 ], [ -46.50714303781605, -23.685472956492593, 0.0 ], [ -46.507115781499323, -23.685461631198876, 0.0 ], [ -46.507087229785093, -23.685451275898878, 0.0 ], [ -46.5070575543849, -23.685441896132762, 0.0 ], [ -46.507026927010202, -23.685433497440854, 0.0 ], [ -46.506995519372339, -23.68542608536357, 0.0 ], [ -46.506963503182604, -23.68541966544149, 0.0 ], [ -46.506931050152211, -23.685414243215298, 0.0 ], [ -46.506898331992339, -23.685409824225765, 0.0 ], [ -46.506865520414145, -23.685406414013958, 0.0 ], [ -46.506832787128744, -23.68540401812092, 0.0 ], [ -46.506800303847243, -23.685402642087976, 0.0 ], [ -46.506768242280785, -23.685402291456541, 0.0 ], [ -46.506736774140485, -23.685402971768099, 0.0 ], [ -46.506706071137543, -23.68540468856439, 0.0 ], [ -46.506676304983166, -23.685407447387213, 0.0 ], [ -46.50664764738864, -23.685411253778469, 0.0 ], [ -46.506620270065326, -23.685416113280191, 0.0 ], [ -46.506594344724647, -23.685422031434488, 0.0 ], [ -46.506570043078163, -23.685429013783548, 0.0 ], [ -46.506547536837523, -23.685437065869618, 0.0 ], [ -46.506526997714509, -23.685446193234938, 0.0 ], [ -46.506508597421039, -23.685456401421799, 0.0 ], [ -46.506492507669186, -23.685467695972513, 0.0 ], [ -46.506478900171224, -23.685480082429279, 0.0 ], [ -46.506467946639546, -23.685493566334255, 0.0 ], [ -46.506459818786794, -23.685508153229573, 0.0 ], [ -46.506454688325796, -23.685523848657159, 0.0 ], [ -46.50645272696962, -23.685540658158811, 0.0 ], [ -46.506454106431534, -23.68555858727613, 0.0 ], [ -46.506458998425096, -23.68557764155053, 0.0 ], [ -46.506795455823685, -23.686562027839987, 0.0 ], [ -46.506895558393865, -23.686834236219841, 0.0 ] ] ] ] } },
{ "type": "Feature", "properties": { "fid": 60.0 , "MODELO" : "ORATORIO"}, "geometry": { "type": "MultiPolygon", "coordinates": [ [ [ [ -46.511948504520817, -23.621891123091704, -1.79769313486231571e+308 ], [ -46.512113769488472, -23.621703661679863, -1.79769313486231571e+308 ], [ -46.511714146713025, -23.621404567817109, -1.79769313486231571e+308 ], [ -46.511548881497447, -23.621592028817247, -1.79769313486231571e+308 ], [ -46.511948504520817, -23.621891123091704, -1.79769313486231571e+308 ] ] ] ] } },
{ "type": "Feature", "properties": { "fid": 61.0 , "MODELO" : "ORATORIO"}, "geometry": { "type": "MultiPolygon", "coordinates": [ [ [ [ -46.495041883852537, -23.63232155091999, -1.79769313486231571e+308 ], [ -46.496646746692555, -23.626771571118372, -1.79769313486231571e+308 ], [ -46.496384929798253, -23.62670730377079, -1.79769313486231571e+308 ], [ -46.49478005638229, -23.632257281423975, -1.79769313486231571e+308 ], [ -46.495041883852537, -23.63232155091999, -1.79769313486231571e+308 ] ] ] ] } },
{ "type": "Feature", "properties": { "fid": 62.0, "MODELO" : "TAMCENTRAL" }, "geometry": { "type": "MultiPolygon", "coordinates": [ [ [ [ -46.542590061062221, -23.626131423216091, -1.79769313486231571e+308 ], [ -46.542635278405641, -23.625931022793353, -1.79769313486231571e+308 ], [ -46.540871562119037, -23.625593176794755, -1.79769313486231571e+308 ], [ -46.540826342143603, -23.62579357684513, -1.79769313486231571e+308 ], [ -46.542590061062221, -23.626131423216091, -1.79769313486231571e+308 ] ] ] ] } },
{ "type": "Feature", "properties": { "fid": 65.0 , "MODELO" : "GUARARA"}, "geometry": { "type": "MultiPolygon", "coordinates": [ [ [ [ -46.510961094661887, -23.672651945430996, -1.79769313486231571e+308 ], [ -46.511494037419446, -23.672481261340927, -1.79769313486231571e+308 ], [ -46.511182767651562, -23.671940055204875, -1.79769313486231571e+308 ], [ -46.511404903939159, -23.671561613915152, -1.79769313486231571e+308 ], [ -46.511707284185604, -23.67085879553726, -1.79769313486231571e+308 ], [ -46.511286207959785, -23.670673283276034, -1.79769313486231571e+308 ], [ -46.510604891572292, -23.672000586167993, -1.79769313486231571e+308 ], [ -46.510636835987647, -23.672103486392217, -1.79769313486231571e+308 ], [ -46.510728388628593, -23.672258131135123, -1.79769313486231571e+308 ], [ -46.510961094661887, -23.672651945430996, -1.79769313486231571e+308 ] ] ] ] } },
{ "type": "Feature", "properties": { "fid": 67.0 , "MODELO" : "ORATORIO"}, "geometry": { "type": "MultiPolygon", "coordinates": [ [ [ [ -46.511565496825447, -23.626227347984909, -1.79769313486231571e+308 ], [ -46.511548909975723, -23.626265859527759, -1.79769313486231571e+308 ], [ -46.511535279261544, -23.626305343320698, -1.79769313486231571e+308 ], [ -46.511524671092886, -23.626345607003316, -1.79769313486231571e+308 ], [ -46.511517137154392, -23.626386454415471, -1.79769313486231571e+308 ], [ -46.51151271415349, -23.626427686552979, -1.79769313486231571e+308 ], [ -46.511511423641529, -23.626469102537126, -1.79769313486231571e+308 ], [ -46.511513271908719, -23.626510500593323, -1.79769313486231571e+308 ], [ -46.511518249953411, -23.626551679034147, -1.79769313486231571e+308 ], [ -46.511526333525936, -23.626592437241932, -1.79769313486231571e+308 ], [ -46.511537483246634, -23.626632576646177, -1.79769313486231571e+308 ], [ -46.511551644797706, -23.626671901690933, -1.79769313486231571e+308 ], [ -46.511568749187781, -23.626710220787643, -1.79769313486231571e+308 ], [ -46.511588713087967, -23.626747347248457, -1.79769313486231571e+308 ], [ -46.511611439237811, -23.626783100195826, -1.79769313486231571e+308 ], [ -46.511636816919101, -23.626817305443748, -1.79769313486231571e+308 ], [ -46.51166472249524, -23.626849796346409, -1.79769313486231571e+308 ], [ -46.511695020013597, -23.626880414610032, -1.79769313486231571e+308 ], [ -46.511727561867808, -23.626909011064168, -1.79769313486231571e+308 ], [ -46.511762189516922, -23.626935446388455, -1.79769313486231571e+308 ], [ -46.511798734257816, -23.626959591791334, -1.79769313486231571e+308 ], [ -46.511837018047075, -23.626981329637637, -1.79769313486231571e+308 ], [ -46.511876854368445, -23.627000554021606, -1.79769313486231571e+308 ], [ -46.511918049141556, -23.627017171282979, -1.79769313486231571e+308 ], [ -46.511960401667487, -23.627031100463249, -1.79769313486231571e+308 ], [ -46.51200370560661, -23.627042273700098, -1.79769313486231571e+308 ], [ -46.512047749983857, -23.627050636558096, -1.79769313486231571e+308 ], [ -46.512092320216674, -23.627056148293818, -1.79769313486231571e+308 ], [ -46.512137199160463, -23.627058782054469, -1.79769313486231571e+308 ], [ -46.512182168166582, -23.6270585250086, -1.79769313486231571e+308 ], [ -46.512227008147597, -23.627055378408677, -1.79769313486231571e+308 ], [ -46.512271500644715, -23.627049357584966, -1.79769313486231571e+308 ], [ -46.512315428892187, -23.62704049187084, -1.79769313486231571e+308 ], [ -46.512358578873396, -23.627028824459888, -1.79769313486231571e+308 ], [ -46.51240074036356, -23.6270144121954, -1.79769313486231571e+308 ], [ -46.512441707954004, -23.626997325293466, -1.79769313486231571e+308 ], [ -46.512481282052924, -23.626977647000881, -1.79769313486231571e+308 ], [ -46.512519269857798, -23.626955473189494, -1.79769313486231571e+308 ], [ -46.512555486294737, -23.626930911889158, -1.79769313486231571e+308 ], [ -46.512589754920192, -23.626904082761399, -1.79769313486231571e+308 ], [ -46.512621908780538, -23.626875116516345, -1.79769313486231571e+308 ], [ -46.512651791225515, -23.626844154276018, -1.79769313486231571e+308 ], [ -46.512679256671348, -23.62681134688663, -1.79769313486231571e+308 ], [ -46.512704171310048, -23.626776854183738, -1.79769313486231571e+308 ], [ -46.512726413761321, -23.626740844213526, -1.79769313486231571e+308 ], [ -46.512745875663803, -23.626703492413995, -1.79769313486231571e+308 ], [ -46.512762462203057, -23.626664980760324, -1.79769313486231571e+308 ], [ -46.512776092573397, -23.626625496878216, -1.79769313486231571e+308 ], [ -46.512786700371521, -23.626585233129834, -1.79769313486231571e+308 ], [ -46.512794233920026, -23.626544385676603, -1.79769313486231571e+308 ], [ -46.51279865651906, -23.62650315352349, -1.79769313486231571e+308 ], [ -46.51279994662508, -23.626461737549512, -1.79769313486231571e+308 ], [ -46.512798097955809, -23.626420339529087, -1.79769313486231571e+308 ], [ -46.512793119520687, -23.626379161148918, -1.79769313486231571e+308 ], [ -46.512785035577018, -23.626338403025496, -1.79769313486231571e+308 ], [ -46.512773885511656, -23.626298263727683, -1.79769313486231571e+308 ], [ -46.512759723649118, -23.626258938809347, -1.79769313486231571e+308 ], [ -46.512742618986856, -23.6262206198566, -1.79769313486231571e+308 ], [ -46.512722654859033, -23.626183493554489, -1.79769313486231571e+308 ], [ -46.512699928530544, -23.626147740777441, -1.79769313486231571e+308 ], [ -46.512674550723091, -23.626113535708182, -1.79769313486231571e+308 ], [ -46.512646645075698, -23.626081044989039, -1.79769313486231571e+308 ], [ -46.512616347542412, -23.626050426910211, -1.79769313486231571e+308 ], [ -46.512583805729868, -23.62602183063855, -1.79769313486231571e+308 ], [ -46.512549178178205, -23.625995395490875, -1.79769313486231571e+308 ], [ -46.51251263358867, -23.62597125025529, -1.79769313486231571e+308 ], [ -46.512474350001717, -23.625949512563725, -1.79769313486231571e+308 ], [ -46.512434513929655, -23.625930288318912, -1.79769313486231571e+308 ], [ -46.512393319448016, -23.62591367117842, -1.79769313486231571e+308 ], [ -46.512350967250036, -23.62589974209839, -1.79769313486231571e+308 ], [ -46.512307663668977, -23.625888568939192, -1.79769313486231571e+308 ], [ -46.512263619672915, -23.625880206134752, -1.79769313486231571e+308 ], [ -46.512219049837007, -23.625874694427445, -1.79769313486231571e+308 ], [ -46.512174171298092, -23.625872060669511, -1.79769313486231571e+308 ], [ -46.512129202696975, -23.625872317692352, -1.79769313486231571e+308 ], [ -46.512084363113189, -23.625875464243951, -1.79769313486231571e+308 ], [ -46.512039870997782, -23.625881484994977, -1.79769313486231571e+308 ], [ -46.511995943109085, -23.625890350613467, -1.79769313486231571e+308 ], [ -46.511952793456743, -23.625902017907705, -1.79769313486231571e+308 ], [ -46.511910632259124, -23.625916430036675, -1.79769313486231571e+308 ], [ -46.511869664919196, -23.625933516786905, -1.79769313486231571e+308 ], [ -46.511830091023917, -23.625953194914583, -1.79769313486231571e+308 ], [ -46.511792103371825, -23.62597536855105, -1.79769313486231571e+308 ], [ -46.511755887033829, -23.625999929669852, -1.79769313486231571e+308 ], [ -46.511721618451574, -23.626026758613008, -1.79769313486231571e+308 ], [ -46.51168946457782, -23.626055724673975, -1.79769313486231571e+308 ], [ -46.511659582063118, -23.626086686734318, -1.79769313486231571e+308 ], [ -46.511632116492578, -23.626119493951336, -1.79769313486231571e+308 ], [ -46.511607201676604, -23.62615398649281, -1.79769313486231571e+308 ], [ -46.511584958998988, -23.62618999631572, -1.79769313486231571e+308 ], [ -46.511565496825447, -23.626227347984909, -1.79769313486231571e+308 ] ] ] ] } },
{ "type": "Feature", "properties": { "fid": 68.0 , "MODELO" : "ORATORIO"}, "geometry": { "type": "MultiPolygon", "coordinates": [ [ [ [ -46.511471636265149, -23.627779586122887, -1.79769313486231571e+308 ], [ -46.511457558345469, -23.6278122638161, -1.79769313486231571e+308 ], [ -46.511445988796261, -23.627845766706908, -1.79769313486231571e+308 ], [ -46.511436983985007, -23.627879931573052, -1.79769313486231571e+308 ], [ -46.511430587784176, -23.627914591967112, -1.79769313486231571e+308 ], [ -46.511426831357483, -23.627949579027316, -1.79769313486231571e+308 ], [ -46.511425733007968, -23.627984722300329, -1.79769313486231571e+308 ], [ -46.511427298088797, -23.628019850571597, -1.79769313486231571e+308 ], [ -46.51143151897719, -23.628054792699515, -1.79769313486231571e+308 ], [ -46.511438375111432, -23.62808937844925, -1.79769313486231571e+308 ], [ -46.51144783309109, -23.628123439322049, -1.79769313486231571e+308 ], [ -46.511459846839642, -23.628156809376215, -1.79769313486231571e+308 ], [ -46.511474357828959, -23.628189326035514, -1.79769313486231571e+308 ], [ -46.51149129536438, -23.628220830881322, -1.79769313486231571e+308 ], [ -46.511510576929133, -23.628251170424338, -1.79769313486231571e+308 ], [ -46.511532108586316, -23.628280196852472, -1.79769313486231571e+308 ], [ -46.511555785436514, -23.628307768750954, -1.79769313486231571e+308 ], [ -46.511581492128876, -23.628333751791295, -1.79769313486231571e+308 ], [ -46.511609103423062, -23.628358019385761, -1.79769313486231571e+308 ], [ -46.511638484799398, -23.628380453304118, -1.79769313486231571e+308 ], [ -46.511669493114262, -23.628400944249648, -1.79769313486231571e+308 ], [ -46.51170197729747, -23.628419392391624, -1.79769313486231571e+308 ], [ -46.511735779088269, -23.628435707851757, -1.79769313486231571e+308 ], [ -46.511770733806443, -23.628449811142033, -1.79769313486231571e+308 ], [ -46.511806671154574, -23.628461633552, -1.79769313486231571e+308 ], [ -46.511843416047796, -23.628471117483535, -1.79769313486231571e+308 ], [ -46.511880789466801, -23.628478216731473, -1.79769313486231571e+308 ], [ -46.511918609330046, -23.628482896708714, -1.79769313486231571e+308 ], [ -46.511956691380874, -23.628485134614717, -1.79769313486231571e+308 ], [ -46.511994850085237, -23.628484919546651, -1.79769313486231571e+308 ], [ -46.512032899535626, -23.628482252552374, -1.79769313486231571e+308 ], [ -46.512070654356869, -23.628477146625489, -1.79769313486231571e+308 ], [ -46.512107930609254, -23.628469626641962, -1.79769313486231571e+308 ], [ -46.512144546684759, -23.628459729238873, -1.79769313486231571e+308 ], [ -46.512180324191789, -23.628447502635996, -1.79769313486231571e+308 ], [ -46.512215088824412, -23.628433006400819, -1.79769313486231571e+308 ], [ -46.512248671211509, -23.62841631115835, -1.79769313486231571e+308 ], [ -46.512280907741996, -23.628397498246986, -1.79769313486231571e+308 ], [ -46.512311641361926, -23.628376659322271, -1.79769313486231571e+308 ], [ -46.512340722339687, -23.628353895910301, -1.79769313486231571e+308 ], [ -46.512368008995438, -23.628329318913096, -1.79769313486231571e+308 ], [ -46.512393368391407, -23.628303048068293, -1.79769313486231571e+308 ], [ -46.512416676979541, -23.628275211365732, -1.79769313486231571e+308 ], [ -46.512437821203392, -23.62824594442397, -1.79769313486231571e+308 ], [ -46.512456698051352, -23.62821538982941, -1.79769313486231571e+308 ], [ -46.512473215558508, -23.628183696441777, -1.79769313486231571e+308 ], [ -46.512487293254658, -23.628151018668742, -1.79769313486231571e+308 ], [ -46.512498862556299, -23.628117515713697, -1.79769313486231571e+308 ], [ -46.512507867100766, -23.628083350800168, -1.79769313486231571e+308 ], [ -46.512514263020769, -23.628048690376509, -1.79769313486231571e+308 ], [ -46.512518019158087, -23.628013703305037, -1.79769313486231571e+308 ], [ -46.512519117215298, -23.627978560039335, -1.79769313486231571e+308 ], [ -46.512517551844908, -23.627943431793785, -1.79769313486231571e+308 ], [ -46.512513330675368, -23.627908489709522, -1.79769313486231571e+308 ], [ -46.512506474273842, -23.627873904020511, -1.79769313486231571e+308 ], [ -46.51249701604597, -23.627839843224329, -1.79769313486231571e+308 ], [ -46.512485002073106, -23.627806473261185, -1.79769313486231571e+308 ], [ -46.51247049088775, -23.627773956705528, -1.79769313486231571e+308 ], [ -46.512453553188365, -23.627742451973983, -1.79769313486231571e+308 ], [ -46.512434271494925, -23.627712112553603, -1.79769313486231571e+308 ], [ -46.512412739746836, -23.627683086254113, -1.79769313486231571e+308 ], [ -46.51238906284528, -23.627655514487781, -1.79769313486231571e+308 ], [ -46.51236335614211, -23.627629531580499, -1.79769313486231571e+308 ], [ -46.512335744877873, -23.627605264117427, -1.79769313486231571e+308 ], [ -46.512306363571668, -23.627582830326258, -1.79769313486231571e+308 ], [ -46.512275355365738, -23.627562339501214, -1.79769313486231571e+308 ], [ -46.512242871328162, -23.627543891470673, -1.79769313486231571e+308 ], [ -46.512209069716839, -23.627527576110761, -1.79769313486231571e+308 ], [ -46.512174115208516, -23.627513472907555, -1.79769313486231571e+308 ], [ -46.512138178096507, -23.627501650569783, -1.79769313486231571e+308 ], [ -46.512101433461098, -23.627492166694189, -1.79769313486231571e+308 ], [ -46.512064060316561, -23.627485067484844, -1.79769313486231571e+308 ], [ -46.512026240739111, -23.627480387528088, -1.79769313486231571e+308 ], [ -46.511988158979833, -23.627478149624061, -1.79769313486231571e+308 ], [ -46.511950000567111, -23.627478364675582, -1.79769313486231571e+308 ], [ -46.511911951402773, -23.627481031635078, -1.79769313486231571e+308 ], [ -46.511874196856418, -23.627486137509649, -1.79769313486231571e+308 ], [ -46.511836920862407, -23.627493657424338, -1.79769313486231571e+308 ], [ -46.511800305023748, -23.627503554743409, -1.79769313486231571e+308 ], [ -46.511764527727408, -23.627515781248714, -1.79769313486231571e+308 ], [ -46.511729763275227, -23.627530277374674, -1.79769313486231571e+308 ], [ -46.511696181034807, -23.627546972498408, -1.79769313486231571e+308 ], [ -46.511663944614391, -23.62756578528381, -1.79769313486231571e+308 ], [ -46.511633211065764, -23.627586624077811, -1.79769313486231571e+308 ], [ -46.511604130119167, -23.627609387356852, -1.79769313486231571e+308 ], [ -46.511576843453817, -23.627633964221499, -1.79769313486231571e+308 ], [ -46.511551484007683, -23.627660234936698, -1.79769313486231571e+308 ], [ -46.511528175329801, -23.627688071515131, -1.79769313486231571e+308 ], [ -46.511507030978358, -23.627717338340652, -1.79769313486231571e+308 ], [ -46.511488153967441, -23.627747892829117, -1.79769313486231571e+308 ], [ -46.511471636265149, -23.627779586122887, -1.79769313486231571e+308 ] ] ] ] } },
{ "type": "Feature", "properties": { "fid": 69.0 , "MODELO" : "ORATORIO"}, "geometry": { "type": "MultiPolygon", "coordinates": [ [ [ [ -46.511574799610628, -23.629019646813521, -1.79769313486231571e+308 ], [ -46.511563423194538, -23.629046048007403, -1.79769313486231571e+308 ], [ -46.51155407338495, -23.629073116053533, -1.79769313486231571e+308 ], [ -46.511546795734375, -23.629100719079407, -1.79769313486231571e+308 ], [ -46.511541625700076, -23.629128722606087, -1.79769313486231571e+308 ], [ -46.511538588471268, -23.629156990203338, -1.79769313486231571e+308 ], [ -46.511537698846404, -23.629185384154336, -1.79769313486231571e+308 ], [ -46.511538961161037, -23.629213766126561, -1.79769313486231571e+308 ], [ -46.511542369266685, -23.629241997845789, -1.79769313486231571e+308 ], [ -46.511547906560729, -23.629269941769696, -1.79769313486231571e+308 ], [ -46.511555546067306, -23.629297461758007, -1.79769313486231571e+308 ], [ -46.511565250568694, -23.62932442373576, -1.79769313486231571e+308 ], [ -46.5115769727866, -23.629350696346442, -1.79769313486231571e+308 ], [ -46.511590655612501, -23.62937615159208, -1.79769313486231571e+308 ], [ -46.511606232385809, -23.6294006654567, -1.79769313486231571e+308 ], [ -46.511623627218675, -23.629424118510663, -1.79769313486231571e+308 ], [ -46.511642755365664, -23.629446396492394, -1.79769313486231571e+308 ], [ -46.511663523636585, -23.629467390865219, -1.79769313486231571e+308 ], [ -46.511685830850588, -23.629486999345996, -1.79769313486231571e+308 ], [ -46.51170956832901, -23.629505126403586, -1.79769313486231571e+308 ], [ -46.511734620424917, -23.629521683724143, -1.79769313486231571e+308 ], [ -46.511760865086494, -23.629536590641525, -1.79769313486231571e+308 ], [ -46.511788174451695, -23.629549774530176, -1.79769313486231571e+308 ], [ -46.511816415471174, -23.629561171159047, -1.79769313486231571e+308 ], [ -46.511845450556542, -23.629570725004495, -1.79769313486231571e+308 ], [ -46.511875138250645, -23.629578389520798, -1.79769313486231571e+308 ], [ -46.511905333916793, -23.629584127366936, -1.79769313486231571e+308 ], [ -46.511935890443432, -23.629587910588512, -1.79769313486231571e+308 ], [ -46.511966658960873, -23.629589720753955, -1.79769313486231571e+308 ], [ -46.51199748956661, -23.629589549044322, -1.79769313486231571e+308 ], [ -46.512028232055627, -23.629587396296238, -1.79769313486231571e+308 ], [ -46.512058736652264, -23.629583272997827, -1.79769313486231571e+308 ], [ -46.512088854739865, -23.629577199237641, -1.79769313486231571e+308 ], [ -46.512118439584917, -23.629569204606767, -1.79769313486231571e+308 ], [ -46.512147347051894, -23.629559328054647, -1.79769313486231571e+308 ], [ -46.512175436305512, -23.629547617699295, -1.79769313486231571e+308 ], [ -46.51220257049691, -23.629534130592919, -1.79769313486231571e+308 ], [ -46.512228617430324, -23.629518932443904, -1.79769313486231571e+308 ], [ -46.512253450207197, -23.629502097296712, -1.79769313486231571e+308 ], [ -46.512276947844377, -23.629483707171094, -1.79769313486231571e+308 ], [ -46.51229899586361, -23.62946385166255, -1.79769313486231571e+308 ], [ -46.512319486849194, -23.629442627505728, -1.79769313486231571e+308 ], [ -46.512338320971352, -23.629420138103235, -1.79769313486231571e+308 ], [ -46.512355406472565, -23.629396493021744, -1.79769313486231571e+308 ], [ -46.512370660114591, -23.629371807458277, -1.79769313486231571e+308 ], [ -46.512384007583996, -23.629346201678924, -1.79769313486231571e+308 ], [ -46.512395383854177, -23.629319800432913, -1.79769313486231571e+308 ], [ -46.512404733502166, -23.629292732344847, -1.79769313486231571e+308 ], [ -46.512412010978579, -23.629265129288029, -1.79769313486231571e+308 ], [ -46.512417180829566, -23.629237125742012, -1.79769313486231571e+308 ], [ -46.512420217869462, -23.629208858137396, -1.79769313486231571e+308 ], [ -46.512421107303503, -23.629180464191148, -1.79769313486231571e+308 ], [ -46.512419844799837, -23.629152082235706, -1.79769313486231571e+308 ], [ -46.512416436510641, -23.629123850544964, -1.79769313486231571e+308 ], [ -46.512410899042095, -23.629095906660691, -1.79769313486231571e+308 ], [ -46.512403259373457, -23.629068386722381, -1.79769313486231571e+308 ], [ -46.51239355472562, -23.62904142480404, -1.79769313486231571e+308 ], [ -46.512381832379702, -23.629015152261012, -1.79769313486231571e+308 ], [ -46.512368149446743, -23.628989697089949, -1.79769313486231571e+308 ], [ -46.512352572589393, -23.628965183305393, -1.79769313486231571e+308 ], [ -46.512335177697153, -23.628941730335409, -1.79769313486231571e+308 ], [ -46.51231604951662, -23.628919452439945, -1.79769313486231571e+308 ], [ -46.512295281238607, -23.628898458153984, -1.79769313486231571e+308 ], [ -46.51227297404413, -23.628878849758994, -1.79769313486231571e+308 ], [ -46.51224923661146, -23.628860722784431, -1.79769313486231571e+308 ], [ -46.512224184586643, -23.628844165542535, -1.79769313486231571e+308 ], [ -46.512197940020116, -23.628829258697905, -1.79769313486231571e+308 ], [ -46.512170630772061, -23.628816074874692, -1.79769313486231571e+308 ], [ -46.512142389889554, -23.628804678302664, -1.79769313486231571e+308 ], [ -46.512113354958323, -23.628795124504371, -1.79769313486231571e+308 ], [ -46.512083667432513, -23.628787460024594, -1.79769313486231571e+308 ], [ -46.512053471945535, -23.628781722203666, -1.79769313486231571e+308 ], [ -46.512022915605463, -23.628777938995469, -1.79769313486231571e+308 ], [ -46.511992147278356, -23.628776128831337, -1.79769313486231571e+308 ], [ -46.511961316863008, -23.62877630053017, -1.79769313486231571e+308 ], [ -46.511930574560736, -23.628778453255578, -1.79769313486231571e+308 ], [ -46.511900070143568, -23.628782576519839, -1.79769313486231571e+308 ], [ -46.511869952224657, -23.628788650235094, -1.79769313486231571e+308 ], [ -46.511840367534241, -23.628796644811125, -1.79769313486231571e+308 ], [ -46.511811460204825, -23.628806521299566, -1.79769313486231571e+308 ], [ -46.511783371069022, -23.628818231583622, -1.79769313486231571e+308 ], [ -46.511756236973405, -23.628831718612492, -1.79769313486231571e+308 ], [ -46.511730190111869, -23.628846916679286, -1.79769313486231571e+308 ], [ -46.51170535738158, -23.62886375174115, -1.79769313486231571e+308 ], [ -46.511681859764771, -23.628882141779982, -1.79769313486231571e+308 ], [ -46.5116598117393, -23.628901997201996, -1.79769313486231571e+308 ], [ -46.511639320720995, -23.628923221274199, -1.79769313486231571e+308 ], [ -46.511620486540274, -23.628945710595659, -1.79769313486231571e+308 ], [ -46.511603400955792, -23.628969355601257, -1.79769313486231571e+308 ], [ -46.511588147207405, -23.628994041095456, -1.79769313486231571e+308 ], [ -46.511574799610628, -23.629019646813521, -1.79769313486231571e+308 ] ] ] ] } },
{ "type": "Feature", "properties": { "fid": 70.0, "MODELO" : "ORATORIO" }, "geometry": { "type": "MultiPolygon", "coordinates": [ [ [ [ -46.531310113054737, -23.618118880726243, -1.79769313486231571e+308 ], [ -46.531304293163714, -23.618132426255929, -1.79769313486231571e+308 ], [ -46.531299512926893, -23.618146312866394, -1.79769313486231571e+308 ], [ -46.531295795633433, -23.618160472903547, -1.79769313486231571e+308 ], [ -46.531293159393925, -23.618174837381165, -1.79769313486231571e+308 ], [ -46.531291617052247, -23.618189336316981, -1.79769313486231571e+308 ], [ -46.53129117612287, -23.618203899073681, -1.79769313486231571e+308 ], [ -46.531291838754335, -23.618218454702934, -1.79769313486231571e+308 ], [ -46.531293601718716, -23.618232932291161, -1.79769313486231571e+308 ], [ -46.531296456427398, -23.618247261304973, -1.79769313486231571e+308 ], [ -46.531300388972859, -23.618261371934736, -1.79769313486231571e+308 ], [ -46.531305380196436, -23.618275195434816, -1.79769313486231571e+308 ], [ -46.531311405781665, -23.618288664458376, -1.79769313486231571e+308 ], [ -46.531318436372757, -23.618301713385566, -1.79769313486231571e+308 ], [ -46.531326437717581, -23.618314278643197, -1.79769313486231571e+308 ], [ -46.53133537083454, -23.618326299014406, -1.79769313486231571e+308 ], [ -46.531345192202508, -23.618337715937034, -1.79769313486231571e+308 ], [ -46.531355853972833, -23.618348473788789, -1.79769313486231571e+308 ], [ -46.531367304202448, -23.618358520158324, -1.79769313486231571e+308 ], [ -46.531379487106953, -23.618367806100597, -1.79769313486231571e+308 ], [ -46.531392343332364, -23.618376286375263, -1.79769313486231571e+308 ], [ -46.531405810244308, -23.618383919667121, -1.79769313486231571e+308 ], [ -46.531419822233175, -23.618390668787399, -1.79769313486231571e+308 ], [ -46.531434311033721, -23.618396500854949, -1.79769313486231571e+308 ], [ -46.531449206057708, -23.618401387456398, -1.79769313486231571e+308 ], [ -46.531464434737778, -23.618405304784638, -1.79769313486231571e+308 ], [ -46.531479922881019, -23.61840823375476, -1.79769313486231571e+308 ], [ -46.531495595030407, -23.618410160097085, -1.79769313486231571e+308 ], [ -46.531511374832434, -23.618411074426621, -1.79769313486231571e+308 ], [ -46.531527185409139, -23.618410972288867, -1.79769313486231571e+308 ], [ -46.531542949732611, -23.618409854181419, -1.79769313486231571e+308 ], [ -46.531558591000298, -23.618407725551652, -1.79769313486231571e+308 ], [ -46.531574033009164, -23.618404596770098, -1.79769313486231571e+308 ], [ -46.53158920052698, -23.618400483079942, -1.79769313486231571e+308 ], [ -46.531604019658815, -23.618395404522801, -1.79769313486231571e+308 ], [ -46.53161841820711, -23.618389385840988, -1.79769313486231571e+308 ], [ -46.531632326023328, -23.618382456357068, -1.79769313486231571e+308 ], [ -46.531645675349822, -23.618374649830933, -1.79769313486231571e+308 ], [ -46.531658401149883, -23.618366004295357, -1.79769313486231571e+308 ], [ -46.531670441424588, -23.618356561870684, -1.79769313486231571e+308 ], [ -46.531681737514901, -23.618346368559614, -1.79769313486231571e+308 ], [ -46.531692234387414, -23.618335474023109, -1.79769313486231571e+308 ], [ -46.531701880902489, -23.61832393133842, -1.79769313486231571e+308 ], [ -46.53171063006338, -23.618311796740493, -1.79769313486231571e+308 ], [ -46.531718439245225, -23.618299129348035, -1.79769313486231571e+308 ], [ -46.53172527040266, -23.618285990875407, -1.79769313486231571e+308 ], [ -46.531731090255249, -23.618272445332078, -1.79769313486231571e+308 ], [ -46.531735870449509, -23.618258558710657, -1.79769313486231571e+308 ], [ -46.531739587697139, -23.618244398665436, -1.79769313486231571e+308 ], [ -46.531742223888401, -23.618230034182812, -1.79769313486231571e+308 ], [ -46.531743766180412, -23.618215535245142, -1.79769313486231571e+308 ], [ -46.531744207059617, -23.61820097248977, -1.79769313486231571e+308 ], [ -46.531743544378479, -23.618186416865004, -1.79769313486231571e+308 ], [ -46.531741781365874, -23.618171939284338, -1.79769313486231571e+308 ], [ -46.531738926611375, -23.618157610281017, -1.79769313486231571e+308 ], [ -46.531734994023381, -23.61814349966447, -1.79769313486231571e+308 ], [ -46.5317300027614, -23.618129676180072, -1.79769313486231571e+308 ], [ -46.531723977142612, -23.618116207174346, -1.79769313486231571e+308 ], [ -46.531716946523488, -23.618103158266809, -1.79769313486231571e+308 ], [ -46.531708945156694, -23.61809059303026, -1.79769313486231571e+308 ], [ -46.531700012024253, -23.618078572681153, -1.79769313486231571e+308 ], [ -46.531690190647588, -23.618067155781223, -1.79769313486231571e+308 ], [ -46.531679528875543, -23.618056397952305, -1.79769313486231571e+308 ], [ -46.531668078651194, -23.618046351605312, -1.79769313486231571e+308 ], [ -46.531655895758853, -23.618037065684849, -1.79769313486231571e+308 ], [ -46.53164303955225, -23.618028585430832, -1.79769313486231571e+308 ], [ -46.531629572665402, -23.618020952158062, -1.79769313486231571e+308 ], [ -46.531615560707444, -23.61801420305494, -1.79769313486231571e+308 ], [ -46.531601071943001, -23.618008371002283, -1.79769313486231571e+308 ], [ -46.531586176959614, -23.618003484413162, -1.79769313486231571e+308 ], [ -46.531570948323839, -23.617999567094454, -1.79769313486231571e+308 ], [ -46.531555460227757, -23.617996638130883, -1.79769313486231571e+308 ], [ -46.531539788127446, -23.617994711792004, -1.79769313486231571e+308 ], [ -46.531524008375456, -23.617993797462727, -1.79769313486231571e+308 ], [ -46.531508197848801, -23.617993899597575, -1.79769313486231571e+308 ], [ -46.531492433574392, -23.61799501769897, -1.79769313486231571e+308 ], [ -46.531476792353835, -23.617997146319688, -1.79769313486231571e+308 ], [ -46.531461350389257, -23.618000275089358, -1.79769313486231571e+308 ], [ -46.531446182912013, -23.618004388765037, -1.79769313486231571e+308 ], [ -46.531431363816246, -23.618009467305374, -1.79769313486231571e+308 ], [ -46.531416965298824, -23.618015485968396, -1.79769313486231571e+308 ], [ -46.531403057507667, -23.618022415431902, -1.79769313486231571e+308 ], [ -46.531389708199939, -23.618030221936397, -1.79769313486231571e+308 ], [ -46.531376982412006, -23.618038867449521, -1.79769313486231571e+308 ], [ -46.531364942142517, -23.618048309851378, -1.79769313486231571e+308 ], [ -46.531353646050434, -23.618058503139697, -1.79769313486231571e+308 ], [ -46.531343149169182, -23.618069397653969, -1.79769313486231571e+308 ], [ -46.531333502638581, -23.618080940317373, -1.79769313486231571e+308 ], [ -46.531324753455678, -23.618093074895384, -1.79769313486231571e+308 ], [ -46.531316944245766, -23.61810574226968, -1.79769313486231571e+308 ], [ -46.531310113054737, -23.618118880726243, -1.79769313486231571e+308 ] ] ] ] } },
{ "type": "Feature", "properties": { "fid": 72.0 , "MODELO" : "TAMCENTRAL"}, "geometry": { "type": "MultiPolygon", "coordinates": [ [ [ [ -46.522567158536155, -23.633049508723037, -1.79769313486231571e+308 ], [ -46.522556227541997, -23.633074873547901, -1.79769313486231571e+308 ], [ -46.522547243663354, -23.633100879100354, -1.79769313486231571e+308 ], [ -46.52254025066987, -23.633127398684255, -1.79769313486231571e+308 ], [ -46.522535282631885, -23.633154303099051, -1.79769313486231571e+308 ], [ -46.522532363754408, -23.633181461269263, -1.79769313486231571e+308 ], [ -46.522531508259199, -23.633208740883074, -1.79769313486231571e+308 ], [ -46.522532720315418, -23.633236009036921, -1.79769313486231571e+308 ], [ -46.522535994019329, -23.633263132882981, -1.79769313486231571e+308 ], [ -46.522541313423012, -23.633289980276395, -1.79769313486231571e+308 ], [ -46.522548652612045, -23.633316420419114, -1.79769313486231571e+308 ], [ -46.52255797583171, -23.633342324497068, -1.79769313486231571e+308 ], [ -46.52256923766123, -23.633367566307811, -1.79769313486231571e+308 ], [ -46.522582383234955, -23.633392022875313, -1.79769313486231571e+308 ], [ -46.522597348509692, -23.633415575049121, -1.79769313486231571e+308 ], [ -46.522614060576686, -23.633438108084881, -1.79769313486231571e+308 ], [ -46.522632438016835, -23.633459512203352, -1.79769313486231571e+308 ], [ -46.522652391297314, -23.633479683125227, -1.79769313486231571e+308 ], [ -46.522673823207811, -23.633498522579227, -1.79769313486231571e+308 ], [ -46.522696629334064, -23.633515938780835, -1.79769313486231571e+308 ], [ -46.522720698566616, -23.633531846879517, -1.79769313486231571e+308 ], [ -46.522745913642105, -23.633546169372078, -1.79769313486231571e+308 ], [ -46.522772151714577, -23.633558836480304, -1.79769313486231571e+308 ], [ -46.52279928495399, -23.63356978649086, -1.79769313486231571e+308 ], [ -46.522827181169013, -23.633578966056, -1.79769313486231571e+308 ], [ -46.52285570445104, -23.633586330453515, -1.79769313486231571e+308 ], [ -46.522884715836383, -23.633591843804545, -1.79769313486231571e+308 ], [ -46.522914073983287, -23.633595479248413, -1.79769313486231571e+308 ], [ -46.522943635860535, -23.63359721907354, -1.79769313486231571e+308 ], [ -46.52297325744437, -23.63359705480363, -1.79769313486231571e+308 ], [ -46.523002794420123, -23.6335949872391, -1.79769313486231571e+308 ], [ -46.523032102885352, -23.633591026453043, -1.79769313486231571e+308 ], [ -46.523061040050962, -23.633585191742252, -1.79769313486231571e+308 ], [ -46.523089464936852, -23.633577511533151, -1.79769313486231571e+308 ], [ -46.523117239058791, -23.633568023243328, -1.79769313486231571e+308 ], [ -46.523144227103124, -23.63355677309919, -1.79769313486231571e+308 ], [ -46.523170297586027, -23.633543815910794, -1.79769313486231571e+308 ], [ -46.523195323494065, -23.633529214804785, -1.79769313486231571e+308 ], [ -46.523219182903063, -23.633513040916846, -1.79769313486231571e+308 ], [ -46.523241759572059, -23.63349537304509, -1.79769313486231571e+308 ], [ -46.52326294350965, -23.633476297266203, -1.79769313486231571e+308 ], [ -46.523282631509865, -23.633455906516055, -1.79769313486231571e+308 ], [ -46.523300727654977, -23.63343430013688, -1.79769313486231571e+308 ], [ -46.523317143782769, -23.63341158339335, -1.79769313486231571e+308 ], [ -46.523331799916079, -23.633387866959666, -1.79769313486231571e+308 ], [ -46.523344624652417, -23.633363266380368, -1.79769313486231571e+308 ], [ -46.523355555511827, -23.633337901507424, -1.79769313486231571e+308 ], [ -46.523364539241228, -23.633311895916293, -1.79769313486231571e+308 ], [ -46.523371532073888, -23.633285376303881, -1.79769313486231571e+308 ], [ -46.523376499942607, -23.63325847187129, -1.79769313486231571e+308 ], [ -46.523379418645661, -23.633231313694328, -1.79769313486231571e+308 ], [ -46.523380273964683, -23.633204034084969, -1.79769313486231571e+308 ], [ -46.523379061733948, -23.633176765946676, -1.79769313486231571e+308 ], [ -46.52337578786058, -23.633149642126977, -1.79769313486231571e+308 ], [ -46.523370468295809, -23.633122794770202, -1.79769313486231571e+308 ], [ -46.523363128957186, -23.633096354673704, -1.79769313486231571e+308 ], [ -46.523353805602326, -23.633070450650639, -1.79769313486231571e+308 ], [ -46.523342543654671, -23.633045208902409, -1.79769313486231571e+308 ], [ -46.523329397982145, -23.633020752403798, -1.79769313486231571e+308 ], [ -46.523314432629881, -23.632997200303937, -1.79769313486231571e+308 ], [ -46.523297720508126, -23.632974667345728, -1.79769313486231571e+308 ], [ -46.523279343037053, -23.632953263306916, -1.79769313486231571e+308 ], [ -46.523259389750088, -23.632933092465244, -1.79769313486231571e+308 ], [ -46.523237957857681, -23.632914253090444, -1.79769313486231571e+308 ], [ -46.523215151773726, -23.632896836965479, -1.79769313486231571e+308 ], [ -46.523191082606864, -23.632880928939404, -1.79769313486231571e+308 ], [ -46.523165867619184, -23.632866606513982, -1.79769313486231571e+308 ], [ -46.523139629654921, -23.632853939466138, -1.79769313486231571e+308 ], [ -46.523112496542012, -23.632842989508031, -1.79769313486231571e+308 ], [ -46.523084600469339, -23.632833809986366, -1.79769313486231571e+308 ], [ -46.523056077342716, -23.632826445622541, -1.79769313486231571e+308 ], [ -46.523027066122822, -23.632820932294713, -1.79769313486231571e+308 ], [ -46.522997708148189, -23.632817296863148, -1.79769313486231571e+308 ], [ -46.522968146446672, -23.632815557039176, -1.79769313486231571e+308 ], [ -46.522938525038619, -23.632815721299057, -1.79769313486231571e+308 ], [ -46.52290898823528, -23.63281778884258, -1.79769313486231571e+308 ], [ -46.52287967993572, -23.63282174959706, -1.79769313486231571e+308 ], [ -46.522850742925833, -23.632827584266316, -1.79769313486231571e+308 ], [ -46.522822318182676, -23.632835264424735, -1.79769313486231571e+308 ], [ -46.522794544187711, -23.632844752655725, -1.79769313486231571e+308 ], [ -46.522767556252106, -23.632856002733995, -1.79769313486231571e+308 ], [ -46.522741485857587, -23.6328689598508, -1.79769313486231571e+308 ], [ -46.522716460015857, -23.632883560880867, -1.79769313486231571e+308 ], [ -46.522692600649812, -23.632899734690017, -1.79769313486231571e+308 ], [ -46.522670023999559, -23.632917402481652, -1.79769313486231571e+308 ], [ -46.522648840056149, -23.632936478180632, -1.79769313486231571e+308 ], [ -46.522629152025665, -23.632956868852677, -1.79769313486231571e+308 ], [ -46.522611055826431, -23.632978475157039, -1.79769313486231571e+308 ], [ -46.522594639621708, -23.633001191830527, -1.79769313486231571e+308 ], [ -46.522579983390145, -23.633024908200298, -1.79769313486231571e+308 ], [ -46.522567158536155, -23.633049508723037, -1.79769313486231571e+308 ] ] ] ] } },
{ "type": "Feature", "properties": { "fid": 75.0, "MODELO" : "TAMCENTRAL" }, "geometry": { "type": "MultiPolygon", "coordinates": [ [ [ [ -46.548037466764441, -23.646528740140599, -1.79769313486231571e+308 ], [ -46.548054187211498, -23.646554032137729, -1.79769313486231571e+308 ], [ -46.548076647408116, -23.646576633805623, -1.79769313486231571e+308 ], [ -46.548104737931752, -23.646596435028687, -1.79769313486231571e+308 ], [ -46.548138321928626, -23.646613339334326, -1.79769313486231571e+308 ], [ -46.548177235780422, -23.64662726436298, -1.79769313486231571e+308 ], [ -46.548221289901456, -23.646638142269435, -1.79769313486231571e+308 ], [ -46.548270269662332, -23.646645920053448, -1.79769313486231571e+308 ], [ -46.548323936435644, -23.646650559818028, -1.79769313486231571e+308 ], [ -46.548382028758567, -23.64665203895418, -1.79769313486231571e+308 ], [ -46.548444263606818, -23.64665035025109, -1.79769313486231571e+308 ], [ -46.548510337773529, -23.646645501931406, -1.79769313486231571e+308 ], [ -46.548579929346609, -23.646637517611211, -1.79769313486231571e+308 ], [ -46.548652699277106, -23.64662643618507, -1.79769313486231571e+308 ], [ -46.548728293031175, -23.64661231163668, -1.79769313486231571e+308 ], [ -46.548806342317434, -23.646595212775853, -1.79769313486231571e+308 ], [ -46.548886466881385, -23.646575222903394, -1.79769313486231571e+308 ], [ -46.548968276358053, -23.646552439405347, -1.79769313486231571e+308 ], [ -46.549051372173963, -23.646526973278561, -1.79769313486231571e+308 ], [ -46.549135349489049, -23.646498948589979, -1.79769313486231571e+308 ], [ -46.549219799169116, -23.646468501872196, -1.79769313486231571e+308 ], [ -46.549304309779174, -23.646435781458337, -1.79769313486231571e+308 ], [ -46.549388469588038, -23.646400946759432, -1.79769313486231571e+308 ], [ -46.549471868574273, -23.646364167487668, -1.79769313486231571e+308 ], [ -46.54955410042389, -23.646325622829625, -1.79769313486231571e+308 ], [ -46.549634764509868, -23.646285500573274, -1.79769313486231571e+308 ], [ -46.549713467844036, -23.646243996192972, -1.79769313486231571e+308 ], [ -46.549789826991685, -23.64620131189719, -1.79769313486231571e+308 ], [ -46.549863469939595, -23.646157655643187, -1.79769313486231571e+308 ], [ -46.549934037908479, -23.646113240123892, -1.79769313486231571e+308 ], [ -46.550001187100818, -23.646068281731544, -1.79769313486231571e+308 ], [ -46.550064590375833, -23.646022999503383, -1.79769313486231571e+308 ], [ -46.550123938843157, -23.64597761405447, -1.79769313486231571e+308 ], [ -46.550178943367662, -23.645932346502747, -1.79769313486231571e+308 ], [ -46.550229335978031, -23.645887417391677, -1.79769313486231571e+308 ], [ -46.550274871172135, -23.645843045615699, -1.79769313486231571e+308 ], [ -46.550315327113033, -23.645799447353738, -1.79769313486231571e+308 ], [ -46.550350506709584, -23.645756835015884, -1.79769313486231571e+308 ], [ -46.550380238576572, -23.645715416208528, -1.79769313486231571e+308 ], [ -46.550404377869548, -23.645675392722797, -1.79769313486231571e+308 ], [ -46.550422806990326, -23.645636959551439, -1.79769313486231571e+308 ], [ -46.550435436159887, -23.64560030393876, -1.79769313486231571e+308 ], [ -46.550442203855567, -23.645565604468405, -1.79769313486231571e+308 ], [ -46.550443077110749, -23.645533030193249, -1.79769313486231571e+308 ], [ -46.550438051675336, -23.645502739811747, -1.79769313486231571e+308 ], [ -46.550427152036406, -23.645474880894874, -1.79769313486231571e+308 ], [ -46.550410431298815, -23.645449589167111, -1.79769313486231571e+308 ], [ -46.550387970926444, -23.645426987845227, -1.79769313486231571e+308 ], [ -46.550359880345241, -23.645407187038067, -1.79769313486231571e+308 ], [ -46.55032629641012, -23.645390283210158, -1.79769313486231571e+308 ], [ -46.550287382738183, -23.645376358711747, -1.79769313486231571e+308 ], [ -46.550243328911613, -23.645365481377738, -1.79769313486231571e+308 ], [ -46.550194349554083, -23.645357704197213, -1.79769313486231571e+308 ], [ -46.55014068328515, -23.645353065055428, -1.79769313486231571e+308 ], [ -46.55008259155781, -23.645351586549261, -1.79769313486231571e+308 ], [ -46.550020357384767, -23.645353275877259, -1.79769313486231571e+308 ], [ -46.549954283959735, -23.645358124804609, -1.79769313486231571e+308 ], [ -46.549884693180381, -23.64536610970341, -1.79769313486231571e+308 ], [ -46.549811924080196, -23.645377191667823, -1.79769313486231571e+308 ], [ -46.549736331176874, -23.645391316703673, -1.79769313486231571e+308 ], [ -46.549658282745234, -23.645408415991678, -1.79769313486231571e+308 ], [ -46.549578159023142, -23.645428406222702, -1.79769313486231571e+308 ], [ -46.549496350359178, -23.645451190003712, -1.79769313486231571e+308 ], [ -46.549413255311009, -23.645476656332381, -1.79769313486231571e+308 ], [ -46.549329278703752, -23.64550468113783, -1.79769313486231571e+308 ], [ -46.549244829657837, -23.645535127885172, -1.79769313486231571e+308 ], [ -46.549160319595885, -23.645567848240702, -1.79769313486231571e+308 ], [ -46.549076160238442, -23.645602682794561, -1.79769313486231571e+308 ], [ -46.548992761598136, -23.645639461837352, -1.79769313486231571e+308 ], [ -46.548910529982237, -23.645678006186952, -1.79769313486231571e+308 ], [ -46.548829866013207, -23.645718128061425, -1.79769313486231571e+308 ], [ -46.548751162676943, -23.645759631993812, -1.79769313486231571e+308 ], [ -46.548674803408197, -23.64580231578438, -1.79769313486231571e+308 ], [ -46.548601160222539, -23.645845971485699, -1.79769313486231571e+308 ], [ -46.548530591903898, -23.645890386415591, -1.79769313486231571e+308 ], [ -46.54846344225659, -23.64593534419329, -1.79769313486231571e+308 ], [ -46.548400038430252, -23.645980625793531, -1.79769313486231571e+308 ], [ -46.548340689325983, -23.646026010613458, -1.79769313486231571e+308 ], [ -46.548285684091297, -23.646071277547396, -1.79769313486231571e+308 ], [ -46.548235290711354, -23.64611620606388, -1.79769313486231571e+308 ], [ -46.548189754703252, -23.646160577280064, -1.79769313486231571e+308 ], [ -46.548149297919771, -23.646204175027897, -1.79769313486231571e+308 ], [ -46.548114117468451, -23.646246786907312, -1.79769313486231571e+308 ], [ -46.548084384751149, -23.646288205320843, -1.79769313486231571e+308 ], [ -46.548060244628886, -23.646328228485025, -1.79769313486231571e+308 ], [ -46.548041814715937, -23.646366661413364, -1.79769313486231571e+308 ], [ -46.548029184806794, -23.646403316866291, -1.79769313486231571e+308 ], [ -46.548022416438485, -23.64643801626325, -1.79769313486231571e+308 ], [ -46.548021542590739, -23.646470590552831, -1.79769313486231571e+308 ], [ -46.548026567525163, -23.646500881036257, -1.79769313486231571e+308 ], [ -46.548037466764441, -23.646528740140599, -1.79769313486231571e+308 ] ] ] ] } },
{ "type": "Feature", "properties": { "fid": 76.0 , "MODELO" : "MENINOS"}, "geometry": { "type": "MultiPolygon", "coordinates": [ [ [ [ -46.550522007971978, -23.667023872235877, -1.79769313486231571e+308 ], [ -46.550514038726803, -23.667042284143548, -1.79769313486231571e+308 ], [ -46.550507483311755, -23.667061163235203, -1.79769313486231571e+308 ], [ -46.550502373664727, -23.667080417533978, -1.79769313486231571e+308 ], [ -46.550498734680019, -23.667099953234946, -1.79769313486231571e+308 ], [ -46.550496584087071, -23.667119675162223, -1.79769313486231571e+308 ], [ -46.550495932364001, -23.667139487232578, -1.79769313486231571e+308 ], [ -46.550496782686643, -23.667159292923589, -1.79769313486231571e+308 ], [ -46.550499130912982, -23.667178995743853, -1.79769313486231571e+308 ], [ -46.550502965603329, -23.667198499703101, -1.79769313486231571e+308 ], [ -46.550508268076094, -23.66721770977988, -1.79769313486231571e+308 ], [ -46.550515012498742, -23.667236532384436, -1.79769313486231571e+308 ], [ -46.550523166013633, -23.667254875814727, -1.79769313486231571e+308 ], [ -46.550532688898137, -23.667272650703161, -1.79769313486231571e+308 ], [ -46.550543534758077, -23.667289770452005, -1.79769313486231571e+308 ], [ -46.550555650753843, -23.667306151655275, -1.79769313486231571e+308 ], [ -46.550568977857708, -23.66732171450511, -1.79769313486231571e+308 ], [ -46.550583451141492, -23.667336383180537, -1.79769313486231571e+308 ], [ -46.550599000092838, -23.66735008621696, -1.79769313486231571e+308 ], [ -46.550615548958753, -23.667362756854239, -1.79769313486231571e+308 ], [ -46.550633017114656, -23.667374333362009, -1.79769313486231571e+308 ], [ -46.550651319457202, -23.667384759340422, -1.79769313486231571e+308 ], [ -46.550670366818878, -23.667393983994902, -1.79769313486231571e+308 ], [ -46.550690066402439, -23.667401962383607, -1.79769313486231571e+308 ], [ -46.550710322232995, -23.667408655636425, -1.79769313486231571e+308 ], [ -46.550731035625645, -23.667414031144357, -1.79769313486231571e+308 ], [ -46.550752105666206, -23.667418062718323, -1.79769313486231571e+308 ], [ -46.550773429702936, -23.66742073071681, -1.79769313486231571e+308 ], [ -46.550794903846601, -23.667422022141565, -1.79769313486231571e+308 ], [ -46.550816423476661, -23.667421930700865, -1.79769313486231571e+308 ], [ -46.550837883750944, -23.667420456840254, -1.79769313486231571e+308 ], [ -46.550859180116511, -23.667417607740319, -1.79769313486231571e+308 ], [ -46.550880208818946, -23.667413397281699, -1.79769313486231571e+308 ], [ -46.55090086740794, -23.667407845977493, -1.79769313486231571e+308 ], [ -46.55092105523638, -23.667400980873278, -1.79769313486231571e+308 ], [ -46.550940673950677, -23.667392835415402, -1.79769313486231571e+308 ], [ -46.550959627970023, -23.667383449287954, -1.79769313486231571e+308 ], [ -46.550977824952007, -23.66737286821947, -1.79769313486231571e+308 ], [ -46.550995176242495, -23.667361143760168, -1.79769313486231571e+308 ], [ -46.551011597307578, -23.667348333030731, -1.79769313486231571e+308 ], [ -46.551027008145411, -23.667334498444045, -1.79769313486231571e+308 ], [ -46.551041333675947, -23.667319707401134, -1.79769313486231571e+308 ], [ -46.551054504106766, -23.667304031962789, -1.79769313486231571e+308 ], [ -46.551066455273066, -23.667287548498461, -1.79769313486231571e+308 ], [ -46.551077128950254, -23.667270337314182, -1.79769313486231571e+308 ], [ -46.551086473137623, -23.667252482261354, -1.79769313486231571e+308 ], [ -46.551094442311694, -23.667234070328234, -1.79769313486231571e+308 ], [ -46.551100997647964, -23.667215191216101, -1.79769313486231571e+308 ], [ -46.551106107210067, -23.667195936902218, -1.79769313486231571e+308 ], [ -46.551109746105354, -23.667176401191799, -1.79769313486231571e+308 ], [ -46.551111896606137, -23.667156679260927, -1.79769313486231571e+308 ], [ -46.551112548236084, -23.667136867192873, -1.79769313486231571e+308 ], [ -46.551111697821177, -23.667117061510051, -1.79769313486231571e+308 ], [ -46.551109349505239, -23.667097358703675, -1.79769313486231571e+308 ], [ -46.551105514729677, -23.667077854763747, -1.79769313486231571e+308 ], [ -46.551100212177758, -23.667058644711368, -1.79769313486231571e+308 ], [ -46.55109346768355, -23.667039822135795, -1.79769313486231571e+308 ], [ -46.551085314106089, -23.667021478738505, -1.79769313486231571e+308 ], [ -46.551075791169225, -23.667003703886465, -1.79769313486231571e+308 ], [ -46.551064945268138, -23.666986584176684, -1.79769313486231571e+308 ], [ -46.551052829243268, -23.66697020301439, -1.79769313486231571e+308 ], [ -46.551039502122883, -23.666954640206647, -1.79769313486231571e+308 ], [ -46.551025028835497, -23.666939971573616, -1.79769313486231571e+308 ], [ -46.55100947989353, -23.666926268579044, -1.79769313486231571e+308 ], [ -46.550992931049798, -23.66691359798229, -1.79769313486231571e+308 ], [ -46.550975462928456, -23.6669020215129, -1.79769313486231571e+308 ], [ -46.550957160632166, -23.666891595569993, -1.79769313486231571e+308 ], [ -46.55093811332754, -23.666882370947459, -1.79769313486231571e+308 ], [ -46.55091841381072, -23.666874392586497, -1.79769313486231571e+308 ], [ -46.550898158055283, -23.666867699356683, -1.79769313486231571e+308 ], [ -46.550877444744692, -23.666862323866596, -1.79769313486231571e+308 ], [ -46.550856374791515, -23.666858292304941, -1.79769313486231571e+308 ], [ -46.550835050845791, -23.666855624312984, -1.79769313486231571e+308 ], [ -46.550813576794994, -23.666854332888896, -1.79769313486231571e+308 ], [ -46.550792057257858, -23.666854424324328, -1.79769313486231571e+308 ], [ -46.550770597074724, -23.666855898173882, -1.79769313486231571e+308 ], [ -46.550749300796788, -23.666858747257169, -1.79769313486231571e+308 ], [ -46.550728272176734, -23.666862957693876, -1.79769313486231571e+308 ], [ -46.550707613663278, -23.666868508971326, -1.79769313486231571e+308 ], [ -46.550687425902076, -23.666875374044469, -1.79769313486231571e+308 ], [ -46.550667807245382, -23.666883519467568, -1.79769313486231571e+308 ], [ -46.550648853272897, -23.666892905557201, -1.79769313486231571e+308 ], [ -46.550630656326128, -23.666903486585568, -1.79769313486231571e+308 ], [ -46.550613305058512, -23.666915211003232, -1.79769313486231571e+308 ], [ -46.550596884003511, -23.666928021690325, -1.79769313486231571e+308 ], [ -46.550581473162786, -23.666941856234779, -1.79769313486231571e+308 ], [ -46.550567147616427, -23.666956647236397, -1.79769313486231571e+308 ], [ -46.550553977157165, -23.666972322635186, -1.79769313486231571e+308 ], [ -46.550542025950357, -23.666988806062484, -1.79769313486231571e+308 ], [ -46.550531352221398, -23.667006017212966, -1.79769313486231571e+308 ], [ -46.550522007971978, -23.667023872235877, -1.79769313486231571e+308 ] ] ] ] } },
{ "type": "Feature", "properties": { "fid": 77.0 , "MODELO" : "TAMCENTRAL"}, "geometry": { "type": "MultiPolygon", "coordinates": [ [ [ [ -46.518395362068539, -23.664672983058086, -1.79769313486231571e+308 ], [ -46.51838280397503, -23.664701959678428, -1.79769313486231571e+308 ], [ -46.518372470962163, -23.664731672601633, -1.79769313486231571e+308 ], [ -46.518364413372758, -23.664761977069698, -1.79769313486231571e+308 ], [ -46.518358670464103, -23.664792725442574, -1.79769313486231571e+308 ], [ -46.518355270216702, -23.664823767917451, -1.79769313486231571e+308 ], [ -46.518354229197882, -23.664854953258597, -1.79769313486231571e+308 ], [ -46.518355552481061, -23.664886129534086, -1.79769313486231571e+308 ], [ -46.518359233620998, -23.664917144856133, -1.79769313486231571e+308 ], [ -46.518365254685179, -23.664947848120939, -1.79769313486231571e+308 ], [ -46.51837358634112, -23.664978089744952, -1.79769313486231571e+308 ], [ -46.518384187999274, -23.665007722393554, -1.79769313486231571e+308 ], [ -46.518397008010709, -23.665036601698962, -1.79769313486231571e+308 ], [ -46.51841198391876, -23.665064586963489, -1.79769313486231571e+308 ], [ -46.518429042763252, -23.665091541845108, -1.79769313486231571e+308 ], [ -46.518448101435972, -23.665117335021606, -1.79769313486231571e+308 ], [ -46.518469067085491, -23.665141840830518, -1.79769313486231571e+308 ], [ -46.518491837569584, -23.665164939881219, -1.79769313486231571e+308 ], [ -46.518516301952808, -23.665186519636698, -1.79769313486231571e+308 ], [ -46.518542341046981, -23.665206474961803, -1.79769313486231571e+308 ], [ -46.518569827991861, -23.665224708635446, -1.79769313486231571e+308 ], [ -46.518598628873193, -23.665241131824349, -1.79769313486231571e+308 ], [ -46.518628603375134, -23.665255664515694, -1.79769313486231571e+308 ], [ -46.51865960546391, -23.665268235907121, -1.79769313486231571e+308 ], [ -46.51869148409925, -23.665278784751546, -1.79769313486231571e+308 ], [ -46.518724083970291, -23.66528725965567, -1.79769313486231571e+308 ], [ -46.518757246252257, -23.665293619330274, -1.79769313486231571e+308 ], [ -46.518790809380263, -23.665297832791438, -1.79769313486231571e+308 ], [ -46.518824609836493, -23.66529987951148, -1.79769313486231571e+308 ], [ -46.518858482946818, -23.665299749518987, -1.79769313486231571e+308 ], [ -46.518892263683192, -23.665297443447336, -1.79769313486231571e+308 ], [ -46.518925787467609, -23.665292972531688, -1.79769313486231571e+308 ], [ -46.51895889097397, -23.665286358554194, -1.79769313486231571e+308 ], [ -46.518991412923839, -23.66527763373788, -1.79769313486231571e+308 ], [ -46.519023194872169, -23.665266840589645, -1.79769313486231571e+308 ], [ -46.519054081979284, -23.665254031693205, -1.79769313486231571e+308 ], [ -46.519083923765272, -23.66523926945283, -1.79769313486231571e+308 ], [ -46.519112574843085, -23.665222625789358, -1.79769313486231571e+308 ], [ -46.519139895626928, -23.665204181789754, -1.79769313486231571e+308 ], [ -46.519165753012253, -23.665184027312094, -1.79769313486231571e+308 ], [ -46.519190021024308, -23.665162260547735, -1.79769313486231571e+308 ], [ -46.51921258143183, -23.665138987542921, -1.79769313486231571e+308 ], [ -46.519233324323046, -23.665114321682129, -1.79769313486231571e+308 ], [ -46.519252148641193, -23.665088383135707, -1.79769313486231571e+308 ], [ -46.519268962676826, -23.665061298274274, -1.79769313486231571e+308 ], [ -46.519283684514576, -23.665033199053187, -1.79769313486231571e+308 ], [ -46.51929624243224, -23.665004222369564, -1.79769313486231571e+308 ], [ -46.519306575250198, -23.664974509395343, -1.79769313486231571e+308 ], [ -46.519314632629431, -23.664944204889544, -1.79769313486231571e+308 ], [ -46.519320375316717, -23.66491345649294, -1.79769313486231571e+308 ], [ -46.519323775335877, -23.664882414008797, -1.79769313486231571e+308 ], [ -46.519324816124026, -23.66485122867304, -1.79769313486231571e+308 ], [ -46.519323492612237, -23.664820052417468, -1.79769313486231571e+308 ], [ -46.519319811250192, -23.664789037129498, -1.79769313486231571e+308 ], [ -46.519313789974738, -23.66475833391226, -1.79769313486231571e+308 ], [ -46.51930545812246, -23.664728092348387, -1.79769313486231571e+308 ], [ -46.519294856286734, -23.664698459771319, -1.79769313486231571e+308 ], [ -46.519282036119947, -23.664669580547436, -1.79769313486231571e+308 ], [ -46.519267060081795, -23.664641595372863, -1.79769313486231571e+308 ], [ -46.519250001134964, -23.664614640587853, -1.79769313486231571e+308 ], [ -46.519230942389683, -23.66458884751275, -1.79769313486231571e+308 ], [ -46.519209976698789, -23.664564341808052, -1.79769313486231571e+308 ], [ -46.519187206205295, -23.664541242862335, -1.79769313486231571e+308 ], [ -46.519162741844838, -23.664519663210587, -1.79769313486231571e+308 ], [ -46.519136702805156, -23.664499707985932, -1.79769313486231571e+308 ], [ -46.519109215945441, -23.664481474407498, -1.79769313486231571e+308 ], [ -46.51908041517828, -23.664465051306735, -1.79769313486231571e+308 ], [ -46.519050440817288, -23.664450518694704, -1.79769313486231571e+308 ], [ -46.519019438893508, -23.664437947372257, -1.79769313486231571e+308 ], [ -46.518987560443996, -23.664427398585111, -1.79769313486231571e+308 ], [ -46.518954960775993, -23.664418923725467, -1.79769313486231571e+308 ], [ -46.518921798710331, -23.664412564081676, -1.79769313486231571e+308 ], [ -46.518888235807665, -23.664408350637046, -1.79769313486231571e+308 ], [ -46.51885443558146, -23.664406303918948, -1.79769313486231571e+308 ], [ -46.518820562701336, -23.664406433898762, -1.79769313486231571e+308 ], [ -46.518786782190872, -23.66440873994334, -1.79769313486231571e+308 ], [ -46.518753258623676, -23.664413210818065, -1.79769313486231571e+308 ], [ -46.518720155321617, -23.664419824741582, -1.79769313486231571e+308 ], [ -46.518687633559161, -23.664428549491902, -1.79769313486231571e+308 ], [ -46.518655851777694, -23.664439342563416, -1.79769313486231571e+308 ], [ -46.518624964813654, -23.664452151373901, -1.79769313486231571e+308 ], [ -46.518595123144173, -23.664466913520769, -1.79769313486231571e+308 ], [ -46.518566472154014, -23.664483557084996, -1.79769313486231571e+308 ], [ -46.518539151427291, -23.664502000981546, -1.79769313486231571e+308 ], [ -46.518513294067411, -23.664522155354344, -1.79769313486231571e+308 ], [ -46.518489026048655, -23.664543922014094, -1.79769313486231571e+308 ], [ -46.518466465602408, -23.664567194916575, -1.79769313486231571e+308 ], [ -46.518445722641196, -23.664591860679288, -1.79769313486231571e+308 ], [ -46.518426898223133, -23.664617799133826, -1.79769313486231571e+308 ], [ -46.518410084059639, -23.664644883911318, -1.79769313486231571e+308 ], [ -46.518395362068539, -23.664672983058086, -1.79769313486231571e+308 ] ] ] ] } },
{ "type": "Feature", "properties": { "fid": 78.0, "MODELO" : "TAMCENTRAL" }, "geometry": { "type": "MultiPolygon", "coordinates": [ [ [ [ -46.52086841699365, -23.67040254283425, -1.79769313486231571e+308 ], [ -46.521270216570038, -23.670135992767104, -1.79769313486231571e+308 ], [ -46.521718117009499, -23.669965738557906, -1.79769313486231571e+308 ], [ -46.522189948293899, -23.669919640286412, -1.79769313486231571e+308 ], [ -46.522467017231158, -23.669889275610267, -1.79769313486231571e+308 ], [ -46.522660097395182, -23.669728432831192, -1.79769313486231571e+308 ], [ -46.522718071185395, -23.669555096149544, -1.79769313486231571e+308 ], [ -46.522633121834446, -23.669341699778613, -1.79769313486231571e+308 ], [ -46.522562125708021, -23.669038327393789, -1.79769313486231571e+308 ], [ -46.522400045761842, -23.668639100257241, -1.79769313486231571e+308 ], [ -46.522216596900542, -23.668336832352594, -1.79769313486231571e+308 ], [ -46.522116015053847, -23.668068303690614, -1.79769313486231571e+308 ], [ -46.521970132166842, -23.667772577116946, -1.79769313486231571e+308 ], [ -46.521832947316092, -23.66758042521354, -1.79769313486231571e+308 ], [ -46.52138449492616, -23.667702310086025, -1.79769313486231571e+308 ], [ -46.521274841801954, -23.667945260522298, -1.79769313486231571e+308 ], [ -46.521158971370198, -23.668298842878922, -1.79769313486231571e+308 ], [ -46.521111212800477, -23.668707042076711, -1.79769313486231571e+308 ], [ -46.520660377343361, -23.669271232275747, -1.79769313486231571e+308 ], [ -46.520559178376807, -23.669597027527747, -1.79769313486231571e+308 ], [ -46.520428870541402, -23.669999125871687, -1.79769313486231571e+308 ], [ -46.520544284839083, -23.670253688734565, -1.79769313486231571e+308 ], [ -46.52086841699365, -23.67040254283425, -1.79769313486231571e+308 ] ] ] ] } },
{ "type": "Feature", "properties": { "fid": 79.0 , "MODELO" : "TAMCENTRAL"}, "geometry": { "type": "MultiPolygon", "coordinates": [ [ [ [ -46.501218636818287, -23.669889430567913, -1.79769313486231571e+308 ], [ -46.501211412996078, -23.669906069924011, -1.79769313486231571e+308 ], [ -46.501205466972962, -23.669923132877319, -1.79769313486231571e+308 ], [ -46.501200827717838, -23.669940536298967, -1.79769313486231571e+308 ], [ -46.501197517833191, -23.669958195401311, -1.79769313486231571e+308 ], [ -46.50119555344498, -23.669976024151048, -1.79769313486231571e+308 ], [ -46.501194944124066, -23.669993935688318, -1.79769313486231571e+308 ], [ -46.501195692839538, -23.670011842749894, -1.79769313486231571e+308 ], [ -46.501197795944286, -23.670029658094347, -1.79769313486231571e+308 ], [ -46.501201243192739, -23.670047294927009, -1.79769313486231571e+308 ], [ -46.50120601779075, -23.670064667322915, -1.79769313486231571e+308 ], [ -46.501212096477431, -23.670081690645315, -1.79769313486231571e+308 ], [ -46.501219449638455, -23.67009828195814, -1.79769313486231571e+308 ], [ -46.501228041450346, -23.670114360430006, -1.79769313486231571e+308 ], [ -46.501237830054976, -23.670129847727978, -1.79769313486231571e+308 ], [ -46.501248767763478, -23.670144668399256, -1.79769313486231571e+308 ], [ -46.501260801288623, -23.670158750238777, -1.79769313486231571e+308 ], [ -46.501273872004383, -23.670172024641012, -1.79769313486231571e+308 ], [ -46.501287916231576, -23.670184426934131, -1.79769313486231571e+308 ], [ -46.501302865548077, -23.670195896695169, -1.79769313486231571e+308 ], [ -46.501318647122183, -23.670206378044345, -1.79769313486231571e+308 ], [ -46.501335184067464, -23.670215819917363, -1.79769313486231571e+308 ], [ -46.5013523958173, -23.670224176314157, -1.79769313486231571e+308 ], [ -46.501370198517435, -23.670231406522994, -1.79769313486231571e+308 ], [ -46.501388505434512, -23.670237475318885, -1.79769313486231571e+308 ], [ -46.501407227378628, -23.670242353135091, -1.79769313486231571e+308 ], [ -46.501426273137859, -23.670246016207305, -1.79769313486231571e+308 ], [ -46.501445549922657, -23.670248446689328, -1.79769313486231571e+308 ], [ -46.501464963817924, -23.670249632740049, -1.79769313486231571e+308 ], [ -46.501484420240565, -23.670249568581138, -1.79769313486231571e+308 ], [ -46.501503824400295, -23.670248254525202, -1.79769313486231571e+308 ], [ -46.501523081761441, -23.670245696974263, -1.79769313486231571e+308 ], [ -46.501542098503556, -23.670241908388547, -1.79769313486231571e+308 ], [ -46.501560781978498, -23.670236907225789, -1.79769313486231571e+308 ], [ -46.501579041161797, -23.670230717851304, -1.79769313486231571e+308 ], [ -46.501596787096148, -23.670223370419308, -1.79769313486231571e+308 ], [ -46.501613933324791, -23.670214900725927, -1.79769313486231571e+308 ], [ -46.501630396312756, -23.670205350034902, -1.79769313486231571e+308 ], [ -46.501646095853786, -23.670194764876481, -1.79769313486231571e+308 ], [ -46.501660955461176, -23.670183196820719, -1.79769313486231571e+308 ], [ -46.501674902740355, -23.670170702226294, -1.79769313486231571e+308 ], [ -46.501687869741573, -23.670157341965865, -1.79769313486231571e+308 ], [ -46.50169979329101, -23.6701431811295, -1.79769313486231571e+308 ], [ -46.501710615298499, -23.67012828870763, -1.79769313486231571e+308 ], [ -46.501720283040555, -23.670112737254854, -1.79769313486231571e+308 ], [ -46.501728749417197, -23.670096602536486, -1.79769313486231571e+308 ], [ -46.501735973181475, -23.670079963159441, -1.79769313486231571e+308 ], [ -46.501741919140343, -23.670062900189237, -1.79769313486231571e+308 ], [ -46.501746558326175, -23.670045496755055, -1.79769313486231571e+308 ], [ -46.501749868137814, -23.670027837644803, -1.79769313486231571e+308 ], [ -46.501751832450729, -23.670010008891921, -1.79769313486231571e+308 ], [ -46.50175244169553, -23.669992097356342, -1.79769313486231571e+308 ], [ -46.501751692904605, -23.669974190301257, -1.79769313486231571e+308 ], [ -46.501749589726522, -23.669956374967963, -1.79769313486231571e+308 ], [ -46.501746142408301, -23.669938738150922, -1.79769313486231571e+308 ], [ -46.501741367745439, -23.669921365774787, -1.79769313486231571e+308 ], [ -46.501735289000074, -23.66990434247592, -1.79769313486231571e+308 ], [ -46.501727935787684, -23.669887751189933, -1.79769313486231571e+308 ], [ -46.501719343932741, -23.669871672747707, -1.79769313486231571e+308 ], [ -46.501709555294227, -23.669856185481574, -1.79769313486231571e+308 ], [ -46.501698617561644, -23.669841364843727, -1.79769313486231571e+308 ], [ -46.501686584022707, -23.669827283038565, -1.79769313486231571e+308 ], [ -46.501673513303707, -23.669814008670983, -1.79769313486231571e+308 ], [ -46.501659469083897, -23.669801606412094, -1.79769313486231571e+308 ], [ -46.501644519785245, -23.669790136684227, -1.79769313486231571e+308 ], [ -46.501628738239106, -23.669779655366497, -1.79769313486231571e+308 ], [ -46.501612201331376, -23.6697702135226, -1.79769313486231571e+308 ], [ -46.501594989627939, -23.669761857152036, -1.79769313486231571e+308 ], [ -46.501577186982153, -23.669754626966018, -1.79769313486231571e+308 ], [ -46.501558880126311, -23.669748558189099, -1.79769313486231571e+308 ], [ -46.501540158249128, -23.669743680387647, -1.79769313486231571e+308 ], [ -46.501521112561228, -23.669740017325669, -1.79769313486231571e+308 ], [ -46.50150183585076, -23.669737586849202, -1.79769313486231571e+308 ], [ -46.501482422031373, -23.669736400799206, -1.79769313486231571e+308 ], [ -46.501462965684702, -23.669736464954013, -1.79769313486231571e+308 ], [ -46.501443561599551, -23.6697377790011, -1.79769313486231571e+308 ], [ -46.501424304310135, -23.66974033653862, -1.79769313486231571e+308 ], [ -46.501405287635492, -23.669744125106593, -1.79769313486231571e+308 ], [ -46.501386604222475, -23.669749126247655, -1.79769313486231571e+308 ], [ -46.501368345094335, -23.669755315596881, -1.79769313486231571e+308 ], [ -46.501350599207306, -23.669762663000572, -1.79769313486231571e+308 ], [ -46.501333453017224, -23.66977113266314, -1.79769313486231571e+308 ], [ -46.501316990058314, -23.669780683321452, -1.79769313486231571e+308 ], [ -46.501301290536261, -23.669791268445888, -1.79769313486231571e+308 ], [ -46.501286430937405, -23.66980283646706, -1.79769313486231571e+308 ], [ -46.501272483656159, -23.66981533102696, -1.79769313486231571e+308 ], [ -46.501259516642293, -23.66982869125361, -1.79769313486231571e+308 ], [ -46.501247593069884, -23.669842852057588, -1.79769313486231571e+308 ], [ -46.501236771029554, -23.6698577444491, -1.79769313486231571e+308 ], [ -46.501227103245427, -23.66987329587413, -1.79769313486231571e+308 ], [ -46.501218636818287, -23.669889430567913, -1.79769313486231571e+308 ] ] ] ] } },
{ "type": "Feature", "properties": { "fid": 80.0 , "MODELO" : "TAMCENTRAL"}, "geometry": { "type": "MultiPolygon", "coordinates": [ [ [ [ -46.501955189087376, -23.670398068966293, -1.79769313486231571e+308 ], [ -46.501946172334755, -23.670418837063856, -1.79769313486231571e+308 ], [ -46.50193875044981, -23.670440133894477, -1.79769313486231571e+308 ], [ -46.501932959591947, -23.670461855702289, -1.79769313486231571e+308 ], [ -46.501928827974432, -23.670483896661008, -1.79769313486231571e+308 ], [ -46.501926375726917, -23.670506149389364, -1.79769313486231571e+308 ], [ -46.501925614797365, -23.670528505474355, -1.79769313486231571e+308 ], [ -46.501926548893813, -23.670550855999352, -1.79769313486231571e+308 ], [ -46.501929173466294, -23.670573092074779, -1.79769313486231571e+308 ], [ -46.50193347572899, -23.670595105368577, -1.79769313486231571e+308 ], [ -46.501939434722502, -23.670616788634014, -1.79769313486231571e+308 ], [ -46.501947021415944, -23.670638036232173, -1.79769313486231571e+308 ], [ -46.501956198848383, -23.67065874464663, -1.79769313486231571e+308 ], [ -46.501966922308867, -23.670678812987767, -1.79769313486231571e+308 ], [ -46.501979139554273, -23.670698143484294, -1.79769313486231571e+308 ], [ -46.501992791063792, -23.670716641959629, -1.79769313486231571e+308 ], [ -46.502007810328912, -23.670734218290676, -1.79769313486231571e+308 ], [ -46.502024124177439, -23.670750786846924, -1.79769313486231571e+308 ], [ -46.502041653129986, -23.670766266907641, -1.79769313486231571e+308 ], [ -46.502060311787169, -23.670780583055127, -1.79769313486231571e+308 ], [ -46.502080009245681, -23.670793665542188, -1.79769313486231571e+308 ], [ -46.50210064954117, -23.670805450631892, -1.79769313486231571e+308 ], [ -46.502122132115765, -23.670815880908147, -1.79769313486231571e+308 ], [ -46.502144352307994, -23.670824905555396, -1.79769313486231571e+308 ], [ -46.502167201862697, -23.670832480606194, -1.79769313486231571e+308 ], [ -46.502190569458442, -23.67083856915545, -1.79769313486231571e+308 ], [ -46.502214341249889, -23.670843141540207, -1.79769313486231571e+308 ], [ -46.502238401422453, -23.670846175484119, -1.79769313486231571e+308 ], [ -46.502262632756548, -23.670847656206075, -1.79769313486231571e+308 ], [ -46.502286917198688, -23.670847576492147, -1.79769313486231571e+308 ], [ -46.502311136436632, -23.670845936730704, -1.79769313486231571e+308 ], [ -46.50233517247586, -23.670842744910637, -1.79769313486231571e+308 ], [ -46.50235890821439, -23.670838016582319, -1.79769313486231571e+308 ], [ -46.502382228013303, -23.67083177478186, -1.79769313486231571e+308 ], [ -46.502405018260205, -23.670824049918977, -1.79769313486231571e+308 ], [ -46.502427167922647, -23.670814879628661, -1.79769313486231571e+308 ], [ -46.502448569089189, -23.670804308588018, -1.79769313486231571e+308 ], [ -46.502469117495046, -23.670792388298427, -1.79769313486231571e+308 ], [ -46.502488713030125, -23.670779176834692, -1.79769313486231571e+308 ], [ -46.502507260226736, -23.670764738562152, -1.79769313486231571e+308 ], [ -46.502524668724696, -23.670749143822995, -1.79769313486231571e+308 ], [ -46.502540853711579, -23.670732468593616, -1.79769313486231571e+308 ], [ -46.502555736335907, -23.670714794114446, -1.79769313486231571e+308 ], [ -46.502569244091283, -23.670696206494135, -1.79769313486231571e+308 ], [ -46.502581311169656, -23.670676796290046, -1.79769313486231571e+308 ], [ -46.502591878781914, -23.67065665806707, -1.79769313486231571e+308 ], [ -46.502600895444282, -23.670635889936868, -1.79769313486231571e+308 ], [ -46.502608317229146, -23.670614593079925, -1.79769313486231571e+308 ], [ -46.502614107979056, -23.670592871252587, -1.79769313486231571e+308 ], [ -46.502618239482835, -23.670570830281545, -1.79769313486231571e+308 ], [ -46.502620691613046, -23.670548577548281, -1.79769313486231571e+308 ], [ -46.502621452424023, -23.670526221465927, -1.79769313486231571e+308 ], [ -46.502620518210016, -23.670503870951052, -1.79769313486231571e+308 ], [ -46.502617893523301, -23.670481634893008, -1.79769313486231571e+308 ], [ -46.502613591151913, -23.67045962162355, -1.79769313486231571e+308 ], [ -46.502607632057355, -23.670437938388918, -1.79769313486231571e+308 ], [ -46.502600045272487, -23.67041669082742, -1.79769313486231571e+308 ], [ -46.502590867760027, -23.670395982454785, -1.79769313486231571e+308 ], [ -46.502580144232482, -23.670375914159816, -1.79769313486231571e+308 ], [ -46.502567926934269, -23.670356583712891, -1.79769313486231571e+308 ], [ -46.502554275387254, -23.670338085289636, -1.79769313486231571e+308 ], [ -46.502539256100647, -23.670320509012136, -1.79769313486231571e+308 ], [ -46.502522942247069, -23.670303940509857, -1.79769313486231571e+308 ], [ -46.502505413306011, -23.67028846050248, -1.79769313486231571e+308 ], [ -46.502486754676639, -23.670274144406658, -1.79769313486231571e+308 ], [ -46.502467057261697, -23.670261061968592, -1.79769313486231571e+308 ], [ -46.502446417024707, -23.670249276924253, -1.79769313486231571e+308 ], [ -46.502424934522402, -23.67023884668885, -1.79769313486231571e+308 ], [ -46.502402714414842, -23.670229822077165, -1.79769313486231571e+308 ], [ -46.502379864955543, -23.670222247055914, -1.79769313486231571e+308 ], [ -46.502356497464071, -23.670216158529637, -1.79769313486231571e+308 ], [ -46.502332725783738, -23.670211586160846, -1.79769313486231571e+308 ], [ -46.502308665726972, -23.670208552225564, -1.79769313486231571e+308 ], [ -46.502284434511104, -23.670207071504734, -1.79769313486231571e+308 ], [ -46.502260150187325, -23.670207151212278, -1.79769313486231571e+308 ], [ -46.502235931065549, -23.670208790959933, -1.79769313486231571e+308 ], [ -46.502211895138061, -23.670211982759092, -1.79769313486231571e+308 ], [ -46.502188159504669, -23.670216711059787, -1.79769313486231571e+308 ], [ -46.502164839802219, -23.670222952826418, -1.79769313486231571e+308 ], [ -46.50214204964125, -23.670230677649968, -1.79769313486231571e+308 ], [ -46.50211990005252, -23.670239847896173, -1.79769313486231571e+308 ], [ -46.502098498946054, -23.67025041888882, -1.79769313486231571e+308 ], [ -46.502077950585466, -23.670262339127436, -1.79769313486231571e+308 ], [ -46.502058355079953, -23.670275550538236, -1.79769313486231571e+308 ], [ -46.502039807896651, -23.670289988756892, -1.79769313486231571e+308 ], [ -46.502022399395457, -23.670305583442261, -1.79769313486231571e+308 ], [ -46.502006214388878, -23.670322258619009, -1.79769313486231571e+308 ], [ -46.501991331728775, -23.670339933047725, -1.79769313486231571e+308 ], [ -46.501977823922232, -23.670358520620741, -1.79769313486231571e+308 ], [ -46.501965756778304, -23.670377930781612, -1.79769313486231571e+308 ], [ -46.501955189087376, -23.670398068966293, -1.79769313486231571e+308 ] ] ] ] } },
{ "type": "Feature", "properties": { "fid": 81.0 , "MODELO" : "GUARARA"}, "geometry": { "type": "MultiPolygon", "coordinates": [ [ [ [ -46.511803636135696, -23.680534520941375, -1.79769313486231571e+308 ], [ -46.511785307399322, -23.680576685587958, -1.79769313486231571e+308 ], [ -46.511770216960073, -23.680619925045075, -1.79769313486231571e+308 ], [ -46.511758438340031, -23.680664028655269, -1.79769313486231571e+308 ], [ -46.511750028926727, -23.680708781550756, -1.79769313486231571e+308 ], [ -46.511745029693387, -23.680753965700301, -1.79769313486231571e+308 ], [ -46.511743464999299, -23.68079936097141, -1.79769313486231571e+308 ], [ -46.511745342471073, -23.680844746202808, -1.79769313486231571e+308 ], [ -46.511750652965389, -23.680889900281919, -1.79769313486231571e+308 ], [ -46.511759370613497, -23.68093460322206, -1.79769313486231571e+308 ], [ -46.511771452947158, -23.680978637234301, -1.79769313486231571e+308 ], [ -46.511786841105504, -23.681021787788406, -1.79769313486231571e+308 ], [ -46.511805460121728, -23.681063844658116, -1.79769313486231571e+308 ], [ -46.511827219288257, -23.681104602945346, -1.79769313486231571e+308 ], [ -46.511852012598652, -23.681143864078404, -1.79769313486231571e+308 ], [ -46.511879719263973, -23.681181436779514, -1.79769313486231571e+308 ], [ -46.51191020430128, -23.6812171379967, -1.79769313486231571e+308 ], [ -46.511943319191168, -23.681250793795577, -1.79769313486231571e+308 ], [ -46.511978902601378, -23.681282240206887, -1.79769313486231571e+308 ], [ -46.512016781172775, -23.681311324025245, -1.79769313486231571e+308 ], [ -46.512056770363934, -23.681337903555658, -1.79769313486231571e+308 ], [ -46.512098675350209, -23.681361849303858, -1.79769313486231571e+308 ], [ -46.512142291972978, -23.681383044607202, -1.79769313486231571e+308 ], [ -46.512187407734253, -23.681401386203067, -1.79769313486231571e+308 ], [ -46.512233802832036, -23.681416784731976, -1.79769313486231571e+308 ], [ -46.512281251231201, -23.68142916517294, -1.79769313486231571e+308 ], [ -46.512329521764784, -23.681438467209034, -1.79769313486231571e+308 ], [ -46.512378379260255, -23.681444645521168, -1.79769313486231571e+308 ], [ -46.512427585685309, -23.681447670008968, -1.79769313486231571e+308 ], [ -46.512476901307636, -23.681447525937401, -1.79769313486231571e+308 ], [ -46.512526085862923, -23.681444214008568, -1.79769313486231571e+308 ], [ -46.512574899725465, -23.681437750358263, -1.79769313486231571e+308 ], [ -46.512623105075662, -23.681428166477367, -1.79769313486231571e+308 ], [ -46.512670467058726, -23.681415509058414, -1.79769313486231571e+308 ], [ -46.512716754928938, -23.681399839768112, -1.79769313486231571e+308 ], [ -46.512761743173847, -23.68138123494683, -1.79769313486231571e+308 ], [ -46.512805212613046, -23.681359785236729, -1.79769313486231571e+308 ], [ -46.51284695146596, -23.681335595140084, -1.79769313486231571e+308 ], [ -46.512886756383757, -23.681308782510143, -1.79769313486231571e+308 ], [ -46.512924433439963, -23.68127947797695, -1.79769313486231571e+308 ], [ -46.512959799075368, -23.681247824310841, -1.79769313486231571e+308 ], [ -46.512992680992234, -23.681213975726944, -1.79769313486231571e+308 ], [ -46.513022918993755, -23.681178097133735, -1.79769313486231571e+308 ], [ -46.513050365764506, -23.681140363329604, -1.79769313486231571e+308 ], [ -46.513074887588125, -23.681100958151315, -1.79769313486231571e+308 ], [ -46.513096364998724, -23.681060073578216, -1.79769313486231571e+308 ], [ -46.513114693362873, -23.681017908796981, -1.79769313486231571e+308 ], [ -46.513129783389346, -23.680974669231201, -1.79769313486231571e+308 ], [ -46.513141561564069, -23.680930565540454, -1.79769313486231571e+308 ], [ -46.513149970508195, -23.680885812594095, -1.79769313486231571e+308 ], [ -46.513154969257634, -23.680840628424338, -1.79769313486231571e+308 ], [ -46.513156533462492, -23.680795233164069, -1.79769313486231571e+308 ], [ -46.513154655505701, -23.680749847974361, -1.79769313486231571e+308 ], [ -46.513149344540018, -23.68070469396698, -1.79769313486231571e+308 ], [ -46.513140626443366, -23.6806599911272, -1.79769313486231571e+308 ], [ -46.513128543692716, -23.680615957242029, -1.79769313486231571e+308 ], [ -46.51311315515705, -23.68057280683918, -1.79769313486231571e+308 ], [ -46.513094535810524, -23.680530750142001, -1.79769313486231571e+308 ], [ -46.513072776367132, -23.680489992045221, -1.79769313486231571e+308 ], [ -46.513047982838714, -23.68045073111681, -1.79769313486231571e+308 ], [ -46.51302027601843, -23.680413158630561, -1.79769313486231571e+308 ], [ -46.51298979089227, -23.680377457634282, -1.79769313486231571e+308 ], [ -46.512956675981343, -23.680343802058047, -1.79769313486231571e+308 ], [ -46.512921092618321, -23.680312355866789, -1.79769313486231571e+308 ], [ -46.512883214161427, -23.680283272261608, -1.79769313486231571e+308 ], [ -46.512843225149851, -23.680256692933341, -1.79769313486231571e+308 ], [ -46.512801320404748, -23.680232747372315, -1.79769313486231571e+308 ], [ -46.512757704080052, -23.680211552237555, -1.79769313486231571e+308 ], [ -46.512712588667938, -23.680193210788378, -1.79769313486231571e+308 ], [ -46.512666193963611, -23.680177812381427, -1.79769313486231571e+308 ], [ -46.512618745994544, -23.680165432035295, -1.79769313486231571e+308 ], [ -46.512570475919318, -23.680156130065082, -1.79769313486231571e+308 ], [ -46.512521618901566, -23.680149951788575, -1.79769313486231571e+308 ], [ -46.512472412964264, -23.680146927305469, -1.79769313486231571e+308 ], [ -46.512423097830236, -23.680147071350699, -1.79769313486231571e+308 ], [ -46.51237391375431, -23.680150383222696, -1.79769313486231571e+308 ], [ -46.512325100352847, -23.680156846786737, -1.79769313486231571e+308 ], [ -46.512276895436472, -23.680166430553655, -1.79769313486231571e+308 ], [ -46.512229533851531, -23.6801790878331, -1.79769313486231571e+308 ], [ -46.512183246335994, -23.680194756961104, -1.79769313486231571e+308 ], [ -46.51213825839541, -23.680213361600458, -1.79769313486231571e+308 ], [ -46.512094789204262, -23.680234811112527, -1.79769313486231571e+308 ], [ -46.512053050538292, -23.680259000998905, -1.79769313486231571e+308 ], [ -46.512013245742708, -23.680285813410425, -1.79769313486231571e+308 ], [ -46.511975568741576, -23.680315117721303, -1.79769313486231571e+308 ], [ -46.511940203093069, -23.680346771165521, -1.79769313486231571e+308 ], [ -46.511907321095165, -23.680380619532276, -1.79769313486231571e+308 ], [ -46.511877082946242, -23.680416497917328, -1.79769313486231571e+308 ], [ -46.511849635964587, -23.680454231526312, -1.79769313486231571e+308 ], [ -46.511825113870685, -23.68049363652629, -1.79769313486231571e+308 ], [ -46.511803636135696, -23.680534520941375, -1.79769313486231571e+308 ] ] ] ] } },
{ "type": "Feature", "properties": { "fid": 82.0 , "MODELO" : "MENINOS"}, "geometry": { "type": "MultiPolygon", "coordinates": [ [ [ [ -46.546089250529896, -23.683661183421634, -1.79769313486231571e+308 ], [ -46.546068840206495, -23.683708194671173, -1.79769313486231571e+308 ], [ -46.546052040428805, -23.683756402623843, -1.79769313486231571e+308 ], [ -46.54603893304742, -23.683805572416333, -1.79769313486231571e+308 ], [ -46.546029581924223, -23.683855464499047, -1.79769313486231571e+308 ], [ -46.546024032621212, -23.683905835803259, -1.79769313486231571e+308 ], [ -46.546022312178401, -23.683956440925218, -1.79769313486231571e+308 ], [ -46.546024428982072, -23.684007033321745, -1.79769313486231571e+308 ], [ -46.546030372723763, -23.684057366511368, -1.79769313486231571e+308 ], [ -46.546040114450427, -23.68410719527521, -1.79769313486231571e+308 ], [ -46.546053606705428, -23.684156276851624, -1.79769313486231571e+308 ], [ -46.546070783759617, -23.684204372118938, -1.79769313486231571e+308 ], [ -46.546091561931547, -23.684251246760468, -1.79769313486231571e+308 ], [ -46.546115839995025, -23.684296672406109, -1.79769313486231571e+308 ], [ -46.546143499672276, -23.684340427744939, -1.79769313486231571e+308 ], [ -46.546174406210099, -23.684382299603506, -1.79769313486231571e+308 ], [ -46.546208409036353, -23.684422083984366, -1.79769313486231571e+308 ], [ -46.546245342493478, -23.684459587059994, -1.79769313486231571e+308 ], [ -46.546285026645563, -23.684494626117182, -1.79769313486231571e+308 ], [ -46.546327268154975, -23.684527030447139, -1.79769313486231571e+308 ], [ -46.54637186122428, -23.684556642177313, -1.79769313486231571e+308 ], [ -46.546418588598883, -23.684583317040502, -1.79769313486231571e+308 ], [ -46.546467222625516, -23.684606925077762, -1.79769313486231571e+308 ], [ -46.546517526361392, -23.684627351271573, -1.79769313486231571e+308 ], [ -46.546569254728581, -23.684644496106248, -1.79769313486231571e+308 ], [ -46.546622155708114, -23.684658276052783, -1.79769313486231571e+308 ], [ -46.546675971567815, -23.684668623975792, -1.79769313486231571e+308 ], [ -46.546730440118075, -23.68467548946068, -1.79769313486231571e+308 ], [ -46.546785295989267, -23.684678839059139, -1.79769313486231571e+308 ], [ -46.546840271924665, -23.684678656452252, -1.79769313486231571e+308 ], [ -46.546895100082601, -23.684674942529877, -1.79769313486231571e+308 ], [ -46.546949513341474, -23.684667715386436, -1.79769313486231571e+308 ], [ -46.547003246601165, -23.684657010232598, -1.79769313486231571e+308 ], [ -46.547056038074714, -23.684642879223848, -1.79769313486231571e+308 ], [ -46.547107630563751, -23.684625391206318, -1.79769313486231571e+308 ], [ -46.547157772711664, -23.68460463138134, -1.79769313486231571e+308 ], [ -46.547206220228169, -23.684580700890358, -1.79769313486231571e+308 ], [ -46.547252737079617, -23.684553716322092, -1.79769313486231571e+308 ], [ -46.547297096638879, -23.68452380914459, -1.79769313486231571e+308 ], [ -46.547339082789563, -23.684491125064582, -1.79769313486231571e+308 ], [ -46.547378490978858, -23.684455823317638, -1.79769313486231571e+308 ], [ -46.547415129214166, -23.684418075892317, -1.79769313486231571e+308 ], [ -46.547448818998411, -23.684378066692279, -1.79769313486231571e+308 ], [ -46.547479396199726, -23.684335990640196, -1.79769313486231571e+308 ], [ -46.547506711850957, -23.684292052728136, -1.79769313486231571e+308 ], [ -46.547530632875471, -23.684246467018792, -1.79769313486231571e+308 ], [ -46.547551042735378, -23.684199455602599, -1.79769313486231571e+308 ], [ -46.547567841999282, -23.684151247515654, -1.79769313486231571e+308 ], [ -46.547580948826607, -23.684102077623887, -1.79769313486231571e+308 ], [ -46.547590299366249, -23.684052185478823, -1.79769313486231571e+308 ], [ -46.54759584806758, -23.684001814150406, -1.79769313486231571e+308 ], [ -46.547597567902265, -23.683951209042863, -1.79769313486231571e+308 ], [ -46.547595450495884, -23.683900616699091, -1.79769313486231571e+308 ], [ -46.547589506168627, -23.683850283599526, -1.79769313486231571e+308 ], [ -46.547579763884933, -23.6838004549613, -1.79769313486231571e+308 ], [ -46.547566271112288, -23.683751373543615, -1.79769313486231571e+308 ], [ -46.5475490935899, -23.68370327846505, -1.79769313486231571e+308 ], [ -46.547528315008357, -23.683656404038611, -1.79769313486231571e+308 ], [ -46.547504036601801, -23.683610978630231, -1.79769313486231571e+308 ], [ -46.547476376654686, -23.683567223546195, -1.79769313486231571e+308 ], [ -46.547445469925471, -23.683525351955016, -1.79769313486231571e+308 ], [ -46.547411466990027, -23.683485567848919, -1.79769313486231571e+308 ], [ -46.547374533508034, -23.68344806505009, -1.79769313486231571e+308 ], [ -46.547334849415883, -23.68341302626634, -1.79769313486231571e+308 ], [ -46.54729260805005, -23.683380622201152, -1.79769313486231571e+308 ], [ -46.54724801520517, -23.6833510107219, -1.79769313486231571e+308 ], [ -46.547201288131461, -23.683324336090926, -1.79769313486231571e+308 ], [ -46.547152654476349, -23.683300728262644, -1.79769313486231571e+308 ], [ -46.547102351175376, -23.683280302250516, -1.79769313486231571e+308 ], [ -46.54705062329802, -23.683263157566678, -1.79769313486231571e+308 ], [ -46.546997722853718, -23.683249377737205, -1.79769313486231571e+308 ], [ -46.546943907564206, -23.683239029895194, -1.79769313486231571e+308 ], [ -46.546889439608009, -23.683232164453692, -1.79769313486231571e+308 ], [ -46.546834584343209, -23.68322881486014, -1.79769313486231571e+308 ], [ -46.546779609014706, -23.683228997433361, -1.79769313486231571e+308 ], [ -46.546724781452355, -23.683232711284152, -1.79769313486231571e+308 ], [ -46.546670368766172, -23.683239938319492, -1.79769313486231571e+308 ], [ -46.54661663604513, -23.683250643330812, -1.79769313486231571e+308 ], [ -46.546563845065705, -23.683264774165394, -1.79769313486231571e+308 ], [ -46.546512253016644, -23.683282261980519, -1.79769313486231571e+308 ], [ -46.546462111246008, -23.683303021578769, -1.79769313486231571e+308 ], [ -46.546413664036713, -23.683326951823119, -1.79769313486231571e+308 ], [ -46.546367147416461, -23.683353936129649, -1.79769313486231571e+308 ], [ -46.546322788007842, -23.683383843035418, -1.79769313486231571e+308 ], [ -46.546280801924361, -23.683416526838975, -1.79769313486231571e+308 ], [ -46.546241393717494, -23.68345182831013, -1.79769313486231571e+308 ], [ -46.546204755380188, -23.683489575465689, -1.79769313486231571e+308 ], [ -46.546171065411485, -23.683529584407253, -1.79769313486231571e+308 ], [ -46.546140487946872, -23.683571660217176, -1.79769313486231571e+308 ], [ -46.546113171958609, -23.683615597908108, -1.79769313486231571e+308 ], [ -46.546089250529896, -23.683661183421634, -1.79769313486231571e+308 ] ] ] ] } },
{ "type": "Feature", "properties": { "fid": 83.0 , "MODELO" : "TAMCENTRAL"}, "geometry": { "type": "MultiPolygon", "coordinates": [ [ [ [ -46.520615325306778, -23.686535585260931, -1.79769313486231571e+308 ], [ -46.520619095579704, -23.686548267813297, -1.79769313486231571e+308 ], [ -46.520625393894555, -23.68656047026186, -1.79769313486231571e+308 ], [ -46.520634189567168, -23.686572133157185, -1.79769313486231571e+308 ], [ -46.520645439746417, -23.686583199678381, -1.79769313486231571e+308 ], [ -46.520659089622988, -23.686593615909903, -1.79769313486231571e+308 ], [ -46.520675072696342, -23.686603331104291, -1.79769313486231571e+308 ], [ -46.520693311098739, -23.686612297929379, -1.79769313486231571e+308 ], [ -46.520713715974615, -23.686620472698916, -1.79769313486231571e+308 ], [ -46.520736187913407, -23.686627815585389, -1.79769313486231571e+308 ], [ -46.520760617433936, -23.686634290814137, -1.79769313486231571e+308 ], [ -46.520786885517744, -23.68663986683762, -1.79769313486231571e+308 ], [ -46.520814864188999, -23.686644516489118, -1.79769313486231571e+308 ], [ -46.520844417137937, -23.686648217115142, -1.79769313486231571e+308 ], [ -46.520875400384988, -23.686650950685763, -1.79769313486231571e+308 ], [ -46.520907662982225, -23.686652703882537, -1.79769313486231571e+308 ], [ -46.520941047748799, -23.686653468163353, -1.79769313486231571e+308 ], [ -46.520975392036704, -23.686653239804059, -1.79769313486231571e+308 ], [ -46.521010528523199, -23.686652019916668, -1.79769313486231571e+308 ], [ -46.521046286026021, -23.686649814443921, -1.79769313486231571e+308 ], [ -46.521082490337363, -23.686646634130316, -1.79769313486231571e+308 ], [ -46.521118965072617, -23.686642494469808, -1.79769313486231571e+308 ], [ -46.521155532529733, -23.686637415630333, -1.79769313486231571e+308 ], [ -46.521192014554984, -23.686631422355507, -1.79769313486231571e+308 ], [ -46.521228233410874, -23.686624543844125, -1.79769313486231571e+308 ], [ -46.521264012642149, -23.686616813607895, -1.79769313486231571e+308 ], [ -46.52129917793544, -23.686608269308124, -1.79769313486231571e+308 ], [ -46.521333557968504, -23.6865989525723, -1.79769313486231571e+308 ], [ -46.521366985244924, -23.686588908791197, -1.79769313486231571e+308 ], [ -46.521399296910111, -23.686578186897808, -1.79769313486231571e+308 ], [ -46.521430335544757, -23.686566839128869, -1.79769313486231571e+308 ], [ -46.521459949931732, -23.686554920770369, -1.79769313486231571e+308 ], [ -46.521487995792825, -23.686542489888229, -1.79769313486231571e+308 ], [ -46.521514336491634, -23.686529607045308, -1.79769313486231571e+308 ], [ -46.521538843699247, -23.686516335006427, -1.79769313486231571e+308 ], [ -46.521561398019458, -23.686502738432498, -1.79769313486231571e+308 ], [ -46.521581889570406, -23.686488883565495, -1.79769313486231571e+308 ], [ -46.521600218519936, -23.686474837905774, -1.79769313486231571e+308 ], [ -46.521616295571945, -23.686460669883122, -1.79769313486231571e+308 ], [ -46.521630042401405, -23.686446448523387, -1.79769313486231571e+308 ], [ -46.521641392035939, -23.686432243112183, -1.79769313486231571e+308 ], [ -46.521650289182105, -23.686418122857361, -1.79769313486231571e+308 ], [ -46.521656690494744, -23.686404156551745, -1.79769313486231571e+308 ], [ -46.521660564788142, -23.686390412238076, -1.79769313486231571e+308 ], [ -46.521661893187961, -23.686376956877375, -1.79769313486231571e+308 ], [ -46.521660669223159, -23.686363856022862, -1.79769313486231571e+308 ], [ -46.521656898857508, -23.68635117350048, -1.79769313486231571e+308 ], [ -46.521650600460532, -23.686338971097978, -1.79769313486231571e+308 ], [ -46.52164180471798, -23.686327308263909, -1.79769313486231571e+308 ], [ -46.521630554482343, -23.686316241817963, -1.79769313486231571e+308 ], [ -46.521616904564048, -23.686305825674239, -1.79769313486231571e+308 ], [ -46.521600921464426, -23.686296110578461, -1.79769313486231571e+308 ], [ -46.521582683051733, -23.686287143860898, -1.79769313486231571e+308 ], [ -46.521562278181747, -23.686278969205706, -1.79769313486231571e+308 ], [ -46.521539806264897, -23.686271626438156, -1.79769313486231571e+308 ], [ -46.521515376781956, -23.68626515133062, -1.79769313486231571e+308 ], [ -46.521489108750622, -23.686259575428252, -1.79769313486231571e+308 ], [ -46.521461130145738, -23.686254925895433, -1.79769313486231571e+308 ], [ -46.521431577275749, -23.686251225383334, -1.79769313486231571e+308 ], [ -46.521400594118703, -23.686248491919667, -1.79769313486231571e+308 ], [ -46.521368331620764, -23.686246738820802, -1.79769313486231571e+308 ], [ -46.521334946960863, -23.686245974626932, -1.79769313486231571e+308 ], [ -46.521300602784926, -23.68624620306052, -1.79769313486231571e+308 ], [ -46.521265466413503, -23.686247423008115, -1.79769313486231571e+308 ], [ -46.521229709026635, -23.686249628525797, -1.79769313486231571e+308 ], [ -46.52119350482986, -23.686252808868197, -1.79769313486231571e+308 ], [ -46.521157030205558, -23.686256948540787, -1.79769313486231571e+308 ], [ -46.521120462853609, -23.686262027375424, -1.79769313486231571e+308 ], [ -46.521083980925731, -23.68626802062856, -1.79769313486231571e+308 ], [ -46.521047762157473, -23.686274899101829, -1.79769313486231571e+308 ], [ -46.521011983002417, -23.686282629284275, -1.79769313486231571e+308 ], [ -46.520976817772436, -23.686291173515624, -1.79769313486231571e+308 ], [ -46.520942437788548, -23.686300490169724, -1.79769313486231571e+308 ], [ -46.520909010546212, -23.686310533857398, -1.79769313486231571e+308 ], [ -46.520876698899343, -23.68632125564746, -1.79769313486231571e+308 ], [ -46.520845660266907, -23.686332603305189, -1.79769313486231571e+308 ], [ -46.520816045865985, -23.686344521546779, -1.79769313486231571e+308 ], [ -46.520787999975056, -23.68635695230855, -1.79769313486231571e+308 ], [ -46.520761659231113, -23.686369835030018, -1.79769313486231571e+308 ], [ -46.520737151963928, -23.686383106948707, -1.79769313486231571e+308 ], [ -46.520714597570887, -23.686396703406057, -1.79769313486231571e+308 ], [ -46.520694105935256, -23.686410558162343, -1.79769313486231571e+308 ], [ -46.520675776890833, -23.686424603719392, -1.79769313486231571e+308 ], [ -46.520659699735575, -23.686438771649385, -1.79769313486231571e+308 ], [ -46.520645952796535, -23.686452992928302, -1.79769313486231571e+308 ], [ -46.520634603048201, -23.686467198272094, -1.79769313486231571e+308 ], [ -46.520625705786244, -23.686481318474218, -1.79769313486231571e+308 ], [ -46.520619304358071, -23.686495284742872, -1.79769313486231571e+308 ], [ -46.520615429951633, -23.686509029036056, -1.79769313486231571e+308 ], [ -46.520614101443492, -23.686522484393123, -1.79769313486231571e+308 ], [ -46.520615325306778, -23.686535585260931, -1.79769313486231571e+308 ] ] ] ] } },
{ "type": "Feature", "properties": { "fid": 84.0 , "MODELO" : "GUARARA"}, "geometry": { "type": "MultiPolygon", "coordinates": [ [ [ [ -46.507587696962858, -23.692327260028406, -1.79769313486231571e+308 ], [ -46.507759475089408, -23.69218345495911, -1.79769313486231571e+308 ], [ -46.50792466481645, -23.691982087581135, -1.79769313486231571e+308 ], [ -46.507980856060819, -23.691727301843855, -1.79769313486231571e+308 ], [ -46.50771099293582, -23.691393971477581, -1.79769313486231571e+308 ], [ -46.507572022345315, -23.691304524985938, -1.79769313486231571e+308 ], [ -46.507145026609862, -23.691301106380401, -1.79769313486231571e+308 ], [ -46.507065687582561, -23.692095651829643, -1.79769313486231571e+308 ], [ -46.507122535360047, -23.692209607439899, -1.79769313486231571e+308 ], [ -46.507587696962858, -23.692327260028406, -1.79769313486231571e+308 ] ] ] ] } },
{ "type": "Feature", "properties": { "fid": 85.0 , "MODELO" : "GUARARA"}, "geometry": { "type": "MultiPolygon", "coordinates": [ [ [ [ -46.505393663430908, -23.693637472642905, -1.79769313486231571e+308 ], [ -46.505397133612483, -23.693649465983064, -1.79769313486231571e+308 ], [ -46.505402796323033, -23.693661036873632, -1.79769313486231571e+308 ], [ -46.505410623974889, -23.693672128942115, -1.79769313486231571e+308 ], [ -46.505420578432947, -23.693682688148751, -1.79769313486231571e+308 ], [ -46.505432611200433, -23.693692663049703, -1.79769313486231571e+308 ], [ -46.505446663655178, -23.693702005047779, -1.79769313486231571e+308 ], [ -46.505462667335216, -23.693710668629144, -1.79769313486231571e+308 ], [ -46.505480544272281, -23.693718611585112, -1.79769313486231571e+308 ], [ -46.505500207371746, -23.693725795217752, -1.79769313486231571e+308 ], [ -46.505521560836833, -23.693732184528493, -1.79769313486231571e+308 ], [ -46.505544500635416, -23.693737748388578, -1.79769313486231571e+308 ], [ -46.505568915006805, -23.693742459690785, -1.79769313486231571e+308 ], [ -46.505594685006265, -23.693746295481443, -1.79769313486231571e+308 ], [ -46.505621685084499, -23.693749237072382, -1.79769313486231571e+308 ], [ -46.505649783699312, -23.693751270131848, -1.79769313486231571e+308 ], [ -46.505678843956517, -23.693752384754475, -1.79769313486231571e+308 ], [ -46.505708724276836, -23.69375257550945, -1.79769313486231571e+308 ], [ -46.505739279085702, -23.693751841467027, -1.79769313486231571e+308 ], [ -46.505770359522479, -23.693750186203079, -1.79769313486231571e+308 ], [ -46.505801814165714, -23.69374761778165, -1.79769313486231571e+308 ], [ -46.505833489770893, -23.693744148715659, -1.79769313486231571e+308 ], [ -46.505865232016973, -23.693739795906019, -1.79769313486231571e+308 ], [ -46.505896886258306, -23.693734580559191, -1.79769313486231571e+308 ], [ -46.505928298278029, -23.693728528083973, -1.79769313486231571e+308 ], [ -46.505959315039398, -23.69372166796763, -1.79769313486231571e+308 ], [ -46.505989785431431, -23.693714033632261, -1.79769313486231571e+308 ], [ -46.506019561005033, -23.693705662271967, -1.79769313486231571e+308 ], [ -46.506048496696316, -23.693696594671643, -1.79769313486231571e+308 ], [ -46.506076451533254, -23.693686875008222, -1.79769313486231571e+308 ], [ -46.506103289322596, -23.693676550635509, -1.79769313486231571e+308 ], [ -46.50612887931328, -23.693665671853427, -1.79769313486231571e+308 ], [ -46.506153096833508, -23.693654291662977, -1.79769313486231571e+308 ], [ -46.506175823898126, -23.693642465507939, -1.79769313486231571e+308 ], [ -46.506196949783394, -23.693630251004826, -1.79769313486231571e+308 ], [ -46.506216371566467, -23.693617707662135, -1.79769313486231571e+308 ], [ -46.506233994626783, -23.693604896590408, -1.79769313486231571e+308 ], [ -46.50624973310704, -23.693591880204497, -1.79769313486231571e+308 ], [ -46.506263510331493, -23.693578721919497, -1.79769313486231571e+308 ], [ -46.506275259179503, -23.693565485841731, -1.79769313486231571e+308 ], [ -46.506284922412483, -23.693552236456487, -1.79769313486231571e+308 ], [ -46.506292452952799, -23.693539038313808, -1.79769313486231571e+308 ], [ -46.506297814113111, -23.693525955713991, -1.79769313486231571e+308 ], [ -46.506300979775048, -23.693513052394348, -1.79769313486231571e+308 ], [ -46.506301934516515, -23.693500391218649, -1.79769313486231571e+308 ], [ -46.506300673686724, -23.693488033870882, -1.79769313486231571e+308 ], [ -46.506297203428929, -23.693476040554714, -1.79769313486231571e+308 ], [ -46.506291540650437, -23.693464469700217, -1.79769313486231571e+308 ], [ -46.506283712940217, -23.693453377679152, -1.79769313486231571e+308 ], [ -46.506273758434531, -23.693442818530382, -1.79769313486231571e+308 ], [ -46.506261725631063, -23.693432843696616, -1.79769313486231571e+308 ], [ -46.506247673152693, -23.693423501773729, -1.79769313486231571e+308 ], [ -46.506231669461854, -23.693414838274094, -1.79769313486231571e+308 ], [ -46.506213792526999, -23.693406895404806, -1.79769313486231571e+308 ], [ -46.506194129442733, -23.693399711862121, -1.79769313486231571e+308 ], [ -46.506172776005521, -23.693393322642837, -1.79769313486231571e+308 ], [ -46.506149836246962, -23.693387758873943, -1.79769313486231571e+308 ], [ -46.506125421926953, -23.693383047660895, -1.79769313486231571e+308 ], [ -46.506099651989246, -23.693379211955619, -1.79769313486231571e+308 ], [ -46.506072651981924, -23.693376270444617, -1.79769313486231571e+308 ], [ -46.506044553445797, -23.693374237458098, -1.79769313486231571e+308 ], [ -46.50601549327353, -23.69337312290001, -1.79769313486231571e+308 ], [ -46.505985613042753, -23.6933729321999, -1.79769313486231571e+308 ], [ -46.505955058326279, -23.693373666286444, -1.79769313486231571e+308 ], [ -46.505923977982945, -23.693375321582931, -1.79769313486231571e+308 ], [ -46.505892523432387, -23.69337789002466, -1.79769313486231571e+308 ], [ -46.505860847917326, -23.693381359098325, -1.79769313486231571e+308 ], [ -46.505829105757037, -23.693385711902867, -1.79769313486231571e+308 ], [ -46.505797451595505, -23.693390927231917, -1.79769313486231571e+308 ], [ -46.505766039648037, -23.693396979677029, -1.79769313486231571e+308 ], [ -46.50573502294997, -23.693403839751525, -1.79769313486231571e+308 ], [ -46.505704552611064, -23.693411474034118, -1.79769313486231571e+308 ], [ -46.505674777079371, -23.693419845331736, -1.79769313486231571e+308 ], [ -46.505645841417959, -23.693428912860703, -1.79769313486231571e+308 ], [ -46.50561788659828, -23.693438632445485, -1.79769313486231571e+308 ], [ -46.505591048813251, -23.693448956733778, -1.79769313486231571e+308 ], [ -46.505565458813841, -23.69345983542733, -1.79769313486231571e+308 ], [ -46.505541241272013, -23.693471215526849, -1.79769313486231571e+308 ], [ -46.505518514173367, -23.693483041590337, -1.79769313486231571e+308 ], [ -46.505497388242283, -23.69349525600305, -1.79769313486231571e+308 ], [ -46.505477966402509, -23.69350779925826, -1.79769313486231571e+308 ], [ -46.505460343275701, -23.693520610247127, -1.79769313486231571e+308 ], [ -46.505444604720459, -23.693533626556405, -1.79769313486231571e+308 ], [ -46.505430827413988, -23.693546784772501, -1.79769313486231571e+308 ], [ -46.505419078478539, -23.693560020790422, -1.79769313486231571e+308 ], [ -46.505409415154368, -23.693573270126048, -1.79769313486231571e+308 ], [ -46.505401884520907, -23.693586468230308, -1.79769313486231571e+308 ], [ -46.505396523267301, -23.69359955080364, -1.79769313486231571e+308 ], [ -46.505393357513739, -23.693612454109264, -1.79769313486231571e+308 ], [ -46.505392402684116, -23.693625115283666, -1.79769313486231571e+308 ], [ -46.505393663430908, -23.693637472642905, -1.79769313486231571e+308 ] ] ] ] } },
{ "type": "Feature", "properties": { "fid": 86.0 , "MODELO" : "TAMCENTRAL"}, "geometry": { "type": "MultiPolygon", "coordinates": [ [ [ [ -46.493293902175147, -23.690105366581438, -1.79769313486231571e+308 ], [ -46.493287557404692, -23.690119924865805, -1.79769313486231571e+308 ], [ -46.49328233085221, -23.690134855274049, -1.79769313486231571e+308 ], [ -46.493278247981287, -23.690150085066808, -1.79769313486231571e+308 ], [ -46.493275328683652, -23.690165540046131, -1.79769313486231571e+308 ], [ -46.49327358718223, -23.690181144916945, -1.79769313486231571e+308 ], [ -46.493273031961877, -23.690196823653931, -1.79769313486231571e+308 ], [ -46.493273665727983, -23.690212499871837, -1.79769313486231571e+308 ], [ -46.493275485393333, -23.690228097197675, -1.79769313486231571e+308 ], [ -46.49327848209311, -23.690243539642768, -1.79769313486231571e+308 ], [ -46.493282641228085, -23.690258751972994, -1.79769313486231571e+308 ], [ -46.49328794253573, -23.690273660075302, -1.79769313486231571e+308 ], [ -46.493294360188941, -23.690288191318785, -1.79769313486231571e+308 ], [ -46.493301862921847, -23.690302274908532, -1.79769313486231571e+308 ], [ -46.493310414182119, -23.690315842230557, -1.79769313486231571e+308 ], [ -46.493319972309074, -23.690328827186026, -1.79769313486231571e+308 ], [ -46.493330490736618, -23.690341166513381, -1.79769313486231571e+308 ], [ -46.493341918220104, -23.690352800096466, -1.79769313486231571e+308 ], [ -46.493354199086006, -23.690363671257405, -1.79769313486231571e+308 ], [ -46.493367273503132, -23.690373727032846, -1.79769313486231571e+308 ], [ -46.493381077774139, -23.690382918431855, -1.79769313486231571e+308 ], [ -46.49339554464585, -23.690391200674693, -1.79769313486231571e+308 ], [ -46.49341060363691, -23.690398533410931, -1.79769313486231571e+308 ], [ -46.493426181381174, -23.690404880916077, -1.79769313486231571e+308 ], [ -46.49344220198514, -23.690410212265583, -1.79769313486231571e+308 ], [ -46.493458587397683, -23.690414501485556, -1.79769313486231571e+308 ], [ -46.493475257790337, -23.690417727679257, -1.79769313486231571e+308 ], [ -46.493492131946262, -23.690419875128956, -1.79769313486231571e+308 ], [ -46.493509127655805, -23.690420933372437, -1.79769313486231571e+308 ], [ -46.493526162117192, -23.690420897254054, -1.79769313486231571e+308 ], [ -46.49354315233979, -23.690419766949784, -1.79769313486231571e+308 ], [ -46.493560015548532, -23.690417547966408, -1.79769313486231571e+308 ], [ -46.493576669587156, -23.690414251114667, -1.79769313486231571e+308 ], [ -46.49359303331849, -23.690409892456604, -1.79769313486231571e+308 ], [ -46.49360902701973, -23.690404493227259, -1.79769313486231571e+308 ], [ -46.493624572770848, -23.690398079731285, -1.79769313486231571e+308 ], [ -46.493639594834256, -23.690390683214748, -1.79769313486231571e+308 ], [ -46.493654020023754, -23.690382339712912, -1.79769313486231571e+308 ], [ -46.493667778061095, -23.690373089874658, -1.79769313486231571e+308 ], [ -46.493680801918408, -23.690362978764448, -1.79769313486231571e+308 ], [ -46.493693028144712, -23.690352055642798, -1.79769313486231571e+308 ], [ -46.493704397175073, -23.690340373726265, -1.79769313486231571e+308 ], [ -46.493714853620787, -23.690327989928125, -1.79769313486231571e+308 ], [ -46.493724346539238, -23.690314964581216, -1.79769313486231571e+308 ], [ -46.493732829682052, -23.690301361143867, -1.79769313486231571e+308 ], [ -46.493740261720454, -23.690287245890829, -1.79769313486231571e+308 ], [ -46.493746606446571, -23.690272687590316, -1.79769313486231571e+308 ], [ -46.493751832949869, -23.690257757169036, -1.79769313486231571e+308 ], [ -46.493755915767707, -23.690242527366586, -1.79769313486231571e+308 ], [ -46.493758835009388, -23.690227072381116, -1.79769313486231571e+308 ], [ -46.493760576453063, -23.690211467507797, -1.79769313486231571e+308 ], [ -46.493761131615038, -23.690195788772023, -1.79769313486231571e+308 ], [ -46.493760497791023, -23.690180112559005, -1.79769313486231571e+308 ], [ -46.493758678069376, -23.690164515241651, -1.79769313486231571e+308 ], [ -46.49375568131601, -23.690149072808456, -1.79769313486231571e+308 ], [ -46.493751522131191, -23.690133860493326, -1.79769313486231571e+308 ], [ -46.493746220778419, -23.690118952409001, -1.79769313486231571e+308 ], [ -46.493739803085681, -23.690104421186053, -1.79769313486231571e+308 ], [ -46.493732300319614, -23.690090337618994, -1.79769313486231571e+308 ], [ -46.493723749033187, -23.690076770321355, -1.79769313486231571e+308 ], [ -46.493714190887601, -23.690063785391498, -1.79769313486231571e+308 ], [ -46.493703672449307, -23.690051446090489, -1.79769313486231571e+308 ], [ -46.493692244963171, -23.690039812533978, -1.79769313486231571e+308 ], [ -46.49367996410276, -23.690028941399305, -1.79769313486231571e+308 ], [ -46.493666889699163, -23.69001888564933, -1.79769313486231571e+308 ], [ -46.493653085449459, -23.69000969427448, -1.79769313486231571e+308 ], [ -46.493638618606404, -23.690001412054027, -1.79769313486231571e+308 ], [ -46.493623559650807, -23.689994079337961, -1.79769313486231571e+308 ], [ -46.493607981948109, -23.689987731850376, -1.79769313486231571e+308 ], [ -46.493591961391026, -23.689982400515479, -1.79769313486231571e+308 ], [ -46.493575576029748, -23.689978111306907, -1.79769313486231571e+308 ], [ -46.493558905691735, -23.689974885121146, -1.79769313486231571e+308 ], [ -46.49354203159281, -23.689972737675784, -1.79769313486231571e+308 ], [ -46.493525035941452, -23.689971679432951, -1.79769313486231571e+308 ], [ -46.493508001538366, -23.689971715548271, -1.79769313486231571e+308 ], [ -46.493491011373003, -23.689972845845848, -1.79769313486231571e+308 ], [ -46.493474148219342, -23.689975064819013, -1.79769313486231571e+308 ], [ -46.493457494232558, -23.689978361657218, -1.79769313486231571e+308 ], [ -46.493441130548824, -23.689982720298701, -1.79769313486231571e+308 ], [ -46.493425136890018, -23.68998811950874, -1.79769313486231571e+308 ], [ -46.493409591175329, -23.689994532983054, -1.79769313486231571e+308 ], [ -46.49339456914165, -23.690001929475994, -1.79769313486231571e+308 ], [ -46.493380143974605, -23.690010272952772, -1.79769313486231571e+308 ], [ -46.49336638595198, -23.690019522764981, -1.79769313486231571e+308 ], [ -46.493353362101388, -23.69002963384866, -1.79769313486231571e+308 ], [ -46.493341135873663, -23.690040556943835, -1.79769313486231571e+308 ], [ -46.493329766833774, -23.690052238834447, -1.79769313486231571e+308 ], [ -46.493319310370595, -23.6900646226077, -1.79769313486231571e+308 ], [ -46.493309817427111, -23.69007764793129, -1.79769313486231571e+308 ], [ -46.493301334252159, -23.690091251347308, -1.79769313486231571e+308 ], [ -46.493293902175147, -23.690105366581438, -1.79769313486231571e+308 ] ] ] ] } },
{ "type": "Feature", "properties": { "fid": 87.0 , "MODELO" : "TAMCENTRAL"}, "geometry": { "type": "MultiPolygon", "coordinates": [ [ [ [ -46.492461033786178, -23.692701834266735, -1.79769313486231571e+308 ], [ -46.492452516398487, -23.692721367917084, -1.79769313486231571e+308 ], [ -46.492445499424939, -23.692741401129091, -1.79769313486231571e+308 ], [ -46.492440017052168, -23.692761836303113, -1.79769313486231571e+308 ], [ -46.492436095990449, -23.692782573881185, -1.79769313486231571e+308 ], [ -46.492433755343527, -23.692803512831986, -1.79769313486231571e+308 ], [ -46.492433006515554, -23.69282455114308, -1.79769313486231571e+308 ], [ -46.492433853155518, -23.692845586317929, -1.79769313486231571e+308 ], [ -46.492436291139434, -23.692866515875178, -1.79769313486231571e+308 ], [ -46.492440308590432, -23.692887237848051, -1.79769313486231571e+308 ], [ -46.49244588593659, -23.692907651281011, -1.79769313486231571e+308 ], [ -46.492452996006307, -23.692927656721672, -1.79769313486231571e+308 ], [ -46.492461604160617, -23.692947156705277, -1.79769313486231571e+308 ], [ -46.492471668461988, -23.692966056229643, -1.79769313486231571e+308 ], [ -46.49248313987858, -23.692984263217852, -1.79769313486231571e+308 ], [ -46.492495962523158, -23.693001688966969, -1.79769313486231571e+308 ], [ -46.492510073925331, -23.693018248580167, -1.79769313486231571e+308 ], [ -46.492525405335897, -23.693033861380343, -1.79769313486231571e+308 ], [ -46.492541882061815, -23.693048451303135, -1.79769313486231571e+308 ], [ -46.492559423830059, -23.693061947267552, -1.79769313486231571e+308 ], [ -46.492577945178702, -23.693074283522311, -1.79769313486231571e+308 ], [ -46.492597355873329, -23.693085399966076, -1.79769313486231571e+308 ], [ -46.49261756134662, -23.693095242440364, -1.79769313486231571e+308 ], [ -46.492638463159061, -23.693103762993371, -1.79769313486231571e+308 ], [ -46.492659959478573, -23.693110920113568, -1.79769313486231571e+308 ], [ -46.492681945576642, -23.693116678932007, -1.79769313486231571e+308 ], [ -46.492704314338532, -23.693121011392158, -1.79769313486231571e+308 ], [ -46.49272695678517, -23.693123896386599, -1.79769313486231571e+308 ], [ -46.492749762604078, -23.693125319859863, -1.79769313486231571e+308 ], [ -46.492772620686836, -23.693125274876934, -1.79769313486231571e+308 ], [ -46.492795419670401, -23.693123761657002, -1.79769313486231571e+308 ], [ -46.492818048479648, -23.693120787572415, -1.79769313486231571e+308 ], [ -46.492840396868587, -23.693116367112744, -1.79769313486231571e+308 ], [ -46.492862355957421, -23.693110521814191, -1.79769313486231571e+308 ], [ -46.492883818763062, -23.693103280154688, -1.79769313486231571e+308 ], [ -46.492904680720315, -23.693094677415139, -1.79769313486231571e+308 ], [ -46.492924840191343, -23.693084755507492, -1.79769313486231571e+308 ], [ -46.492944198960835, -23.693073562770607, -1.79769313486231571e+308 ], [ -46.492962662714518, -23.693061153734696, -1.79769313486231571e+308 ], [ -46.492980141498649, -23.693047588855677, -1.79769313486231571e+308 ], [ -46.49299655015826, -23.693032934220632, -1.79769313486231571e+308 ], [ -46.493011808752023, -23.693017261225791, -1.79769313486231571e+308 ], [ -46.493025842941741, -23.693000646228782, -1.79769313486231571e+308 ], [ -46.493038584354466, -23.692983170176525, -1.79769313486231571e+308 ], [ -46.493049970915663, -23.69296491821088, -1.79769313486231571e+308 ], [ -46.493059947151558, -23.692945979253878, -1.79769313486231571e+308 ], [ -46.493068464459434, -23.692926445574461, -1.79769313486231571e+308 ], [ -46.493075481344427, -23.692906412338953, -1.79769313486231571e+308 ], [ -46.493080963621608, -23.692885977147466, -1.79769313486231571e+308 ], [ -46.493084884582572, -23.692865239558291, -1.79769313486231571e+308 ], [ -46.493087225125542, -23.692844300602982, -1.79769313486231571e+308 ], [ -46.493087973848361, -23.692823262294045, -1.79769313486231571e+308 ], [ -46.493087127104111, -23.692802227127991, -1.79769313486231571e+308 ], [ -46.493084689018808, -23.692781297585995, -1.79769313486231571e+308 ], [ -46.49308067147129, -23.692760575634523, -1.79769313486231571e+308 ], [ -46.493075094035348, -23.692740162228727, -1.79769313486231571e+308 ], [ -46.493067983884352, -23.692720156820442, -1.79769313486231571e+308 ], [ -46.493059375658831, -23.692700656873797, -1.79769313486231571e+308 ], [ -46.49304931129771, -23.692681757390272, -1.79769313486231571e+308 ], [ -46.493037839833988, -23.692663550445971, -1.79769313486231571e+308 ], [ -46.49302501715583, -23.692646124742975, -1.79769313486231571e+308 ], [ -46.493010905734259, -23.692629565177217, -1.79769313486231571e+308 ], [ -46.492995574318876, -23.692613952424892, -1.79769313486231571e+308 ], [ -46.492979097602806, -23.692599362549416, -1.79769313486231571e+308 ], [ -46.492961555858891, -23.692585866630846, -1.79769313486231571e+308 ], [ -46.492943034548567, -23.692573530419597, -1.79769313486231571e+308 ], [ -46.492923623905511, -23.692562414016152, -1.79769313486231571e+308 ], [ -46.492903418496056, -23.692552571578194, -1.79769313486231571e+308 ], [ -46.492882516758449, -23.692544051056839, -1.79769313486231571e+308 ], [ -46.492861020523321, -23.692536893962991, -1.79769313486231571e+308 ], [ -46.492839034517552, -23.69253113516508, -1.79769313486231571e+308 ], [ -46.492816665854065, -23.692526802719254, -1.79769313486231571e+308 ], [ -46.492794023510037, -23.692523917732636, -1.79769313486231571e+308 ], [ -46.492771217795941, -23.692522494260547, -1.79769313486231571e+308 ], [ -46.492748359818151, -23.692522539237991, -1.79769313486231571e+308 ], [ -46.492725560937679, -23.692524052445872, -1.79769313486231571e+308 ], [ -46.492702932227623, -23.692527026512074, -1.79769313486231571e+308 ], [ -46.492680583932064, -23.69253144694742, -1.79769313486231571e+308 ], [ -46.492658624928971, -23.692537292216119, -1.79769313486231571e+308 ], [ -46.492637162199763, -23.69254453384087, -1.79769313486231571e+308 ], [ -46.49261630030815, -23.692553136541427, -1.79769313486231571e+308 ], [ -46.49259614089069, -23.692563058406598, -1.79769313486231571e+308 ], [ -46.492576782161656, -23.69257425109836, -1.79769313486231571e+308 ], [ -46.492558318434526, -23.692586660087368, -1.79769313486231571e+308 ], [ -46.492540839662524, -23.692600224918632, -1.79769313486231571e+308 ], [ -46.492524431000398, -23.692614879505982, -1.79769313486231571e+308 ], [ -46.492509172389504, -23.692630552454123, -1.79769313486231571e+308 ], [ -46.492495138168394, -23.692647167406342, -1.79769313486231571e+308 ], [ -46.492482396710606, -23.692664643416585, -1.79769313486231571e+308 ], [ -46.49247101009157, -23.692682895343815, -1.79769313486231571e+308 ], [ -46.492461033786178, -23.692701834266735, -1.79769313486231571e+308 ] ] ] ] } },
{ "type": "Feature", "properties": { "fid": 88.0 , "MODELO" : "GUARARA"}, "geometry": { "type": "MultiPolygon", "coordinates": [ [ [ [ -46.500276895828947, -23.711785567827818, -1.79769313486231571e+308 ], [ -46.500266383941096, -23.711809608105366, -1.79769313486231571e+308 ], [ -46.500257718969848, -23.711834264990525, -1.79769313486231571e+308 ], [ -46.500250943131071, -23.711859418357687, -1.79769313486231571e+308 ], [ -46.500246089437013, -23.71188494566238, -1.79769313486231571e+308 ], [ -46.50024318153551, -23.711910722538256, -1.79769313486231571e+308 ], [ -46.500242233594712, -23.711936623403016, -1.79769313486231571e+308 ], [ -46.500243250234057, -23.71196252207023, -1.79769313486231571e+308 ], [ -46.500246226501723, -23.711988292364094, -1.79769313486231571e+308 ], [ -46.500251147898773, -23.712013808734177, -1.79769313486231571e+308 ], [ -46.500257990449711, -23.712038946867033, -1.79769313486231571e+308 ], [ -46.500266720819326, -23.712063584291908, -1.79769313486231571e+308 ], [ -46.500277296475026, -23.712087600977398, -1.79769313486231571e+308 ], [ -46.500289665894073, -23.712110879916203, -1.79769313486231571e+308 ], [ -46.500303768814554, -23.712133307695218, -1.79769313486231571e+308 ], [ -46.500319536528991, -23.712154775048091, -1.79769313486231571e+308 ], [ -46.500336892219046, -23.712175177387522, -1.79769313486231571e+308 ], [ -46.500355751329742, -23.712194415314833, -1.79769313486231571e+308 ], [ -46.500376021981452, -23.712212395104245, -1.79769313486231571e+308 ], [ -46.500397605417483, -23.712229029159509, -1.79769313486231571e+308 ], [ -46.500420396485246, -23.712244236440672, -1.79769313486231571e+308 ], [ -46.500444284148521, -23.712257942858908, -1.79769313486231571e+308 ], [ -46.500469152028451, -23.712270081637481, -1.79769313486231571e+308 ], [ -46.500494878970514, -23.712280593637061, -1.79769313486231571e+308 ], [ -46.500521339634808, -23.712289427643924, -1.79769313486231571e+308 ], [ -46.500548405106706, -23.712296540619359, -1.79769313486231571e+308 ], [ -46.500575943524922, -23.712301897909445, -1.79769313486231571e+308 ], [ -46.500603820723967, -23.712305473413853, -1.79769313486231571e+308 ], [ -46.500631900887797, -23.712307249712975, -1.79769313486231571e+308 ], [ -46.500660047211518, -23.71230721815288, -1.79769313486231571e+308 ], [ -46.500688122567894, -23.712305378887351, -1.79769313486231571e+308 ], [ -46.500715990175472, -23.712301740877258, -1.79769313486231571e+308 ], [ -46.500743514264983, -23.712296321846811, -1.79769313486231571e+308 ], [ -46.500770560740783, -23.71228914819725, -1.79769313486231571e+308 ], [ -46.500796997834222, -23.712280254878237, -1.79769313486231571e+308 ], [ -46.50082269674558, -23.712269685217461, -1.79769313486231571e+308 ], [ -46.500847532271621, -23.712257490709714, -1.79769313486231571e+308 ], [ -46.500871383415557, -23.712243730765877, -1.79769313486231571e+308 ], [ -46.500894133976573, -23.712228472423504, -1.79769313486231571e+308 ], [ -46.500915673115919, -23.71221179002022, -1.79769313486231571e+308 ], [ -46.500935895896944, -23.712193764831564, -1.79769313486231571e+308 ], [ -46.50095470379631, -23.71217448467495, -1.79769313486231571e+308 ], [ -46.500972005184018, -23.712154043481895, -1.79769313486231571e+308 ], [ -46.500987715769782, -23.712132540840337, -1.79769313486231571e+308 ], [ -46.501001759013711, -23.712110081509422, -1.79769313486231571e+308 ], [ -46.501014066499167, -23.712086774909217, -1.79769313486231571e+308 ], [ -46.501024578266097, -23.712062734587469, -1.79769313486231571e+308 ], [ -46.501033243103095, -23.712038077666577, -1.79769313486231571e+308 ], [ -46.501040018796942, -23.71201292427282, -1.79769313486231571e+308 ], [ -46.501044872338184, -23.711987396951191, -1.79769313486231571e+308 ], [ -46.501047780081976, -23.711961620068369, -1.79769313486231571e+308 ], [ -46.501048727863235, -23.711935719206771, -1.79769313486231571e+308 ], [ -46.501047711065617, -23.711909820552801, -1.79769313486231571e+308 ], [ -46.501044734644033, -23.711884050281981, -1.79769313486231571e+308 ], [ -46.501039813100419, -23.711858533944294, -1.79769313486231571e+308 ], [ -46.501032970413114, -23.711833395852569, -1.79769313486231571e+308 ], [ -46.50102423992, -23.711808758476742, -1.79769313486231571e+308 ], [ -46.501013664156055, -23.711784741847282, -1.79769313486231571e+308 ], [ -46.501001294646137, -23.711761462970372, -1.79769313486231571e+308 ], [ -46.500987191653913, -23.711739035257928, -1.79769313486231571e+308 ], [ -46.500971423888267, -23.711717567975015, -1.79769313486231571e+308 ], [ -46.500954068168546, -23.711697165707562, -1.79769313486231571e+308 ], [ -46.500935209050283, -23.711677927852843, -1.79769313486231571e+308 ], [ -46.500914938413253, -23.711659948135221, -1.79769313486231571e+308 ], [ -46.500893355013879, -23.711643314149565, -1.79769313486231571e+308 ], [ -46.500870564004025, -23.711628106934455, -1.79769313486231571e+308 ], [ -46.500846676418789, -23.711614400577446, -1.79769313486231571e+308 ], [ -46.500821808635507, -23.711602261854065, -1.79769313486231571e+308 ], [ -46.500796081806818, -23.711591749902574, -1.79769313486231571e+308 ], [ -46.500769621270422, -23.711582915935768, -1.79769313486231571e+308 ], [ -46.500742555938459, -23.711575802991586, -1.79769313486231571e+308 ], [ -46.500715017669478, -23.711570445723314, -1.79769313486231571e+308 ], [ -46.500687140626063, -23.711566870230886, -1.79769313486231571e+308 ], [ -46.50065906062126, -23.711565093933654, -1.79769313486231571e+308 ], [ -46.500630914456835, -23.711565125485521, -1.79769313486231571e+308 ], [ -46.500602839256935, -23.71156696473286, -1.79769313486231571e+308 ], [ -46.500574971799963, -23.711570602715174, -1.79769313486231571e+308 ], [ -46.500547447852256, -23.711576021708765, -1.79769313486231571e+308 ], [ -46.500520401506705, -23.711583195313125, -1.79769313486231571e+308 ], [ -46.500493964529426, -23.711592088579472, -1.79769313486231571e+308 ], [ -46.500468265717871, -23.711602658181146, -1.79769313486231571e+308 ], [ -46.500443430273336, -23.711614852624496, -1.79769313486231571e+308 ], [ -46.500419579191025, -23.711628612499897, -1.79769313486231571e+308 ], [ -46.500396828670546, -23.711643870771137, -1.79769313486231571e+308 ], [ -46.500375289549865, -23.71166055310195, -1.79769313486231571e+308 ], [ -46.500355066765273, -23.711678578218237, -1.79769313486231571e+308 ], [ -46.500336258840179, -23.711697858303985, -1.79769313486231571e+308 ], [ -46.500318957405071, -23.711718299429045, -1.79769313486231571e+308 ], [ -46.500303246751166, -23.711739802006814, -1.79769313486231571e+308 ], [ -46.500289203419676, -23.711762261279379, -1.79769313486231571e+308 ], [ -46.500276895828947, -23.711785567827818, -1.79769313486231571e+308 ] ] ] ] } },
{ "type": "Feature", "properties": { "fid": 89.0 }, "geometry": { "type": "MultiPolygon", "coordinates": [ [ [ [ -46.559198599060252, -23.658816400314056, 0.0 ], [ -46.559206671843185, -23.658814015891029, 0.0 ], [ -46.559224467861036, -23.658799966156877, 0.0 ], [ -46.559243228466428, -23.658777561937917, 0.0 ], [ -46.559277710581974, -23.658726986204474, 0.0 ], [ -46.559452336124679, -23.658458800050173, 0.0 ], [ -46.559565888346654, -23.658281034200616, 0.0 ], [ -46.559787169961787, -23.657926697606101, 0.0 ], [ -46.559895367218594, -23.657749564769041, 0.0 ], [ -46.560108044273655, -23.657393964780361, 0.0 ], [ -46.560317324216683, -23.657034712052035, 0.0 ], [ -46.560455881029014, -23.656792070616664, 0.0 ], [ -46.560733178213475, -23.656296254799493, 0.0 ], [ -46.560787950883935, -23.656204592016518, 0.0 ], [ -46.560828530590292, -23.656143356518282, 0.0 ], [ -46.560916825572157, -23.656020642431073, 0.0 ], [ -46.560979106033876, -23.65593869695147, 0.0 ], [ -46.561105659058512, -23.655774625537635, 0.0 ], [ -46.561196884030615, -23.655651541978795, 0.0 ], [ -46.561253356554069, -23.655569532897392, 0.0 ], [ -46.561279772164362, -23.655528554526772, 0.0 ], [ -46.561316634691032, -23.655467131105215, 0.0 ], [ -46.56135972559705, -23.655385336914986, 0.0 ], [ -46.561378286222123, -23.655344493402726, 0.0 ], [ -46.56140191105311, -23.655283306535047, 0.0 ], [ -46.561419959147223, -23.655222225931656, 0.0 ], [ -46.56142671001664, -23.655191729762311, 0.0 ], [ -46.561435301598145, -23.655130834254212, 0.0 ], [ -46.561436996789595, -23.655100438341833, 0.0 ], [ -46.561436084189488, -23.655054914093295, 0.0 ], [ -46.561447028237382, -23.655039678880609, 0.0 ], [ -46.561703638378965, -23.654775916748854, 0.0 ], [ -46.562179852800199, -23.654402065920085, 0.0 ], [ -46.562461640540164, -23.654201859147609, 0.0 ], [ -46.562725246545284, -23.654002677093192, 0.0 ], [ -46.562825666013218, -23.65390666138563, 0.0 ], [ -46.562974043268994, -23.653734370772835, 0.0 ], [ -46.563140119578378, -23.653444924351696, 0.0 ], [ -46.563269774137019, -23.653110728388221, 0.0 ], [ -46.563335234716405, -23.652925280194285, 0.0 ], [ -46.563280477661763, -23.653004923258933, 0.0 ], [ -46.563334358829529, -23.652888177828061, 0.0 ], [ -46.563387855491129, -23.652771273386776, 0.0 ], [ -46.563522382312506, -23.652469014255391, 0.0 ], [ -46.563573692450611, -23.652371159825435, 0.0 ], [ -46.563606551993431, -23.652316886535893, 0.0 ], [ -46.56364816238068, -23.652256753771358, 0.0 ], [ -46.563692987041236, -23.652198886590536, 0.0 ], [ -46.563739607612426, -23.652142523452248, 0.0 ], [ -46.56383698123949, -23.652033277498663, 0.0 ], [ -46.564039471716107, -23.651821484270283, 0.0 ], [ -46.564172142734925, -23.651678626879519, 0.0 ], [ -46.564351111781676, -23.651472544112782, 0.0 ], [ -46.564529366682315, -23.65126552539083, 0.0 ], [ -46.56465095477644, -23.651128897674436, 0.0 ], [ -46.564713826567505, -23.651064854771061, 0.0 ], [ -46.564781430429356, -23.651005080234185, 0.0 ], [ -46.564828854527775, -23.650967504838516, 0.0 ], [ -46.56489469029362, -23.650920118841352, 0.0 ], [ -46.564986476818667, -23.650861542742739, 0.0 ], [ -46.565040660564009, -23.650830320089071, 0.0 ], [ -46.565103855381615, -23.650796543268047, 0.0 ], [ -46.565177420523526, -23.650760318723783, 0.0 ], [ -46.565356651517234, -23.650679462571613, 0.0 ], [ -46.565537507904921, -23.650603755764525, 0.0 ], [ -46.565901864091558, -23.650459597487796, 0.0 ], [ -46.565974081237798, -23.650432321594071, 0.0 ], [ -46.56604666567312, -23.650406862847468, 0.0 ], [ -46.56619275304768, -23.650360038955199, 0.0 ], [ -46.566487318230983, -23.650273260699954, 0.0 ], [ -46.56668428848598, -23.650211780084692, 0.0 ], [ -46.566796656457647, -23.650172386063129, 0.0 ], [ -46.566924653190718, -23.650121660182325, 0.0 ], [ -46.566992653786052, -23.650091530016045, 0.0 ], [ -46.567064931874889, -23.650056638436379, 0.0 ], [ -46.567094414274919, -23.650040320555032, 0.0 ], [ -46.567123776509497, -23.650020553806435, 0.0 ], [ -46.567141314395293, -23.650005977011155, 0.0 ], [ -46.567159813769365, -23.649985417012978, 0.0 ], [ -46.567166905027982, -23.649973347052189, 0.0 ], [ -46.567171079687512, -23.649959484627804, 0.0 ], [ -46.567169756825223, -23.649943805100126, 0.0 ], [ -46.567161114964982, -23.649920166512224, 0.0 ], [ -46.567150422782277, -23.649896619848377, 0.0 ], [ -46.567123714983204, -23.649849714161483, 0.0 ], [ -46.567102630569359, -23.649818511974214, 0.0 ], [ -46.567071411942017, -23.649776890210202, 0.0 ], [ -46.566933318805987, -23.649607815055724, 0.0 ], [ -46.566896973701255, -23.649558002372686, 0.0 ], [ -46.566861125347941, -23.649499828684522, 0.0 ], [ -46.566721584810608, -23.649242765987786, 0.0 ], [ -46.566581994228429, -23.648985694802338, 0.0 ], [ -46.566539091984872, -23.648903020119679, 0.0 ], [ -46.566498261853674, -23.648819198744011, 0.0 ], [ -46.566416500428204, -23.648651608096529, 0.0 ], [ -46.566356848288159, -23.648542721954904, 0.0 ], [ -46.566319192662824, -23.648482472981861, 0.0 ], [ -46.566271869701325, -23.648415986400607, 0.0 ], [ -46.5659791586301, -23.648034719891612, 0.0 ], [ -46.565686449290716, -23.647653452721947, 0.0 ], [ -46.565662364945531, -23.647627045952522, 0.0 ], [ -46.565638280610102, -23.647600639178723, 0.0 ], [ -46.565626281368779, -23.647592375702683, 0.0 ], [ -46.565611324244159, -23.647589160050721, 0.0 ], [ -46.565600239853779, -23.64758929482905, 0.0 ], [ -46.565584708057763, -23.647591682992243, 0.0 ], [ -46.56556386680932, -23.647597597794469, 0.0 ], [ -46.565538701636008, -23.647607504641687, 0.0 ], [ -46.565505893411121, -23.647623204447491, 0.0 ], [ -46.565473973037591, -23.647641626199494, 0.0 ], [ -46.565441145376361, -23.647662595846146, 0.0 ], [ -46.5654103031953, -23.647684612507671, 0.0 ], [ -46.565391377825726, -23.647701040946465, 0.0 ], [ -46.565368815714855, -23.647726518264804, 0.0 ], [ -46.565361441853938, -23.647738518399184, 0.0 ], [ -46.56535633333111, -23.647751318788298, 0.0 ], [ -46.565352127473808, -23.647778513514528, 0.0 ], [ -46.565353146502339, -23.647797176588654, 0.0 ], [ -46.565358338212313, -23.647821773970708, 0.0 ], [ -46.565370312215073, -23.647852248869153, 0.0 ], [ -46.5654065758768, -23.647922676740535, 0.0 ], [ -46.565447800194079, -23.647991184056544, 0.0 ], [ -46.565525313655236, -23.648102101978814, 0.0 ], [ -46.565602111439212, -23.648213174028115, 0.0 ], [ -46.565658750628138, -23.64830207760167, 0.0 ], [ -46.565712961865003, -23.648392104665049, 0.0 ], [ -46.565818746871734, -23.648574251899621, 0.0 ], [ -46.565868184133002, -23.648660613203528, 0.0 ], [ -46.565916092664359, -23.64875015205503, 0.0 ], [ -46.565945454927522, -23.648810958743049, 0.0 ], [ -46.565979337813651, -23.648892644193232, 0.0 ], [ -46.565995143395426, -23.64893931276934, 0.0 ], [ -46.566009311707553, -23.6489923658545, 0.0 ], [ -46.566019573545582, -23.649052311329768, 0.0 ], [ -46.5660221246521, -23.649083856392672, 0.0 ], [ -46.566022381036326, -23.649117093335761, 0.0 ], [ -46.566020574413919, -23.64913863961727, 0.0 ], [ -46.56601664578421, -23.649159972090434, 0.0 ], [ -46.566002895655103, -23.649201950723651, 0.0 ], [ -46.565989743504176, -23.649229392077565, 0.0 ], [ -46.565967805008981, -23.649265250199043, 0.0 ], [ -46.565931789956963, -23.649311661819063, 0.0 ], [ -46.565908286661752, -23.649337412857289, 0.0 ], [ -46.565879289542366, -23.649366112690046, 0.0 ], [ -46.565843900314206, -23.649397907850844, 0.0 ], [ -46.565801323942161, -23.649432856443855, 0.0 ], [ -46.565751085494021, -23.649470869585329, 0.0 ], [ -46.565693404491277, -23.649511624288465, 0.0 ], [ -46.565647852931384, -23.649541724575062, 0.0 ], [ -46.565601727541093, -23.649570018036499, 0.0 ], [ -46.565508122428533, -23.649622045491309, 0.0 ], [ -46.565445010444563, -23.649654044009967, 0.0 ], [ -46.565360411812613, -23.649694379718106, 0.0 ], [ -46.565247639376921, -23.649745953841265, 0.0 ], [ -46.565099276323572, -23.649815379440998, 0.0 ], [ -46.565016530499122, -23.649857750807907, 0.0 ], [ -46.56492463344707, -23.649910593984806, 0.0 ], [ -46.564887586940678, -23.649935075843867, 0.0 ], [ -46.564851729250755, -23.649961658033138, 0.0 ], [ -46.564782796361122, -23.650019746595902, 0.0 ], [ -46.564650572840016, -23.650145982803739, 0.0 ], [ -46.564561570472222, -23.650228752670177, 0.0 ], [ -46.564508697091767, -23.650272551019601, 0.0 ], [ -46.564445374184899, -23.650317555408559, 0.0 ], [ -46.564409999021741, -23.65033875808442, 0.0 ], [ -46.564370809018698, -23.650358828191987, 0.0 ], [ -46.564327138827146, -23.650376969998185, 0.0 ], [ -46.564278177174742, -23.65039215656682, 0.0 ], [ -46.564116388500381, -23.650430068789483, 0.0 ], [ -46.563953705458232, -23.650462999589635, 0.0 ], [ -46.563627563208826, -23.650524464836234, 0.0 ], [ -46.563558058346985, -23.650536395066258, 0.0 ], [ -46.563488262976342, -23.650546055066322, 0.0 ], [ -46.563348488210579, -23.65056470238099, 0.0 ], [ -46.563255720404527, -23.650581561199612, 0.0 ], [ -46.563203046688542, -23.650594456989317, 0.0 ], [ -46.56314326856355, -23.650613178510099, 0.0 ], [ -46.563120569351987, -23.65062228393057, 0.0 ], [ -46.56309933598957, -23.650632868350886, 0.0 ], [ -46.56306098718612, -23.650658162112748, 0.0 ], [ -46.563038247238502, -23.650677829684316, 0.0 ], [ -46.563011114648816, -23.650707176270579, 0.0 ], [ -46.562979976284957, -23.650751156486365, 0.0 ], [ -46.56296444478447, -23.650778416397301, 0.0 ], [ -46.562948432734935, -23.650811157900463, 0.0 ], [ -46.56293208418316, -23.650850293502746, 0.0 ], [ -46.562915471484935, -23.65089673004065, 0.0 ], [ -46.562898479274516, -23.650951239684648, 0.0 ], [ -46.562857180166972, -23.651096980082155, 0.0 ], [ -46.562831437351313, -23.651175192002505, 0.0 ], [ -46.562759790234594, -23.651375344230861, 0.0 ], [ -46.562689624856795, -23.651575517609068, 0.0 ], [ -46.562640595466497, -23.651708042080816, 0.0 ], [ -46.562596760526063, -23.651816139464383, 0.0 ], [ -46.562550178114478, -23.651922663892186, 0.0 ], [ -46.562454338606791, -23.652135719673336, 0.0 ], [ -46.56239293229811, -23.652281554300011, 0.0 ], [ -46.562360252800367, -23.65236753964551, 0.0 ], [ -46.562331264796278, -23.652453272449883, 0.0 ], [ -46.562306998020354, -23.65253926303367, 0.0 ], [ -46.562294051950197, -23.652596690776587, 0.0 ], [ -46.562281538437219, -23.65267333568633, 0.0 ], [ -46.562277124961874, -23.652717150037343, 0.0 ], [ -46.562274775221063, -23.65276722102131, 0.0 ], [ -46.562275905892641, -23.652824420909933, 0.0 ], [ -46.562282625845469, -23.652889729769669, 0.0 ], [ -46.56123266522269, -23.654571788082311, 0.0 ], [ -46.557850854288901, -23.65603847183872, 0.0 ], [ -46.557819270404337, -23.656050276995092, 0.0 ], [ -46.557797631725791, -23.656056493862241, 0.0 ], [ -46.557753227433388, -23.656065690858437, 0.0 ], [ -46.557707723045468, -23.656071655212706, 0.0 ], [ -46.557615345904125, -23.65607908444165, 0.0 ], [ -46.557546767454028, -23.656085836542488, 0.0 ], [ -46.557499366633643, -23.656091383568743, 0.0 ], [ -46.557404103605293, -23.656098422281406, 0.0 ], [ -46.557308294563526, -23.656100687251225, 0.0 ], [ -46.557244159517055, -23.656099920486344, 0.0 ], [ -46.557115370446553, -23.656093936172866, 0.0 ], [ -46.556921258275153, -23.656077210757697, 0.0 ], [ -46.556661741537106, -23.656049903953658, 0.0 ], [ -46.556532125561723, -23.656038158639024, 0.0 ], [ -46.556402866790854, -23.656030087531636, 0.0 ], [ -46.556338432825427, -23.656027992809715, 0.0 ], [ -46.556242095302174, -23.656027910146413, 0.0 ], [ -46.556156837034997, -23.656031462292461, 0.0 ], [ -46.55611435940709, -23.656034693154705, 0.0 ], [ -46.556050852834872, -23.656041545602864, 0.0 ], [ -46.555956113840388, -23.65605678383578, 0.0 ], [ -46.555862073635133, -23.656078649147698, 0.0 ], [ -46.555815341506666, -23.656092304476168, 0.0 ], [ -46.555722505053517, -23.65612553551394, 0.0 ], [ -46.555676421470729, -23.656145301237711, 0.0 ], [ -46.555607743569134, -23.656179154787232, 0.0 ], [ -46.555599773414009, -23.656185608355965, 0.0 ], [ -46.555596829192048, -23.656190865559299, 0.0 ], [ -46.555595646363997, -23.656203194155502, 0.0 ], [ -46.555599285098417, -23.656217234428198, 0.0 ], [ -46.555614054810562, -23.656247055236214, 0.0 ], [ -46.555624824303408, -23.656267601849585, 0.0 ], [ -46.555664510395815, -23.656361356660604, 0.0 ], [ -46.555689606684915, -23.656425861851435, 0.0 ], [ -46.555737310865119, -23.656558734268859, 0.0 ], [ -46.555782850154422, -23.656695359436728, 0.0 ], [ -46.555872968342712, -23.656973164189612, 0.0 ], [ -46.555945164467268, -23.657178903773204, 0.0 ], [ -46.555998083466136, -23.657311676311334, 0.0 ], [ -46.556026498283259, -23.657376117937897, 0.0 ], [ -46.556072051071617, -23.657469760367114, 0.0 ], [ -46.55612163937856, -23.657559150294606, 0.0 ], [ -46.556148129257245, -23.657602029616928, 0.0 ], [ -46.556198300603597, -23.65767492326809, 0.0 ], [ -46.556224969516556, -23.657709640665299, 0.0 ], [ -46.556267096058242, -23.657759380394452, 0.0 ], [ -46.55631192413707, -23.657806130263616, 0.0 ], [ -46.556335405298633, -23.657828318532626, 0.0 ], [ -46.556384609957327, -23.657870190803155, 0.0 ], [ -46.556410376690813, -23.657889822430086, 0.0 ], [ -46.55645054309727, -23.657917565583187, 0.0 ], [ -46.55650704223897, -23.65795123763392, 0.0 ], [ -46.556536602135928, -23.657966592386206, 0.0 ], [ -46.556582640689427, -23.657987699271043, 0.0 ], [ -46.556655665013082, -23.658014852875866, 0.0 ], [ -46.556664319926092, -23.658016719056889, 0.0 ], [ -46.556682010364156, -23.658015943998254, 0.0 ], [ -46.556735652345623, -23.657999279887953, 0.0 ], [ -46.556847001075944, -23.657967631506249, 0.0 ], [ -46.556921289450877, -23.657942444753406, 0.0 ], [ -46.557069897125778, -23.657884683600884, 0.0 ], [ -46.557514316479129, -23.657691069357334, 0.0 ], [ -46.557661376953916, -23.657634113749619, 0.0 ], [ -46.557734601658602, -23.657609480808535, 0.0 ], [ -46.557831866246033, -23.657581834064441, 0.0 ], [ -46.557880325394294, -23.657570597039204, 0.0 ], [ -46.557952778585495, -23.657557423165997, 0.0 ], [ -46.558024928767679, -23.657549145936986, 0.0 ], [ -46.558060883068784, -23.6575470118383, 0.0 ], [ -46.558132535768401, -23.65754708922082, 0.0 ], [ -46.558168228438092, -23.657549435321378, 0.0 ], [ -46.558221592286607, -23.657556028042354, 0.0 ], [ -46.558258615377177, -23.657563619754775, 0.0 ], [ -46.558282607976189, -23.657570385222215, 0.0 ], [ -46.558329006253217, -23.657587778847187, 0.0 ], [ -46.558351442058331, -23.657598305808353, 0.0 ], [ -46.558394862318991, -23.657622767036948, 0.0 ], [ -46.558436447869312, -23.657651434019044, 0.0 ], [ -46.558463211795271, -23.657672681975875, 0.0 ], [ -46.558514596862985, -23.65771976609977, 0.0 ], [ -46.558551401316677, -23.657758621625973, 0.0 ], [ -46.558575178686468, -23.657785987301843, 0.0 ], [ -46.558621072659435, -23.657843687718312, 0.0 ], [ -46.558686297272658, -23.657935861953288, 0.0 ], [ -46.55872778600375, -23.657999661253875, 0.0 ], [ -46.558807262397146, -23.658128581673378, 0.0 ], [ -46.558893483462569, -23.658267695515494, 0.0 ], [ -46.558936298967986, -23.658331637603826, 0.0 ], [ -46.558958340288079, -23.658367358713541, 0.0 ], [ -46.558972217127341, -23.658394133743176, 0.0 ], [ -46.558998365190305, -23.658452998629016, 0.0 ], [ -46.559022899960432, -23.658516295921867, 0.0 ], [ -46.559069661747515, -23.658643448391249, 0.0 ], [ -46.559105206356442, -23.658726760604797, 0.0 ], [ -46.559130315054226, -23.658770591401243, 0.0 ], [ -46.559143530474934, -23.658787799282436, 0.0 ], [ -46.559164402492584, -23.658806607039129, 0.0 ], [ -46.559179131823008, -23.65881389559781, 0.0 ], [ -46.559186770556522, -23.658815815604228, 0.0 ], [ -46.559198599060252, -23.658816400314056, 0.0 ] ], [ [ -46.562309796333757, -23.653003488178168, 0.0 ], [ -46.562304879719775, -23.652992412212264, 0.0 ], [ -46.562301510841237, -23.652976867754546, 0.0 ], [ -46.562301759877677, -23.652977731123801, 0.0 ], [ -46.562302010126182, -23.652978594207308, 0.0 ], [ -46.562302261587149, -23.652979457002601, 0.0 ], [ -46.562302514260956, -23.652980319507193, 0.0 ], [ -46.562302768148008, -23.652981181718619, 0.0 ], [ -46.562303023248688, -23.65298204363436, 0.0 ], [ -46.562303279563373, -23.652982905251974, 0.0 ], [ -46.562303537092475, -23.652983766568955, 0.0 ], [ -46.562303795836364, -23.652984627582818, 0.0 ], [ -46.562304055795444, -23.652985488291108, 0.0 ], [ -46.562304316970099, -23.652986348691314, 0.0 ], [ -46.562304579360713, -23.652987208780964, 0.0 ], [ -46.562304842967677, -23.652988068557587, 0.0 ], [ -46.562305107791396, -23.65298892801869, 0.0 ], [ -46.562305373832238, -23.6529897871618, 0.0 ], [ -46.562305641090603, -23.65299064598441, 0.0 ], [ -46.562305909566888, -23.652991504484067, 0.0 ], [ -46.562306179261476, -23.652992362658278, 0.0 ], [ -46.562306450174745, -23.652993220504555, 0.0 ], [ -46.562306722307099, -23.652994078020424, 0.0 ], [ -46.562306995658929, -23.652994935203413, 0.0 ], [ -46.562307270230612, -23.652995792051026, 0.0 ], [ -46.562307546022545, -23.652996648560759, 0.0 ], [ -46.56230782303512, -23.652997504730191, 0.0 ], [ -46.562308101268727, -23.652998360556762, 0.0 ], [ -46.562308380723749, -23.652999216038069, 0.0 ], [ -46.562308661400571, -23.653000071171576, 0.0 ], [ -46.562308943299598, -23.653000925954824, 0.0 ], [ -46.562309226421213, -23.653001780385331, 0.0 ], [ -46.562309510765807, -23.653002634460609, 0.0 ], [ -46.562309796333757, -23.653003488178168, 0.0 ] ], [ [ -46.562342254739278, -23.653075258315997, 0.0 ], [ -46.562341031154311, -23.653073852774117, 0.0 ], [ -46.56234042829518, -23.653072494677239, 0.0 ], [ -46.562340486500666, -23.653072584223011, 0.0 ], [ -46.562340544753994, -23.653072673742603, 0.0 ], [ -46.562340603055112, -23.653072763235961, 0.0 ], [ -46.562340661403994, -23.653072852703101, 0.0 ], [ -46.562340719800595, -23.653072942143989, 0.0 ], [ -46.562340778244874, -23.653073031558591, 0.0 ], [ -46.562340836736801, -23.653073120946875, 0.0 ], [ -46.562340895276343, -23.653073210308847, 0.0 ], [ -46.562340953863455, -23.653073299644468, 0.0 ], [ -46.562341012498088, -23.653073388953707, 0.0 ], [ -46.562341071180228, -23.653073478236575, 0.0 ], [ -46.562341129909825, -23.653073567493013, 0.0 ], [ -46.562341188686844, -23.653073656723009, 0.0 ], [ -46.562341247511242, -23.653073745926559, 0.0 ], [ -46.56234130638299, -23.653073835103612, 0.0 ], [ -46.562341365302046, -23.653073924254151, 0.0 ], [ -46.562341424268368, -23.653074013378159, 0.0 ], [ -46.562341483281926, -23.653074102475632, 0.0 ], [ -46.562341542342672, -23.653074191546516, 0.0 ], [ -46.562341601450584, -23.653074280590804, 0.0 ], [ -46.562341660605618, -23.653074369608483, 0.0 ], [ -46.562341719807733, -23.653074458599498, 0.0 ], [ -46.562341779056887, -23.65307454756385, 0.0 ], [ -46.562341838353056, -23.653074636501522, 0.0 ], [ -46.562341897696193, -23.653074725412463, 0.0 ], [ -46.562341957086261, -23.653074814296698, 0.0 ], [ -46.562342016523225, -23.653074903154167, 0.0 ], [ -46.562342076007049, -23.653074991984845, 0.0 ], [ -46.562342135537683, -23.653075080788721, 0.0 ], [ -46.562342195115114, -23.653075169565778, 0.0 ], [ -46.562342254739278, -23.653075258315997, 0.0 ] ], [ [ -46.562624173834521, -23.653260839516022, 0.0 ], [ -46.562622862193166, -23.653260411409669, 0.0 ], [ -46.562621902700414, -23.653259928620344, 0.0 ], [ -46.562621975918589, -23.653259958097451, 0.0 ], [ -46.562622049139719, -23.65325998756834, 0.0 ], [ -46.562622122363798, -23.653260017033009, 0.0 ], [ -46.562622195590833, -23.653260046491475, 0.0 ], [ -46.562622268820817, -23.653260075943734, 0.0 ], [ -46.56262234205375, -23.653260105389755, 0.0 ], [ -46.562622415289631, -23.653260134829566, 0.0 ], [ -46.562622488528469, -23.653260164263152, 0.0 ], [ -46.562622561770254, -23.653260193690528, 0.0 ], [ -46.562622635014975, -23.653260223111669, 0.0 ], [ -46.562622708262658, -23.6532602525266, 0.0 ], [ -46.562622781513284, -23.653260281935296, 0.0 ], [ -46.562622854766857, -23.65326031133776, 0.0 ], [ -46.562622928023373, -23.653260340734011, 0.0 ], [ -46.562623001282837, -23.653260370124034, 0.0 ], [ -46.56262307454525, -23.653260399507811, 0.0 ], [ -46.562623147810605, -23.653260428885368, 0.0 ], [ -46.562623221078901, -23.653260458256682, 0.0 ], [ -46.562623294350146, -23.653260487621779, 0.0 ], [ -46.562623367624333, -23.653260516980623, 0.0 ], [ -46.562623440901461, -23.653260546333247, 0.0 ], [ -46.562623514181539, -23.653260575679621, 0.0 ], [ -46.56262358746455, -23.65326060501976, 0.0 ], [ -46.562623660750504, -23.653260634353643, 0.0 ], [ -46.562623734039398, -23.653260663681287, 0.0 ], [ -46.562623807331235, -23.653260693002704, 0.0 ], [ -46.562623880626013, -23.653260722317857, 0.0 ], [ -46.562623953923733, -23.653260751626778, 0.0 ], [ -46.562624027224388, -23.653260780929426, 0.0 ], [ -46.562624100527984, -23.653260810225856, 0.0 ], [ -46.562624173834521, -23.653260839516022, 0.0 ] ], [ [ -46.562732446066413, -23.653295743612428, 0.0 ], [ -46.562730604647086, -23.653295577399629, 0.0 ], [ -46.562727033645508, -23.653294411864277, 0.0 ], [ -46.562727208045175, -23.653294455489508, 0.0 ], [ -46.562727382457936, -23.65329449907065, 0.0 ], [ -46.562727556883779, -23.653294542607661, 0.0 ], [ -46.562727731322695, -23.653294586100525, 0.0 ], [ -46.562727905774679, -23.653294629549208, 0.0 ], [ -46.562728080239694, -23.653294672953685, 0.0 ], [ -46.56272825471774, -23.653294716313926, 0.0 ], [ -46.562728429208811, -23.653294759629897, 0.0 ], [ -46.562728603712877, -23.653294802901573, 0.0 ], [ -46.562728778229946, -23.653294846128922, 0.0 ], [ -46.56272895275999, -23.653294889311912, 0.0 ], [ -46.562729127303008, -23.653294932450532, 0.0 ], [ -46.562729301858965, -23.653294975544718, 0.0 ], [ -46.562729476427869, -23.653295018594484, 0.0 ], [ -46.562729651009697, -23.653295061599771, 0.0 ], [ -46.56272982560445, -23.653295104560549, 0.0 ], [ -46.562730000212092, -23.653295147476801, 0.0 ], [ -46.56273017483263, -23.653295190348498, 0.0 ], [ -46.56273034946603, -23.653295233175609, 0.0 ], [ -46.562730524112297, -23.653295275958094, 0.0 ], [ -46.562730698771418, -23.653295318695953, 0.0 ], [ -46.562730873443371, -23.653295361389112, 0.0 ], [ -46.56273104812815, -23.653295404037561, 0.0 ], [ -46.56273122282574, -23.653295446641305, 0.0 ], [ -46.562731397536119, -23.65329548920025, 0.0 ], [ -46.562731572259288, -23.653295531714452, 0.0 ], [ -46.562731746995219, -23.653295574183797, 0.0 ], [ -46.562731921743918, -23.653295616608304, 0.0 ], [ -46.562732096505357, -23.653295658987926, 0.0 ], [ -46.562732271279522, -23.653295701322641, 0.0 ], [ -46.562732446066413, -23.653295743612428, 0.0 ] ], [ [ -46.562904366847341, -23.653310458303714, 0.0 ], [ -46.562902412270482, -23.653311085244908, 0.0 ], [ -46.562900017130787, -23.653310869054106, 0.0 ], [ -46.562900157526542, -23.653310856565096, 0.0 ], [ -46.562900297917146, -23.653310844025555, 0.0 ], [ -46.562900438302577, -23.653310831435466, 0.0 ], [ -46.562900578682779, -23.653310818794814, 0.0 ], [ -46.56290071905773, -23.653310806103558, 0.0 ], [ -46.562900859427394, -23.653310793361698, 0.0 ], [ -46.562900999791744, -23.653310780569182, 0.0 ], [ -46.562901140150728, -23.65331076772604, 0.0 ], [ -46.56290128050432, -23.653310754832201, 0.0 ], [ -46.562901420852477, -23.653310741887665, 0.0 ], [ -46.562901561195176, -23.653310728892428, 0.0 ], [ -46.562901701532375, -23.653310715846427, 0.0 ], [ -46.56290184186404, -23.653310702749671, 0.0 ], [ -46.562901982190134, -23.653310689602137, 0.0 ], [ -46.562902122510621, -23.653310676403791, 0.0 ], [ -46.562902262825467, -23.653310663154617, 0.0 ], [ -46.562902403134636, -23.653310649854614, 0.0 ], [ -46.562902543438099, -23.653310636503733, 0.0 ], [ -46.562902683735814, -23.653310623101969, 0.0 ], [ -46.562902824027745, -23.653310609649289, 0.0 ], [ -46.562902964313864, -23.653310596145687, 0.0 ], [ -46.562903104594128, -23.653310582591129, 0.0 ], [ -46.562903244868501, -23.653310568985585, 0.0 ], [ -46.562903385136956, -23.653310555329057, 0.0 ], [ -46.562903525399456, -23.653310541621504, 0.0 ], [ -46.562903665655959, -23.653310527862924, 0.0 ], [ -46.56290380590643, -23.653310514053281, 0.0 ], [ -46.56290394615084, -23.653310500192557, 0.0 ], [ -46.562904086389153, -23.653310486280734, 0.0 ], [ -46.562904226621335, -23.653310472317798, 0.0 ], [ -46.562904366847341, -23.653310458303714, 0.0 ] ] ] ] } },
{ "type": "Feature", "properties": { "fid": 90.0 , "MODELO" : "ORATORIO"}, "geometry": { "type": "MultiPolygon", "coordinates": [ [ [ [ -46.50142894064431, -23.625011993267243, -1.79769313486231571e+308 ], [ -46.501438739035486, -23.625010256971898, -1.79769313486231571e+308 ], [ -46.50144778382549, -23.625003818844561, -1.79769313486231571e+308 ], [ -46.501455678501422, -23.62499113942873, -1.79769313486231571e+308 ], [ -46.50160976557207, -23.62463811578375, -1.79769313486231571e+308 ], [ -46.501763851861675, -23.624285092010464, -1.79769313486231571e+308 ], [ -46.501784472950213, -23.624284892456078, -1.79769313486231571e+308 ], [ -46.501615164512359, -23.624207356765464, -1.79769313486231571e+308 ], [ -46.501445856265114, -23.624129820880036, -1.79769313486231571e+308 ], [ -46.501232666382194, -23.624034997733602, -1.79769313486231571e+308 ], [ -46.501017521474814, -23.623943946701001, -1.79769313486231571e+308 ], [ -46.500731285660379, -23.623828722299564, -1.79769313486231571e+308 ], [ -46.500444335502706, -23.623715134360612, -1.79769313486231571e+308 ], [ -46.500289629017232, -23.623649974537877, -1.79769313486231571e+308 ], [ -46.500135151855524, -23.623583758690135, -1.79769313486231571e+308 ], [ -46.500029894967732, -23.623541790849682, -1.79769313486231571e+308 ], [ -46.499964803639031, -23.623520088894466, -1.79769313486231571e+308 ], [ -46.499898510239198, -23.623503227479102, -1.79769313486231571e+308 ], [ -46.499853754994049, -23.623494294583189, -1.79769313486231571e+308 ], [ -46.499793513892321, -23.6234848017465, -1.79769313486231571e+308 ], [ -46.499712429602809, -23.62347557611049, -1.79769313486231571e+308 ], [ -46.499603544122522, -23.623467321418428, -1.79769313486231571e+308 ], [ -46.499458371106407, -23.623458638992506, -1.79769313486231571e+308 ], [ -46.499297810800059, -23.623449625143742, -1.79769313486231571e+308 ], [ -46.499137200374527, -23.623444210860562, -1.79769313486231571e+308 ], [ -46.499030178273195, -23.623443063790962, -1.79769313486231571e+308 ], [ -46.498887640887972, -23.623445150555835, -1.79769313486231571e+308 ], [ -46.498709489020321, -23.62345428391982, -1.79769313486231571e+308 ], [ -46.498531710340743, -23.623469624621869, -1.79769313486231571e+308 ], [ -46.498413332160709, -23.623482430410263, -1.79769313486231571e+308 ], [ -46.497940084006572, -23.62354297450776, -1.79769313486231571e+308 ], [ -46.497913009108714, -23.623545383659891, -1.79769313486231571e+308 ], [ -46.497883900905961, -23.623546564326297, -1.79769313486231571e+308 ], [ -46.497823582693002, -23.623548750383883, -1.79769313486231571e+308 ], [ -46.497785022011435, -23.623552894738143, -1.79769313486231571e+308 ], [ -46.497764669583589, -23.623557184225366, -1.79769313486231571e+308 ], [ -46.497743610193019, -23.623564414175849, -1.79769313486231571e+308 ], [ -46.497723229313777, -23.623576430854985, -1.79769313486231571e+308 ], [ -46.497714290919426, -23.623584760871804, -1.79769313486231571e+308 ], [ -46.497706453971965, -23.623595309266459, -1.79769313486231571e+308 ], [ -46.497700225928533, -23.623608628804625, -1.79769313486231571e+308 ], [ -46.497694994655696, -23.623635588815418, -1.79769313486231571e+308 ], [ -46.497695824755183, -23.623662501553845, -1.79769313486231571e+308 ], [ -46.497701450591101, -23.623716293822234, -1.79769313486231571e+308 ], [ -46.497682171314985, -23.624392241869558, -1.79769313486231571e+308 ], [ -46.497685916027272, -23.624488666370365, -1.79769313486231571e+308 ], [ -46.49769639151264, -23.624598732726692, -1.79769313486231571e+308 ], [ -46.497705233024377, -23.624657364878033, -1.79769313486231571e+308 ], [ -46.497717529120365, -23.624719844296507, -1.79769313486231571e+308 ], [ -46.497734246781008, -23.62478641164067, -1.79769313486231571e+308 ], [ -46.497740011401056, -23.624798512504171, -1.79769313486231571e+308 ], [ -46.497748512909922, -23.624804825082805, -1.79769313486231571e+308 ], [ -46.497755528060516, -23.624806159078318, -1.79769313486231571e+308 ], [ -46.49776635211866, -23.624804767779885, -1.79769313486231571e+308 ], [ -46.497783005057357, -23.624798053333798, -1.79769313486231571e+308 ], [ -46.497808224660822, -23.624782301486395, -1.79769313486231571e+308 ], [ -46.497845001619169, -23.62475357211024, -1.79769313486231571e+308 ], [ -46.497894399572949, -23.624711865894479, -1.79769313486231571e+308 ], [ -46.497920113893059, -23.624691613233946, -1.79769313486231571e+308 ], [ -46.497932432238606, -23.624683155881989, -1.79769313486231571e+308 ], [ -46.498018099140928, -23.624628836025408, -1.79769313486231571e+308 ], [ -46.498103050418287, -23.624573832080738, -1.79769313486231571e+308 ], [ -46.498132496822308, -23.624549636699818, -1.79769313486231571e+308 ], [ -46.498161444682992, -23.624524259436868, -1.79769313486231571e+308 ], [ -46.498184814443626, -23.624509703443803, -1.79769313486231571e+308 ], [ -46.498225172766787, -23.624490837748759, -1.79769313486231571e+308 ], [ -46.498265643028681, -23.624473902078986, -1.79769313486231571e+308 ], [ -46.498346892448382, -23.624445440876841, -1.79769313486231571e+308 ], [ -46.498401265936934, -23.624430169362284, -1.79769313486231571e+308 ], [ -46.498473990071659, -23.62441396753027, -1.79769313486231571e+308 ], [ -46.498571297169242, -23.624398907737969, -1.79769313486231571e+308 ], [ -46.498627045355022, -23.62439321980057, -1.79769313486231571e+308 ], [ -46.498690859343284, -23.624388942535713, -1.79769313486231571e+308 ], [ -46.498763891791477, -23.624386524044169, -1.79769313486231571e+308 ], [ -46.4988474449896, -23.624386338084026, -1.79769313486231571e+308 ], [ -46.499070298239218, -23.624393475569757, -1.79769313486231571e+308 ], [ -46.499229448483646, -23.624400529250551, -1.79769313486231571e+308 ], [ -46.499388699269289, -23.624409762624925, -1.79769313486231571e+308 ], [ -46.499494858458434, -23.624418112685188, -1.79769313486231571e+308 ], [ -46.499636317935895, -23.624433149962268, -1.79769313486231571e+308 ], [ -46.499717076190244, -23.624444231820821, -1.79769313486231571e+308 ], [ -46.499894942439902, -23.624471930800627, -1.79769313486231571e+308 ], [ -46.500071302903848, -23.624502358093682, -1.79769313486231571e+308 ], [ -46.500188313899187, -23.624524872385791, -1.79769313486231571e+308 ], [ -46.500343955032044, -23.624558516996146, -1.79769313486231571e+308 ], [ -46.500455489978975, -23.624585831498667, -1.79769313486231571e+308 ], [ -46.500565972300585, -23.624615581409049, -1.79769313486231571e+308 ], [ -46.500785316574778, -23.624680927751925, -1.79769313486231571e+308 ], [ -46.500892435389986, -23.624717358288429, -1.79769313486231571e+308 ], [ -46.500997760690346, -23.624757582051231, -1.79769313486231571e+308 ], [ -46.501206490960854, -23.624841536043547, -1.79769313486231571e+308 ], [ -46.501220909351886, -23.62484837876622, -1.79769313486231571e+308 ], [ -46.50123572112058, -23.624857483410203, -1.79769313486231571e+308 ], [ -46.501266139077501, -23.624880975127148, -1.79769313486231571e+308 ], [ -46.501327452664704, -23.624938564934038, -1.79769313486231571e+308 ], [ -46.501366206013152, -23.624975163676758, -1.79769313486231571e+308 ], [ -46.501386747911212, -23.624992156676413, -1.79769313486231571e+308 ], [ -46.501408254811729, -23.625005972880441, -1.79769313486231571e+308 ], [ -46.501418698961743, -23.625010245614295, -1.79769313486231571e+308 ], [ -46.50142894064431, -23.625011993267243, -1.79769313486231571e+308 ] ] ] ] } },
{ "type": "Feature", "properties": { "fid": 96.0, "MODELO" : "TAMCENTRAL" }, "geometry": { "type": "MultiPolygon", "coordinates": [ [ [ [ -46.541327520546439, -23.624988308354286, -8.98846567431157854e+307 ], [ -46.541356328654494, -23.625021733636952, -1.79769313486231571e+308 ], [ -46.541457628738129, -23.625140321627612, -1.79769313486231571e+308 ], [ -46.541838952624808, -23.625305113366718, -1.79769313486231571e+308 ], [ -46.54210631129844, -23.625496323725233, -1.79769313486231571e+308 ], [ -46.54248346143283, -23.625694871274472, -1.79769313486231571e+308 ], [ -46.542767177961707, -23.625721552311404, -1.79769313486231571e+308 ], [ -46.542906739855056, -23.625538941224082, -1.79769313486231571e+308 ], [ -46.542799198866255, -23.625333499952177, -1.79769313486231571e+308 ], [ -46.542453310486167, -23.625169675442354, -1.79769313486231571e+308 ], [ -46.542154156157331, -23.624995639657158, -1.79769313486231571e+308 ], [ -46.541732656187818, -23.624815443443154, -1.79769313486231571e+308 ], [ -46.541670447390096, -23.624781923755837, -8.98846567431157854e+307 ], [ -46.54167297660269, -23.624779149110037, 0.0 ], [ -46.541704061867286, -23.624741336680835, 0.0 ], [ -46.541734099364511, -23.62470097890181, 0.0 ], [ -46.541762960468702, -23.624658248591814, 0.0 ], [ -46.541790521592063, -23.624613328729257, 0.0 ], [ -46.541798477114547, -23.624599051565465, 0.0 ], [ -46.541803308259425, -23.624601998391608, 0.0 ], [ -46.541810477242244, -23.624606315963963, 0.0 ], [ -46.541817649205512, -23.624610580552211, 0.0 ], [ -46.541824824476372, -23.624614792805431, 0.0 ], [ -46.541832003381984, -23.624618953372767, 0.0 ], [ -46.541839186249476, -23.624623062903275, 0.0 ], [ -46.54184637340601, -23.624627122046082, 0.0 ], [ -46.54185356517872, -23.624631131450272, 0.0 ], [ -46.54186076189476, -23.624635091764965, 0.0 ], [ -46.541867963881273, -23.624639003639253, 0.0 ], [ -46.541875171465399, -23.624642867722265, 0.0 ], [ -46.541882384974294, -23.624646684663073, 0.0 ], [ -46.541889604735104, -23.624650455110771, 0.0 ], [ -46.541896831074972, -23.62465417971449, 0.0 ], [ -46.541904064321038, -23.624657859123328, 0.0 ], [ -46.541911304800472, -23.624661493986377, 0.0 ], [ -46.5419185528404, -23.624665084952749, 0.0 ], [ -46.541925808767978, -23.624668632671526, 0.0 ], [ -46.541933072910354, -23.62467213779184, 0.0 ], [ -46.541940345594668, -23.624675600962764, 0.0 ], [ -46.541947627148083, -23.624679022833412, 0.0 ], [ -46.541954917897733, -23.624682404052898, 0.0 ], [ -46.541962218170774, -23.624685745270288, 0.0 ], [ -46.541969528294352, -23.624689047134726, 0.0 ], [ -46.541976848595624, -23.624692310295295, 0.0 ], [ -46.541984179401723, -23.624695535401081, 0.0 ], [ -46.541991521039805, -23.624698723101208, 0.0 ], [ -46.541998873837031, -23.624701874044792, 0.0 ], [ -46.542006238120535, -23.624704988880879, 0.0 ], [ -46.542013614217474, -23.62470806825862, 0.0 ], [ -46.542021002454987, -23.624711112827089, 0.0 ], [ -46.542028403160245, -23.624714123235414, 0.0 ], [ -46.542035816660373, -23.62471710013266, 0.0 ], [ -46.542043243282549, -23.624720044167958, 0.0 ], [ -46.542050683353899, -23.6247229559904, 0.0 ], [ -46.542058137201579, -23.624725836249073, 0.0 ], [ -46.54206560515275, -23.624728685593098, 0.0 ], [ -46.542073087534547, -23.624731504671569, 0.0 ], [ -46.542080584674139, -23.624734294133571, 0.0 ], [ -46.542088096898667, -23.624737054628234, 0.0 ], [ -46.542095624535285, -23.624739786804625, 0.0 ], [ -46.542103167911137, -23.624742491311871, 0.0 ], [ -46.542110727353382, -23.624745168799048, 0.0 ], [ -46.54211830318917, -23.624747819915282, 0.0 ], [ -46.542125895745656, -23.624750445309676, 0.0 ], [ -46.542133505349994, -23.624753045631284, 0.0 ], [ -46.54214113232932, -23.624755621529264, 0.0 ], [ -46.542148777010802, -23.624758173652662, 0.0 ], [ -46.542156439721587, -23.624760702650626, 0.0 ], [ -46.542164120788833, -23.624763209172233, 0.0 ], [ -46.542171820539693, -23.624765693866589, 0.0 ], [ -46.542179539301308, -23.624768157382764, 0.0 ], [ -46.542187277400835, -23.624770600369899, 0.0 ], [ -46.542195035165442, -23.624773023477065, 0.0 ], [ -46.54220281292227, -23.624775427353381, 0.0 ], [ -46.542210610998467, -23.62477781264791, 0.0 ], [ -46.542218429721203, -23.624780180009818, 0.0 ], [ -46.542226269417618, -23.624782530088137, 0.0 ], [ -46.542234130414876, -23.624784863532007, 0.0 ], [ -46.542242013040124, -23.624787180990499, 0.0 ], [ -46.542249917620516, -23.624789483112743, 0.0 ], [ -46.54225784448321, -23.624791770547795, 0.0 ], [ -46.542265793955366, -23.624794043944796, 0.0 ], [ -46.542273766364133, -23.624796303952827, 0.0 ], [ -46.542281762036666, -23.62479855122097, 0.0 ], [ -46.542289781300113, -23.62480078639835, 0.0 ], [ -46.542297824481643, -23.624803010134055, 0.0 ], [ -46.542305891908406, -23.624805223077175, 0.0 ], [ -46.542313983907555, -23.624807425876824, 0.0 ], [ -46.542322100806253, -23.624809619182088, 0.0 ], [ -46.542330242931648, -23.624811803642075, 0.0 ], [ -46.542338410610903, -23.624813979905873, 0.0 ], [ -46.542346604171165, -23.624816148622575, 0.0 ], [ -46.542354823852108, -23.624818310126638, 0.0 ], [ -46.542363054738175, -23.624820410680826, 0.0 ], [ -46.542371285772418, -23.624822411896623, 0.0 ], [ -46.542379517011192, -23.624824315664476, 0.0 ], [ -46.542387748510897, -23.624826123874893, 0.0 ], [ -46.542395980327903, -23.62482783841838, 0.0 ], [ -46.542404212518605, -23.624829461185389, 0.0 ], [ -46.542412445139369, -23.624830994066407, 0.0 ], [ -46.5424206782466, -23.624832438951934, 0.0 ], [ -46.542428911896664, -23.624833797732439, 0.0 ], [ -46.542437146145957, -23.624835072298438, 0.0 ], [ -46.542445381050854, -23.624836264540345, 0.0 ], [ -46.542453616667757, -23.624837376348705, 0.0 ], [ -46.542461853053034, -23.624838409613989, 0.0 ], [ -46.54247009026308, -23.624839366226691, 0.0 ], [ -46.542478328354285, -23.624840248077273, 0.0 ], [ -46.54248656738303, -23.62484105705623, 0.0 ], [ -46.54249480740571, -23.624841795054046, 0.0 ], [ -46.542503048478707, -23.62484246396119, 0.0 ], [ -46.542511290658418, -23.62484306566818, 0.0 ], [ -46.542519534001215, -23.624843602065457, 0.0 ], [ -46.54252777856351, -23.624844075043534, 0.0 ], [ -46.542536028202221, -23.624844475893038, 0.0 ], [ -46.542544289066136, -23.624844779462297, 0.0 ], [ -46.542552559696887, -23.624844973979616, 0.0 ], [ -46.542560838472731, -23.624845048044261, 0.0 ], [ -46.542569123771877, -23.624844990255507, 0.0 ], [ -46.542577413972573, -23.624844789212599, 0.0 ], [ -46.54258570745305, -23.624844433514816, 0.0 ], [ -46.542594002591521, -23.624843911761431, 0.0 ], [ -46.542602297766209, -23.624843212551699, 0.0 ], [ -46.542610591355356, -23.624842324484909, 0.0 ], [ -46.542618881737155, -23.624841236160304, 0.0 ], [ -46.542627167289837, -23.624839936177146, 0.0 ], [ -46.542635446391607, -23.624838413134725, 0.0 ], [ -46.542643717420674, -23.624836655632283, 0.0 ], [ -46.542651978755259, -23.624834652269151, 0.0 ], [ -46.542660228773549, -23.624832391644528, 0.0 ], [ -46.542668465853751, -23.624829862357728, 0.0 ], [ -46.542676688374073, -23.624827053007987, 0.0 ], [ -46.542684825530749, -23.624823961030462, 0.0 ], [ -46.542692648447101, -23.624820612219892, 0.0 ], [ -46.542700159159303, -23.624817012347556, 0.0 ], [ -46.542707380254733, -23.624813164927613, 0.0 ], [ -46.542714334320785, -23.624809073474161, 0.0 ], [ -46.542721043944852, -23.624804741501308, 0.0 ], [ -46.542727531714327, -23.624800172523187, 0.0 ], [ -46.542733820216604, -23.624795370053882, 0.0 ], [ -46.542739932039069, -23.624790337607511, 0.0 ], [ -46.542745889769108, -23.62478507869816, 0.0 ], [ -46.542751715994115, -23.624779596839922, 0.0 ], [ -46.542757433301475, -23.624773895546888, 0.0 ], [ -46.542763064278567, -23.624767978333136, 0.0 ], [ -46.542768631512786, -23.624761848712755, 0.0 ], [ -46.542774157591495, -23.624755510199819, 0.0 ], [ -46.542779665102074, -23.62474896630842, 0.0 ], [ -46.542785177381525, -23.624742277821063, 0.0 ], [ -46.542790698690702, -23.624735586189647, 0.0 ], [ -46.542796212495631, -23.624728895332353, 0.0 ], [ -46.542801701756581, -23.624722202581268, 0.0 ], [ -46.54280714943382, -23.62471550526848, 0.0 ], [ -46.542812538487645, -23.624708800726101, 0.0 ], [ -46.542817851878326, -23.624702086286241, 0.0 ], [ -46.542823072566165, -23.624695359280995, 0.0 ], [ -46.542828183511439, -23.624688617042477, 0.0 ], [ -46.542833167674452, -23.624681856902839, 0.0 ], [ -46.542838008015487, -23.624675076194116, 0.0 ], [ -46.542842687494854, -23.624668272248496, 0.0 ], [ -46.542847189072859, -23.624661442398072, 0.0 ], [ -46.542851495709805, -23.624654583974944, 0.0 ], [ -46.542855590366003, -23.624647694311253, 0.0 ], [ -46.542859456001764, -23.62464077073912, 0.0 ], [ -46.542863075577408, -23.624633810590634, 0.0 ], [ -46.542866432053259, -23.624626811197967, 0.0 ], [ -46.542869508389643, -23.624619769893204, 0.0 ], [ -46.542872287546892, -23.624612684008468, 0.0 ], [ -46.542874752485332, -23.624605550875899, 0.0 ], [ -46.542876886165296, -23.624598367827584, 0.0 ], [ -46.542878671547143, -23.624591132195672, 0.0 ], [ -46.542880091591208, -23.624583841312262, 0.0 ], [ -46.54288112925785, -23.624576492509462, 0.0 ], [ -46.54288176750741, -23.624569083119397, 0.0 ], [ -46.542881989300263, -23.624561610474171, 0.0 ], [ -46.542881777596762, -23.62455407190588, 0.0 ], [ -46.542881115357289, -23.62454646474664, 0.0 ], [ -46.542861028257619, -23.624374594033224, 0.0 ], [ -46.542858396763151, -23.624370351994202, 0.0 ], [ -46.542855855225625, -23.624365962542761, 0.0 ], [ -46.542853391477784, -23.624361445617428, 0.0 ], [ -46.542850993352381, -23.624356821156685, 0.0 ], [ -46.542848648682138, -23.62435210909905, 0.0 ], [ -46.542846345299814, -23.624347329383056, 0.0 ], [ -46.542844071038139, -23.62434250194724, 0.0 ], [ -46.542841813729865, -23.624337646730059, 0.0 ], [ -46.542839561207728, -23.624332783670045, 0.0 ], [ -46.542837301304473, -23.624327932705761, 0.0 ], [ -46.542835021852845, -23.624323113775645, 0.0 ], [ -46.54283271068558, -23.624318346818217, 0.0 ], [ -46.542830355635424, -23.624313651772031, 0.0 ], [ -46.542827944535127, -23.624309048575569, 0.0 ], [ -46.542825465217419, -23.624304557167324, 0.0 ], [ -46.542822905515052, -23.624300197485837, 0.0 ], [ -46.542820253260757, -23.624295989469584, 0.0 ], [ -46.542817496287292, -23.624291953057082, 0.0 ], [ -46.542814622427379, -23.624288108186867, 0.0 ], [ -46.542811619513763, -23.624284474797371, 0.0 ], [ -46.542808475379189, -23.624281072827152, 0.0 ], [ -46.54280517785638, -23.624277922214695, 0.0 ], [ -46.542801714778072, -23.624275042898507, 0.0 ], [ -46.542798073976989, -23.624272454817078, 0.0 ], [ -46.542794243285869, -23.624270177908887, 0.0 ], [ -46.542790223135832, -23.624268211467427, 0.0 ], [ -46.542786037136885, -23.624266516802884, 0.0 ], [ -46.542781694459293, -23.624265078887866, 0.0 ], [ -46.542777203778492, -23.624263883505918, 0.0 ], [ -46.542772573769909, -23.624262916440532, 0.0 ], [ -46.542767813108959, -23.62426216347523, 0.0 ], [ -46.542762930471085, -23.624261610393567, 0.0 ], [ -46.542757934531714, -23.624261242979006, 0.0 ], [ -46.542752833966269, -23.624261047015146, 0.0 ], [ -46.542747637450191, -23.624261008285441, 0.0 ], [ -46.542742353658909, -23.62426111257345, 0.0 ], [ -46.542736991267866, -23.624261345662703, 0.0 ], [ -46.542731558952497, -23.624261693336692, 0.0 ], [ -46.54272606538823, -23.624262141378967, 0.0 ], [ -46.54272051925053, -23.624262675573064, 0.0 ], [ -46.542714929214824, -23.624263281702508, 0.0 ], [ -46.54270930395657, -23.624263945550791, 0.0 ], [ -46.542703652151211, -23.624264652901502, 0.0 ], [ -46.542697982474202, -23.624265389538134, 0.0 ], [ -46.542692303600994, -23.624266141244238, 0.0 ], [ -46.54268662420705, -23.624266893803338, 0.0 ], [ -46.542680952967828, -23.624267632998972, 0.0 ], [ -46.542675298558791, -23.624268344614705, 0.0 ], [ -46.542669669655403, -23.62426901443401, 0.0 ], [ -46.542664074933143, -23.624269628240501, 0.0 ], [ -46.542658523067473, -23.624270171817663, 0.0 ], [ -46.542653022733859, -23.624270630949074, 0.0 ], [ -46.542647582607792, -23.624270991418243, 0.0 ], [ -46.542642211364743, -23.624271239008738, 0.0 ], [ -46.542636917680191, -23.624271359504082, 0.0 ], [ -46.542516639815545, -23.624289207086672, 0.0 ], [ -46.542508382233343, -23.62429029421045, 0.0 ], [ -46.542500089768112, -23.624291156803004, 0.0 ], [ -46.542491773891122, -23.624291863154745, 0.0 ], [ -46.542483446073625, -23.624292481556125, 0.0 ], [ -46.542475117786843, -23.624293080297704, 0.0 ], [ -46.542466800502019, -23.624293727669912, 0.0 ], [ -46.542458505690341, -23.624294491963191, 0.0 ], [ -46.542450244905829, -23.624295441681287, 0.0 ], [ -46.542442168688623, -23.624296992276001, 0.0 ], [ -46.542434382246277, -23.624299401383876, 0.0 ], [ -46.542426849153244, -23.624302552295497, 0.0 ], [ -46.542419532983949, -23.624306328301365, 0.0 ], [ -46.542412397312894, -23.624310612692064, 0.0 ], [ -46.542405405714582, -23.624315288758066, 0.0 ], [ -46.542398521763545, -23.624320239789927, 0.0 ], [ -46.54239170903432, -23.624325349078124, 0.0 ], [ -46.542384931101488, -23.624330499913182, 0.0 ], [ -46.542378151539623, -23.624335575585572, 0.0 ], [ -46.542371333923327, -23.624340459385824, 0.0 ], [ -46.542364441827218, -23.624345034604357, 0.0 ], [ -46.542357438825938, -23.624349184531688, 0.0 ], [ -46.542350288494134, -23.624352792458271, 0.0 ], [ -46.5423429544065, -23.624355741674552, 0.0 ], [ -46.542335400082294, -23.624357923717138, 0.0 ], [ -46.542327602410751, -23.624359609834471, 0.0 ], [ -46.542319584646833, -23.624360980146587, 0.0 ], [ -46.54231137922914, -23.624362034873975, 0.0 ], [ -46.542303018596286, -23.624362774237138, 0.0 ], [ -46.542294535186876, -23.624363198456543, 0.0 ], [ -46.542285961439539, -23.624363307752713, 0.0 ], [ -46.542277329792888, -23.624363102346166, 0.0 ], [ -46.542268672685545, -23.624362582457401, 0.0 ], [ -46.542260022556121, -23.624361748306953, 0.0 ], [ -46.542251411843246, -23.624360600115356, 0.0 ], [ -46.54224287298554, -23.624359138103141, 0.0 ], [ -46.542234438421616, -23.624357362490876, 0.0 ], [ -46.542226140590095, -23.624355273499098, 0.0 ], [ -46.542218011929585, -23.624352871348361, 0.0 ], [ -46.54221008487869, -23.624350156259244, 0.0 ], [ -46.542202391780442, -23.624347127224581, 0.0 ], [ -46.54219494829708, -23.624343758276062, 0.0 ], [ -46.542187734501788, -23.624340063034751, 0.0 ], [ -46.542180725895349, -23.624336073874264, 0.0 ], [ -46.542173897978586, -23.624331823168259, 0.0 ], [ -46.542167226252282, -23.624327343290297, 0.0 ], [ -46.54216068621723, -23.624322666614102, 0.0 ], [ -46.542154253374221, -23.624317825513184, 0.0 ], [ -46.54214790322402, -23.624312852361189, 0.0 ], [ -46.542141611267418, -23.624307779531765, 0.0 ], [ -46.542135353005193, -23.624302639398465, 0.0 ], [ -46.542129103938102, -23.624297464334902, 0.0 ], [ -46.542122839566915, -23.624292286714685, 0.0 ], [ -46.542116535392402, -23.624287138911406, 0.0 ], [ -46.542110166915329, -23.624282053298636, 0.0 ], [ -46.54210370963645, -23.624277062249966, 0.0 ], [ -46.542097139056516, -23.624272198138989, 0.0 ], [ -46.542090430676296, -23.624267493339268, 0.0 ], [ -46.542083559996513, -23.624262980224387, 0.0 ], [ -46.542076502517922, -23.624258691167888, 0.0 ], [ -46.542069233741259, -23.624254658543371, 0.0 ], [ -46.542061729167251, -23.624250914724374, 0.0 ], [ -46.542053997245425, -23.624247450170859, 0.0 ], [ -46.542046183874987, -23.624244084897089, 0.0 ], [ -46.542038313561108, -23.624240799477388, 0.0 ], [ -46.54203039091162, -23.62423760015345, 0.0 ], [ -46.542022420534352, -23.624234493167002, 0.0 ], [ -46.542014407037129, -23.6242314847598, 0.0 ], [ -46.542006355027802, -23.624228581173604, 0.0 ], [ -46.541998269114181, -23.624225788650108, 0.0 ], [ -46.541990153904081, -23.624223113431079, 0.0 ], [ -46.541982014005342, -23.62422056175825, 0.0 ], [ -46.541973854025784, -23.624218139873356, 0.0 ], [ -46.541965678573206, -23.624215854018139, 0.0 ], [ -46.541957492255449, -23.624213710434354, 0.0 ], [ -46.541949299680311, -23.624211715363753, 0.0 ], [ -46.541948554813075, -23.624211548076328, 0.0 ], [ -46.541951438683405, -23.624199801199712, 0.0 ], [ -46.541962810948903, -23.624144669439868, 0.0 ], [ -46.541972027459565, -23.624089547357901, 0.0 ], [ -46.541979048751649, -23.62403467099529, 0.0 ], [ -46.54198384476171, -23.6239802753412, 0.0 ], [ -46.541986394955302, -23.623926593326228, 0.0 ], [ -46.541986688414838, -23.623873854824993, 0.0 ], [ -46.54198472388633, -23.623822285671768, 0.0 ], [ -46.541980509784665, -23.623772106693369, 0.0 ], [ -46.541974064157586, -23.623723532763584, 0.0 ], [ -46.541965414608313, -23.623676771883115, 0.0 ], [ -46.541954598177355, -23.623632024288789, 0.0 ], [ -46.541941661183827, -23.623589481596149, 0.0 ], [ -46.541926659027112, -23.623549325979003, 0.0 ], [ -46.541909655949581, -23.623511729389254, 0.0 ], [ -46.541890724761494, -23.623476852820637, 0.0 ], [ -46.541869946529232, -23.6234448456193, 0.0 ], [ -46.541847410228115, -23.623415844844306, 0.0 ], [ -46.541823212361436, -23.623389974680745, 0.0 ], [ -46.541797456547208, -23.623367345907941, 0.0 ], [ -46.541770253074468, -23.623348055425112, 0.0 ], [ -46.541741718431055, -23.623332185836439, 0.0 ], [ -46.54171197480477, -23.623319805097349, 0.0 ], [ -46.541681149560262, -23.623310966223549, 0.0 ], [ -46.541649374693549, -23.62330570706397, 0.0 ], [ -46.541616786266964, -23.623304050138739, 0.0 ], [ -46.541583523826461, -23.623306002542723, 0.0 ], [ -46.541549729804139, -23.623311555915201, 0.0 ], [ -46.5415155489084, -23.623320686475601, 0.0 ], [ -46.541481127504277, -23.6233333551254, 0.0 ], [ -46.541446612986753, -23.623349507615522, 0.0 ], [ -46.541412153149679, -23.623369074778616, 0.0 ], [ -46.541377895552856, -23.623391972825289, 0.0 ], [ -46.541343986890283, -23.623418103702885, 0.0 ], [ -46.541310572361994, -23.623447355515314, 0.0 ], [ -46.541277795052324, -23.623479603002274, 0.0 ], [ -46.541245795317238, -23.62351470807554, 0.0 ], [ -46.541214710183333, -23.623552520410392, 0.0 ], [ -46.541184672761091, -23.623592878089212, 0.0 ], [ -46.541155811674891, -23.623635608294833, 0.0 ], [ -46.541128250512202, -23.623680528050663, 0.0 ], [ -46.541102107294421, -23.623727445004082, 0.0 ], [ -46.541077493971422, -23.62377615825017, 0.0 ], [ -46.541054515942214, -23.623826459192014, 0.0 ], [ -46.541033271603553, -23.623878132433919, 0.0 ], [ -46.541013851928561, -23.623930956703767, 0.0 ], [ -46.540996340077172, -23.623984705800503, 0.0 ], [ -46.540980811039994, -23.62403914956278, 0.0 ], [ -46.540967331317113, -23.62409405485452, 0.0 ], [ -46.540955958633333, -23.624149186563233, 0.0 ], [ -46.540946741690902, -23.624204308606821, 0.0 ], [ -46.540939719960953, -23.624259184944474, 0.0 ], [ -46.540934923514428, -23.62431358058744, 0.0 ], [ -46.540932372893245, -23.624367262605311, 0.0 ], [ -46.540932079022291, -23.624420001123408, 0.0 ], [ -46.540934043162608, -23.624471570307193, 0.0 ], [ -46.540938256905946, -23.624521749329329, 0.0 ], [ -46.540944702210695, -23.624570323315247, 0.0 ], [ -46.540953351479146, -23.624617084263321, 0.0 ], [ -46.540964167675597, -23.624661831935548, 0.0 ], [ -46.540977104484945, -23.624704374715048, 0.0 ], [ -46.540992106510963, -23.62474453042654, 0.0 ], [ -46.541009109513517, -23.6247821271165, 0.0 ], [ -46.541028040683621, -23.624817003789484, 0.0 ], [ -46.541048818955204, -23.624849011097552, 0.0 ], [ -46.541071355352273, -23.624878011979806, 0.0 ], [ -46.541095553369907, -23.624903882249342, 0.0 ], [ -46.541121309387492, -23.624926511125022, 0.0 ], [ -46.541148513112518, -23.624945801705845, 0.0 ], [ -46.541177048052838, -23.624961671385957, 0.0 ], [ -46.541206792015544, -23.62497405220838, 0.0 ], [ -46.541237617630273, -23.624982891155987, 0.0 ], [ -46.541269392894627, -23.624988150378567, 0.0 ], [ -46.541301981739501, -23.624989807354925, 0.0 ], [ -46.541327520546439, -23.624988308354286, -8.98846567431157854e+307 ] ] ] ] } },
{ "type": "Feature", "properties": { "fid": 97.0, "MODELO" : "TAMCENTRAL" }, "geometry": { "type": "MultiPolygon", "coordinates": [ [ [ [ -46.534207733925669, -23.639292181035444, 0.0 ], [ -46.534250572896035, -23.639299302642666, 0.0 ], [ -46.534294962179594, -23.63930172669254, 0.0 ], [ -46.53434071168985, -23.639299442803949, 0.0 ], [ -46.534387625515365, -23.639292460755957, 0.0 ], [ -46.534435502758747, -23.639280810446067, 0.0 ], [ -46.534484138397026, -23.639264541762156, 0.0 ], [ -46.534533324159675, -23.639243724368875, 0.0 ], [ -46.534582849420559, -23.639218447409274, 0.0 ], [ -46.534632502099953, -23.639188819123216, 0.0 ], [ -46.534682069572767, -23.639154966383732, 0.0 ], [ -46.534731339579146, -23.639117034153823, 0.0 ], [ -46.534780101133457, -23.639075184865664, 0.0 ], [ -46.534828145427817, -23.63902959772502, 0.0 ], [ -46.534875266726345, -23.638980467943931, 0.0 ], [ -46.534921263246147, -23.638928005904631, 0.0 ], [ -46.534965938021465, -23.638872436258755, 0.0 ], [ -46.535009099747093, -23.638813996965279, 0.0 ], [ -46.535050563597665, -23.638752938271555, 0.0 ], [ -46.535090152019016, -23.638689521641652, 0.0 ], [ -46.535127695488576, -23.638624018636705, 0.0 ], [ -46.535163033241233, -23.638556709752059, 0.0 ], [ -46.535196013957695, -23.63848788321609, 0.0 ], [ -46.535226496412484, -23.638417833755973, 0.0 ], [ -46.535254350078588, -23.638346861335556, 0.0 ], [ -46.535279455686357, -23.638275269870853, 0.0 ], [ -46.535301705734149, -23.638203365928643, 0.0 ], [ -46.535321004948607, -23.638131457413646, 0.0 ], [ -46.535337270692558, -23.638059852250016, 0.0 ], [ -46.535350433318776, -23.637988857062787, 0.0 ], [ -46.535360436468125, -23.637918775864762, 0.0 ], [ -46.535367237310851, -23.63784990875477, 0.0 ], [ -46.53537080672983, -23.637782550632537, 0.0 ], [ -46.535371129445252, -23.637716989935878, 0.0 ], [ -46.535368204079866, -23.637653507405588, 0.0 ], [ -46.535362043164881, -23.637592374883223, 0.0 ], [ -46.535352673086159, -23.637533854147108, 0.0 ], [ -46.535340133971246, -23.637478195791271, 0.0 ], [ -46.535324479517406, -23.637425638152518, 0.0 ], [ -46.535305776761646, -23.637376406289714, 0.0 ], [ -46.535284105793664, -23.637330711020123, 0.0 ], [ -46.535259559412815, -23.63728874801668, 0.0 ], [ -46.535232242730714, -23.637250696970092, 0.0 ], [ -46.535202272721165, -23.637216720819424, 0.0 ], [ -46.535169777719226, -23.637186965054365, 0.0 ], [ -46.535134896871703, -23.637161557092256, 0.0 ], [ -46.535097779541339, -23.637140605732473, 0.0 ], [ -46.535091560609196, -23.637138002795052, 0.0 ], [ -46.537262528028116, -23.632754804385836, 0.0 ], [ -46.540198913591752, -23.626825739354306, 0.0 ], [ -46.540400492959748, -23.626505422538632, 0.0 ], [ -46.540281291214022, -23.626374102791576, 0.0 ], [ -46.540276278338091, -23.626369020872779, 0.0 ], [ -46.540270879811999, -23.626364356069104, 0.0 ], [ -46.540265126146934, -23.626360083234303, 0.0 ], [ -46.540259047854086, -23.626356177222139, 0.0 ], [ -46.540252675444627, -23.626352612886382, 0.0 ], [ -46.540246039429739, -23.62634936508077, 0.0 ], [ -46.540239170320582, -23.626346408659089, 0.0 ], [ -46.540232098628351, -23.626343718475113, 0.0 ], [ -46.540224854864206, -23.626341269382607, 0.0 ], [ -46.540217469539336, -23.62633903623534, 0.0 ], [ -46.540209973164913, -23.626336993887151, 0.0 ], [ -46.540202396252113, -23.626335117191772, 0.0 ], [ -46.540194769312137, -23.626333381003025, 0.0 ], [ -46.540187122856167, -23.626331760174722, 0.0 ], [ -46.540179487395392, -23.626330229560669, 0.0 ], [ -46.540171893441027, -23.626328764014659, 0.0 ], [ -46.540164371504275, -23.626327338390556, 0.0 ], [ -46.540156912612787, -23.626325927538971, 0.0 ], [ -46.540149455909564, -23.626324521786625, 0.0 ], [ -46.540141999760436, -23.626323123686102, 0.0 ], [ -46.540134544117812, -23.626321735929849, 0.0 ], [ -46.540127088934121, -23.626320361210315, 0.0 ], [ -46.54011963416179, -23.626319002219926, 0.0 ], [ -46.540112179753216, -23.626317661651132, 0.0 ], [ -46.540104725660825, -23.62631634219635, 0.0 ], [ -46.540097271837034, -23.626315046548029, 0.0 ], [ -46.540089818234264, -23.626313777398593, 0.0 ], [ -46.540082364804917, -23.626312537440523, 0.0 ], [ -46.540074911501414, -23.626311329366196, 0.0 ], [ -46.54006745827617, -23.626310155868065, 0.0 ], [ -46.540060005081592, -23.626309019638605, 0.0 ], [ -46.540052551870097, -23.626307923370209, 0.0 ], [ -46.540045098594106, -23.626306869755343, 0.0 ], [ -46.540037645206013, -23.626305861486426, 0.0 ], [ -46.540030191658232, -23.62630490125591, 0.0 ], [ -46.540022737903179, -23.626303991756206, 0.0 ], [ -46.540015283893268, -23.626303135679787, 0.0 ], [ -46.540007829580894, -23.62630233571906, 0.0 ], [ -46.540000374918471, -23.626301594566478, 0.0 ], [ -46.539992919858406, -23.62630091491447, 0.0 ], [ -46.539985464353109, -23.626300299455501, 0.0 ], [ -46.539978008354979, -23.626299750881977, 0.0 ], [ -46.539970551816438, -23.626299271886325, 0.0 ], [ -46.539963094689874, -23.626298865160997, 0.0 ], [ -46.539955636927694, -23.62629853339844, 0.0 ], [ -46.539948178482305, -23.626298279291085, 0.0 ], [ -46.539940719306117, -23.626298105531387, 0.0 ], [ -46.539933259351521, -23.626298014811752, 0.0 ], [ -46.539925798570927, -23.626298009824641, 0.0 ], [ -46.539918336916728, -23.62629809326247, 0.0 ], [ -46.539910874341331, -23.626298267817681, 0.0 ], [ -46.539903410797137, -23.62629853618273, 0.0 ], [ -46.539895946236548, -23.626298901050049, 0.0 ], [ -46.53988848061195, -23.626299365112072, 0.0 ], [ -46.539881013875764, -23.626299931061219, 0.0 ], [ -46.539766509804139, -23.626309404246115, 0.0 ], [ -46.539694129860877, -23.626310122447148, 0.0 ], [ -46.539663906554999, -23.626304864377616, 0.0 ], [ -46.53956114083816, -23.626286431159659, 0.0 ], [ -46.539380255964808, -23.626293783671375, 0.0 ], [ -46.539286649052592, -23.626340592126098, 0.0 ], [ -46.539125112943935, -23.626372028634211, 0.0 ], [ -46.539074634977801, -23.626485899214316, 0.0 ], [ -46.539088911003546, -23.626599127524202, 0.0 ], [ -46.539278232475844, -23.62672852001311, 0.0 ], [ -46.539434619094159, -23.626810504308978, 0.0 ], [ -46.539467833378474, -23.626881776826249, 0.0 ], [ -46.539449802445404, -23.62700129243678, 0.0 ], [ -46.537280579262287, -23.631390794728397, 0.0 ], [ -46.536948485778495, -23.631502496522142, 0.0 ], [ -46.536616391693279, -23.631614197632114, 0.0 ], [ -46.53657730605272, -23.631626182892003, 0.0 ], [ -46.536537778104581, -23.63163613533877, 0.0 ], [ -46.536457546456532, -23.631650736943786, 0.0 ], [ -46.536403309073066, -23.631657181069542, 0.0 ], [ -46.536330237760616, -23.631662615253859, 0.0 ], [ -46.536033396007142, -23.63166966841311, 0.0 ], [ -46.535948522735623, -23.631674089499182, 0.0 ], [ -46.535852221317619, -23.631684291509277, 0.0 ], [ -46.535801319677923, -23.631692795370007, 0.0 ], [ -46.53571912304588, -23.631710589141626, 0.0 ], [ -46.535637296411167, -23.631732439134009, 0.0 ], [ -46.535583355884974, -23.631749292102491, 0.0 ], [ -46.535512678007656, -23.631774647087568, 0.0 ], [ -46.53542157121565, -23.631813656185905, 0.0 ], [ -46.535371590812815, -23.631838655057294, 0.0 ], [ -46.535316728023545, -23.63186966957193, 0.0 ], [ -46.535257444919374, -23.631908345384279, 0.0 ], [ -46.535194855350859, -23.631956822662147, 0.0 ], [ -46.535171271507757, -23.631980687207005, 0.0 ], [ -46.535153233686579, -23.632007007714314, 0.0 ], [ -46.535144142392738, -23.632025793326918, 0.0 ], [ -46.535135496215361, -23.632052232141394, 0.0 ], [ -46.535129812020855, -23.63208967128995, 0.0 ], [ -46.535129390192751, -23.632112040123726, 0.0 ], [ -46.535131277890642, -23.632138347059737, 0.0 ], [ -46.535136360239235, -23.632169236478504, 0.0 ], [ -46.53514573488097, -23.632205398155286, 0.0 ], [ -46.535160727352505, -23.632247524134826, 0.0 ], [ -46.535182883706455, -23.632296226852585, 0.0 ], [ -46.535213919455337, -23.632351894412714, 0.0 ], [ -46.535255590571886, -23.632414445587486, 0.0 ], [ -46.535309431424835, -23.632482926734362, 0.0 ], [ -46.535340108756223, -23.632517498642205, 0.0 ], [ -46.535373834348874, -23.63255245051754, 0.0 ], [ -46.535410485800639, -23.632587146061084, 0.0 ], [ -46.535449788598079, -23.632620730706563, 0.0 ], [ -46.535491264974134, -23.632652074749767, 0.0 ], [ -46.535549471241296, -23.632689547772781, 0.0 ], [ -46.535609473151091, -23.632723091262779, 0.0 ], [ -46.535731506370226, -23.632786219204036, 0.0 ], [ -46.535811670808094, -23.632831654862127, 0.0 ], [ -46.535856136683961, -23.632860954241615, 0.0 ], [ -46.535888567023783, -23.632882468185439, 0.0 ], [ -46.53592342638207, -23.632903784345491, 0.0 ], [ -46.535994914454839, -23.632946875570429, 0.0 ], [ -46.536039456018564, -23.632976787391808, 0.0 ], [ -46.536062285705611, -23.632994591890828, 0.0 ], [ -46.536085071819748, -23.633015758852121, 0.0 ], [ -46.536105674629944, -23.633041233264617, 0.0 ], [ -46.536113844594873, -23.633055464556591, 0.0 ], [ -46.536120099671209, -23.633071196073693, 0.0 ], [ -46.536123697074252, -23.633088656495428, 0.0 ], [ -46.536129382973499, -23.633167623232623, 0.0 ], [ -46.536129738822886, -23.633247354122297, 0.0 ], [ -46.536127127752373, -23.633300911087691, 0.0 ], [ -46.536120236336437, -23.633372796305078, 0.0 ], [ -46.53610524214573, -23.63346944049432, 0.0 ], [ -46.536093827208859, -23.633525049650181, 0.0 ], [ -46.536078359135033, -23.633588923373406, 0.0 ], [ -46.536057647848821, -23.633662315542416, 0.0 ], [ -46.536030210507654, -23.633746669330272, 0.0 ], [ -46.535994223781877, -23.633843641325058, 0.0 ], [ -46.53594748312323, -23.633955125229175, 0.0 ], [ -46.535887381937904, -23.634083272427375, 0.0 ], [ -46.53581093286369, -23.634230504796054, 0.0 ], [ -46.535767159370785, -23.634309294959564, 0.0 ], [ -46.535718424357015, -23.63439349289477, 0.0 ], [ -46.535664353719255, -23.634483435124004, 0.0 ], [ -46.535604593327641, -23.634579467607459, 0.0 ], [ -46.535461596224337, -23.634799015199967, 0.0 ], [ -46.535291262003945, -23.635049241662305, 0.0 ], [ -46.535094549440025, -23.635332990832332, 0.0 ], [ -46.534991520360514, -23.635482825062898, 0.0 ], [ -46.534884925586816, -23.635641145271734, 0.0 ], [ -46.534776701189763, -23.635807982814395, 0.0 ], [ -46.534723660111275, -23.63589315450767, 0.0 ], [ -46.534535795403514, -23.636198186244645, 0.0 ], [ -46.534345924851834, -23.636499764619892, 0.0 ], [ -46.534216854095156, -23.636698678634023, 0.0 ], [ -46.5340400195456, -23.636960974382031, 0.0 ], [ -46.534000679182078, -23.637011919741788, 0.0 ], [ -46.533956061979474, -23.637059801106311, 0.0 ], [ -46.533923839979089, -23.637090269030079, 0.0 ], [ -46.533878336465023, -23.637129382002872, 0.0 ], [ -46.533814181220144, -23.637179413252351, 0.0 ], [ -46.533724896299809, -23.637243697110257, 0.0 ], [ -46.533604997709631, -23.637328282905308, 0.0 ], [ -46.533539037211213, -23.637377680035247, 0.0 ], [ -46.533468478981504, -23.637436479642744, 0.0 ], [ -46.533433739289087, -23.637469294137755, 0.0 ], [ -46.533399427259297, -23.637505700559839, 0.0 ], [ -46.53336643655549, -23.637546399058799, 0.0 ], [ -46.533335943685742, -23.637592257017179, 0.0 ], [ -46.533309479852683, -23.637644349003807, 0.0 ], [ -46.533298521841402, -23.637672656730196, 0.0 ], [ -46.533289289635412, -23.637702975384101, 0.0 ], [ -46.533270151996426, -23.637784607438682, 0.0 ], [ -46.533253226933127, -23.637866571535291, 0.0 ], [ -46.532957199258156, -23.639298679586805, 0.0 ], [ -46.532665403263564, -23.640731135512087, 0.0 ], [ -46.532475063443059, -23.641687074019902, 0.0 ], [ -46.532453506793004, -23.64181390157766, 0.0 ], [ -46.532438246503958, -23.641941675800251, 0.0 ], [ -46.532431370499516, -23.642027225263018, 0.0 ], [ -46.532426067012082, -23.642141557533055, 0.0 ], [ -46.532425410149045, -23.642294111851243, 0.0 ], [ -46.532428091395701, -23.642381156301173, 0.0 ], [ -46.532433677339156, -23.64248036120139, 0.0 ], [ -46.532436119419621, -23.642511197858674, 0.0 ], [ -46.532439319750736, -23.64254404833725, 0.0 ], [ -46.532447967951981, -23.642614117903584, 0.0 ], [ -46.532455376425496, -23.64266272454044, 0.0 ], [ -46.532467266965831, -23.642727919456387, 0.0 ], [ -46.532486637815701, -23.642811775575417, 0.0 ], [ -46.532499479927331, -23.642856182739052, 0.0 ], [ -46.532515708732248, -23.642902156109304, 0.0 ], [ -46.532525032757697, -23.642924082242143, 0.0 ], [ -46.53253548554531, -23.642945141075739, 0.0 ], [ -46.532547207091632, -23.642964638644401, 0.0 ], [ -46.532560354550675, -23.642981679723427, 0.0 ], [ -46.532575104221657, -23.642995118669475, 0.0 ], [ -46.532591653735267, -23.643003498985525, 0.0 ], [ -46.532606273080773, -23.643004351717337, 0.0 ], [ -46.532621380252557, -23.642998709853781, 0.0 ], [ -46.532631683658174, -23.642991664542183, 0.0 ], [ -46.532645663612115, -23.642978570398714, 0.0 ], [ -46.5326646451079, -23.642955269861901, 0.0 ], [ -46.532675621192254, -23.64293933731642, 0.0 ], [ -46.532688241591181, -23.642919121175524, 0.0 ], [ -46.532702719392859, -23.642893769730311, 0.0 ], [ -46.532719269192491, -23.642862420859295, 0.0 ], [ -46.532738087484447, -23.642824325583227, 0.0 ], [ -46.532786867466541, -23.642718400888061, 0.0 ], [ -46.532813152310077, -23.642660630088837, 0.0 ], [ -46.53282650511229, -23.642632241399664, 0.0 ], [ -46.53284014279312, -23.6426046042011, 0.0 ], [ -46.533112322277759, -23.642065174908794, 0.0 ], [ -46.533384476279366, -23.641526506067979, 0.0 ], [ -46.533431463804256, -23.64143932434844, 0.0 ], [ -46.533481191045801, -23.64135323547449, 0.0 ], [ -46.533581622673331, -23.641181440172009, 0.0 ], [ -46.533643489433217, -23.641064869248321, 0.0 ], [ -46.533675041775822, -23.640996735417637, 0.0 ], [ -46.533706445140638, -23.640917004089335, 0.0 ], [ -46.533730445626503, -23.64084484531244, 0.0 ], [ -46.53375209041306, -23.640772183823668, 0.0 ], [ -46.533790575524684, -23.640625837561128, 0.0 ], [ -46.533864166289469, -23.640332445835302, 0.0 ], [ -46.533905795610025, -23.640171498677152, 0.0 ], [ -46.533943580573805, -23.64000927500642, 0.0 ], [ -46.534014156565192, -23.639683146540101, 0.0 ], [ -46.534062755434448, -23.639466206314935, 0.0 ], [ -46.534092863525245, -23.639342997649585, 0.0 ], [ -46.534115896416573, -23.639257475001369, 0.0 ], [ -46.53412743328979, -23.63926398712195, 0.0 ], [ -46.53416662871598, -23.639280392367848, 0.0 ], [ -46.534207733925669, -23.639292181035444, 0.0 ] ] ] ] } },
{ "type": "Feature", "properties": { "fid": 107.0, "MODELO" : "TAMCENTRAL" }, "geometry": { "type": "MultiPolygon", "coordinates": [ [ [ [ -46.530852305571493, -23.652078153328251, 0.0 ], [ -46.53085383864854, -23.652075911029073, 0.0 ], [ -46.5308558731357, -23.652072817568332, 0.0 ], [ -46.530857849032174, -23.652069692046204, 0.0 ], [ -46.530859765742733, -23.652066535404295, 0.0 ], [ -46.530861622689947, -23.652063348593529, 0.0 ], [ -46.530863419314421, -23.652060132573954, 0.0 ], [ -46.530865155074913, -23.652056888314416, 0.0 ], [ -46.530866829448527, -23.652053616792248, 0.0 ], [ -46.530868441930856, -23.652050318993016, 0.0 ], [ -46.530869992036138, -23.65204699591019, 0.0 ], [ -46.530871479297396, -23.652043648544861, 0.0 ], [ -46.530872903266598, -23.652040277905449, 0.0 ], [ -46.530874263514775, -23.652036885007355, 0.0 ], [ -46.530875559632157, -23.652033470872698, 0.0 ], [ -46.53087679122828, -23.652030036530018, 0.0 ], [ -46.530877957932127, -23.652026583013907, 0.0 ], [ -46.530879059392227, -23.652023111364759, 0.0 ], [ -46.530880095276778, -23.652019622628412, 0.0 ], [ -46.530881065273704, -23.652016117855862, 0.0 ], [ -46.530881969090821, -23.652012598102946, 0.0 ], [ -46.530882806455828, -23.65200906442999, 0.0 ], [ -46.530883577116491, -23.652005517901522, 0.0 ], [ -46.530884280840645, -23.652001959585945, 0.0 ], [ -46.530884917416294, -23.651998390555228, 0.0 ], [ -46.530885486651677, -23.651994811884549, 0.0 ], [ -46.53088598837531, -23.651991224651979, 0.0 ], [ -46.530886422436062, -23.651987629938212, 0.0 ], [ -46.530886788703164, -23.651984028826135, 0.0 ], [ -46.53088708706629, -23.651980422400616, 0.0 ], [ -46.530887317435571, -23.651976811748092, 0.0 ], [ -46.530887479741587, -23.651973197956302, 0.0 ], [ -46.53088757393548, -23.651969582113882, 0.0 ], [ -46.530887599988858, -23.651965965310144, 0.0 ], [ -46.530887557893884, -23.651962348634648, 0.0 ], [ -46.530887447663247, -23.651958733176933, 0.0 ], [ -46.530887269330158, -23.651955120026152, 0.0 ], [ -46.530887022948349, -23.651951510270806, 0.0 ], [ -46.530886708592043, -23.65194790499832, 0.0 ], [ -46.530886326355947, -23.651944305294808, 0.0 ], [ -46.530885876355228, -23.651940712244688, 0.0 ], [ -46.530885358725435, -23.651937126930378, 0.0 ], [ -46.530884773622532, -23.651933550431952, 0.0 ], [ -46.530884121222783, -23.651929983826861, 0.0 ], [ -46.530883401722711, -23.651926428189533, 0.0 ], [ -46.530882615339095, -23.65192288459113, 0.0 ], [ -46.530881762308844, -23.651919354099164, 0.0 ], [ -46.530880842888926, -23.651915837777217, 0.0 ], [ -46.530879857356318, -23.651912336684578, 0.0 ], [ -46.530878806007941, -23.651908851875962, 0.0 ], [ -46.530877689160512, -23.651905384401182, 0.0 ], [ -46.530876507150481, -23.651901935304835, 0.0 ], [ -46.53087526033395, -23.651898505625944, 0.0 ], [ -46.530873949086526, -23.651895096397723, 0.0 ], [ -46.530872573803236, -23.651891708647213, 0.0 ], [ -46.530871134898383, -23.651888343394983, 0.0 ], [ -46.530869632805441, -23.651885001654822, 0.0 ], [ -46.53086806797694, -23.651881684433445, 0.0 ], [ -46.530866440884289, -23.651878392730165, 0.0 ], [ -46.530864752017649, -23.651875127536613, 0.0 ], [ -46.530863001885805, -23.651871889836439, 0.0 ], [ -46.530861191016001, -23.651868680605027, 0.0 ], [ -46.530859319953755, -23.651865500809134, 0.0 ], [ -46.530857389262749, -23.651862351406702, 0.0 ], [ -46.530855399524597, -23.651859233346503, 0.0 ], [ -46.530853351338727, -23.651856147567837, 0.0 ], [ -46.530851245322168, -23.65185309500032, 0.0 ], [ -46.530849082109349, -23.651850076563534, 0.0 ], [ -46.530846862351964, -23.651847093166811, 0.0 ], [ -46.530844586718722, -23.651844145708885, 0.0 ], [ -46.530842255895152, -23.651841235077683, 0.0 ], [ -46.530839870583442, -23.651838362150048, 0.0 ], [ -46.530837431502157, -23.651835527791473, 0.0 ], [ -46.530834939386096, -23.651832732855787, 0.0 ], [ -46.530832394986007, -23.651829978184971, 0.0 ], [ -46.530829799068407, -23.651827264608904, 0.0 ], [ -46.53082715241532, -23.65182459294504, 0.0 ], [ -46.53082445582406, -23.651821963998223, 0.0 ], [ -46.530821710106984, -23.651819378560418, 0.0 ], [ -46.530818916091242, -23.651816837410514, 0.0 ], [ -46.530816074618556, -23.651814341314029, 0.0 ], [ -46.530813186544911, -23.651811891022923, 0.0 ], [ -46.530810252740359, -23.65180948727534, 0.0 ], [ -46.530807274088708, -23.651807130795429, 0.0 ], [ -46.530804251487289, -23.651804822293062, 0.0 ], [ -46.53080118584667, -23.651802562463715, 0.0 ], [ -46.530798078090385, -23.651800351988133, 0.0 ], [ -46.530794929154652, -23.65179819153224, 0.0 ], [ -46.530791739988096, -23.65179608174688, 0.0 ], [ -46.530788511551471, -23.651794023267644, 0.0 ], [ -46.530785244817331, -23.651792016714616, 0.0 ], [ -46.530781940769806, -23.651790062692299, 0.0 ], [ -46.53077860040424, -23.651788161789355, 0.0 ], [ -46.530775224726924, -23.651786314578416, 0.0 ], [ -46.530771814754793, -23.651784521615962, 0.0 ], [ -46.530768371515109, -23.651782783442123, 0.0 ], [ -46.530764896045156, -23.651781100580546, 0.0 ], [ -46.530761389391934, -23.651779473538184, 0.0 ], [ -46.530757852611814, -23.651777902805186, 0.0 ], [ -46.530754286770268, -23.651776388854746, 0.0 ], [ -46.53075069294151, -23.651774932142931, 0.0 ], [ -46.530747072208186, -23.651773533108592, 0.0 ], [ -46.529513692580828, -23.651293628546309, 0.0 ], [ -46.529506933107484, -23.651290769720724, 0.0 ], [ -46.529500120597099, -23.651288019800827, 0.0 ], [ -46.529493257117224, -23.651285379621175, 0.0 ], [ -46.529486344750865, -23.651282849983065, 0.0 ], [ -46.529479385595884, -23.651280431654214, 0.0 ], [ -46.529472381764322, -23.65127812536857, 0.0 ], [ -46.529465335381801, -23.651275931826067, 0.0 ], [ -46.529458248586835, -23.651273851692427, 0.0 ], [ -46.529451123530215, -23.651271885598973, 0.0 ], [ -46.529443962374351, -23.651270034142389, 0.0 ], [ -46.529436767292587, -23.65126829788457, 0.0 ], [ -46.52942954046857, -23.651266677352474, 0.0 ], [ -46.529422284095602, -23.651265173037903, 0.0 ], [ -46.529415000375927, -23.651263785397415, 0.0 ], [ -46.529407691520085, -23.651262514852153, 0.0 ], [ -46.52940035974629, -23.651261361787721, 0.0 ], [ -46.529393007279637, -23.651260326554056, 0.0 ], [ -46.529385636351577, -23.651259409465343, 0.0 ], [ -46.529378249199098, -23.651258610799932, 0.0 ], [ -46.529370848064168, -23.651257930800185, 0.0 ], [ -46.529363435192963, -23.651257369672482, 0.0 ], [ -46.529356012835237, -23.651256927587156, 0.0 ], [ -46.529348583243596, -23.651256604678331, 0.0 ], [ -46.529341148672884, -23.651256401044037, 0.0 ], [ -46.529333711379429, -23.651256316746064, 0.0 ], [ -46.529326273620391, -23.651256351810009, 0.0 ], [ -46.529318837653065, -23.651256506225216, 0.0 ], [ -46.529311405734212, -23.651256779944838, 0.0 ], [ -46.529303980119366, -23.651257172885789, 0.0 ], [ -46.529296563062132, -23.651257684928837, 0.0 ], [ -46.52928915681354, -23.651258315918554, 0.0 ], [ -46.52928176362132, -23.651259065663464, 0.0 ], [ -46.529274385729252, -23.651259933936011, 0.0 ], [ -46.52926702537647, -23.651260920472691, 0.0 ], [ -46.529259684796784, -23.651262024974091, 0.0 ], [ -46.529252366217996, -23.651263247105021, 0.0 ], [ -46.529245071861247, -23.651264586494548, 0.0 ], [ -46.529237803940312, -23.651266042736207, 0.0 ], [ -46.529230564660949, -23.651267615388019, 0.0 ], [ -46.529223356220228, -23.651269303972711, 0.0 ], [ -46.529216180805861, -23.651271107977806, 0.0 ], [ -46.529209040595518, -23.651273026855804, 0.0 ], [ -46.529201937756213, -23.651275060024343, 0.0 ], [ -46.529194874443597, -23.651277206866371, 0.0 ], [ -46.529187852801343, -23.651279466730337, 0.0 ], [ -46.529180874960446, -23.651281838930394, 0.0 ], [ -46.529173943038664, -23.651284322746598, 0.0 ], [ -46.529167059139752, -23.651286917425132, 0.0 ], [ -46.529160225352939, -23.65128962217852, 0.0 ], [ -46.529153443752236, -23.651292436185912, 0.0 ], [ -46.529146716395793, -23.651295358593263, 0.0 ], [ -46.529140045325335, -23.651298388513645, 0.0 ], [ -46.52913343256548, -23.65130152502751, 0.0 ], [ -46.529126880123151, -23.651304767182946, 0.0 ], [ -46.529120389986979, -23.651308113995981, 0.0 ], [ -46.529113964126665, -23.651311564450875, 0.0 ], [ -46.529107604492424, -23.651315117500467, 0.0 ], [ -46.529101313014365, -23.651318772066411, 0.0 ], [ -46.529095091601903, -23.651322527039579, 0.0 ], [ -46.529088942143204, -23.651326381280377, 0.0 ], [ -46.529082866504588, -23.651330333619065, 0.0 ], [ -46.529076866529969, -23.651334382856117, 0.0 ], [ -46.529070944040313, -23.651338527762643, 0.0 ], [ -46.529065100833058, -23.651342767080699, 0.0 ], [ -46.529059338681584, -23.651347099523651, 0.0 ], [ -46.529053659334664, -23.651351523776679, 0.0 ], [ -46.529048064515955, -23.651356038497013, 0.0 ], [ -46.529042555923454, -23.651360642314501, 0.0 ], [ -46.52903713522899, -23.651365333831887, 0.0 ], [ -46.529031804077704, -23.651370111625358, 0.0 ], [ -46.529026564087594, -23.65137497424486, 0.0 ], [ -46.529021416848948, -23.651379920214659, 0.0 ], [ -46.529016363923951, -23.651384948033641, 0.0 ], [ -46.529011406846124, -23.651390056175938, 0.0 ], [ -46.529006547119927, -23.65139524309124, 0.0 ], [ -46.529001786220263, -23.65140050720537, 0.0 ], [ -46.528997125592049, -23.651405846920689, 0.0 ], [ -46.528992566649762, -23.651411260616644, 0.0 ], [ -46.528988110777028, -23.651416746650213, 0.0 ], [ -46.528299486707859, -23.652177577973639, 0.0 ], [ -46.528291839488837, -23.652184407676785, 0.0 ], [ -46.528278406531363, -23.652196830826934, 0.0 ], [ -46.528265210983278, -23.652209468042425, 0.0 ], [ -46.528252256864086, -23.652222315473907, 0.0 ], [ -46.52823954811975, -23.652235369207986, 0.0 ], [ -46.528227088621506, -23.652248625268438, 0.0 ], [ -46.528214882164662, -23.652262079617369, 0.0 ], [ -46.528202932467451, -23.652275728156539, 0.0 ], [ -46.5281912431699, -23.652289566728513, 0.0 ], [ -46.528179817832729, -23.652303591117988, 0.0 ], [ -46.528168659936249, -23.652317797053076, 0.0 ], [ -46.528157772879311, -23.652332180206528, 0.0 ], [ -46.528147159978268, -23.65234673619716, 0.0 ], [ -46.528136824465975, -23.652361460591148, 0.0 ], [ -46.52812676949079, -23.652376348903346, 0.0 ], [ -46.528116998115614, -23.652391396598691, 0.0 ], [ -46.528107513316975, -23.652406599093521, 0.0 ], [ -46.528098317984117, -23.652421951757077, 0.0 ], [ -46.528089414918085, -23.652437449912856, 0.0 ], [ -46.528080806830943, -23.652453088840009, 0.0 ], [ -46.528072496344869, -23.652468863774782, 0.0 ], [ -46.528064485991408, -23.652484769912029, 0.0 ], [ -46.528056778210683, -23.652500802406671, 0.0 ], [ -46.528049375350648, -23.652516956375056, 0.0 ], [ -46.528042279666401, -23.652533226896569, 0.0 ], [ -46.528035493319436, -23.652549609015086, 0.0 ], [ -46.528029018377062, -23.652566097740511, 0.0 ], [ -46.528022856811702, -23.652582688050231, 0.0 ], [ -46.528017010500342, -23.652599374890727, 0.0 ], [ -46.528011481223942, -23.652616153179032, 0.0 ], [ -46.528006270666893, -23.652633017804362, 0.0 ], [ -46.528001380416477, -23.652649963629603, 0.0 ], [ -46.527996811962453, -23.652666985492939, 0.0 ], [ -46.527992566696526, -23.652684078209333, 0.0 ], [ -46.527988645911968, -23.652701236572227, 0.0 ], [ -46.527985050803217, -23.652718455355032, 0.0 ], [ -46.527981782465503, -23.65273572931272, 0.0 ], [ -46.527978841894516, -23.652753053183538, 0.0 ], [ -46.527976229986116, -23.65277042169047, 0.0 ], [ -46.527973947536047, -23.652787829542888, 0.0 ], [ -46.527971995239696, -23.652805271438211, 0.0 ], [ -46.527970373691879, -23.652822742063485, 0.0 ], [ -46.527969083386665, -23.652840236096971, 0.0 ], [ -46.527968124717241, -23.652857748209833, 0.0 ], [ -46.527967497975737, -23.652875273067711, 0.0 ], [ -46.527967203353221, -23.652892805332339, 0.0 ], [ -46.527967240939553, -23.652910339663247, 0.0 ], [ -46.527967610723422, -23.652927870719282, 0.0 ], [ -46.527968312592321, -23.652945393160298, 0.0 ], [ -46.527969346332597, -23.652962901648813, 0.0 ], [ -46.527970711629479, -23.652980390851514, 0.0 ], [ -46.527972408067221, -23.65299785544105, 0.0 ], [ -46.527974435129202, -23.653015290097471, 0.0 ], [ -46.527976792198089, -23.65303268951002, 0.0 ], [ -46.527979478556013, -23.653050048378656, 0.0 ], [ -46.527982493384812, -23.653067361415648, 0.0 ], [ -46.52798583576628, -23.65308462334729, 0.0 ], [ -46.527989504682395, -23.653101828915361, 0.0 ], [ -46.527993499015707, -23.653118972878879, 0.0 ], [ -46.527997817549611, -23.65313605001559, 0.0 ], [ -46.528002458968757, -23.653153055123582, 0.0 ], [ -46.528007421859442, -23.653169983022913, 0.0 ], [ -46.528012704710029, -23.653186828557146, 0.0 ], [ -46.528018305911424, -23.653203586594941, 0.0 ], [ -46.528024223757541, -23.65322025203157, 0.0 ], [ -46.528030456445855, -23.653236819790557, 0.0 ], [ -46.528037002077944, -23.653253284825151, 0.0 ], [ -46.52804385866002, -23.653269642119927, 0.0 ], [ -46.528051024103604, -23.653285886692213, 0.0 ], [ -46.528058496226123, -23.653302013593724, 0.0 ], [ -46.528066272751573, -23.653318017912003, 0.0 ], [ -46.528074351311247, -23.653333894771905, 0.0 ], [ -46.528082729444414, -23.653349639337183, 0.0 ], [ -46.528091404599074, -23.653365246811788, 0.0 ], [ -46.528100374132791, -23.653380712441514, 0.0 ], [ -46.528109635313399, -23.653396031515314, 0.0 ], [ -46.528119185319923, -23.653411199366783, 0.0 ], [ -46.528129021243402, -23.653426211375603, 0.0 ], [ -46.528139140087774, -23.653441062968938, 0.0 ], [ -46.528149538770791, -23.653455749622729, 0.0 ], [ -46.528160214124959, -23.65347026686328, 0.0 ], [ -46.528171162898509, -23.653484610268421, 0.0 ], [ -46.528182381756366, -23.653498775468947, 0.0 ], [ -46.528193867281203, -23.653512758149958, 0.0 ], [ -46.528205615974436, -23.653526554052117, 0.0 ], [ -46.52821762425733, -23.653540158973005, 0.0 ], [ -46.528229888472069, -23.653553568768366, 0.0 ], [ -46.52824240488286, -23.653566779353365, 0.0 ], [ -46.528255169677095, -23.653579786703929, 0.0 ], [ -46.528268178966513, -23.65359258685778, 0.0 ], [ -46.528281428788347, -23.653605175915828, 0.0 ], [ -46.528294915106571, -23.653617550043261, 0.0 ], [ -46.528308633813111, -23.653629705470735, 0.0 ], [ -46.528322580729117, -23.653641638495543, 0.0 ], [ -46.52833675160619, -23.653653345482677, 0.0 ], [ -46.528351142127732, -23.653664822866059, 0.0 ], [ -46.528365747910215, -23.653676067149483, 0.0 ], [ -46.528380564504559, -23.653687074907769, 0.0 ], [ -46.528395587397441, -23.653697842787807, 0.0 ], [ -46.528410812012702, -23.65370836750953, 0.0 ], [ -46.528426233712736, -23.65371864586697, 0.0 ], [ -46.528441847799897, -23.653728674729138, 0.0 ], [ -46.528457649517918, -23.653738451041121, 0.0 ], [ -46.528473634053405, -23.653747971824917, 0.0 ], [ -46.528489796537237, -23.653757234180333, 0.0 ], [ -46.528506132046097, -23.653766235285925, 0.0 ], [ -46.528522635603977, -23.653774972399816, 0.0 ], [ -46.528539302183646, -23.653783442860544, 0.0 ], [ -46.528556126708231, -23.653791644087885, 0.0 ], [ -46.528573104052747, -23.653799573583623, 0.0 ], [ -46.528590229045619, -23.65380722893229, 0.0 ], [ -46.52860749647035, -23.653814607801962, 0.0 ], [ -46.528624901067005, -23.653821707944918, 0.0 ], [ -46.52864243753389, -23.653828527198375, 0.0 ], [ -46.528660100529123, -23.653835063485044, 0.0 ], [ -46.528677884672284, -23.653841314813903, 0.0 ], [ -46.528695784546052, -23.653847279280679, 0.0 ], [ -46.528713794697836, -23.653852955068508, 0.0 ], [ -46.528731909641479, -23.653858340448469, 0.0 ], [ -46.528750123858856, -23.653863433780106, 0.0 ], [ -46.528768431801637, -23.653868233511869, 0.0 ], [ -46.528786827892944, -23.653872738181725, 0.0 ], [ -46.528805306529001, -23.653876946417473, 0.0 ], [ -46.528823862080927, -23.653880856937221, 0.0 ], [ -46.528842488896409, -23.653884468549773, 0.0 ], [ -46.528861181301401, -23.653887780154957, 0.0 ], [ -46.528879933601893, -23.653890790744033, 0.0 ], [ -46.528898740085623, -23.653893499399928, 0.0 ], [ -46.528917595023835, -23.653895905297549, 0.0 ], [ -46.52893649267299, -23.653898007704015, 0.0 ], [ -46.528955427276557, -23.653899805978909, 0.0 ], [ -46.528974393066733, -23.653901299574457, 0.0 ], [ -46.528993384266236, -23.653902488035694, 0.0 ], [ -46.529012395090021, -23.653903371000613, 0.0 ], [ -46.529031419747071, -23.653903948200227, 0.0 ], [ -46.529050452442164, -23.653904219458738, 0.0 ], [ -46.529069487377626, -23.653904184693506, 0.0 ], [ -46.529088518755081, -23.653903843915156, 0.0 ], [ -46.529107540777282, -23.653903197227478, 0.0 ], [ -46.529126547649788, -23.653902244827485, 0.0 ], [ -46.529145533582785, -23.653900987005279, 0.0 ], [ -46.529164492792852, -23.653899424144043, 0.0 ], [ -46.529183419504704, -23.653897556719858, 0.0 ], [ -46.529202307952943, -23.65389538530156, 0.0 ], [ -46.529221152383855, -23.653892910550628, 0.0 ], [ -46.529239947057093, -23.653890133220884, 0.0 ], [ -46.529258686247516, -23.653887054158382, 0.0 ], [ -46.529277364246845, -23.653883674301067, 0.0 ], [ -46.529295975365471, -23.653879994678498, 0.0 ], [ -46.529314513934153, -23.653876016411537, 0.0 ], [ -46.529332974305738, -23.653871740712056, 0.0 ], [ -46.529351350856906, -23.653867168882506, 0.0 ], [ -46.529369637989873, -23.653862302315535, 0.0 ], [ -46.529387830134091, -23.653857142493614, 0.0 ], [ -46.529405921747951, -23.653851690988461, 0.0 ], [ -46.529423907320478, -23.653845949460752, 0.0 ], [ -46.529441781372981, -23.653839919659436, 0.0 ], [ -46.529459538460749, -23.65383360342128, 0.0 ], [ -46.529477173174726, -23.653827002670326, 0.0 ], [ -46.529494680143095, -23.653820119417293, 0.0 ], [ -46.529512054033006, -23.653812955758887, 0.0 ], [ -46.529529289552094, -23.653805513877337, 0.0 ], [ -46.529546381450189, -23.65379779603953, 0.0 ], [ -46.529563324520851, -23.653789804596446, 0.0 ], [ -46.529580113602989, -23.653781541982394, 0.0 ], [ -46.52959674358241, -23.653773010714321, 0.0 ], [ -46.529613209393403, -23.653764213391003, 0.0 ], [ -46.529629506020271, -23.653755152692209, 0.0 ], [ -46.529645628498841, -23.653745831378007, 0.0 ], [ -46.529661571917991, -23.6537362522878, 0.0 ], [ -46.529677331421162, -23.653726418339527, 0.0 ], [ -46.52969290220782, -23.65371633252877, 0.0 ], [ -46.529708279534908, -23.653705997927823, 0.0 ], [ -46.529723458718308, -23.653695417684734, 0.0 ], [ -46.52973843513427, -23.653684595022458, 0.0 ], [ -46.529753204220803, -23.653673533237715, 0.0 ], [ -46.529767761479086, -23.653662235700111, 0.0 ], [ -46.529782102474819, -23.653650705851014, 0.0 ], [ -46.529796222839579, -23.653638947202609, 0.0 ], [ -46.529810118272174, -23.653626963336762, 0.0 ], [ -46.529823784539907, -23.653614757903902, 0.0 ], [ -46.529837217479908, -23.653602334622018, 0.0 ], [ -46.529850413000382, -23.653589697275425, 0.0 ], [ -46.529863367081859, -23.653576849713609, 0.0 ], [ -46.529876075778411, -23.653563795850143, 0.0 ], [ -46.52988853521888, -23.653550539661413, 0.0 ], [ -46.529900741608017, -23.653537085185462, 0.0 ], [ -46.529912691227672, -23.653523436520668, 0.0 ], [ -46.529924380437905, -23.653509597824645, 0.0 ], [ -46.529935805678114, -23.653495573312821, 0.0 ], [ -46.529946963468113, -23.65348136725726, 0.0 ], [ -46.529957850409161, -23.653466983985343, 0.0 ], [ -46.529968463185057, -23.653452427878388, 0.0 ], [ -46.5299787985631, -23.653437703370379, 0.0 ], [ -46.529988853395096, -23.653422814946623, 0.0 ], [ -46.529998624618308, -23.653407767142269, 0.0 ], [ -46.530002329231515, -23.653401829145263, 0.0 ], [ -46.530852305571493, -23.652078153328251, 0.0 ] ] ] ] } },
{ "type": "Feature", "properties": { "fid": 109.0 , "MODELO" : "TAMCENTRAL"}, "geometry": { "type": "MultiPolygon", "coordinates": [ [ [ [ -46.523181601948401, -23.655019041059838, 0.0 ], [ -46.523175674025758, -23.655021720019437, 0.0 ], [ -46.523169797471411, -23.655024493348542, 0.0 ], [ -46.52316397405567, -23.655027360211719, 0.0 ], [ -46.523158205532852, -23.655030319745297, 0.0 ], [ -46.523152493640751, -23.655033371057737, 0.0 ], [ -46.523146840100061, -23.655036513229799, 0.0 ], [ -46.523141246613939, -23.655039745314923, 0.0 ], [ -46.523135714867443, -23.655043066339434, 0.0 ], [ -46.523130246526989, -23.655046475302864, 0.0 ], [ -46.52312484323997, -23.655049971178268, 0.0 ], [ -46.52311950663411, -23.655053552912499, 0.0 ], [ -46.523114238317085, -23.655057219426553, 0.0 ], [ -46.523109039875976, -23.655060969615906, 0.0 ], [ -46.523103912876856, -23.655064802350807, 0.0 ], [ -46.523098858864216, -23.65506871647662, 0.0 ], [ -46.523093879360616, -23.655072710814206, 0.0 ], [ -46.523088975866138, -23.6550767841603, 0.0 ], [ -46.523084149857965, -23.655080935287781, 0.0 ], [ -46.523079402789961, -23.65508516294609, 0.0 ], [ -46.523074736092184, -23.655089465861664, 0.0 ], [ -46.523070151170501, -23.655093842738275, 0.0 ], [ -46.523065649406128, -23.655098292257318, 0.0 ], [ -46.523061232155257, -23.655102813078429, 0.0 ], [ -46.523056900748571, -23.65510740383964, 0.0 ], [ -46.523052656490961, -23.655112063158032, 0.0 ], [ -46.523048500660984, -23.65511678962994, 0.0 ], [ -46.523044434510631, -23.655121581831512, 0.0 ], [ -46.523040459264841, -23.655126438319126, 0.0 ], [ -46.523036576121171, -23.655131357629699, 0.0 ], [ -46.523032786249452, -23.655136338281338, 0.0 ], [ -46.523029090791375, -23.65514137877356, 0.0 ], [ -46.523025490860235, -23.655146477587941, 0.0 ], [ -46.523021987540524, -23.655151633188442, 0.0 ], [ -46.523018581887634, -23.655156844021924, 0.0 ], [ -46.523015274927538, -23.655162108518603, 0.0 ], [ -46.523012067656467, -23.655167425092561, 0.0 ], [ -46.523008961040667, -23.655172792142157, 0.0 ], [ -46.523005956015979, -23.655178208050572, 0.0 ], [ -46.52300305348772, -23.655183671186204, 0.0 ], [ -46.523000254330277, -23.655189179903335, 0.0 ], [ -46.52299755938693, -23.655194732542412, 0.0 ], [ -46.522994969469543, -23.655200327430691, 0.0 ], [ -46.522992485358344, -23.655205962882714, 0.0 ], [ -46.522990107801704, -23.655211637200768, 0.0 ], [ -46.522987837515878, -23.655217348675475, 0.0 ], [ -46.522985675184792, -23.655223095586212, 0.0 ], [ -46.5229836214599, -23.655228876201733, 0.0 ], [ -46.52298167695988, -23.655234688780588, 0.0 ], [ -46.522979842270537, -23.655240531571728, 0.0 ], [ -46.522978117944604, -23.655246402815024, 0.0 ], [ -46.52297650450155, -23.655252300741726, 0.0 ], [ -46.522975002427437, -23.655258223575046, 0.0 ], [ -46.522973612174781, -23.655264169530749, 0.0 ], [ -46.522972334162432, -23.655270136817595, 0.0 ], [ -46.522971168775392, -23.655276123637911, 0.0 ], [ -46.52297011636476, -23.655282128188123, 0.0 ], [ -46.522969177247603, -23.655288148659395, 0.0 ], [ -46.52296835170683, -23.65529418323802, 0.0 ], [ -46.522967639991172, -23.655300230106057, 0.0 ], [ -46.522967042315038, -23.655306287441864, 0.0 ], [ -46.522966558858499, -23.655312353420666, 0.0 ], [ -46.522966189767224, -23.655318426215064, 0.0 ], [ -46.522965935152399, -23.65532450399559, 0.0 ], [ -46.522965795090762, -23.655330584931313, 0.0 ], [ -46.522965769624513, -23.65533666719033, 0.0 ], [ -46.522965858761339, -23.655342748940331, 0.0 ], [ -46.522966062474403, -23.655348828349194, 0.0 ], [ -46.522966380702364, -23.655354903585433, 0.0 ], [ -46.522966813349356, -23.655360972818865, 0.0 ], [ -46.522967360285065, -23.655367034221154, 0.0 ], [ -46.522968021344738, -23.655373085966261, 0.0 ], [ -46.522968796329238, -23.655379126231058, 0.0 ], [ -46.522969685005137, -23.65538515319594, 0.0 ], [ -46.52297068710471, -23.655391165045202, 0.0 ], [ -46.52297180232609, -23.65539715996778, 0.0 ], [ -46.522973030333333, -23.655403136157695, 0.0 ], [ -46.522974370756508, -23.655409091814569, 0.0 ], [ -46.522975823191835, -23.655415025144254, 0.0 ], [ -46.522977387201749, -23.65542093435932, 0.0 ], [ -46.522979062315137, -23.655426817679572, 0.0 ], [ -46.522980848027352, -23.655432673332658, 0.0 ], [ -46.522982743800469, -23.655438499554517, 0.0 ], [ -46.522984749063383, -23.655444294590019, 0.0 ], [ -46.522986863212026, -23.655450056693326, 0.0 ], [ -46.52298908560951, -23.655455784128598, 0.0 ], [ -46.52299141558634, -23.655461475170455, 0.0 ], [ -46.522993852440614, -23.655467128104412, 0.0 ], [ -46.522996395438248, -23.655472741227531, 0.0 ], [ -46.522999043813144, -23.6554783128488, 0.0 ], [ -46.523001796767495, -23.655483841289772, 0.0 ], [ -46.523004653471965, -23.655489324884964, 0.0 ], [ -46.523007613065971, -23.655494761982418, 0.0 ], [ -46.523010674657947, -23.655500150944185, 0.0 ], [ -46.523013837325585, -23.65550549014683, 0.0 ], [ -46.523017100116121, -23.655510777981888, 0.0 ], [ -46.523020462046645, -23.655516012856385, 0.0 ], [ -46.523023922104358, -23.655521193193255, 0.0 ], [ -46.52302747924692, -23.655526317431931, 0.0 ], [ -46.523031132402743, -23.655531384028716, 0.0 ], [ -46.523034880471307, -23.655536391457265, 0.0 ], [ -46.523038722323484, -23.655541338209058, 0.0 ], [ -46.523042656801913, -23.655546222793866, 0.0 ], [ -46.523046682721336, -23.655551043740186, 0.0 ], [ -46.52305079886893, -23.655555799595696, 0.0 ], [ -46.523055004004689, -23.655560488927669, 0.0 ], [ -46.523059296861817, -23.655565110323423, 0.0 ], [ -46.523063676147054, -23.655569662390704, 0.0 ], [ -46.523068140541142, -23.655574143758248, 0.0 ], [ -46.523072688699187, -23.655578553075973, 0.0 ], [ -46.523077319251009, -23.655582889015548, 0.0 ], [ -46.523082030801653, -23.655587150270769, 0.0 ], [ -46.523086821931756, -23.65559133555789, 0.0 ], [ -46.523091691197955, -23.655595443616118, 0.0 ], [ -46.523096637133392, -23.655599473207847, 0.0 ], [ -46.523101658248059, -23.655603423119128, 0.0 ], [ -46.523106753029325, -23.655607292160049, 0.0 ], [ -46.523111919942394, -23.655611079165077, 0.0 ], [ -46.52311715743069, -23.65561478299329, 0.0 ], [ -46.523122463916408, -23.655618402528937, 0.0 ], [ -46.523127837800935, -23.655621936681595, 0.0 ], [ -46.523133277465377, -23.655625384386589, 0.0 ], [ -46.523138781271008, -23.655628744605274, 0.0 ], [ -46.523144347559786, -23.655632016325381, 0.0 ], [ -46.523149974654828, -23.655635198561288, 0.0 ], [ -46.523155660860951, -23.655638290354311, 0.0 ], [ -46.523161404465164, -23.655641290773051, 0.0 ], [ -46.523167203737174, -23.655644198913603, 0.0 ], [ -46.523173056929927, -23.655647013899884, 0.0 ], [ -46.52317896228012, -23.655649734883859, 0.0 ], [ -46.523184918008724, -23.655652361045828, 0.0 ], [ -46.523190922321561, -23.655654891594608, 0.0 ], [ -46.523196973409796, -23.655657325767923, 0.0 ], [ -46.52320306945051, -23.655659662832413, 0.0 ], [ -46.523209208607234, -23.655661902084045, 0.0 ], [ -46.523215389030511, -23.655664042848223, 0.0 ], [ -46.523221608858478, -23.655666084480035, 0.0 ], [ -46.523227866217354, -23.655668026364459, 0.0 ], [ -46.523234159222085, -23.655669867916437, 0.0 ], [ -46.523240485976878, -23.65567160858123, 0.0 ], [ -46.523246844575759, -23.655673247834454, 0.0 ], [ -46.523253233103162, -23.655674785182246, 0.0 ], [ -46.523259649634504, -23.655676220161521, 0.0 ], [ -46.523266092236781, -23.655677552339927, 0.0 ], [ -46.523272558969119, -23.65567878131618, 0.0 ], [ -46.523279047883371, -23.655679906720039, 0.0 ], [ -46.523285557024735, -23.655680928212451, 0.0 ], [ -46.523292084432278, -23.655681845485713, 0.0 ], [ -46.523298628139592, -23.65568265826348, 0.0 ], [ -46.523305186175335, -23.655683366300874, 0.0 ], [ -46.523311756563871, -23.655683969384651, 0.0 ], [ -46.52331833732584, -23.655684467333074, 0.0 ], [ -46.523324926478743, -23.655684859996153, 0.0 ], [ -46.523331522037566, -23.655685147255614, 0.0 ], [ -46.523338122015353, -23.655685329024895, 0.0 ], [ -46.523344724423822, -23.655685405249265, 0.0 ], [ -46.523351327273978, -23.655685375905744, 0.0 ], [ -46.523357928576644, -23.655685241003162, 0.0 ], [ -46.523364526343173, -23.655685000582178, 0.0 ], [ -46.523371118585935, -23.655684654715216, 0.0 ], [ -46.523377703318971, -23.655684203506492, 0.0 ], [ -46.523384278558609, -23.655683647091884, 0.0 ], [ -46.523390842324019, -23.655682985639057, 0.0 ], [ -46.523397392637825, -23.655682219347266, 0.0 ], [ -46.523403927526708, -23.655681348447377, 0.0 ], [ -46.523410445022009, -23.655680373201726, 0.0 ], [ -46.523416943160278, -23.655679293904139, 0.0 ], [ -46.523423419983928, -23.655678110879741, 0.0 ], [ -46.52342987354178, -23.655676824484928, 0.0 ], [ -46.523436301889653, -23.655675435107241, 0.0 ], [ -46.523442703090993, -23.655673943165258, 0.0 ], [ -46.523449075217393, -23.655672349108389, 0.0 ], [ -46.523455416349208, -23.655670653416902, 0.0 ], [ -46.523461724576151, -23.655668856601586, 0.0 ], [ -46.523467997997827, -23.655666959203771, 0.0 ], [ -46.523474234724347, -23.655664961795068, 0.0 ], [ -46.523480432876859, -23.655662864977185, 0.0 ], [ -46.523486590588128, -23.655660669381806, 0.0 ], [ -46.523492706003125, -23.655658375670384, 0.0 ], [ -46.523498777279549, -23.65565598453389, 0.0 ], [ -46.523504802588398, -23.655653496692679, 0.0 ], [ -46.523510780114513, -23.65565091289622, 0.0 ], [ -46.523516708057144, -23.655648233922907, 0.0 ], [ -46.524209837938947, -23.655357034286961, 0.0 ], [ -46.524212784230102, -23.655355976491936, 0.0 ], [ -46.524218893823296, -23.655353669689955, 0.0 ], [ -46.524224959032239, -23.655351265557726, 0.0 ], [ -46.52423097802977, -23.655348764819522, 0.0 ], [ -46.524236949002628, -23.655346168228679, 0.0 ], [ -46.524242870152037, -23.655343476567449, 0.0 ], [ -46.524248739694215, -23.655340690646717, 0.0 ], [ -46.524254555860935, -23.655337811305756, 0.0 ], [ -46.524260316900062, -23.655334839411957, 0.0 ], [ -46.524266021076038, -23.655331775860656, 0.0 ], [ -46.524271666670465, -23.655328621574753, 0.0 ], [ -46.524277251982589, -23.655325377504475, 0.0 ], [ -46.524282775329809, -23.65532204462712, 0.0 ], [ -46.524288235048175, -23.655318623946759, 0.0 ], [ -46.524293629492945, -23.65531511649387, 0.0 ], [ -46.524298957039015, -23.655311523325103, 0.0 ], [ -46.52430421608144, -23.655307845522902, 0.0 ], [ -46.524309405035901, -23.65530408419524, 0.0 ], [ -46.524314522339225, -23.655300240475224, 0.0 ], [ -46.524319566449805, -23.655296315520804, 0.0 ], [ -46.524324535848066, -23.65529231051439, 0.0 ], [ -46.524329429036975, -23.655288226662499, 0.0 ], [ -46.524334244542437, -23.655284065195413, 0.0 ], [ -46.524338980913768, -23.655279827366829, 0.0 ], [ -46.524343636724119, -23.655275514453379, 0.0 ], [ -46.524348210570921, -23.655271127754354, 0.0 ], [ -46.524352701076275, -23.655266668591274, 0.0 ], [ -46.524357106887408, -23.655262138307481, 0.0 ], [ -46.524361426677068, -23.65525753826774, 0.0 ], [ -46.524365659143896, -23.655252869857833, 0.0 ], [ -46.524369803012867, -23.655248134484175, 0.0 ], [ -46.524373857035613, -23.655243333573281, 0.0 ], [ -46.52437781999086, -23.655238468571447, 0.0 ], [ -46.524381690684763, -23.655233540944302, 0.0 ], [ -46.524385467951262, -23.655228552176304, 0.0 ], [ -46.524389150652453, -23.655223503770326, 0.0 ], [ -46.524392737678916, -23.655218397247239, 0.0 ], [ -46.524396227950056, -23.655213234145418, 0.0 ], [ -46.524399620414428, -23.655208016020254, 0.0 ], [ -46.52440291405005, -23.655202744443731, 0.0 ], [ -46.524406107864706, -23.655197421003926, 0.0 ], [ -46.524409200896258, -23.655192047304563, 0.0 ], [ -46.524412192212942, -23.655186624964482, 0.0 ], [ -46.52441508091362, -23.6551811556172, 0.0 ], [ -46.524417866128054, -23.655175640910372, 0.0 ], [ -46.524420547017222, -23.655170082505325, 0.0 ], [ -46.524423122773506, -23.65516448207654, 0.0 ], [ -46.52442559262095, -23.655158841311184, 0.0 ], [ -46.524427955815533, -23.655153161908558, 0.0 ], [ -46.524430211645331, -23.655147445579608, 0.0 ], [ -46.524432359430797, -23.655141694046399, 0.0 ], [ -46.524434398524903, -23.655135909041576, 0.0 ], [ -46.524436328313392, -23.655130092307935, 0.0 ], [ -46.524438148214905, -23.655124245597765, 0.0 ], [ -46.524439857681223, -23.655118370672412, 0.0 ], [ -46.524441456197366, -23.655112469301741, 0.0 ], [ -46.524442943281791, -23.655106543263521, 0.0 ], [ -46.52444431848653, -23.655100594343018, 0.0 ], [ -46.524445581397309, -23.655094624332374, 0.0 ], [ -46.524446731633695, -23.655088635030047, 0.0 ], [ -46.524447768849171, -23.655082628240358, 0.0 ], [ -46.524448692731319, -23.655076605772862, 0.0 ], [ -46.524449503001804, -23.655070569441865, 0.0 ], [ -46.524450199416556, -23.65506452106581, 0.0 ], [ -46.524450781765793, -23.655058462466815, 0.0 ], [ -46.524451249874097, -23.655052395470026, 0.0 ], [ -46.524451603600454, -23.655046321903157, 0.0 ], [ -46.524451842838339, -23.655040243595902, 0.0 ], [ -46.524451967515681, -23.655034162379344, 0.0 ], [ -46.52445197759495, -23.655028080085504, 0.0 ], [ -46.524451873073104, -23.655021998546658, 0.0 ], [ -46.524451653981671, -23.655015919594895, 0.0 ], [ -46.524451320386653, -23.655009845061532, 0.0 ], [ -46.524450872388563, -23.655003776776528, 0.0 ], [ -46.524450310122383, -23.654997716567969, 0.0 ], [ -46.524449633757513, -23.654991666261537, 0.0 ], [ -46.524448843497723, -23.65498562767986, 0.0 ], [ -46.524447939581094, -23.654979602642111, 0.0 ], [ -46.524446922279964, -23.654973592963348, 0.0 ], [ -46.524445791900789, -23.654967600453979, 0.0 ], [ -46.524444548784132, -23.654961626919292, 0.0 ], [ -46.524443193304485, -23.654955674158817, 0.0 ], [ -46.524441725870226, -23.654949743965837, 0.0 ], [ -46.524440146923418, -23.65494383812683, 0.0 ], [ -46.524438456939748, -23.65493795842097, 0.0 ], [ -46.524436656428342, -23.654932106619501, 0.0 ], [ -46.524434745931622, -23.654926284485331, 0.0 ], [ -46.52443272602514, -23.654920493772348, 0.0 ], [ -46.524430597317426, -23.654914736225052, 0.0 ], [ -46.524428360449747, -23.654909013577903, 0.0 ], [ -46.524426016096001, -23.654903327554862, 0.0 ], [ -46.524423564962426, -23.654897679868871, 0.0 ], [ -46.52442100778746, -23.654892072221283, 0.0 ], [ -46.524418345341466, -23.654886506301434, 0.0 ], [ -46.52441557842652, -23.654880983786057, 0.0 ], [ -46.524412707876181, -23.654875506338836, 0.0 ], [ -46.524409734555206, -23.654870075609846, 0.0 ], [ -46.524406659359343, -23.654864693235108, 0.0 ], [ -46.524403483215011, -23.654859360836088, 0.0 ], [ -46.524400207079033, -23.654854080019177, 0.0 ], [ -46.524396831938368, -23.654848852375217, 0.0 ], [ -46.524393358809789, -23.65484367947905, 0.0 ], [ -46.524389788739597, -23.654838562889051, 0.0 ], [ -46.5243861228033, -23.654833504146556, 0.0 ], [ -46.524382362105271, -23.654828504775562, 0.0 ], [ -46.52437850777843, -23.654823566282108, 0.0 ], [ -46.524374560983929, -23.654818690153935, 0.0 ], [ -46.524370522910743, -23.65481387785999, 0.0 ], [ -46.524366394775349, -23.654809130849962, 0.0 ], [ -46.524362177821395, -23.654804450553936, 0.0 ], [ -46.524357873319218, -23.65479983838183, 0.0 ], [ -46.52435348256558, -23.654795295723076, 0.0 ], [ -46.52434900688322, -23.65479082394614, 0.0 ], [ -46.524344447620436, -23.654786424398207, 0.0 ], [ -46.524339806150728, -23.654782098404574, 0.0 ], [ -46.524335083872352, -23.654777847268502, 0.0 ], [ -46.524330282207913, -23.654773672270636, 0.0 ], [ -46.524325402603914, -23.654769574668705, 0.0 ], [ -46.524320446530361, -23.654765555697114, 0.0 ], [ -46.524315415480281, -23.654761616566592, 0.0 ], [ -46.524310310969291, -23.654757758463798, 0.0 ], [ -46.524305134535126, -23.654753982550982, 0.0 ], [ -46.524299887737222, -23.654750289965676, 0.0 ], [ -46.524294572156165, -23.654746681820249, 0.0 ], [ -46.524289189393308, -23.654743159201683, 0.0 ], [ -46.524283741070199, -23.654739723171122, 0.0 ], [ -46.524278228828159, -23.654736374763729, 0.0 ], [ -46.524272654327774, -23.654733114988197, 0.0 ], [ -46.524267019248363, -23.654729944826528, 0.0 ], [ -46.524261325287512, -23.654726865233755, 0.0 ], [ -46.524255574160527, -23.654723877137595, 0.0 ], [ -46.524249767599947, -23.654720981438224, 0.0 ], [ -46.524243907355007, -23.654718179007968, 0.0 ], [ -46.524237995191129, -23.654715470691063, 0.0 ], [ -46.524232032889337, -23.654712857303405, 0.0 ], [ -46.524226022245799, -23.65471033963226, 0.0 ], [ -46.524219965071225, -23.654707918436106, 0.0 ], [ -46.524213863190354, -23.654705594444312, 0.0 ], [ -46.524207718441367, -23.654703368356994, 0.0 ], [ -46.524201532675391, -23.654701240844751, 0.0 ], [ -46.524195307755903, -23.654699212548508, 0.0 ], [ -46.524189045558153, -23.654697284079294, 0.0 ], [ -46.524182747968631, -23.654695456018054, 0.0 ], [ -46.524176416884508, -23.654693728915493, 0.0 ], [ -46.524170054213023, -23.654692103291929, 0.0 ], [ -46.524163661870936, -23.654690579637037, 0.0 ], [ -46.524157241783932, -23.654689158409855, 0.0 ], [ -46.524150795886101, -23.654687840038527, 0.0 ], [ -46.524144326119256, -23.654686624920213, 0.0 ], [ -46.524137834432416, -23.654685513420954, 0.0 ], [ -46.524131322781209, -23.654684505875608, 0.0 ], [ -46.524124793127292, -23.654683602587678, 0.0 ], [ -46.524118247437706, -23.654682803829321, 0.0 ], [ -46.524111687684368, -23.654682109841126, 0.0 ], [ -46.524105115843383, -23.654681520832163, 0.0 ], [ -46.524098533894545, -23.654681036979902, 0.0 ], [ -46.524091943820665, -23.654680658430067, 0.0 ], [ -46.524085347607006, -23.654680385296729, 0.0 ], [ -46.524078747240679, -23.65468021766214, 0.0 ], [ -46.524072144710061, -23.65468015557682, 0.0 ], [ -46.524065542004159, -23.654680199059474, 0.0 ], [ -46.524058941112045, -23.654680348096996, 0.0 ], [ -46.524052344022252, -23.654680602644497, 0.0 ], [ -46.524045752722145, -23.654680962625285, 0.0 ], [ -46.52403916919738, -23.654681427930917, 0.0 ], [ -46.524032595431215, -23.654681998421243, 0.0 ], [ -46.524026033404041, -23.65468267392437, 0.0 ], [ -46.524019485092651, -23.654683454236828, 0.0 ], [ -46.524012952469732, -23.654684339123531, 0.0 ], [ -46.524006437503246, -23.654685328317914, 0.0 ], [ -46.523999942155832, -23.654686421521976, 0.0 ], [ -46.523993468384226, -23.654687618406395, 0.0 ], [ -46.523987018138648, -23.654688918610614, 0.0 ], [ -46.523980593362253, -23.654690321742947, 0.0 ], [ -46.523974195990505, -23.654691827380699, 0.0 ], [ -46.523967827950607, -23.654693435070278, 0.0 ], [ -46.523961491160954, -23.654695144327373, 0.0 ], [ -46.523955187530511, -23.654696954637107, 0.0 ], [ -46.523948918958254, -23.654698865454058, 0.0 ], [ -46.523942687332593, -23.654700876202646, 0.0 ], [ -46.523936494530815, -23.654702986277091, 0.0 ], [ -46.52393034241851, -23.654705195041767, 0.0 ], [ -46.523924232849012, -23.654707501831272, 0.0 ], [ -46.523918167662835, -23.654709905950661, 0.0 ], [ -46.523912148687131, -23.654712406675724, 0.0 ], [ -46.523906177735121, -23.654715003253106, 0.0 ], [ -46.523900256605565, -23.654717694900558, 0.0 ], [ -46.523187579453527, -23.65501645727679, 0.0 ], [ -46.523181601948401, -23.655019041059838, 0.0 ] ] ] ] } },
{ "type": "Feature", "properties": { "fid": 110.0, "MODELO" : "TAMCENTRAL" }, "geometry": { "type": "MultiPolygon", "coordinates": [ [ [ [ -46.521177027074692, -23.664255784202005, 0.0 ], [ -46.521171618362629, -23.66425596708952, 0.0 ], [ -46.52116621391135, -23.664256236415454, 0.0 ], [ -46.521160815348949, -23.66425659209867, 0.0 ], [ -46.521155424301767, -23.664257034032019, 0.0 ], [ -46.521150042393856, -23.664257562082366, 0.0 ], [ -46.52114467124651, -23.664258176090645, 0.0 ], [ -46.521139312477814, -23.664258875871877, 0.0 ], [ -46.521133967702092, -23.664259661215258, 0.0 ], [ -46.521128638529468, -23.664260531884182, 0.0 ], [ -46.521123326565359, -23.6642614876164, 0.0 ], [ -46.521118033410012, -23.66426252812396, 0.0 ], [ -46.521112760657978, -23.664263653093428, 0.0 ], [ -46.521107509897703, -23.664264862185892, 0.0 ], [ -46.521102282710977, -23.664266155037129, 0.0 ], [ -46.52109708067249, -23.66426753125765, 0.0 ], [ -46.52109190534938, -23.664268990432877, 0.0 ], [ -46.521086758300711, -23.664270532123229, 0.0 ], [ -46.521081641077039, -23.664272155864271, 0.0 ], [ -46.521076555219942, -23.664273861166851, 0.0 ], [ -46.521071502261535, -23.66427564751724, 0.0 ], [ -46.521066483724042, -23.6642775143773, 0.0 ], [ -46.521061501119291, -23.664279461184631, 0.0 ], [ -46.521056555948313, -23.664281487352767, 0.0 ], [ -46.521051649700851, -23.664283592271318, 0.0 ], [ -46.521046783854914, -23.664285775306166, 0.0 ], [ -46.521041959876349, -23.664288035799679, 0.0 ], [ -46.521037179218389, -23.664290373070873, 0.0 ], [ -46.521032443321218, -23.66429278641565, 0.0 ], [ -46.521027753611541, -23.664295275106987, 0.0 ], [ -46.521023111502132, -23.664297838395147, 0.0 ], [ -46.521018518391436, -23.664300475507954, 0.0 ], [ -46.521013975663152, -23.664303185650972, 0.0 ], [ -46.521009484685784, -23.664305968007742, 0.0 ], [ -46.521005046812249, -23.664308821740107, 0.0 ], [ -46.521000663379461, -23.664311745988371, 0.0 ], [ -46.520996335707942, -23.664314739871568, 0.0 ], [ -46.520992065101417, -23.664317802487822, 0.0 ], [ -46.520987852846417, -23.664320932914492, 0.0 ], [ -46.5209837002119, -23.664324130208559, 0.0 ], [ -46.520979608448854, -23.664327393406801, 0.0 ], [ -46.520977461985289, -23.664329166183922, 0.0 ], [ -46.52097745413618, -23.664329158201085, 0.0 ], [ -46.520975709154023, -23.664330613857707, 0.0 ], [ -46.520975578789937, -23.664330721526188, 0.0 ], [ -46.520975527353677, -23.66433076551478, 0.0 ], [ -46.519655935285151, -23.665431549137207, 0.0 ], [ -46.519653026406594, -23.665433363861688, 0.0 ], [ -46.519648528161227, -23.665436276883629, 0.0 ], [ -46.519644085795825, -23.665439261771606, 0.0 ], [ -46.519639700663575, -23.665442317616382, 0.0 ], [ -46.519635374100218, -23.665445443487137, 0.0 ], [ -46.519631107423685, -23.665448638431705, 0.0 ], [ -46.519626901933627, -23.665451901476885, 0.0 ], [ -46.519622758911083, -23.665455231628719, 0.0 ], [ -46.519618679618056, -23.665458627872816, 0.0 ], [ -46.519614665297141, -23.66546208917465, 0.0 ], [ -46.519610717171133, -23.665465614479889, 0.0 ], [ -46.519606836442669, -23.665469202714693, 0.0 ], [ -46.519603024293865, -23.665472852786049, 0.0 ], [ -46.519599281885938, -23.665476563582125, 0.0 ], [ -46.519595610358856, -23.665480333972567, 0.0 ], [ -46.519592010831012, -23.665484162808891, 0.0 ], [ -46.519589358326265, -23.665487085859894, 0.0 ], [ -46.519589311856208, -23.665487124623937, 0.0 ], [ -46.519589317729512, -23.665487130597363, 0.0 ], [ -46.519588484398852, -23.665488048924814, 0.0 ], [ -46.519585032136575, -23.665491991136577, 0.0 ], [ -46.519581655095763, -23.665495988243343, 0.0 ], [ -46.519578354305104, -23.66550003902757, 0.0 ], [ -46.51957513077005, -23.665504142255358, 0.0 ], [ -46.519571985472538, -23.665508296676819, 0.0 ], [ -46.519568919370649, -23.665512501026484, 0.0 ], [ -46.519565933398354, -23.665516754023667, 0.0 ], [ -46.519563028465214, -23.665521054372896, 0.0 ], [ -46.519560205456116, -23.665525400764206, 0.0 ], [ -46.519557465230974, -23.665529791873674, 0.0 ], [ -46.519554808624484, -23.665534226363715, 0.0 ], [ -46.51955223644589, -23.66553870288357, 0.0 ], [ -46.519549749478699, -23.665543220069619, 0.0 ], [ -46.519547348480501, -23.66554777654591, 0.0 ], [ -46.519545034182634, -23.665552370924477, 0.0 ], [ -46.519542807290094, -23.665557001805862, 0.0 ], [ -46.519540668481191, -23.665561667779436, 0.0 ], [ -46.519538618407466, -23.665566367423903, 0.0 ], [ -46.519536657693379, -23.665571099307723, 0.0 ], [ -46.519534786936198, -23.665575861989492, 0.0 ], [ -46.519533006705785, -23.665580654018488, 0.0 ], [ -46.51953131754442, -23.665585473934996, 0.0 ], [ -46.519529719966648, -23.665590320270827, 0.0 ], [ -46.519528214459129, -23.665595191549738, 0.0 ], [ -46.519526801480445, -23.66560008628791, 0.0 ], [ -46.519525481461017, -23.665605002994344, 0.0 ], [ -46.51952425480296, -23.665609940171368, 0.0 ], [ -46.519523121879921, -23.665614896315077, 0.0 ], [ -46.519522083037018, -23.66561986991578, 0.0 ], [ -46.519521138590697, -23.665624859458472, 0.0 ], [ -46.519520288828666, -23.665629863423295, 0.0 ], [ -46.519519534009767, -23.665634880285982, 0.0 ], [ -46.519518874363946, -23.665639908518362, 0.0 ], [ -46.519518310092153, -23.66564494658877, 0.0 ], [ -46.519517841366273, -23.665649992962582, 0.0 ], [ -46.519517468329092, -23.665655046102621, 0.0 ], [ -46.519517191094259, -23.665660104469634, 0.0 ], [ -46.519517009746238, -23.665665166522814, 0.0 ], [ -46.519516924340273, -23.665670230720199, 0.0 ], [ -46.519516934902384, -23.665675295519186, 0.0 ], [ -46.519517041429381, -23.665680359376985, 0.0 ], [ -46.519517243888814, -23.665685420751107, 0.0 ], [ -46.519517542219027, -23.665690478099801, 0.0 ], [ -46.519517936329159, -23.665695529882541, 0.0 ], [ -46.519518426099168, -23.665700574560514, 0.0 ], [ -46.51951901137987, -23.665705610597051, 0.0 ], [ -46.519519691993011, -23.665710636458133, 0.0 ], [ -46.519520467731262, -23.665715650612832, 0.0 ], [ -46.519521338358345, -23.665720651533775, 0.0 ], [ -46.519522303609072, -23.665725637697651, 0.0 ], [ -46.519523363189421, -23.665730607585605, 0.0 ], [ -46.519524516776642, -23.665735559683775, 0.0 ], [ -46.519525764019356, -23.665740492483692, 0.0 ], [ -46.519527104537659, -23.665745404482767, 0.0 ], [ -46.519528537923208, -23.665750294184765, 0.0 ], [ -46.519530063739403, -23.665755160100233, 0.0 ], [ -46.519531681521471, -23.665760000746953, 0.0 ], [ -46.519533390776616, -23.66576481465043, 0.0 ], [ -46.519535190984215, -23.665769600344284, 0.0 ], [ -46.519537081595892, -23.665774356370754, 0.0 ], [ -46.519539062035776, -23.665779081281091, 0.0 ], [ -46.519541131700599, -23.665783773636051, 0.0 ], [ -46.519543289959934, -23.665788432006288, 0.0 ], [ -46.519545536156365, -23.665793054972813, 0.0 ], [ -46.519547869605681, -23.665797641127419, 0.0 ], [ -46.519550289597099, -23.665802189073116, 0.0 ], [ -46.519552795393473, -23.665806697424557, 0.0 ], [ -46.519555386231517, -23.665811164808446, 0.0 ], [ -46.519558061322051, -23.665815589863971, 0.0 ], [ -46.519560819850213, -23.665819971243206, 0.0 ], [ -46.519563660975727, -23.665824307611551, 0.0 ], [ -46.519566583833182, -23.665828597648073, 0.0 ], [ -46.519569587532231, -23.665832840046026, 0.0 ], [ -46.519572671157938, -23.665837033513085, 0.0 ], [ -46.519575833771, -23.665841176771895, 0.0 ], [ -46.519579074408057, -23.665845268560375, 0.0 ], [ -46.519582392081979, -23.665849307632119, 0.0 ], [ -46.519585785782169, -23.665853292756779, 0.0 ], [ -46.519589254474887, -23.66585722272044, 0.0 ], [ -46.519592797103535, -23.665861096326008, 0.0 ], [ -46.519596412588989, -23.665864912393523, 0.0 ], [ -46.519600099829937, -23.665868669760567, 0.0 ], [ -46.519603857703217, -23.665872367282617, 0.0 ], [ -46.519607685064145, -23.665876003833372, 0.0 ], [ -46.519611580746862, -23.665879578305077, 0.0 ], [ -46.519615543564704, -23.665883089608926, 0.0 ], [ -46.519619572310575, -23.665886536675327, 0.0 ], [ -46.519623665757258, -23.665889918454265, 0.0 ], [ -46.519627822657853, -23.665893233915615, 0.0 ], [ -46.519632041746128, -23.665896482049462, 0.0 ], [ -46.519636321736918, -23.665899661866366, 0.0 ], [ -46.519640661326463, -23.66590277239774, 0.0 ], [ -46.519645059192904, -23.665905812696067, 0.0 ], [ -46.519649513996598, -23.665908781835242, 0.0 ], [ -46.519654024380564, -23.665911678910849, 0.0 ], [ -46.519658588970891, -23.665914503040369, 0.0 ], [ -46.519663206377146, -23.66591725336357, 0.0 ], [ -46.51966787519283, -23.665919929042662, 0.0 ], [ -46.519672593995779, -23.665922529262602, 0.0 ], [ -46.519677361348563, -23.665925053231337, 0.0 ], [ -46.519682175799034, -23.665927500180043, 0.0 ], [ -46.519687035880615, -23.665929869363346, 0.0 ], [ -46.519691940112907, -23.665932160059562, 0.0 ], [ -46.519696887002013, -23.66593437157093, 0.0 ], [ -46.519701875041051, -23.66593650322379, 0.0 ], [ -46.51970690271061, -23.665938554368807, 0.0 ], [ -46.519711968479214, -23.665940524381202, 0.0 ], [ -46.519717070803758, -23.665942412660876, 0.0 ], [ -46.519722208130027, -23.665944218632621, 0.0 ], [ -46.519727378893137, -23.665945941746347, 0.0 ], [ -46.519732581517999, -23.665947581477159, 0.0 ], [ -46.519737814419848, -23.66594913732558, 0.0 ], [ -46.519743076004666, -23.665950608817667, 0.0 ], [ -46.519748364669731, -23.665951995505214, 0.0 ], [ -46.519753678804051, -23.665953296965792, 0.0 ], [ -46.519759016788875, -23.66595451280298, 0.0 ], [ -46.519764376998189, -23.665955642646416, 0.0 ], [ -46.519769757799217, -23.665956686151937, 0.0 ], [ -46.5197751575529, -23.665957643001676, 0.0 ], [ -46.519780574614408, -23.665958512904176, 0.0 ], [ -46.519786007333657, -23.665959295594444, 0.0 ], [ -46.519791454055749, -23.665959990834065, 0.0 ], [ -46.519796913121574, -23.665960598411257, 0.0 ], [ -46.519802382868228, -23.665961118140959, 0.0 ], [ -46.519807861629559, -23.665961549864861, 0.0 ], [ -46.51981334773668, -23.665961893451428, 0.0 ], [ -46.519818839518443, -23.665962148796023, 0.0 ], [ -46.519824335302005, -23.665962315820863, 0.0 ], [ -46.519829833413283, -23.665962394475052, 0.0 ], [ -46.519835332177479, -23.665962384734659, 0.0 ], [ -46.519840829919602, -23.665962286602628, 0.0 ], [ -46.519846324964995, -23.665962100108878, 0.0 ], [ -46.519851815639782, -23.665961825310195, 0.0 ], [ -46.519857300271454, -23.665961462290287, 0.0 ], [ -46.519862777189317, -23.665961011159748, 0.0 ], [ -46.519868244725053, -23.665960472055986, 0.0 ], [ -46.519873701213172, -23.665959845143231, 0.0 ], [ -46.519879144991563, -23.665959130612439, 0.0 ], [ -46.519884574402006, -23.66595832868127, 0.0 ], [ -46.51988998779062, -23.665957439593996, 0.0 ], [ -46.519895383508434, -23.665956463621445, 0.0 ], [ -46.519900759911842, -23.665955401060913, 0.0 ], [ -46.519906115363149, -23.665954252236077, 0.0 ], [ -46.519911448230999, -23.665953017496875, 0.0 ], [ -46.519916756890957, -23.665951697219416, 0.0 ], [ -46.519922039725934, -23.665950291805888, 0.0 ], [ -46.51992729512672, -23.665948801684369, 0.0 ], [ -46.519932521492464, -23.665947227308802, 0.0 ], [ -46.519937717231151, -23.665945569158751, 0.0 ], [ -46.519942880760112, -23.665943827739284, 0.0 ], [ -46.519948010506468, -23.665942003580888, 0.0 ], [ -46.519953104907628, -23.665940097239211, 0.0 ], [ -46.519958162411804, -23.665938109294945, 0.0 ], [ -46.519963181478417, -23.665936040353646, 0.0 ], [ -46.5199681605786, -23.665933891045537, 0.0 ], [ -46.519973098195663, -23.665931662025315, 0.0 ], [ -46.519977992825552, -23.665929353971968, 0.0 ], [ -46.519982842977321, -23.665926967588568, 0.0 ], [ -46.519987647173558, -23.665924503602021, 0.0 ], [ -46.519992403950837, -23.665921962762891, 0.0 ], [ -46.519997111860214, -23.66591934584515, 0.0 ], [ -46.520001769467591, -23.665916653645937, 0.0 ], [ -46.520006375354221, -23.665913886985326, 0.0 ], [ -46.520007954339377, -23.665912901922241, 0.0 ], [ -46.520007961712025, -23.665912909420499, 0.0 ], [ -46.520008019233551, -23.665912861437462, 0.0 ], [ -46.520010928117102, -23.665911046706075, 0.0 ], [ -46.520015426369419, -23.665908133673362, 0.0 ], [ -46.520019868740945, -23.665905148774534, 0.0 ], [ -46.520024253878503, -23.665902092918827, 0.0 ], [ -46.520028580446329, -23.665898967037087, 0.0 ], [ -46.520032847126494, -23.665895772081488, 0.0 ], [ -46.520037052619344, -23.665892509025259, 0.0 ], [ -46.520041195643834, -23.665889178862351, 0.0 ], [ -46.520045274937964, -23.665885782607191, 0.0 ], [ -46.520049289259127, -23.665882321294294, 0.0 ], [ -46.520053237384538, -23.665878795978013, 0.0 ], [ -46.520057118111552, -23.665875207732217, 0.0 ], [ -46.520060930258062, -23.665871557649908, 0.0 ], [ -46.520064672662855, -23.665867846842964, 0.0 ], [ -46.520068344185958, -23.665864076441711, 0.0 ], [ -46.520071943708992, -23.665860247594679, 0.0 ], [ -46.520074596209597, -23.665857324535637, 0.0 ], [ -46.52139581563393, -23.66475518010872, 0.0 ], [ -46.52139594599825, -23.664755072439728, 0.0 ], [ -46.52139599743461, -23.664755028450923, 0.0 ], [ -46.521396104346486, -23.664754939265229, 0.0 ], [ -46.521396103146721, -23.664754938045025, 0.0 ], [ -46.521399912339533, -23.664751680391017, 0.0 ], [ -46.521403814167037, -23.664748225445638, 0.0 ], [ -46.521407650305335, -23.664744708644413, 0.0 ], [ -46.52141141959877, -23.664741131046803, 0.0 ], [ -46.521415120911847, -23.664737493730559, 0.0 ], [ -46.521418753129517, -23.664733797791452, 0.0 ], [ -46.521422315157572, -23.6647300443429, 0.0 ], [ -46.521425805922945, -23.664726234515634, 0.0 ], [ -46.521429224374032, -23.664722369457394, 0.0 ], [ -46.521432569481007, -23.664718450332536, 0.0 ], [ -46.521435840236165, -23.66471447832172, 0.0 ], [ -46.521439035654176, -23.664710454621524, 0.0 ], [ -46.521442154772402, -23.66470638044412, 0.0 ], [ -46.521445196651221, -23.664702257016852, 0.0 ], [ -46.521448160374263, -23.664698085581939, 0.0 ], [ -46.521451045048686, -23.664693867396043, 0.0 ], [ -46.521453849805489, -23.66468960372988, 0.0 ], [ -46.521456573799732, -23.664685295867937, 0.0 ], [ -46.5214592162108, -23.664680945107953, 0.0 ], [ -46.521461776242681, -23.664676552760611, 0.0 ], [ -46.521464253124151, -23.664672120149142, 0.0 ], [ -46.521466646109054, -23.664667648608866, 0.0 ], [ -46.521468954476504, -23.664663139486855, 0.0 ], [ -46.521471177531105, -23.664658594141518, 0.0 ], [ -46.521473314603156, -23.664654013942144, 0.0 ], [ -46.521475365048872, -23.664649400268534, 0.0 ], [ -46.521477328250555, -23.664644754510579, 0.0 ], [ -46.521479203616785, -23.664640078067848, 0.0 ], [ -46.521480990582617, -23.664635372349107, 0.0 ], [ -46.521482688609737, -23.664630638771989, 0.0 ], [ -46.521484297186603, -23.664625878762493, 0.0 ], [ -46.521485815828648, -23.664621093754597, 0.0 ], [ -46.521487244078386, -23.664616285189805, 0.0 ], [ -46.521488581505558, -23.664611454516709, 0.0 ], [ -46.521489827707263, -23.664606603190563, 0.0 ], [ -46.521490982308094, -23.664601732672853, 0.0 ], [ -46.521492044960233, -23.664596844430839, 0.0 ], [ -46.521493015343566, -23.664591939937125, 0.0 ], [ -46.521493893165761, -23.664587020669192, 0.0 ], [ -46.521494678162405, -23.664582088109, 0.0 ], [ -46.521495370097, -23.664577143742484, 0.0 ], [ -46.521495968761123, -23.664572189059179, 0.0 ], [ -46.52149647397443, -23.664567225551671, 0.0 ], [ -46.521496885584739, -23.664562254715246, 0.0 ], [ -46.521497203468059, -23.664557278047393, 0.0 ], [ -46.521497427528629, -23.664552297047322, 0.0 ], [ -46.521497557698986, -23.664547313215607, 0.0 ], [ -46.521497593939898, -23.664542328053628, 0.0 ], [ -46.521497536240467, -23.664537343063174, 0.0 ], [ -46.521497384618087, -23.664532359746001, 0.0 ], [ -46.521497139118452, -23.664527379603339, 0.0 ], [ -46.521496799815523, -23.664522404135479, 0.0 ], [ -46.521496366811533, -23.664517434841297, 0.0 ], [ -46.521495840236931, -23.664512473217794, 0.0 ], [ -46.521495220250351, -23.664507520759688, 0.0 ], [ -46.521494507038597, -23.66450257895891, 0.0 ], [ -46.521493700816514, -23.664497649304195, 0.0 ], [ -46.521492801827009, -23.664492733280628, 0.0 ], [ -46.521491810340905, -23.664487832369151, 0.0 ], [ -46.5214907266569, -23.664482948046199, 0.0 ], [ -46.521489551101467, -23.664478081783177, 0.0 ], [ -46.521488284028763, -23.664473235046067, 0.0 ], [ -46.521486925820497, -23.664468409294951, 0.0 ], [ -46.52148547688585, -23.664463605983606, 0.0 ], [ -46.521483937661316, -23.664458826559045, 0.0 ], [ -46.521482308610608, -23.664454072461062, 0.0 ], [ -46.521480590224499, -23.664449345121866, 0.0 ], [ -46.521478783020655, -23.66444464596557, 0.0 ], [ -46.521476887543507, -23.664439976407809, 0.0 ], [ -46.521474904364091, -23.664435337855306, 0.0 ], [ -46.521472834079859, -23.664430731705409, 0.0 ], [ -46.521470677314475, -23.664426159345751, 0.0 ], [ -46.521468434717704, -23.664421622153768, 0.0 ], [ -46.521466106965121, -23.664417121496292, 0.0 ], [ -46.52146369475799, -23.664412658729166, 0.0 ], [ -46.52146119882299, -23.664408235196806, 0.0 ], [ -46.521458619912046, -23.664403852231807, 0.0 ], [ -46.521455958802065, -23.664399511154546, 0.0 ], [ -46.521453216294724, -23.66439521327278, 0.0 ], [ -46.521450393216199, -23.664390959881267, 0.0 ], [ -46.521447490416982, -23.664386752261336, 0.0 ], [ -46.521444508771538, -23.664382591680564, 0.0 ], [ -46.521441449178099, -23.664378479392301, 0.0 ], [ -46.521438312558395, -23.664374416635408, 0.0 ], [ -46.521435099857328, -23.664370404633782, 0.0 ], [ -46.521431812042749, -23.664366444596062, 0.0 ], [ -46.521428450105127, -23.66436253771521, 0.0 ], [ -46.521425015057247, -23.664358685168189, 0.0 ], [ -46.521421507933944, -23.664354888115579, 0.0 ], [ -46.521417929791731, -23.66435114770124, 0.0 ], [ -46.521414281708559, -23.664347465052003, 0.0 ], [ -46.521410564783409, -23.664343841277251, 0.0 ], [ -46.521406780136026, -23.664340277468668, 0.0 ], [ -46.521402928906539, -23.664336774699848, 0.0 ], [ -46.521399012255145, -23.664333334026008, 0.0 ], [ -46.521395031361749, -23.664329956483648, 0.0 ], [ -46.521390987425605, -23.664326643090284, 0.0 ], [ -46.521386881664959, -23.664323394844061, 0.0 ], [ -46.52138271531669, -23.664320212723538, 0.0 ], [ -46.521378489635907, -23.664317097687299, 0.0 ], [ -46.521374205895619, -23.664314050673795, 0.0 ], [ -46.521369865386312, -23.66431107260092, 0.0 ], [ -46.521365469415571, -23.664308164365838, 0.0 ], [ -46.521361019307683, -23.664305326844634, 0.0 ], [ -46.521356516403273, -23.664302560892139, 0.0 ], [ -46.521351962058844, -23.664299867341605, 0.0 ], [ -46.521347357646391, -23.664297247004452, 0.0 ], [ -46.521342704553014, -23.664294700670059, 0.0 ], [ -46.521338004180471, -23.664292229105541, 0.0 ], [ -46.52133325794474, -23.664289833055427, 0.0 ], [ -46.521328467275644, -23.664287513241554, 0.0 ], [ -46.521323633616383, -23.664285270362758, 0.0 ], [ -46.521318758423114, -23.664283105094718, 0.0 ], [ -46.521313843164478, -23.66428101808971, 0.0 ], [ -46.521308889321212, -23.664279009976465, 0.0 ], [ -46.521303898385675, -23.664277081359923, 0.0 ], [ -46.521298871861397, -23.664275232821083, 0.0 ], [ -46.521293811262616, -23.664273464916814, 0.0 ], [ -46.521288718113851, -23.664271778179714, 0.0 ], [ -46.52128359394942, -23.664270173117902, 0.0 ], [ -46.521278440312983, -23.664268650214911, 0.0 ], [ -46.521273258757084, -23.664267209929523, 0.0 ], [ -46.521268050842679, -23.664265852695618, 0.0 ], [ -46.521262818138645, -23.664264578922069, 0.0 ], [ -46.521257562221351, -23.664263388992605, 0.0 ], [ -46.521252284674148, -23.664262283265685, 0.0 ], [ -46.521246987086904, -23.664261262074422, 0.0 ], [ -46.521241671055527, -23.664260325726453, 0.0 ], [ -46.521236338181481, -23.664259474503829, 0.0 ], [ -46.521230990071281, -23.664258708663027, 0.0 ], [ -46.521225628336083, -23.664258028434716, 0.0 ], [ -46.521220254591093, -23.664257434023845, 0.0 ], [ -46.521214870455161, -23.664256925609461, 0.0 ], [ -46.521209477550279, -23.664256503344738, 0.0 ], [ -46.521204077501046, -23.664256167356879, 0.0 ], [ -46.521198671934251, -23.664255917747102, 0.0 ], [ -46.521193262478327, -23.664255754590606, 0.0 ], [ -46.521187850762871, -23.664255677936545, 0.0 ], [ -46.521182438418165, -23.664255687807994, 0.0 ], [ -46.521177027074692, -23.664255784202005, 0.0 ] ] ] ] } },
{ "type": "Feature", "properties": { "fid": 112.0, "MODELO" : "TAMCENTRAL" }, "geometry": { "type": "MultiPolygon", "coordinates": [ [ [ [ -46.488305857334424, -23.664291190857643, 0.0 ], [ -46.488303130259929, -23.664332494256914, 0.0 ], [ -46.488305761706101, -23.664374218239971, 0.0 ], [ -46.488313740409779, -23.664416184137824, 0.0 ], [ -46.48832703221003, -23.664458212244931, 0.0 ], [ -46.488345580194284, -23.664500122588898, 0.0 ], [ -46.488369304942012, -23.664541735701029, 0.0 ], [ -46.488398104864686, -23.664582873385118, 0.0 ], [ -46.488431856640752, -23.664623359480196, 0.0 ], [ -46.488470415743635, -23.664663020615233, 0.0 ], [ -46.488513617060548, -23.664701686951478, 0.0 ], [ -46.48856127559948, -23.664739192909856, 0.0 ], [ -46.488613187281338, -23.664775377879909, 0.0 ], [ -46.488669129813765, -23.664810086907845, 0.0 ], [ -46.488728863643061, -23.664843171359983, 0.0 ], [ -46.488792132979903, -23.664874489559452, 0.0 ], [ -46.488858666894764, -23.664903907392677, 0.0 ], [ -46.488928180477984, -23.664931298884113, 0.0 ], [ -46.489000376059892, -23.664956546735461, 0.0 ], [ -46.489074944485481, -23.664979542828167, 0.0 ], [ -46.489151566438295, -23.665000188686335, 0.0 ], [ -46.489229913807833, -23.665018395898674, 0.0 ], [ -46.489309651094658, -23.665034086496949, 0.0 ], [ -46.489390436847103, -23.665047193289908, 0.0 ], [ -46.489471925123482, -23.665057660151163, 0.0 ], [ -46.4895537669736, -23.665065442259419, 0.0 ], [ -46.489635611933018, -23.665070506290476, 0.0 ], [ -46.489717109523959, -23.665072830559886, 0.0 ], [ -46.489797910756124, -23.665072405115893, 0.0 ], [ -46.489877669621251, -23.665069231781914, 0.0 ], [ -46.489956044574889, -23.665063324148733, 0.0 ], [ -46.490032699998942, -23.665054707516351, 0.0 ], [ -46.490107307638979, -23.665043418785523, 0.0 ], [ -46.490179548009934, -23.665029506299717, 0.0 ], [ -46.490249111764236, -23.665013029637919, 0.0 ], [ -46.490315701016527, -23.664994059359778, 0.0 ], [ -46.490379030619344, -23.664972676702991, 0.0 ], [ -46.490438829384161, -23.66494897323561, 0.0 ], [ -46.490494841242686, -23.664923050463788, 0.0 ], [ -46.490546826343405, -23.664895019397097, 0.0 ], [ -46.490594562078691, -23.664865000072943, 0.0 ], [ -46.490637844038005, -23.664833121042637, 0.0 ], [ -46.490676486883174, -23.664799518820779, 0.0 ], [ -46.490710325142047, -23.664764337300735, 0.0 ], [ -46.490739213917038, -23.664727727138086, 0.0 ], [ -46.490763029505487, -23.664689845105833, 0.0 ], [ -46.490781669929383, -23.664650853422806, 0.0 ], [ -46.490795055371919, -23.664610919059044, 0.0 ], [ -46.490803128519261, -23.664570213020713, 0.0 ], [ -46.490805854805849, -23.664528909617989, 0.0 ], [ -46.49080322256237, -23.664487185718283, 0.0 ], [ -46.490795243065605, -23.664445219989283, 0.0 ], [ -46.490781950490067, -23.664403192133541, 0.0 ], [ -46.490763401761591, -23.664361282119234, 0.0 ], [ -46.490739676313432, -23.664319669409391, 0.0 ], [ -46.490710875746117, -23.664278532193329, 0.0 ], [ -46.490677123392217, -23.664238046624039, 0.0 ], [ -46.490638563788202, -23.664198386063465, 0.0 ], [ -46.490595362055423, -23.664159720340624, 0.0 ], [ -46.490547703193009, -23.664122215024069, 0.0 ], [ -46.490495791285603, -23.664086030713296, 0.0 ], [ -46.4904398486294, -23.664051322350719, 0.0 ], [ -46.490380114780237, -23.664018238558739, 0.0 ], [ -46.490316845527751, -23.663986921002923, 0.0 ], [ -46.490250311800068, -23.663957503785785, 0.0 ], [ -46.490180798503609, -23.663930112872318, 0.0 ], [ -46.490108603303142, -23.663904865550986, 0.0 ], [ -46.490034035347165, -23.663881869931288, 0.0 ], [ -46.48995741394409, -23.663861224480936, 0.0 ], [ -46.489879067194998, -23.663843017604339, 0.0 ], [ -46.489799330588731, -23.663827327263931, 0.0 ], [ -46.48971854556531, -23.663814220646572, 0.0 ], [ -46.489637058053923, -23.663803753875637, 0.0 ], [ -46.489555216991704, -23.663795971770895, 0.0 ], [ -46.489473372829593, -23.663790907656452, 0.0 ], [ -46.489391876031746, -23.663788583218217, 0.0 ], [ -46.489311075574868, -23.663789008410809, 0.0 ], [ -46.48923131745395, -23.663792181415158, 0.0 ], [ -46.48915294320075, -23.663798088646022, 0.0 ], [ -46.489076288421344, -23.66380670481038, 0.0 ], [ -46.489001681359134, -23.663817993015474, 0.0 ], [ -46.488929441489319, -23.663831904926795, 0.0 ], [ -46.488859878150883, -23.663848380975143, 0.0 ], [ -46.488793289222066, -23.663867350611476, 0.0 ], [ -46.488729959844797, -23.663888732609053, 0.0 ], [ -46.488670161203757, -23.663912435411014, 0.0 ], [ -46.488614149365105, -23.663938357522664, 0.0 ], [ -46.488562164180017, -23.663966387945738, 0.0 ], [ -46.48851442825756, -23.663996406653833, 0.0 ], [ -46.488471146011499, -23.664028285106106, 0.0 ], [ -46.488432502784882, -23.664061886797938, 0.0 ], [ -46.488398664056398, -23.664097067845017, 0.0 ], [ -46.488369774731666, -23.664133677599825, 0.0 ], [ -46.488345958522757, -23.664171559296367, 0.0 ], [ -46.488327317418317, -23.664210550721503, 0.0 ], [ -46.488313931246758, -23.664250484909683, 0.0 ], [ -46.488305857334424, -23.664291190857643, 0.0 ] ] ] ] } },
{ "type": "Feature", "properties": { "fid": 114.0 , "MODELO" : "TAMCENTRAL"}, "geometry": { "type": "MultiPolygon", "coordinates": [ [ [ [ -46.542570379762353, -23.615456638274519, 0.0 ], [ -46.542570951929136, -23.615470893444126, 0.0 ], [ -46.542571794007458, -23.615485137241354, 0.0 ], [ -46.54257290574089, -23.615499365327423, 0.0 ], [ -46.542574286790895, -23.615513573368276, 0.0 ], [ -46.542575936736867, -23.61552775703602, 0.0 ], [ -46.542577855076289, -23.615541912010155, 0.0 ], [ -46.542580041224923, -23.615556033978912, 0.0 ], [ -46.542582494516907, -23.615570118640601, 0.0 ], [ -46.542585214205047, -23.61558416170487, 0.0 ], [ -46.542588199460965, -23.615598158894063, 0.0 ], [ -46.542591449375401, -23.615612105944457, 0.0 ], [ -46.542594962958496, -23.615625998607648, 0.0 ], [ -46.542598739140033, -23.615639832651759, 0.0 ], [ -46.542602776769847, -23.615653603862796, 0.0 ], [ -46.54260707461809, -23.615667308045886, 0.0 ], [ -46.542611631375685, -23.615680941026568, 0.0 ], [ -46.542616445654659, -23.615694498652086, 0.0 ], [ -46.5426215159886, -23.615707976792631, 0.0 ], [ -46.542626840833108, -23.615721371342602, 0.0 ], [ -46.542632418566249, -23.615734678221852, 0.0 ], [ -46.542638247489052, -23.615747893376948, 0.0 ], [ -46.542644325826032, -23.615761012782407, 0.0 ], [ -46.542650651725708, -23.615774032441891, 0.0 ], [ -46.54265722326123, -23.615786948389449, 0.0 ], [ -46.542664038430885, -23.615799756690738, 0.0 ], [ -46.542671095158752, -23.615812453444171, 0.0 ], [ -46.54267839129534, -23.615825034782169, 0.0 ], [ -46.542685924618212, -23.615837496872299, 0.0 ], [ -46.542693692832692, -23.615849835918457, 0.0 ], [ -46.542701693572539, -23.615862048162015, 0.0 ], [ -46.542709924400697, -23.61587412988294, 0.0 ], [ -46.542718382810008, -23.615886077401026, 0.0 ], [ -46.542727066223975, -23.615897887076883, 0.0 ], [ -46.542735971997594, -23.61590955531312, 0.0 ], [ -46.542745097418091, -23.615921078555463, 0.0 ], [ -46.542754439705796, -23.61593245329377, 0.0 ], [ -46.54276399601499, -23.615943676063143, 0.0 ], [ -46.542773763434731, -23.615954743444991, 0.0 ], [ -46.54278373898979, -23.615965652068017, 0.0 ], [ -46.542793919641518, -23.615976398609344, 0.0 ], [ -46.542804302288815, -23.615986979795409, 0.0 ], [ -46.542814883769005, -23.615997392403035, 0.0 ], [ -46.542825660858881, -23.61600763326042, 0.0 ], [ -46.542836630275644, -23.616017699248047, 0.0 ], [ -46.542847788677875, -23.61602758729968, 0.0 ], [ -46.542859132666621, -23.616037294403281, 0.0 ], [ -46.542870658786384, -23.616046817601937, 0.0 ], [ -46.542882363526175, -23.616056153994759, 0.0 ], [ -46.542894243320603, -23.616065300737734, 0.0 ], [ -46.542906294550953, -23.616074255044648, 0.0 ], [ -46.542918513546276, -23.616083014187897, 0.0 ], [ -46.542930896584508, -23.616091575499322, 0.0 ], [ -46.542943439893648, -23.616099936371018, 0.0 ], [ -46.542956139652837, -23.616108094256163, 0.0 ], [ -46.542968991993575, -23.616116046669735, 0.0 ], [ -46.542981993000865, -23.616123791189324, 0.0 ], [ -46.54299513871446, -23.616131325455832, 0.0 ], [ -46.543008425129976, -23.616138647174232, 0.0 ], [ -46.543021848200212, -23.616145754114211, 0.0 ], [ -46.543035403836321, -23.616152644110894, 0.0 ], [ -46.543049087909068, -23.616159315065499, 0.0 ], [ -46.543062896250106, -23.616165764945944, 0.0 ], [ -46.54307682465322, -23.616171991787521, 0.0 ], [ -46.54309086887563, -23.616177993693434, 0.0 ], [ -46.54310502463926, -23.616183768835416, 0.0 ], [ -46.543119287632074, -23.616189315454282, 0.0 ], [ -46.543133653509358, -23.616194631860456, 0.0 ], [ -46.543148117895058, -23.616199716434473, 0.0 ], [ -46.543162676383112, -23.616204567627506, 0.0 ], [ -46.543177324538796, -23.616209183961821, 0.0 ], [ -46.543192057900072, -23.616213564031199, 0.0 ], [ -46.543206871978931, -23.616217706501427, 0.0 ], [ -46.543221762262789, -23.616221610110642, 0.0 ], [ -46.543236724215845, -23.616225273669745, 0.0 ], [ -46.543251753280472, -23.61622869606277, 0.0 ], [ -46.54326684487858, -23.616231876247205, 0.0 ], [ -46.543281994413043, -23.616234813254334, 0.0 ], [ -46.543297197269091, -23.616237506189492, 0.0 ], [ -46.543312448815698, -23.61623995423237, 0.0 ], [ -46.543327744407001, -23.616242156637284, 0.0 ], [ -46.543343079383753, -23.616244112733327, 0.0 ], [ -46.543358449074667, -23.616245821924654, 0.0 ], [ -46.543373848797899, -23.61624728369063, 0.0 ], [ -46.543389273862473, -23.616248497585975, 0.0 ], [ -46.543404719569665, -23.616249463240933, 0.0 ], [ -46.543420181214472, -23.616250180361362, 0.0 ], [ -46.543435654087055, -23.616250648728787, 0.0 ], [ -46.543451133474122, -23.616250868200581, 0.0 ], [ -46.543466614660424, -23.616250838709863, 0.0 ], [ -46.543482092930155, -23.616250560265637, 0.0 ], [ -46.543497563568394, -23.616250032952721, 0.0 ], [ -46.543513021862537, -23.616249256931759, 0.0 ], [ -46.543528463103769, -23.616248232439112, 0.0 ], [ -46.543543882588445, -23.616246959786892, 0.0 ], [ -46.54355927561955, -23.616245439362764, 0.0 ], [ -46.543574637508137, -23.616243671629881, 0.0 ], [ -46.543589963574739, -23.616241657126714, 0.0 ], [ -46.543605249150808, -23.616239396466927, 0.0 ], [ -46.543620489580135, -23.616236890339138, 0.0 ], [ -46.543635680220248, -23.61623413950678, 0.0 ], [ -46.543650816443851, -23.616231144807784, 0.0 ], [ -46.543665893640217, -23.616227907154386, 0.0 ], [ -46.543680907216633, -23.616224427532845, 0.0 ], [ -46.543695852599726, -23.616220707003095, 0.0 ], [ -46.54371072523692, -23.616216746698477, 0.0 ], [ -46.543725520597789, -23.616212547825352, 0.0 ], [ -46.543740234175459, -23.616208111662775, 0.0 ], [ -46.543754861487962, -23.616203439562067, 0.0 ], [ -46.543769398079611, -23.61619853294642, 0.0 ], [ -46.543783839522348, -23.616193393310482, 0.0 ], [ -46.543798181417117, -23.616188022219845, 0.0 ], [ -46.543812419395181, -23.616182421310636, 0.0 ], [ -46.543826549119451, -23.616176592288976, 0.0 ], [ -46.543840566285823, -23.616170536930483, 0.0 ], [ -46.543854466624474, -23.616164257079706, 0.0 ], [ -46.54386824590118, -23.616157754649567, 0.0 ], [ -46.543881899918603, -23.616151031620831, 0.0 ], [ -46.543895424517537, -23.616144090041409, 0.0 ], [ -46.543908815578234, -23.616136932025828, 0.0 ], [ -46.543922069021583, -23.616129559754505, 0.0 ], [ -46.543935180810443, -23.61612197547317, 0.0 ], [ -46.54394814695079, -23.616114181492094, 0.0 ], [ -46.543960963492992, -23.616106180185433, 0.0 ], [ -46.54397362653296, -23.616097973990492, 0.0 ], [ -46.543986132213405, -23.61608956540702, 0.0 ], [ -46.54399847672493, -23.616080956996377, 0.0 ], [ -46.544010656307286, -23.616072151380813, 0.0 ], [ -46.544022667250417, -23.616063151242638, 0.0 ], [ -46.544034505895674, -23.616053959323427, 0.0 ], [ -46.544046168636868, -23.616044578423171, 0.0 ], [ -46.54405765192142, -23.616035011399415, 0.0 ], [ -46.544068952251394, -23.61602526116641, 0.0 ], [ -46.544080066184613, -23.616015330694214, 0.0 ], [ -46.544090990335661, -23.616005223007772, 0.0 ], [ -46.54410172137694, -23.615994941186042, 0.0 ], [ -46.544112256039682, -23.615984488360994, 0.0 ], [ -46.544122591114935, -23.615973867716711, 0.0 ], [ -46.544132723454545, -23.615963082488356, 0.0 ], [ -46.544142649972137, -23.615952135961287, 0.0 ], [ -46.544152367644003, -23.615941031469944, 0.0 ], [ -46.54416187351007, -23.6159297723969, 0.0 ], [ -46.5441711646748, -23.615918362171811, 0.0 ], [ -46.544180238308023, -23.615906804270395, 0.0 ], [ -46.544189091645869, -23.615895102213312, 0.0 ], [ -46.544197721991559, -23.615883259565184, 0.0 ], [ -46.54420612671624, -23.615871279933419, 0.0 ], [ -46.544214303259793, -23.615859166967155, 0.0 ], [ -46.544222249131607, -23.61584692435618, 0.0 ], [ -46.544229961911341, -23.615834555829714, 0.0 ], [ -46.544237439249649, -23.615822065155371, 0.0 ], [ -46.544244678868921, -23.615809456137971, 0.0 ], [ -46.544251678563946, -23.615796732618371, 0.0 ], [ -46.544258436202611, -23.615783898472305, 0.0 ], [ -46.544264949726525, -23.6157709576092, 0.0 ], [ -46.544271217151675, -23.615757913971006, 0.0 ], [ -46.544277236568995, -23.615744771530963, 0.0 ], [ -46.544283006144987, -23.615731534292408, 0.0 ], [ -46.544288524122237, -23.615718206287575, 0.0 ], [ -46.544293788819999, -23.615704791576295, 0.0 ], [ -46.544298798634649, -23.615691294244865, 0.0 ], [ -46.54430355204024, -23.615677718404715, 0.0 ], [ -46.544308047588892, -23.615664068191201, 0.0 ], [ -46.544312283911317, -23.615650347762326, 0.0 ], [ -46.544316259717156, -23.615636561297482, 0.0 ], [ -46.544319973795403, -23.615622712996167, 0.0 ], [ -46.544323425014817, -23.61560880707674, 0.0 ], [ -46.544326612324198, -23.615594847775085, 0.0 ], [ -46.544329534752741, -23.615580839343338, 0.0 ], [ -46.544332191410319, -23.615566786048639, 0.0 ], [ -46.544334581487796, -23.61555269217175, 0.0 ], [ -46.544336704257198, -23.615538562005813, 0.0 ], [ -46.544338559071996, -23.615524399855016, 0.0 ], [ -46.544340145367286, -23.615510210033303, 0.0 ], [ -46.544341462659958, -23.615495996863029, 0.0 ], [ -46.54434251054883, -23.61548176467366, 0.0 ], [ -46.544343288714806, -23.615467517800461, 0.0 ], [ -46.54434379692092, -23.615453260583188, 0.0 ], [ -46.544344035012472, -23.615438997364699, 0.0 ], [ -46.544344002917008, -23.615424732489707, 0.0 ], [ -46.544343700644404, -23.615410470303441, 0.0 ], [ -46.544343128286826, -23.615396215150287, 0.0 ], [ -46.544342286018697, -23.615381971372507, 0.0 ], [ -46.544341174096665, -23.615367743308862, 0.0 ], [ -46.544339792859525, -23.615353535293362, 0.0 ], [ -46.544338142728101, -23.615339351653887, 0.0 ], [ -46.544336224205125, -23.615325196710916, 0.0 ], [ -46.544334037875075, -23.615311074776145, 0.0 ], [ -46.54433158440402, -23.615296990151236, 0.0 ], [ -46.544328864539388, -23.615282947126516, 0.0 ], [ -46.544325879109749, -23.61526894997958, 0.0 ], [ -46.544322629024585, -23.615255002974088, 0.0 ], [ -46.544319115273971, -23.615241110358404, 0.0 ], [ -46.544315338928321, -23.615227276364337, 0.0 ], [ -46.544311301138009, -23.61521350520583, 0.0 ], [ -46.544307003133063, -23.615199801077676, 0.0 ], [ -46.544302446222773, -23.615186168154292, 0.0 ], [ -46.544297631795274, -23.615172610588353, 0.0 ], [ -46.544292561317164, -23.615159132509586, 0.0 ], [ -46.544287236333027, -23.615145738023529, 0.0 ], [ -46.544281658464968, -23.615132431210245, 0.0 ], [ -46.544275829412122, -23.615119216123095, 0.0 ], [ -46.544269750950122, -23.615106096787464, 0.0 ], [ -46.544263424930605, -23.615093077199614, 0.0 ], [ -46.544256853280572, -23.615080161325416, 0.0 ], [ -46.544250038001877, -23.615067353099121, 0.0 ], [ -46.544242981170562, -23.615054656422206, 0.0 ], [ -46.544235684936261, -23.615042075162183, 0.0 ], [ -46.544228151521523, -23.615029613151368, 0.0 ], [ -46.544220383221131, -23.615017274185785, 0.0 ], [ -46.544212382401426, -23.615005062023961, 0.0 ], [ -46.544204151499578, -23.614992980385814, 0.0 ], [ -46.544195693022829, -23.614981032951466, 0.0 ], [ -46.544187009547748, -23.614969223360202, 0.0 ], [ -46.544178103719425, -23.614957555209305, 0.0 ], [ -46.544168978250696, -23.614946032052945, 0.0 ], [ -46.544159635921289, -23.614934657401172, 0.0 ], [ -46.544150079576973, -23.614923434718754, 0.0 ], [ -46.544140312128732, -23.6149123674242, 0.0 ], [ -46.544130336551838, -23.614901458888685, 0.0 ], [ -46.544120155884954, -23.614890712434992, 0.0 ], [ -46.544109773229223, -23.614880131336569, 0.0 ], [ -46.5440991917473, -23.614869718816486, 0.0 ], [ -46.544088414662404, -23.614859478046441, 0.0 ], [ -46.544077445257351, -23.614849412145851, 0.0 ], [ -46.544066286873509, -23.61483952418082, 0.0 ], [ -46.544054942909831, -23.614829817163315, 0.0 ], [ -46.544043416821779, -23.614820294050119, 0.0 ], [ -46.544031712120301, -23.614810957742034, 0.0 ], [ -46.544019832370743, -23.61480181108297, 0.0 ], [ -46.544007781191773, -23.614792856859012, 0.0 ], [ -46.543995562254281, -23.614784097797688, 0.0 ], [ -46.543983179280225, -23.614775536567056, 0.0 ], [ -46.543970636041571, -23.614767175774912, 0.0 ], [ -46.543957936359071, -23.614759017967991, 0.0 ], [ -46.543945084101139, -23.614751065631214, 0.0 ], [ -46.543932083182654, -23.6147433211869, 0.0 ], [ -46.543918937563781, -23.61473578699405, 0.0 ], [ -46.543905651248778, -23.614728465347611, 0.0 ], [ -46.543892228284705, -23.614721358477798, 0.0 ], [ -46.543878672760314, -23.614714468549401, 0.0 ], [ -46.543864988804664, -23.614707797661133, 0.0 ], [ -46.543851180586003, -23.614701347844985, 0.0 ], [ -46.543837252310361, -23.614695121065576, 0.0 ], [ -46.543823208220381, -23.614689119219644, 0.0 ], [ -46.543809052593971, -23.614683344135376, 0.0 ], [ -46.543794789743011, -23.614677797571886, 0.0 ], [ -46.543780424012034, -23.614672481218683, 0.0 ], [ -46.543765959776906, -23.614667396695168, 0.0 ], [ -46.543751401443508, -23.614662545550104, 0.0 ], [ -46.543736753446389, -23.61465792926117, 0.0 ], [ -46.543722020247394, -23.614653549234522, 0.0 ], [ -46.543707206334318, -23.614649406804336, 0.0 ], [ -46.543692316219555, -23.614645503232417, 0.0 ], [ -46.543677354438692, -23.614641839707811, 0.0 ], [ -46.543662325549171, -23.614638417346459, 0.0 ], [ -46.543647234128827, -23.614635237190829, 0.0 ], [ -46.5436320847746, -23.614632300209593, 0.0 ], [ -46.543616882101034, -23.614629607297381, 0.0 ], [ -46.543601630738934, -23.614627159274491, 0.0 ], [ -46.54358633533392, -23.61462495688658, 0.0 ], [ -46.543571000545043, -23.614623000804521, 0.0 ], [ -46.54355563104334, -23.614621291624154, 0.0 ], [ -46.54354023151042, -23.61461982986609, 0.0 ], [ -46.543524806637045, -23.614618615975601, 0.0 ], [ -46.5435093611217, -23.614617650322458, 0.0 ], [ -46.543493899669144, -23.614616933200775, 0.0 ], [ -46.543478426988997, -23.614616464829044, 0.0 ], [ -46.54346294779431, -23.614616245349886, 0.0 ], [ -46.543447466800089, -23.614616274830198, 0.0 ], [ -46.54343198872192, -23.614616553260984, 0.0 ], [ -46.543416518274483, -23.614617080557451, 0.0 ], [ -46.543401060170147, -23.614617856558969, 0.0 ], [ -46.543385619117508, -23.614618881029202, 0.0 ], [ -46.543370199819968, -23.614620153656052, 0.0 ], [ -46.543354806974321, -23.614621674051911, 0.0 ], [ -46.543339445269282, -23.614623441753647, 0.0 ], [ -46.543324119384096, -23.614625456222818, 0.0 ], [ -46.543308833987091, -23.614627716845821, 0.0 ], [ -46.543293593734269, -23.614630222934061, 0.0 ], [ -46.543278403267877, -23.61463297372417, 0.0 ], [ -46.543263267214996, -23.614635968378263, 0.0 ], [ -46.543248190186141, -23.614639205984155, 0.0 ], [ -46.543233176773832, -23.614642685555644, 0.0 ], [ -46.543218231551243, -23.614646406032865, 0.0 ], [ -46.543203359070752, -23.614650366282543, 0.0 ], [ -46.543188563862586, -23.614654565098377, 0.0 ], [ -46.54317385043344, -23.614659001201378, 0.0 ], [ -46.5431592232651, -23.614663673240305, 0.0 ], [ -46.543144686813086, -23.614668579792035, 0.0 ], [ -46.54313024550526, -23.614673719362013, 0.0 ], [ -46.543115903740542, -23.614679090384705, 0.0 ], [ -46.543101665887505, -23.614684691224081, 0.0 ], [ -46.543087536283068, -23.614690520174101, 0.0 ], [ -46.543073519231207, -23.614696575459238, 0.0 ], [ -46.543059619001596, -23.614702855235034, 0.0 ], [ -46.543045839828331, -23.614709357588644, 0.0 ], [ -46.543032185908622, -23.614716080539413, 0.0 ], [ -46.543018661401554, -23.614723022039513, 0.0 ], [ -46.543005270426782, -23.614730179974522, 0.0 ], [ -46.542992017063277, -23.614737552164112, 0.0 ], [ -46.542978905348107, -23.614745136362664, 0.0 ], [ -46.542965939275206, -23.614752930260011, 0.0 ], [ -46.542953122794117, -23.614760931482078, 0.0 ], [ -46.542940459808854, -23.614769137591669, 0.0 ], [ -46.542927954176648, -23.614777546089158, 0.0 ], [ -46.542915609706817, -23.614786154413277, 0.0 ], [ -46.542903430159583, -23.614794959941879, 0.0 ], [ -46.542891419244945, -23.614803959992763, 0.0 ], [ -46.542879580621523, -23.614813151824457, 0.0 ], [ -46.542867917895478, -23.614822532637078, 0.0 ], [ -46.542856434619374, -23.614832099573199, 0.0 ], [ -46.542845134291134, -23.614841849718662, 0.0 ], [ -46.542834020352927, -23.614851780103521, 0.0 ], [ -46.542823096190183, -23.614861887702922, 0.0 ], [ -46.542812365130509, -23.614872169438048, 0.0 ], [ -46.542801830442698, -23.614882622176999, 0.0 ], [ -46.542791495335734, -23.614893242735825, 0.0 ], [ -46.542781362957804, -23.614904027879433, 0.0 ], [ -46.542771436395348, -23.614914974322609, 0.0 ], [ -46.542761718672097, -23.614926078730981, 0.0 ], [ -46.542752212748212, -23.6149373377221, 0.0 ], [ -46.542742921519299, -23.614948747866396, 0.0 ], [ -46.54273384781559, -23.614960305688264, 0.0 ], [ -46.542724994401048, -23.614972007667117, 0.0 ], [ -46.542716363972566, -23.614983850238449, 0.0 ], [ -46.542707959159074, -23.614995829794946, 0.0 ], [ -46.542699782520806, -23.615007942687548, 0.0 ], [ -46.542691836548478, -23.615020185226566, 0.0 ], [ -46.542684123662575, -23.61503255368287, 0.0 ], [ -46.542676646212556, -23.615045044288923, 0.0 ], [ -46.542669406476172, -23.61505765323998, 0.0 ], [ -46.542662406658778, -23.615070376695297, 0.0 ], [ -46.542655648892641, -23.61508321077919, 0.0 ], [ -46.542649135236289, -23.615096151582311, 0.0 ], [ -46.542642867673926, -23.615109195162795, 0.0 ], [ -46.542636848114753, -23.615122337547461, 0.0 ], [ -46.542631078392468, -23.615135574733042, 0.0 ], [ -46.542625560264639, -23.61514890268738, 0.0 ], [ -46.54262029541222, -23.615162317350684, 0.0 ], [ -46.542615285438998, -23.615175814636736, 0.0 ], [ -46.542610531871134, -23.615189390434153, 0.0 ], [ -46.542606036156684, -23.615203040607621, 0.0 ], [ -46.542601799665171, -23.615216760999207, 0.0 ], [ -46.542597823687139, -23.615230547429551, 0.0 ], [ -46.542594109433793, -23.61524439569919, 0.0 ], [ -46.542590658036602, -23.615258301589822, 0.0 ], [ -46.542587470546991, -23.615272260865588, 0.0 ], [ -46.542584547935967, -23.615286269274371, 0.0 ], [ -46.542581891093882, -23.615300322549086, 0.0 ], [ -46.542579500830115, -23.615314416408978, 0.0 ], [ -46.542577377872846, -23.615328546560935, 0.0 ], [ -46.542575522868837, -23.615342708700773, 0.0 ], [ -46.542573936383221, -23.615356898514566, 0.0 ], [ -46.542572618899356, -23.615371111679977, 0.0 ], [ -46.54257157081863, -23.615385343867541, 0.0 ], [ -46.54257079246041, -23.615399590741983, 0.0 ], [ -46.542570284061853, -23.615413847963573, 0.0 ], [ -46.542570045777936, -23.615428111189424, 0.0 ], [ -46.542570077681312, -23.615442376074817, 0.0 ], [ -46.542570379762353, -23.615456638274519, 0.0 ] ] ] ] } },
{ "type": "Feature", "properties": { "fid": 116.0, "MODELO" : "TAMCENTRAL" }, "geometry": { "type": "MultiPolygon", "coordinates": [ [ [ [ -46.52598041206825, -23.653463515299087, -1.79769313486231571e+308 ], [ -46.526019497174346, -23.65345796554919, -1.79769313486231571e+308 ], [ -46.526062557817745, -23.653447742085927, -1.79769313486231571e+308 ], [ -46.526108463850477, -23.653431050909145, -1.79769313486231571e+308 ], [ -46.526131025452536, -23.653419989602977, -1.79769313486231571e+308 ], [ -46.526153296704386, -23.65340655159735, -1.79769313486231571e+308 ], [ -46.526367795103624, -23.653261033320078, -1.79769313486231571e+308 ], [ -46.526581710483832, -23.653111817770775, -1.79769313486231571e+308 ], [ -46.526723343557599, -23.653009822077269, -1.79769313486231571e+308 ], [ -46.526910192513498, -23.652870139386568, -1.79769313486231571e+308 ], [ -46.527015616803794, -23.652788198526132, -1.79769313486231571e+308 ], [ -46.527134627103273, -23.652692466040833, -1.79769313486231571e+308 ], [ -46.52729253327653, -23.652562223257117, -1.79769313486231571e+308 ], [ -46.527447045706452, -23.652431612906479, -1.79769313486231571e+308 ], [ -46.527548503093747, -23.652342802223437, -1.79769313486231571e+308 ], [ -46.52768224853201, -23.652220398094261, -1.79769313486231571e+308 ], [ -46.527758054152393, -23.652147648153726, -1.79769313486231571e+308 ], [ -46.527818977076784, -23.652084374005081, -1.79769313486231571e+308 ], [ -46.527875583581043, -23.652018404980648, -1.79769313486231571e+308 ], [ -46.527911104143854, -23.651973098242788, -1.79769313486231571e+308 ], [ -46.527955921573671, -23.651911239858205, -1.79769313486231571e+308 ], [ -46.528011568028646, -23.651826571309549, -1.79769313486231571e+308 ], [ -46.528079431455183, -23.651710700313963, -1.79769313486231571e+308 ], [ -46.528115463799914, -23.651643430735316, -1.79769313486231571e+308 ], [ -46.528154626116482, -23.65156601159136, -1.79769313486231571e+308 ], [ -46.528197243894766, -23.651477293164611, -1.79769313486231571e+308 ], [ -46.528243896245186, -23.651376282709411, -1.79769313486231571e+308 ], [ -46.528263259572121, -23.651328004172921, -1.79769313486231571e+308 ], [ -46.528279022247041, -23.651275115246708, -1.79769313486231571e+308 ], [ -46.528286756439869, -23.651238327293512, -1.79769313486231571e+308 ], [ -46.528292693348831, -23.651188605886503, -1.79769313486231571e+308 ], [ -46.528293458399943, -23.651160359704011, -1.79769313486231571e+308 ], [ -46.52829166656975, -23.651128661650372, -1.79769313486231571e+308 ], [ -46.528285758805573, -23.651093701031201, -1.79769313486231571e+308 ], [ -46.528273401837126, -23.651056151364717, -1.79769313486231571e+308 ], [ -46.528264142526652, -23.651037473137997, -1.79769313486231571e+308 ], [ -46.5282520694265, -23.651018783738404, -1.79769313486231571e+308 ], [ -46.528236553513111, -23.65100043766553, -1.79769313486231571e+308 ], [ -46.528216833354001, -23.650982901565765, -1.79769313486231571e+308 ], [ -46.52817219190004, -23.650950266372522, -1.79769313486231571e+308 ], [ -46.528126605569454, -23.650919770641558, -1.79769313486231571e+308 ], [ -46.528033162781874, -23.650864030709108, -1.79769313486231571e+308 ], [ -46.527969639012738, -23.650829824409559, -1.79769313486231571e+308 ], [ -46.527712963318692, -23.650701646610187, -1.79769313486231571e+308 ], [ -46.527640882023576, -23.650663404749654, -1.79769313486231571e+308 ], [ -46.52756033629791, -23.650616441051, -1.79769313486231571e+308 ], [ -46.527112797731284, -23.650349231274841, -1.79769313486231571e+308 ], [ -46.526965639397801, -23.65025630897145, -1.79769313486231571e+308 ], [ -46.526882812568921, -23.650200370586251, -1.79769313486231571e+308 ], [ -46.526789629634457, -23.650133056045437, -1.79769313486231571e+308 ], [ -46.526685469224141, -23.65005071353643, -1.79769313486231571e+308 ], [ -46.526631096694722, -23.650004043293823, -1.79769313486231571e+308 ], [ -46.526609817877343, -23.649983615730683, -1.79769313486231571e+308 ], [ -46.526590705588475, -23.649962109444061, -1.79769313486231571e+308 ], [ -46.526558092289655, -23.649916294592067, -1.79769313486231571e+308 ], [ -46.526539793754779, -23.649884023779329, -1.79769313486231571e+308 ], [ -46.526518634848536, -23.649839357219768, -1.79769313486231571e+308 ], [ -46.526447102375457, -23.649653643203202, -1.79769313486231571e+308 ], [ -46.52641595595437, -23.649585019320423, -1.79769313486231571e+308 ], [ -46.526380689305093, -23.649513994948624, -1.79769313486231571e+308 ], [ -46.526304772317033, -23.649367076213135, -1.79769313486231571e+308 ], [ -46.526255771878049, -23.649267393932959, -1.79769313486231571e+308 ], [ -46.526230250729654, -23.649210444014884, -1.79769313486231571e+308 ], [ -46.526204517206757, -23.649145778152281, -1.79769313486231571e+308 ], [ -46.526181010491044, -23.649072896574676, -1.79769313486231571e+308 ], [ -46.526171612399878, -23.649034660811367, -1.79769313486231571e+308 ], [ -46.52616437214531, -23.6489944886393, -1.79769313486231571e+308 ], [ -46.526160166516604, -23.648952452103735, -1.79769313486231571e+308 ], [ -46.52616015599996, -23.648944800021955, -8.98846567431157854e+307 ], [ -46.526167541193786, -23.64893938360046, 0.0 ], [ -46.526175268138239, -23.648933511381962, 0.0 ], [ -46.526182883041159, -23.648927516247074, 0.0 ], [ -46.526190383598752, -23.648921400009591, 0.0 ], [ -46.526197767541802, -23.648915164519895, 0.0 ], [ -46.526205032636391, -23.648908811664491, 0.0 ], [ -46.526212176684538, -23.648902343365396, 0.0 ], [ -46.526219197524902, -23.648895761579489, 0.0 ], [ -46.526226093033401, -23.648889068298086, 0.0 ], [ -46.526232861123894, -23.648882265546145, 0.0 ], [ -46.526239499748783, -23.648875355381776, 0.0 ], [ -46.526246006899626, -23.648868339895596, 0.0 ], [ -46.526252380607772, -23.648861221210066, 0.0 ], [ -46.526258618944937, -23.648854001478892, 0.0 ], [ -46.526264720023796, -23.648846682886315, 0.0 ], [ -46.526270681998547, -23.648839267646526, 0.0 ], [ -46.526276503065482, -23.648831758002924, 0.0 ], [ -46.526282181463515, -23.648824156227466, 0.0 ], [ -46.526287715474723, -23.64881646462003, 0.0 ], [ -46.526293103424891, -23.648808685507603, 0.0 ], [ -46.526298343683948, -23.6488008212437, 0.0 ], [ -46.526303434666552, -23.648792874207579, 0.0 ], [ -46.526308374832489, -23.648784846803512, 0.0 ], [ -46.526313162687202, -23.648776741460143, 0.0 ], [ -46.526317796782209, -23.648768560629637, 0.0 ], [ -46.526322275715529, -23.648760306787032, 0.0 ], [ -46.52632659813213, -23.648751982429435, 0.0 ], [ -46.526330762724356, -23.64874359007532, 0.0 ], [ -46.526334768232282, -23.648735132263681, 0.0 ], [ -46.526338613444103, -23.648726611553347, 0.0 ], [ -46.526342297196528, -23.64871803052219, 0.0 ], [ -46.526345818375113, -23.648709391766282, 0.0 ], [ -46.526349175914589, -23.648700697899205, 0.0 ], [ -46.526352368799202, -23.648691951551193, 0.0 ], [ -46.526355396063011, -23.648683155368353, 0.0 ], [ -46.526358256790196, -23.648674312011906, 0.0 ], [ -46.52636095011529, -23.648665424157276, 0.0 ], [ -46.526363475223505, -23.648656494493409, 0.0 ], [ -46.52636583135093, -23.648647525721863, 0.0 ], [ -46.526368017784783, -23.648638520556062, 0.0 ], [ -46.5263700338636, -23.648629481720405, 0.0 ], [ -46.526371878977486, -23.648620411949487, 0.0 ], [ -46.526373552568273, -23.648611313987281, 0.0 ], [ -46.526375054129645, -23.648602190586264, 0.0 ], [ -46.526376383207371, -23.648593044506615, 0.0 ], [ -46.526377097961401, -23.648587378121661, -8.98846567431157854e+307 ], [ -46.526411870335096, -23.648555918715967, -1.79769313486231571e+308 ], [ -46.52671251193793, -23.648258062225501, -1.79769313486231571e+308 ], [ -46.52701123296503, -23.647957117906124, -1.79769313486231571e+308 ], [ -46.527607035033149, -23.647351386119258, -1.79769313486231571e+308 ], [ -46.528006329184471, -23.646949067772269, -1.79769313486231571e+308 ], [ -46.528236371714371, -23.646721187831528, -1.79769313486231571e+308 ], [ -46.528501670875073, -23.646463501439648, -1.79769313486231571e+308 ], [ -46.528539634491075, -23.646428370612075, -1.79769313486231571e+308 ], [ -46.528578587010095, -23.64639480359066, -1.79769313486231571e+308 ], [ -46.528659318235434, -23.64633209936455, -1.79769313486231571e+308 ], [ -46.52871511976015, -23.646293367965544, -1.79769313486231571e+308 ], [ -46.528791821157952, -23.64624524017735, -1.79769313486231571e+308 ], [ -46.528897861874938, -23.646186729555744, -1.79769313486231571e+308 ], [ -46.528960229600933, -23.64615589643557, -1.79769313486231571e+308 ], [ -46.529032947239131, -23.64612271710142, -1.79769313486231571e+308 ], [ -46.529117773717992, -23.646087187709863, -1.79769313486231571e+308 ], [ -46.529216725978614, -23.646049258060344, -1.79769313486231571e+308 ], [ -46.529332078926963, -23.646008738405172, -1.79769313486231571e+308 ], [ -46.529466334880162, -23.645965130704006, -1.79769313486231571e+308 ], [ -46.529622139351424, -23.645917336863111, -1.79769313486231571e+308 ], [ -46.529802106294419, -23.645863169820622, -1.79769313486231571e+308 ], [ -46.530008494757325, -23.645798552479373, -1.79769313486231571e+308 ], [ -46.530118172737559, -23.645761592029608, -1.79769313486231571e+308 ], [ -46.530234386257654, -23.645719372164987, -1.79769313486231571e+308 ], [ -46.530357026738578, -23.645670343035842, -1.79769313486231571e+308 ], [ -46.530485809945695, -23.645612512333088, -1.79769313486231571e+308 ], [ -46.530551270737156, -23.645580081941716, -1.79769313486231571e+308 ], [ -46.530618011964272, -23.645544553959287, -1.79769313486231571e+308 ], [ -46.530685927836586, -23.645505521596839, -1.79769313486231571e+308 ], [ -46.530754890254023, -23.645462527600305, -1.79769313486231571e+308 ], [ -46.53082474592361, -23.645415058453093, -1.79769313486231571e+308 ], [ -46.530895313149088, -23.645362537946504, -1.79769313486231571e+308 ], [ -46.530942814180683, -23.645323358829145, -1.79769313486231571e+308 ], [ -46.530986674962271, -23.645281684415949, -1.79769313486231571e+308 ], [ -46.531012642820706, -23.645252703308046, -1.79769313486231571e+308 ], [ -46.531041702887094, -23.645212795119274, -1.79769313486231571e+308 ], [ -46.531054835982069, -23.645189433413989, -1.79769313486231571e+308 ], [ -46.531066225508305, -23.645162317586944, -1.79769313486231571e+308 ], [ -46.531073904243016, -23.645130875548688, -1.79769313486231571e+308 ], [ -46.531076692473675, -23.645085074148778, -1.79769313486231571e+308 ], [ -46.53107255159653, -23.645037031003302, -1.79769313486231571e+308 ], [ -46.531066238196573, -23.645004187647139, -1.79769313486231571e+308 ], [ -46.531053752877732, -23.644959896584968, -1.79769313486231571e+308 ], [ -46.531030549369518, -23.644900932688806, -1.79769313486231571e+308 ], [ -46.53101427348787, -23.644867790245716, -1.79769313486231571e+308 ], [ -46.53099328249494, -23.64483083463794, -1.79769313486231571e+308 ], [ -46.530966514318244, -23.644790301492186, -1.79769313486231571e+308 ], [ -46.530932805305561, -23.64474694449255, -1.79769313486231571e+308 ], [ -46.530890974365164, -23.644702378638836, -1.79769313486231571e+308 ], [ -46.53065104333929, -23.644472519970275, -1.79769313486231571e+308 ], [ -46.53041111315337, -23.644242660881318, -1.79769313486231571e+308 ], [ -46.530261335973549, -23.644114364934165, -1.79769313486231571e+308 ], [ -46.530384129833926, -23.643197905686733, -1.79769313486231571e+308 ], [ -46.530205415649796, -23.643131367017546, -1.79769313486231571e+308 ], [ -46.529956037217922, -23.644001263571543, -1.79769313486231571e+308 ], [ -46.529847775506916, -23.644255049196158, -1.79769313486231571e+308 ], [ -46.529793684217296, -23.644385356696713, -1.79769313486231571e+308 ], [ -46.529739592827248, -23.644515664181782, -1.79769313486231571e+308 ], [ -46.529719917338092, -23.644554910955144, -1.79769313486231571e+308 ], [ -46.529695624955266, -23.644589731658417, -1.79769313486231571e+308 ], [ -46.529677028634957, -23.644610652231801, -1.79769313486231571e+308 ], [ -46.529649440174374, -23.644635890145135, -1.79769313486231571e+308 ], [ -46.529608061439355, -23.64466519535647, -1.79769313486231571e+308 ], [ -46.529582250662756, -23.644679905585214, -1.79769313486231571e+308 ], [ -46.529550987376069, -23.644695070102284, -1.79769313486231571e+308 ], [ -46.529513141417205, -23.644710441214457, -1.79769313486231571e+308 ], [ -46.529467406849975, -23.644725734578337, -1.79769313486231571e+308 ], [ -46.52941231838858, -23.644740670102077, -1.79769313486231571e+308 ], [ -46.529346305508199, -23.644755055737463, -1.79769313486231571e+308 ], [ -46.529267811591048, -23.644768942925147, -1.79769313486231571e+308 ], [ -46.529051008931731, -23.644801193164913, -1.79769313486231571e+308 ], [ -46.528928519638157, -23.64482286816131, -1.79769313486231571e+308 ], [ -46.528865409689317, -23.644837219268009, -1.79769313486231571e+308 ], [ -46.528800677488761, -23.644855563562885, -1.79769313486231571e+308 ], [ -46.528735389328631, -23.644879414696778, -1.79769313486231571e+308 ], [ -46.528703498526326, -23.644893746856113, -1.79769313486231571e+308 ], [ -46.528672040665477, -23.644910159247544, -1.79769313486231571e+308 ], [ -46.528641268304618, -23.644928969695801, -1.79769313486231571e+308 ], [ -46.528460686138366, -23.645049475226937, -1.79769313486231571e+308 ], [ -46.528280975710537, -23.645172455299324, -1.79769313486231571e+308 ], [ -46.528162463854507, -23.645256496615069, -1.79769313486231571e+308 ], [ -46.528007026671411, -23.645371919334149, -1.79769313486231571e+308 ], [ -46.527919929193757, -23.645439939100982, -1.79769313486231571e+308 ], [ -46.527822266177438, -23.645519800650153, -1.79769313486231571e+308 ], [ -46.52771349845532, -23.645614177805136, -1.79769313486231571e+308 ], [ -46.527593501760649, -23.645726590467881, -1.79769313486231571e+308 ], [ -46.527520718197046, -23.645802648169962, -1.79769313486231571e+308 ], [ -46.527452723155214, -23.645882308022419, -1.79769313486231571e+308 ], [ -46.527409516586872, -23.645936986909668, -1.79769313486231571e+308 ], [ -46.527353910136341, -23.646011337281177, -1.79769313486231571e+308 ], [ -46.527139734217869, -23.646313564310812, -1.79769313486231571e+308 ], [ -46.52707637122753, -23.646397662570379, -1.79769313486231571e+308 ], [ -46.52700015057993, -23.646490452045832, -1.79769313486231571e+308 ], [ -46.526957281255619, -23.646538044397701, -1.79769313486231571e+308 ], [ -46.526909479303868, -23.646587057679586, -1.79769313486231571e+308 ], [ -46.526855784327459, -23.646637069054904, -1.79769313486231571e+308 ], [ -46.526795011034302, -23.64668749718518, -1.79769313486231571e+308 ], [ -46.526561769339175, -23.646866825142599, -1.79769313486231571e+308 ], [ -46.526326855418837, -23.647044317428183, -1.79769313486231571e+308 ], [ -46.525483822280847, -23.647675460939155, -1.79769313486231571e+308 ], [ -46.524639422469356, -23.648304351279979, -1.79769313486231571e+308 ], [ -46.522948947344929, -23.649561336269347, -1.79769313486231571e+308 ], [ -46.521822668314741, -23.650403522701112, -1.79769313486231571e+308 ], [ -46.52175009573709, -23.650461147668338, -1.79769313486231571e+308 ], [ -46.521680120712631, -23.650522991307348, -1.79769313486231571e+308 ], [ -46.521636268599075, -23.650565505655685, -1.79769313486231571e+308 ], [ -46.521582896699762, -23.650622528584041, -1.79769313486231571e+308 ], [ -46.521555683582115, -23.650654763107674, -1.79769313486231571e+308 ], [ -46.52153398382945, -23.650685780581046, -1.79769313486231571e+308 ], [ -46.521517687698712, -23.650718192797367, -1.79769313486231571e+308 ], [ -46.521509709880476, -23.650740514818686, -1.79769313486231571e+308 ], [ -46.521502526556276, -23.650771093169372, -1.79769313486231571e+308 ], [ -46.521498825643647, -23.650813175700414, -1.79769313486231571e+308 ], [ -46.521499590801838, -23.650837824341366, -1.79769313486231571e+308 ], [ -46.521502914304605, -23.650866468908927, -1.79769313486231571e+308 ], [ -46.521508909502593, -23.650895545431968, -8.98846567431157854e+307 ], [ -46.519710590440411, -23.652166394233294, 0.0 ], [ -46.519702559167335, -23.652171876692591, 0.0 ], [ -46.519694632547605, -23.652177486907679, 0.0 ], [ -46.519686812975849, -23.652183223183734, 0.0 ], [ -46.519679102814365, -23.652189083787814, 0.0 ], [ -46.519671504392406, -23.652195066949464, 0.0 ], [ -46.519664020005465, -23.652201170861147, 0.0 ], [ -46.519656651914573, -23.6522073936789, 0.0 ], [ -46.519649402345664, -23.652213733522807, 0.0 ], [ -46.519642273488834, -23.652220188477607, 0.0 ], [ -46.519635267497719, -23.652226756593262, 0.0 ], [ -46.519628386488854, -23.652233435885556, 0.0 ], [ -46.519621632541003, -23.65224022433668, 0.0 ], [ -46.51961500769454, -23.652247119895836, 0.0 ], [ -46.519608513950878, -23.652254120479896, 0.0 ], [ -46.519602153271769, -23.652261223973966, 0.0 ], [ -46.519595927578798, -23.652268428232102, 0.0 ], [ -46.519589838752779, -23.652275731077893, 0.0 ], [ -46.519583888633164, -23.652283130305157, 0.0 ], [ -46.519578079017492, -23.652290623678592, 0.0 ], [ -46.519572411660896, -23.652298208934443, 0.0 ], [ -46.519566888275499, -23.652305883781207, 0.0 ], [ -46.519561510529932, -23.652313645900321, 0.0 ], [ -46.519556280048853, -23.652321492946839, 0.0 ], [ -46.519551198412408, -23.652329422550178, 0.0 ], [ -46.519546267155796, -23.652337432314813, 0.0 ], [ -46.51954148776877, -23.652345519820965, 0.0 ], [ -46.519536861695215, -23.652353682625417, 0.0 ], [ -46.519532390332706, -23.652361918262194, 0.0 ], [ -46.519528075032056, -23.652370224243281, 0.0 ], [ -46.519523917096969, -23.652378598059457, 0.0 ], [ -46.519519917783569, -23.652387037180993, 0.0 ], [ -46.519516078300107, -23.652395539058418, 0.0 ], [ -46.519512399806501, -23.652404101123306, 0.0 ], [ -46.519508883414069, -23.652412720789055, 0.0 ], [ -46.519505530185157, -23.652421395451665, 0.0 ], [ -46.519502341132792, -23.652430122490511, 0.0 ], [ -46.519499317220436, -23.652438899269139, 0.0 ], [ -46.51949645936164, -23.652447723136095, 0.0 ], [ -46.519493768419807, -23.652456591425668, 0.0 ], [ -46.519491245207909, -23.652465501458742, 0.0 ], [ -46.519488890488248, -23.6524744505436, 0.0 ], [ -46.519486704972202, -23.652483435976681, 0.0 ], [ -46.519484689320073, -23.652492455043511, 0.0 ], [ -46.519482844140818, -23.652501505019398, 0.0 ], [ -46.519481169991913, -23.652510583170333, 0.0 ], [ -46.519479667379144, -23.652519686753802, 0.0 ], [ -46.519478336756499, -23.652528813019604, 0.0 ], [ -46.519477178525989, -23.652537959210672, 0.0 ], [ -46.519476193037562, -23.652547122563938, 0.0 ], [ -46.519475380588965, -23.652556300311122, 0.0 ], [ -46.519474741425682, -23.652565489679628, 0.0 ], [ -46.519474275740833, -23.652574687893317, 0.0 ], [ -46.519473983675148, -23.652583892173411, 0.0 ], [ -46.51947386531689, -23.652593099739271, 0.0 ], [ -46.519473920701856, -23.652602307809257, 0.0 ], [ -46.519474149813348, -23.652611513601624, 0.0 ], [ -46.519474552582196, -23.652620714335253, 0.0 ], [ -46.519475128886747, -23.652629907230619, 0.0 ], [ -46.519475878552946, -23.652639089510483, 0.0 ], [ -46.519476801354344, -23.652648258400909, 0.0 ], [ -46.519477897012194, -23.652657411131909, 0.0 ], [ -46.519479165195534, -23.652666544938452, 0.0 ], [ -46.519480605521288, -23.652675657061177, 0.0 ], [ -46.519482217554362, -23.65268474474729, 0.0 ], [ -46.519484000807786, -23.652693805251396, 0.0 ], [ -46.519485954742869, -23.652702835836266, 0.0 ], [ -46.519488078769363, -23.652711833773768, 0.0 ], [ -46.51949037224562, -23.652720796345566, 0.0 ], [ -46.519492834478811, -23.652729720844075, 0.0 ], [ -46.519495464725132, -23.652738604573152, 0.0 ], [ -46.519498262190005, -23.652747444849012, 0.0 ], [ -46.519501226028339, -23.65275623900099, 0.0 ], [ -46.519504355344779, -23.652764984372329, 0.0 ], [ -46.51950764919399, -23.652773678321033, 0.0 ], [ -46.519511106580914, -23.652782318220634, 0.0 ], [ -46.519514726461097, -23.652790901460982, 0.0 ], [ -46.519518507740997, -23.652799425449075, 0.0 ], [ -46.519522449278305, -23.652807887609768, 0.0 ], [ -46.519526549882301, -23.652816285386621, 0.0 ], [ -46.519530808314194, -23.652824616242633, 0.0 ], [ -46.519535223287548, -23.652832877661037, 0.0 ], [ -46.519539793468596, -23.652841067146014, 0.0 ], [ -46.51954451747671, -23.652849182223513, 0.0 ], [ -46.519549393884766, -23.652857220441913, 0.0 ], [ -46.519554421219617, -23.652865179372849, 0.0 ], [ -46.519559597962512, -23.652873056611906, 0.0 ], [ -46.519564922549563, -23.65288084977934, 0.0 ], [ -46.519570393372213, -23.652888556520804, 0.0 ], [ -46.519576008777733, -23.652896174508065, 0.0 ], [ -46.519581767069717, -23.65290370143968, 0.0 ], [ -46.519587666508578, -23.652911135041769, 0.0 ], [ -46.51959370531209, -23.652918473068585, 0.0 ], [ -46.519599881655942, -23.652925713303294, 0.0 ], [ -46.519606193674242, -23.652932853558578, 0.0 ], [ -46.519612639460135, -23.652939891677345, 0.0 ], [ -46.519619217066335, -23.652946825533355, 0.0 ], [ -46.519625924505732, -23.652953653031854, 0.0 ], [ -46.519632759752021, -23.652960372110236, 0.0 ], [ -46.519639720740237, -23.652966980738629, 0.0 ], [ -46.519646805367472, -23.652973476920536, 0.0 ], [ -46.519654011493436, -23.652979858693453, 0.0 ], [ -46.519661336941148, -23.652986124129399, 0.0 ], [ -46.519668779497565, -23.65299227133556, 0.0 ], [ -46.51967633691428, -23.652998298454843, 0.0 ], [ -46.519684006908172, -23.653004203666434, 0.0 ], [ -46.51969178716211, -23.653009985186333, 0.0 ], [ -46.519699675325661, -23.65301564126792, 0.0 ], [ -46.519707669015794, -23.653021170202461, 0.0 ], [ -46.519715765817573, -23.653026570319664, 0.0 ], [ -46.519723963284939, -23.653031839988095, 0.0 ], [ -46.51973225894141, -23.653036977615788, 0.0 ], [ -46.519740650280824, -23.653041981650635, 0.0 ], [ -46.519749134768141, -23.653046850580889, 0.0 ], [ -46.519757709840157, -23.653051582935646, 0.0 ], [ -46.519766372906311, -23.653056177285194, 0.0 ], [ -46.519775121349454, -23.653060632241605, 0.0 ], [ -46.519783952526652, -23.65306494645899, 0.0 ], [ -46.519792863769958, -23.653069118634026, 0.0 ], [ -46.519801852387253, -23.653073147506245, 0.0 ], [ -46.519810915663037, -23.653077031858537, 0.0 ], [ -46.519820050859245, -23.653080770517402, 0.0 ], [ -46.519829255216109, -23.653084362353393, 0.0 ], [ -46.519838525952935, -23.653087806281377, 0.0 ], [ -46.519847860268996, -23.653091101260941, 0.0 ], [ -46.519857255344348, -23.653094246296657, 0.0 ], [ -46.519866708340693, -23.653097240438388, 0.0 ], [ -46.519876216402245, -23.653100082781595, 0.0 ], [ -46.519885776656544, -23.653102772467598, 0.0 ], [ -46.519895386215431, -23.653105308683809, 0.0 ], [ -46.519905042175772, -23.653107690664051, 0.0 ], [ -46.519914741620468, -23.653109917688706, 0.0 ], [ -46.519924481619256, -23.653111989084984, 0.0 ], [ -46.51993425922965, -23.653113904227098, 0.0 ], [ -46.519944071497775, -23.653115662536479, 0.0 ], [ -46.51995391545929, -23.653117263481942, 0.0 ], [ -46.519963788140281, -23.653118706579821, 0.0 ], [ -46.519973686558167, -23.653119991394171, 0.0 ], [ -46.519983607722573, -23.653121117536813, 0.0 ], [ -46.519993548636265, -23.653122084667565, 0.0 ], [ -46.520003506296042, -23.653122892494245, 0.0 ], [ -46.520013477693645, -23.653123540772796, 0.0 ], [ -46.520023459816656, -23.653124029307385, 0.0 ], [ -46.520033449649418, -23.653124357950414, 0.0 ], [ -46.520043444173965, -23.653124526602603, 0.0 ], [ -46.520053440370873, -23.653124535213006, 0.0 ], [ -46.520063435220251, -23.653124383779026, 0.0 ], [ -46.520073425702613, -23.653124072346415, 0.0 ], [ -46.520083408799749, -23.653123601009245, 0.0 ], [ -46.520093381495748, -23.65312296990993, 0.0 ], [ -46.52010334077778, -23.653122179239116, 0.0 ], [ -46.520113283637095, -23.65312122923568, 0.0 ], [ -46.520123207069915, -23.653120120186625, 0.0 ], [ -46.520133108078312, -23.653118852426989, 0.0 ], [ -46.520142983671143, -23.65311742633979, 0.0 ], [ -46.520152830864937, -23.653115842355849, 0.0 ], [ -46.520162646684803, -23.653114100953697, 0.0 ], [ -46.520172428165338, -23.653112202659432, 0.0 ], [ -46.520182172351497, -23.653110148046526, 0.0 ], [ -46.520191876299528, -23.653107937735694, 0.0 ], [ -46.520201537077817, -23.653105572394676, 0.0 ], [ -46.520211151767782, -23.653103052738089, 0.0 ], [ -46.520220717464788, -23.653100379527096, 0.0 ], [ -46.520230231278987, -23.653097553569303, 0.0 ], [ -46.520239690336226, -23.653094575718466, 0.0 ], [ -46.520249091778858, -23.653091446874186, 0.0 ], [ -46.520258432766681, -23.653088167981704, 0.0 ], [ -46.520267710477732, -23.653084740031616, 0.0 ], [ -46.520276922109176, -23.6530811640595, 0.0 ], [ -46.520286064878142, -23.65307744114569, 0.0 ], [ -46.520295136022554, -23.6530735724149, 0.0 ], [ -46.520304132801989, -23.653069559035877, 0.0 ], [ -46.520313052498473, -23.653065402221095, 0.0 ], [ -46.520321892417343, -23.653061103226364, 0.0 ], [ -46.520330649888017, -23.653056663350409, 0.0 ], [ -46.520339322264839, -23.653052083934547, 0.0 ], [ -46.520347906927832, -23.653047366362244, 0.0 ], [ -46.520356401283557, -23.653042512058704, 0.0 ], [ -46.52036480276584, -23.65303752249044, 0.0 ], [ -46.520373108836559, -23.653032399164807, 0.0 ], [ -46.520381316986423, -23.653027143629604, 0.0 ], [ -46.520389424735733, -23.653021757472562, 0.0 ], [ -46.520397429635103, -23.653016242320831, 0.0 ], [ -46.523557043938553, -23.650783345140621, -8.98846567431157854e+307 ], [ -46.523578446609129, -23.650774828655305, -1.79769313486231571e+308 ], [ -46.523626061940874, -23.650758742566964, -1.79769313486231571e+308 ], [ -46.5237203031703, -23.65073116811288, -1.79769313486231571e+308 ], [ -46.523816358818195, -23.650706509148304, -1.79769313486231571e+308 ], [ -46.524010218884044, -23.650660661883062, -1.79769313486231571e+308 ], [ -46.524137789590114, -23.650628434241693, -1.79769313486231571e+308 ], [ -46.524209081163193, -23.650607984091444, -1.79769313486231571e+308 ], [ -46.524264105555872, -23.65058862791831, -1.79769313486231571e+308 ], [ -46.524318702536327, -23.650565471204235, -1.79769313486231571e+308 ], [ -46.524427335754197, -23.650515319367123, -1.79769313486231571e+308 ], [ -46.524499921523123, -23.650485110787226, -1.79769313486231571e+308 ], [ -46.524541654417142, -23.650471067654355, -1.79769313486231571e+308 ], [ -46.524589703284413, -23.650459213695981, -1.79769313486231571e+308 ], [ -46.524634508129601, -23.650453258544953, -1.79769313486231571e+308 ], [ -46.524679969675105, -23.650452050430793, -1.79769313486231571e+308 ], [ -46.524710579234892, -23.65045363990847, -1.79769313486231571e+308 ], [ -46.524751692533975, -23.650458450484663, -1.79769313486231571e+308 ], [ -46.524806901397945, -23.650469098003217, -1.79769313486231571e+308 ], [ -46.524880869161024, -23.650489514535316, -1.79769313486231571e+308 ], [ -46.524979321122323, -23.65052469781617, -1.79769313486231571e+308 ], [ -46.525108378103681, -23.650578422900178, -1.79769313486231571e+308 ], [ -46.5251691872392, -23.650605043142775, -1.79769313486231571e+308 ], [ -46.525227972845869, -23.650631967421955, -1.79769313486231571e+308 ], [ -46.525340914639578, -23.650687839697998, -1.79769313486231571e+308 ], [ -46.52541393646402, -23.650727478960548, -1.79769313486231571e+308 ], [ -46.525510168157751, -23.650784616195669, -1.79769313486231571e+308 ], [ -46.525565280810092, -23.650820007178716, -1.79769313486231571e+308 ], [ -46.525628976513424, -23.650863358022256, -1.79769313486231571e+308 ], [ -46.525765490649924, -23.650961844799653, -1.79769313486231571e+308 ], [ -46.525900253997776, -23.651064562039128, -1.79769313486231571e+308 ], [ -46.525988762680136, -23.651135033640447, -1.79769313486231571e+308 ], [ -46.526104684331642, -23.651231050969265, -1.79769313486231571e+308 ], [ -46.526254710510202, -23.651361916431519, -1.79769313486231571e+308 ], [ -46.526337689537833, -23.651437737254071, -1.79769313486231571e+308 ], [ -46.526429712829604, -23.65152495965626, -1.79769313486231571e+308 ], [ -46.526530794841591, -23.651624974254077, -1.79769313486231571e+308 ], [ -46.526640355330436, -23.651739094079055, -1.79769313486231571e+308 ], [ -46.526695939507171, -23.651799633319513, -1.79769313486231571e+308 ], [ -46.526752879600835, -23.651863795562825, -1.79769313486231571e+308 ], [ -46.526810788826538, -23.651931613747902, -1.79769313486231571e+308 ], [ -46.526869156088324, -23.652003061862281, -1.79769313486231571e+308 ], [ -46.526927317114065, -23.652078035664321, -1.79769313486231571e+308 ], [ -46.526984419334909, -23.652156328526296, -1.79769313486231571e+308 ], [ -46.52703937917569, -23.65223760126241, -1.79769313486231571e+308 ], [ -46.527052863777428, -23.652262736683294, -1.79769313486231571e+308 ], [ -46.52706067496355, -23.652287446261468, -1.79769313486231571e+308 ], [ -46.527062859559209, -23.65230369304404, -1.79769313486231571e+308 ], [ -46.52706216445722, -23.652325086135999, -1.79769313486231571e+308 ], [ -46.527055117019046, -23.652353154971255, -1.79769313486231571e+308 ], [ -46.527048100425681, -23.652368972763171, -1.79769313486231571e+308 ], [ -46.527037548179464, -23.652386863251071, -1.79769313486231571e+308 ], [ -46.52702232893423, -23.652407077215962, -1.79769313486231571e+308 ], [ -46.527001031546078, -23.652429893266014, -1.79769313486231571e+308 ], [ -46.52697192515636, -23.652455622257776, -1.79769313486231571e+308 ], [ -46.526932931440413, -23.652484613911298, -1.79769313486231571e+308 ], [ -46.526881625024913, -23.652517267114082, -1.79769313486231571e+308 ], [ -46.526815289064437, -23.652554046329243, -1.79769313486231571e+308 ], [ -46.526776991482194, -23.652573462091866, -1.79769313486231571e+308 ], [ -46.526734197472003, -23.652594042549612, -1.79769313486231571e+308 ], [ -46.526630154569091, -23.652640685106107, -1.79769313486231571e+308 ], [ -46.526503741786016, -23.652693559959548, -1.79769313486231571e+308 ], [ -46.52635488391121, -23.652753858418755, -1.79769313486231571e+308 ], [ -46.526187119973102, -23.652823247437475, -1.79769313486231571e+308 ], [ -46.526101892218435, -23.652860719799811, -1.79769313486231571e+308 ], [ -46.526016391923868, -23.652901218837091, -1.79769313486231571e+308 ], [ -46.525975024923753, -23.65292238116642, -1.79769313486231571e+308 ], [ -46.525934640492977, -23.652944439062701, -1.79769313486231571e+308 ], [ -46.525895708573863, -23.652967458254381, -1.79769313486231571e+308 ], [ -46.5258587716135, -23.652991511291997, -1.79769313486231571e+308 ], [ -46.525824453521381, -23.653016678304727, -1.79769313486231571e+308 ], [ -46.525793469635992, -23.653043047839777, -1.79769313486231571e+308 ], [ -46.525766637808047, -23.653070717792531, -1.79769313486231571e+308 ], [ -46.525744890720347, -23.653099796437587, -1.79769313486231571e+308 ], [ -46.52573785650354, -23.653111661766406, -1.79769313486231571e+308 ], [ -46.52573059330436, -23.653125398833424, -1.79769313486231571e+308 ], [ -46.525716057947953, -23.653157545571016, -1.79769313486231571e+308 ], [ -46.525706905140623, -23.653181681501007, -1.79769313486231571e+308 ], [ -46.525696168783924, -23.653216118406743, -1.79769313486231571e+308 ], [ -46.525685984913935, -23.653263927506188, -1.79769313486231571e+308 ], [ -46.525683069681996, -23.653291128052871, -1.79769313486231571e+308 ], [ -46.525682993491486, -23.653321177987703, -1.79769313486231571e+308 ], [ -46.52568793297992, -23.653353090348123, -1.79769313486231571e+308 ], [ -46.525693067772423, -23.653368621938231, -1.79769313486231571e+308 ], [ -46.525700668292302, -23.653383761096208, -1.79769313486231571e+308 ], [ -46.52571138220403, -23.653398019767522, -1.79769313486231571e+308 ], [ -46.525726007679452, -23.653410757075246, -1.79769313486231571e+308 ], [ -46.525759837582662, -23.653430386836934, -1.79769313486231571e+308 ], [ -46.525797786589969, -23.653445669434877, -1.79769313486231571e+308 ], [ -46.525824906419039, -23.653453466681764, -1.79769313486231571e+308 ], [ -46.525862773676053, -23.653460915905573, -1.79769313486231571e+308 ], [ -46.525915234967698, -23.653465663340288, -1.79769313486231571e+308 ], [ -46.525945676500633, -23.653465743745169, -1.79769313486231571e+308 ], [ -46.52598041206825, -23.653463515299087, -1.79769313486231571e+308 ] ] ] ] } },
{ "type": "Feature", "properties": { "fid": 117.0, "MODELO" : "TAMCENTRAL" }, "geometry": { "type": "MultiPolygon", "coordinates": [ [ [ [ -46.507121850000388, -23.653152495579263, 0.0 ], [ -46.507109919226203, -23.653157321503798, 0.0 ], [ -46.507098081576849, -23.653162338253317, 0.0 ], [ -46.50708634064884, -23.653167544303649, 0.0 ], [ -46.507074700009291, -23.653172938073087, 0.0 ], [ -46.507063163194879, -23.653178517922928, 0.0 ], [ -46.507051733710725, -23.653184282157891, 0.0 ], [ -46.507040415029316, -23.653190229026709, 0.0 ], [ -46.507029210589515, -23.653196356722606, 0.0 ], [ -46.507018123795454, -23.653202663383858, 0.0 ], [ -46.50700715801554, -23.653209147094412, 0.0 ], [ -46.506996316581393, -23.653215805884368, 0.0 ], [ -46.506985602786877, -23.653222637730675, 0.0 ], [ -46.506975019887072, -23.653229640557694, 0.0 ], [ -46.506964571097285, -23.653236812237818, 0.0 ], [ -46.506954259592085, -23.653244150592165, 0.0 ], [ -46.506944088504333, -23.653251653391191, 0.0 ], [ -46.50693406092423, -23.653259318355413, 0.0 ], [ -46.50692417989837, -23.653267143156061, 0.0 ], [ -46.506914448428837, -23.653275125415803, 0.0 ], [ -46.506904869472272, -23.653283262709493, 0.0 ], [ -46.506895445938973, -23.653291552564845, 0.0 ], [ -46.506886180692028, -23.653299992463243, 0.0 ], [ -46.506877076546438, -23.653308579840484, 0.0 ], [ -46.50686813626826, -23.653317312087548, 0.0 ], [ -46.506859362573763, -23.653326186551411, 0.0 ], [ -46.506850758128593, -23.653335200535835, 0.0 ], [ -46.506842325546998, -23.653344351302184, 0.0 ], [ -46.506834067391011, -23.653353636070278, 0.0 ], [ -46.506825986169652, -23.65336305201923, 0.0 ], [ -46.506818084338214, -23.653372596288261, 0.0 ], [ -46.506810364297458, -23.653382265977651, 0.0 ], [ -46.506802828392935, -23.653392058149539, 0.0 ], [ -46.506795478914263, -23.653401969828856, 0.0 ], [ -46.506788318094394, -23.653411998004255, 0.0 ], [ -46.506781348108987, -23.653422139628955, 0.0 ], [ -46.506774571075709, -23.653432391621724, 0.0 ], [ -46.506767989053614, -23.653442750867796, 0.0 ], [ -46.506761604042488, -23.653453214219816, 0.0 ], [ -46.506755417982305, -23.653463778498807, 0.0 ], [ -46.506749432752549, -23.65347444049511, 0.0 ], [ -46.506743650171728, -23.653485196969392, 0.0 ], [ -46.506738071996736, -23.653496044653604, 0.0 ], [ -46.506732699922424, -23.653506980251986, 0.0 ], [ -46.506727535580964, -23.653518000442094, 0.0 ], [ -46.506722580541478, -23.653529101875741, 0.0 ], [ -46.506717836309448, -23.653540281180071, 0.0 ], [ -46.506713304326333, -23.653551534958581, 0.0 ], [ -46.506708985969098, -23.653562859792125, 0.0 ], [ -46.506704882549812, -23.653574252239981, 0.0 ], [ -46.506700995315249, -23.653585708840879, 0.0 ], [ -46.506697325446488, -23.653597226114034, 0.0 ], [ -46.50669387405857, -23.65360880056026, 0.0 ], [ -46.506690642200162, -23.653620428662986, 0.0 ], [ -46.506687630853236, -23.65363210688934, 0.0 ], [ -46.506684840932763, -23.653643831691205, 0.0 ], [ -46.506682273286444, -23.653655599506344, 0.0 ], [ -46.506679928694446, -23.653667406759425, 0.0 ], [ -46.506677807869181, -23.653679249863135, 0.0 ], [ -46.506675911455041, -23.653691125219282, 0.0 ], [ -46.506674240028289, -23.653703029219862, 0.0 ], [ -46.506672794096772, -23.653714958248159, 0.0 ], [ -46.506671574099883, -23.653726908679879, 0.0 ], [ -46.506670580408347, -23.653738876884209, 0.0 ], [ -46.506669813324116, -23.653750859224914, 0.0 ], [ -46.50666927308032, -23.653762852061497, 0.0 ], [ -46.506668959841157, -23.653774851750281, 0.0 ], [ -46.506668873701855, -23.65378685464545, 0.0 ], [ -46.506669014688661, -23.653798857100252, 0.0 ], [ -46.506669382758794, -23.653810855468073, 0.0 ], [ -46.506669977800478, -23.653822846103527, 0.0 ], [ -46.506670799633007, -23.653834825363568, 0.0 ], [ -46.506671848006732, -23.653846789608615, 0.0 ], [ -46.50667312260321, -23.653858735203659, 0.0 ], [ -46.506674623035238, -23.653870658519338, 0.0 ], [ -46.506676348847009, -23.653882555933073, 0.0 ], [ -46.506678299514256, -23.653894423830138, 0.0 ], [ -46.506680474444359, -23.653906258604778, 0.0 ], [ -46.50668287297659, -23.653918056661308, 0.0 ], [ -46.506685494382289, -23.653929814415196, 0.0 ], [ -46.50668833786505, -23.653941528294165, 0.0 ], [ -46.506691402561025, -23.653953194739223, 0.0 ], [ -46.506694687539145, -23.653964810205853, 0.0 ], [ -46.506698191801398, -23.653976371164987, 0.0 ], [ -46.506701914283163, -23.653987874104093, 0.0 ], [ -46.506705853853525, -23.653999315528335, 0.0 ], [ -46.506710009315583, -23.654010691961499, 0.0 ], [ -46.506714379406887, -23.654021999947162, 0.0 ], [ -46.506718962799717, -23.654033236049667, 0.0 ], [ -46.506723758101593, -23.654044396855213, 0.0 ], [ -46.506728763855648, -23.654055478972861, 0.0 ], [ -46.506733978541043, -23.654066479035595, 0.0 ], [ -46.506739400573473, -23.654077393701321, 0.0 ], [ -46.506745028305652, -23.654088219653886, 0.0 ], [ -46.506750860027772, -23.654098953604091, 0.0 ], [ -46.506756893968067, -23.654109592290691, 0.0 ], [ -46.506763128293308, -23.654120132481399, 0.0 ], [ -46.506769561109408, -23.654130570973809, 0.0 ], [ -46.506776190461949, -23.654140904596463, 0.0 ], [ -46.506783014336804, -23.654151130209733, 0.0 ], [ -46.50679003066076, -23.654161244706824, 0.0 ], [ -46.506797237302109, -23.654171245014691, 0.0 ], [ -46.506804632071336, -23.654181128094976, 0.0 ], [ -46.506812212721755, -23.654190890944957, 0.0 ], [ -46.506819976950212, -23.654200530598406, 0.0 ], [ -46.506827922397761, -23.654210044126579, 0.0 ], [ -46.506836046650427, -23.654219428638996, 0.0 ], [ -46.506844347239863, -23.654228681284405, 0.0 ], [ -46.506852821644166, -23.654237799251611, 0.0 ], [ -46.506861467288644, -23.654246779770332, 0.0 ], [ -46.50687028154654, -23.654255620112071, 0.0 ], [ -46.50687926173989, -23.654264317590876, 0.0 ], [ -46.506888405140302, -23.654272869564252, 0.0 ], [ -46.506897708969795, -23.654281273433856, 0.0 ], [ -46.506907170401647, -23.654289526646384, 0.0 ], [ -46.506916786561256, -23.654297626694301, 0.0 ], [ -46.506926554526999, -23.654305571116584, 0.0 ], [ -46.506936471331144, -23.654313357499515, 0.0 ], [ -46.506946533960708, -23.65432098347739, 0.0 ], [ -46.506956739358415, -23.654328446733228, 0.0 ], [ -46.506967084423628, -23.654335744999489, 0.0 ], [ -46.506977566013262, -23.654342876058781, 0.0 ], [ -46.506988180942734, -23.654349837744476, 0.0 ], [ -46.50699892598697, -23.654356627941446, 0.0 ], [ -46.507009797881345, -23.654363244586644, 0.0 ], [ -46.50702079332271, -23.654369685669757, 0.0 ], [ -46.507031908970355, -23.654375949233813, 0.0 ], [ -46.50704314144707, -23.654382033375757, 0.0 ], [ -46.507054487340142, -23.654387936247087, 0.0 ], [ -46.507065943202385, -23.654393656054349, 0.0 ], [ -46.507077505553198, -23.654399191059696, 0.0 ], [ -46.507089170879652, -23.654404539581471, 0.0 ], [ -46.50710093563751, -23.654409699994616, 0.0 ], [ -46.507112796252315, -23.654414670731288, 0.0 ], [ -46.507124749120507, -23.654419450281228, 0.0 ], [ -46.507136790610481, -23.654424037192292, 0.0 ], [ -46.507148917063709, -23.654428430070844, 0.0 ], [ -46.50716112479585, -23.654432627582203, 0.0 ], [ -46.507173410097863, -23.654436628451084, 0.0 ], [ -46.507185769237147, -23.654440431461875, 0.0 ], [ -46.507198198458653, -23.654444035459147, 0.0 ], [ -46.507210693986046, -23.654447439347901, 0.0 ], [ -46.507223252022847, -23.654450642093948, 0.0 ], [ -46.507235868753575, -23.654453642724199, 0.0 ], [ -46.507248540344925, -23.654456440326992, 0.0 ], [ -46.507261262946919, -23.654459034052341, 0.0 ], [ -46.507274032694085, -23.654461423112199, 0.0 ], [ -46.507286845706609, -23.654463606780705, 0.0 ], [ -46.507299698091565, -23.654465584394408, 0.0 ], [ -46.507312585944021, -23.654467355352462, 0.0 ], [ -46.507325505348305, -23.654468919116791, 0.0 ], [ -46.507338452379138, -23.654470275212287, 0.0 ], [ -46.507351423102854, -23.654471423226944, 0.0 ], [ -46.507364413578593, -23.654472362811969, 0.0 ], [ -46.50737741985948, -23.654473093681869, 0.0 ], [ -46.507390437993855, -23.654473615614606, 0.0 ], [ -46.507403464026439, -23.654473928451608, 0.0 ], [ -46.507416493999571, -23.654474032097824, 0.0 ], [ -46.507429523954364, -23.65447392652176, 0.0 ], [ -46.507442549931973, -23.654473611755517, 0.0 ], [ -46.507455567974752, -23.654473087894711, 0.0 ], [ -46.507468574127444, -23.654472355098509, 0.0 ], [ -46.507481564438422, -23.654471413589583, 0.0 ], [ -46.507494534960877, -23.65447026365397, 0.0 ], [ -46.507507481754004, -23.654468905641043, 0.0 ], [ -46.507520400884204, -23.654467339963443, 0.0 ], [ -46.507533288426288, -23.65446556709685, 0.0 ], [ -46.507546140464683, -23.654463587579905, 0.0 ], [ -46.507558953094566, -23.654461402014057, 0.0 ], [ -46.507571722423116, -23.654459011063341, 0.0 ], [ -46.507584444570668, -23.654456415454185, 0.0 ], [ -46.507597115671878, -23.654453615975232, 0.0 ], [ -46.507609731876926, -23.654450613477017, 0.0 ], [ -46.507622289352675, -23.654447408871807, 0.0 ], [ -46.507634784283802, -23.654444003133239, 0.0 ], [ -46.507647212874026, -23.654440397296085, 0.0 ], [ -46.507659571347205, -23.654436592455877, 0.0 ], [ -46.507671855948495, -23.65443258976865, 0.0 ], [ -46.507684062945515, -23.654428390450541, 0.0 ], [ -46.507696188629453, -23.6544239957774, 0.0 ], [ -46.507708229316194, -23.65441940708445, 0.0 ], [ -46.507720181347466, -23.654414625765884, 0.0 ], [ -46.510068262051256, -23.653303468139114, 0.0 ], [ -46.510198767136821, -23.653253711945382, 0.0 ], [ -46.510330176356362, -23.653206017878698, 0.0 ], [ -46.510462451314801, -23.653160399873649, 0.0 ], [ -46.510595553364261, -23.653116871258167, 0.0 ], [ -46.510729443615325, -23.653075444749756, 0.0 ], [ -46.510864082948444, -23.653036132451685, 0.0 ], [ -46.510999432025287, -23.652998945849539, 0.0 ], [ -46.511135451300298, -23.65296389580779, 0.0 ], [ -46.511272101032212, -23.652930992566674, 0.0 ], [ -46.511409341295689, -23.652900245739168, 0.0 ], [ -46.511547131992913, -23.652871664308229, 0.0 ], [ -46.511685432865377, -23.652845256624104, 0.0 ], [ -46.511824203505604, -23.652821030401952, 0.0 ], [ -46.511963403368924, -23.652798992719578, 0.0 ], [ -46.512102991785369, -23.652779150015331, 0.0 ], [ -46.512242927971492, -23.652761508086268, 0.0 ], [ -46.51238317104233, -23.652746072086444, 0.0 ], [ -46.512523680023293, -23.652732846525407, 0.0 ], [ -46.512664413862176, -23.652721835266867, 0.0 ], [ -46.512805331441108, -23.652713041527594, 0.0 ], [ -46.512946391588592, -23.652706467876499, 0.0 ], [ -46.513087553091502, -23.652702116233794, 0.0 ], [ -46.513228774707137, -23.652699987870527, 0.0 ], [ -46.513370015175248, -23.652700083408163, 0.0 ], [ -46.513511233230091, -23.652702402818459, 0.0 ], [ -46.513652387612488, -23.652706945423343, 0.0 ], [ -46.51379343708188, -23.652713709895288, 0.0 ], [ -46.513934340428328, -23.652722694257548, 0.0 ], [ -46.514075056484593, -23.652733895884822, 0.0 ], [ -46.514215544138153, -23.652747311504015, 0.0 ], [ -46.514355762343172, -23.652762937195131, 0.0 ], [ -46.514495670132526, -23.652780768392521, 0.0 ], [ -46.51463522662975, -23.652800799886112, 0.0 ], [ -46.514647408110434, -23.652805108782786, 0.0 ], [ -46.514659669037805, -23.652809222030431, 0.0 ], [ -46.514672005708988, -23.652813138386797, 0.0 ], [ -46.514684414398261, -23.652816856669144, 0.0 ], [ -46.514696891358128, -23.65282037575453, 0.0 ], [ -46.514709432820503, -23.652823694580185, 0.0 ], [ -46.514722034997796, -23.652826812143807, 0.0 ], [ -46.514734694084083, -23.652829727503867, 0.0 ], [ -46.514747406256255, -23.652832439779914, 0.0 ], [ -46.514760167675185, -23.652834948152851, 0.0 ], [ -46.514772974486846, -23.652837251865115, 0.0 ], [ -46.514785822823512, -23.652839350221001, 0.0 ], [ -46.514798708804932, -23.652841242586767, 0.0 ], [ -46.514811628539462, -23.652842928390935, 0.0 ], [ -46.514824578125278, -23.652844407124384, 0.0 ], [ -46.514837553651539, -23.652845678340519, 0.0 ], [ -46.514850551199558, -23.652846741655441, 0.0 ], [ -46.514863566844014, -23.652847596748021, 0.0 ], [ -46.514876596654112, -23.65284824336003, 0.0 ], [ -46.514889636694782, -23.652848681296174, 0.0 ], [ -46.514902683027863, -23.652848910424197, 0.0 ], [ -46.51491573171328, -23.652848930674935, 0.0 ], [ -46.514928778810265, -23.652848742042231, 0.0 ], [ -46.514941820378539, -23.652848344583088, 0.0 ], [ -46.51495485247947, -23.652847738417542, 0.0 ], [ -46.514967871177291, -23.652846923728646, 0.0 ], [ -46.514980872540285, -23.652845900762458, 0.0 ], [ -46.514993852641986, -23.6528446698279, 0.0 ], [ -46.515006807562322, -23.65284323129676, 0.0 ], [ -46.515019733388847, -23.652841585603451, 0.0 ], [ -46.515032626217888, -23.652839733244996, 0.0 ], [ -46.515045482155763, -23.652837674780834, 0.0 ], [ -46.515058297319896, -23.652835410832608, 0.0 ], [ -46.515071067840047, -23.652832942084068, 0.0 ], [ -46.51508378985946, -23.652830269280777, 0.0 ], [ -46.515096459536018, -23.652827393229948, 0.0 ], [ -46.515109073043419, -23.652824314800164, 0.0 ], [ -46.515121626572338, -23.652821034921125, 0.0 ], [ -46.515134116331538, -23.652817554583375, 0.0 ], [ -46.515146538549054, -23.652813874837996, 0.0 ], [ -46.515158889473327, -23.652809996796293, 0.0 ], [ -46.515171165374319, -23.652805921629469, 0.0 ], [ -46.515183362544654, -23.652801650568218, 0.0 ], [ -46.515195477300743, -23.65279718490245, 0.0 ], [ -46.515207505983874, -23.652792525980811, 0.0 ], [ -46.515219444961332, -23.652787675210327, 0.0 ], [ -46.515231290627511, -23.652782634055932, 0.0 ], [ -46.515243039404972, -23.652777404040116, 0.0 ], [ -46.515254687745539, -23.652771986742351, 0.0 ], [ -46.515266232131374, -23.652766383798681, 0.0 ], [ -46.515277669076035, -23.652760596901253, 0.0 ], [ -46.515288995125516, -23.652754627797705, 0.0 ], [ -46.515300206859337, -23.65274847829075, 0.0 ], [ -46.515311300891497, -23.652742150237568, 0.0 ], [ -46.51532227387159, -23.652735645549271, 0.0 ], [ -46.515333122485735, -23.652728966190296, 0.0 ], [ -46.515343843457629, -23.652722114177834, 0.0 ], [ -46.515354433549504, -23.652715091581239, 0.0 ], [ -46.515364889563138, -23.652707900521353, 0.0 ], [ -46.515375208340799, -23.652700543169921, 0.0 ], [ -46.515385386766184, -23.652693021748885, 0.0 ], [ -46.515395421765412, -23.652685338529746, 0.0 ], [ -46.515405310307877, -23.652677495832872, 0.0 ], [ -46.515415049407238, -23.652669496026796, 0.0 ], [ -46.51542463612229, -23.652661341527494, 0.0 ], [ -46.51543406755782, -23.652653034797648, 0.0 ], [ -46.515443340865538, -23.652644578345921, 0.0 ], [ -46.515452453244905, -23.652635974726206, 0.0 ], [ -46.515461401943973, -23.652627226536818, 0.0 ], [ -46.515470184260245, -23.652618336419749, 0.0 ], [ -46.515478797541462, -23.652609307059851, 0.0 ], [ -46.515487239186427, -23.652600141184017, 0.0 ], [ -46.515495506645756, -23.652590841560372, 0.0 ], [ -46.515503597422708, -23.652581410997442, 0.0 ], [ -46.515511509073868, -23.652571852343289, 0.0 ], [ -46.515519239209929, -23.652562168484643, 0.0 ], [ -46.515526785496426, -23.652552362346082, 0.0 ], [ -46.515534145654378, -23.652542436889082, 0.0 ], [ -46.51554131746105, -23.652532395111159, 0.0 ], [ -46.515548298750581, -23.652522240044959, 0.0 ], [ -46.515555087414654, -23.652511974757356, 0.0 ], [ -46.515561681403099, -23.652501602348476, 0.0 ], [ -46.515568078724577, -23.652491125950821, 0.0 ], [ -46.515574277447122, -23.652480548728306, 0.0 ], [ -46.515580275698767, -23.652469873875265, 0.0 ], [ -46.515586071668061, -23.652459104615531, 0.0 ], [ -46.51559166360466, -23.652448244201459, 0.0 ], [ -46.515597049819839, -23.652437295912907, 0.0 ], [ -46.515602228687008, -23.652426263056281, 0.0 ], [ -46.515607198642179, -23.652415148963552, 0.0 ], [ -46.515611958184486, -23.652403956991176, 0.0 ], [ -46.515616505876579, -23.652392690519154, 0.0 ], [ -46.515620840345107, -23.652381352949998, 0.0 ], [ -46.515624960281102, -23.652369947707658, 0.0 ], [ -46.515628864440401, -23.652358478236554, 0.0 ], [ -46.515632551643996, -23.652346948000471, 0.0 ], [ -46.515636020778409, -23.652335360481565, 0.0 ], [ -46.515639270796001, -23.652323719179286, 0.0 ], [ -46.515642300715335, -23.652312027609334, 0.0 ], [ -46.515645109621424, -23.65230028930257, 0.0 ], [ -46.515647696666036, -23.652288507803974, 0.0 ], [ -46.515650061067937, -23.652276686671581, 0.0 ], [ -46.515652202113138, -23.652264829475389, 0.0 ], [ -46.515654119155109, -23.652252939796266, 0.0 ], [ -46.515655811614955, -23.652241021224924, 0.0 ], [ -46.515657278981614, -23.652229077360786, 0.0 ], [ -46.515658520812003, -23.652217111810895, 0.0 ], [ -46.515659536731143, -23.652205128188864, 0.0 ], [ -46.515660326432311, -23.652193130113758, 0.0 ], [ -46.515660889677051, -23.65218112120899, 0.0 ], [ -46.515661226295336, -23.652169105101279, 0.0 ], [ -46.515661336185573, -23.652157085419461, 0.0 ], [ -46.51566121931463, -23.652145065793512, 0.0 ], [ -46.51566087571787, -23.652133049853347, 0.0 ], [ -46.515660305499125, -23.65212104122779, 0.0 ], [ -46.515659508830659, -23.652109043543447, 0.0 ], [ -46.515658485953118, -23.652097060423607, 0.0 ], [ -46.515657237175489, -23.652085095487191, 0.0 ], [ -46.515655762874957, -23.652073152347597, 0.0 ], [ -46.515654063496811, -23.652061234611651, 0.0 ], [ -46.515652139554341, -23.652049345878496, 0.0 ], [ -46.515649991628621, -23.652037489738543, 0.0 ], [ -46.515647620368398, -23.652025669772335, 0.0 ], [ -46.515645026489842, -23.652013889549487, 0.0 ], [ -46.515642210776363, -23.652002152627627, 0.0 ], [ -46.515639174078366, -23.651990462551289, 0.0 ], [ -46.515635917312984, -23.651978822850886, 0.0 ], [ -46.515632441463822, -23.651967237041575, 0.0 ], [ -46.515628747580635, -23.651955708622282, 0.0 ], [ -46.515624836779025, -23.651944241074556, 0.0 ], [ -46.515620710240114, -23.65193283786159, 0.0 ], [ -46.515616369210164, -23.65192150242715, 0.0 ], [ -46.515611815000213, -23.651910238194525, 0.0 ], [ -46.515607048985672, -23.65189904856549, 0.0 ], [ -46.515602072605937, -23.651887936919298, 0.0 ], [ -46.515596887363913, -23.651876906611655, 0.0 ], [ -46.515591494825586, -23.651865960973698, 0.0 ], [ -46.515585896619548, -23.651855103310979, 0.0 ], [ -46.515580094436487, -23.651844336902521, 0.0 ], [ -46.515574090028707, -23.651833664999739, 0.0 ], [ -46.515567885209578, -23.651823090825523, 0.0 ], [ -46.515561481852991, -23.651812617573281, 0.0 ], [ -46.515554881892783, -23.651802248405904, 0.0 ], [ -46.51554808732218, -23.651791986454853, 0.0 ], [ -46.515541100193168, -23.651781834819211, 0.0 ], [ -46.515533922615894, -23.651771796564766, 0.0 ], [ -46.515526556758005, -23.65176187472305, 0.0 ], [ -46.515519004844023, -23.651752072290424, 0.0 ], [ -46.515511269154636, -23.651742392227224, 0.0 ], [ -46.515503352026045, -23.651732837456777, 0.0 ], [ -46.515495255849245, -23.651723410864616, 0.0 ], [ -46.515486983069287, -23.651714115297544, 0.0 ], [ -46.515478536184574, -23.65170495356281, 0.0 ], [ -46.515469917746081, -23.651695928427223, 0.0 ], [ -46.51546113035657, -23.651687042616359, 0.0 ], [ -46.515452176669854, -23.651678298813707, 0.0 ], [ -46.515443059389938, -23.65166969965987, 0.0 ], [ -46.515433781270261, -23.651661247751765, 0.0 ], [ -46.515424345112798, -23.651652945641857, 0.0 ], [ -46.515414753767274, -23.651644795837342, 0.0 ], [ -46.515405010130287, -23.651636800799466, 0.0 ], [ -46.515395117144386, -23.651628962942681, 0.0 ], [ -46.515385077797269, -23.651621284633997, 0.0 ], [ -46.515374895120793, -23.651613768192263, 0.0 ], [ -46.515364572190116, -23.651606415887411, 0.0 ], [ -46.515354112122758, -23.651599229939809, 0.0 ], [ -46.515343518077643, -23.651592212519589, 0.0 ], [ -46.515332793254153, -23.651585365745991, 0.0 ], [ -46.515321940891162, -23.651578691686733, 0.0 ], [ -46.515310964266071, -23.651572192357342, 0.0 ], [ -46.515299866693788, -23.651565869720606, 0.0 ], [ -46.515288651525765, -23.651559725685942, 0.0 ], [ -46.515277322148954, -23.651553762108829, 0.0 ], [ -46.515265881984789, -23.651547980790234, 0.0 ], [ -46.515254334488176, -23.651542383476116, 0.0 ], [ -46.51524268314644, -23.651536971856839, 0.0 ], [ -46.515230931478236, -23.651531747566676, 0.0 ], [ -46.515219083032541, -23.651526712183372, 0.0 ], [ -46.515207141387549, -23.651521867227583, 0.0 ], [ -46.515195110149598, -23.651517214162467, 0.0 ], [ -46.515182992952077, -23.651512754393252, 0.0 ], [ -46.515170793454345, -23.651508489266757, 0.0 ], [ -46.515158515340609, -23.651504420071031, 0.0 ], [ -46.515146162318821, -23.651500548034978, 0.0 ], [ -46.51513373811953, -23.651496874327925, 0.0 ], [ -46.515121246494822, -23.651493400059334, 0.0 ], [ -46.515108691217108, -23.6514901262784, 0.0 ], [ -46.514967996518386, -23.651461388707581, 0.0 ], [ -46.514826779163329, -23.651434915876486, 0.0 ], [ -46.514685082106631, -23.651410715837841, 0.0 ], [ -46.514542948448842, -23.651388795953007, 0.0 ], [ -46.514400421423282, -23.651369162889818, 0.0 ], [ -46.514257544382836, -23.651351822620526, 0.0 ], [ -46.514114360786856, -23.651336780419946, 0.0 ], [ -46.51397091418788, -23.651324040863905, 0.0 ], [ -46.513827248218426, -23.651313607827817, 0.0 ], [ -46.513683406577712, -23.651305484485516, 0.0 ], [ -46.51353943301838, -23.651299673308294, 0.0 ], [ -46.513395371333196, -23.651296176064161, 0.0 ], [ -46.513251265341729, -23.651294993817253, 0.0 ], [ -46.513107158877034, -23.651296126927562, 0.0 ], [ -46.512963095772328, -23.651299575050835, 0.0 ], [ -46.512819119847642, -23.651305337138623, 0.0 ], [ -46.512675274896552, -23.65131341143865, 0.0 ], [ -46.512531604672787, -23.651323795495298, 0.0 ], [ -46.512388152877016, -23.651336486150413, 0.0 ], [ -46.512244963143488, -23.651351479544207, 0.0 ], [ -46.512102079026803, -23.651368771116481, 0.0 ], [ -46.51195954398866, -23.651388355607956, 0.0 ], [ -46.511817401384647, -23.651410227061909, 0.0 ], [ -46.511675694451078, -23.651434378825996, 0.0 ], [ -46.511534466291799, -23.65146080355424, 0.0 ], [ -46.511393759865143, -23.651489493209262, 0.0 ], [ -46.511306571777581, -23.651508745926449, -8.98846567431157854e+307 ], [ -46.51129762054898, -23.651502245629668, -1.79769313486231571e+308 ], [ -46.511270984437807, -23.651486083952321, -1.79769313486231571e+308 ], [ -46.511242611369539, -23.651471826623748, -1.79769313486231571e+308 ], [ -46.511212639574111, -23.651459543103357, -1.79769313486231571e+308 ], [ -46.511181215070067, -23.651449293234403, -1.79769313486231571e+308 ], [ -46.511148490953211, -23.651441126952424, -1.79769313486231571e+308 ], [ -46.511114626650738, -23.651435084042053, -1.79769313486231571e+308 ], [ -46.511079787144546, -23.651431193943118, -1.79769313486231571e+308 ], [ -46.511044142167542, -23.651429475607291, -1.79769313486231571e+308 ], [ -46.511007865376676, -23.651429937405716, -1.79769313486231571e+308 ], [ -46.510971133507027, -23.651432577088279, -1.79769313486231571e+308 ], [ -46.510934125510701, -23.651437381794516, -1.79769313486231571e+308 ], [ -46.510897021685125, -23.651444328116366, -1.79769313486231571e+308 ], [ -46.510860002794615, -23.651453382212132, -1.79769313486231571e+308 ], [ -46.510823249189798, -23.651464499971347, -1.79769313486231571e+308 ], [ -46.510786939928984, -23.65147762722976, -1.79769313486231571e+308 ], [ -46.510751251905809, -23.651492700033117, -1.79769313486231571e+308 ], [ -46.510716358987509, -23.651509644948771, -1.79769313486231571e+308 ], [ -46.510682431167822, -23.651528379423443, -1.79769313486231571e+308 ], [ -46.510649633738879, -23.651548812185389, -1.79769313486231571e+308 ], [ -46.510618126485866, -23.651570843689026, -1.79769313486231571e+308 ], [ -46.510588062908631, -23.651594366599898, -1.79769313486231571e+308 ], [ -46.510559589473836, -23.651619266317681, -1.79769313486231571e+308 ], [ -46.510532844901377, -23.651645421534287, -1.79769313486231571e+308 ], [ -46.510507959488557, -23.651672704825085, -1.79769313486231571e+308 ], [ -46.510485054475296, -23.65170098326946, -1.79769313486231571e+308 ], [ -46.510464241453441, -23.651730119098556, -1.79769313486231571e+308 ], [ -46.510455891350198, -23.651743506109874, -8.98846567431157854e+307 ], [ -46.510426995316138, -23.651752919639772, 0.0 ], [ -46.510291987498825, -23.651799357300174, 0.0 ], [ -46.510157879352263, -23.651847956910515, 0.0 ], [ -46.510024711670262, -23.651898703688204, 0.0 ], [ -46.507133870274608, -23.653147861945932, 0.0 ], [ -46.507121850000388, -23.653152495579263, 0.0 ] ] ] ] } },
{ "type": "Feature", "properties": { "fid": 118.0, "MODELO" : "TAMCENTRAL" }, "geometry": { "type": "MultiPolygon", "coordinates": [ [ [ [ -46.495591384586618, -23.657309164106213, 0.0 ], [ -46.495611015247221, -23.65732124002233, 0.0 ], [ -46.495630871037548, -23.657332999486343, 0.0 ], [ -46.495650945946117, -23.657344438937976, 0.0 ], [ -46.495671233895109, -23.657355554913835, 0.0 ], [ -46.495691728742202, -23.657366344048455, 0.0 ], [ -46.495712424282402, -23.65737680307533, 0.0 ], [ -46.495733314249982, -23.657386928827886, 0.0 ], [ -46.495754392320343, -23.657396718240477, 0.0 ], [ -46.495775652111917, -23.657406168349254, 0.0 ], [ -46.495797087188102, -23.657415276293104, 0.0 ], [ -46.49581869105927, -23.657424039314524, 0.0 ], [ -46.495840457184642, -23.657432454760439, 0.0 ], [ -46.49586237897433, -23.657440520082982, 0.0 ], [ -46.495884449791298, -23.657448232840309, 0.0 ], [ -46.495906662953416, -23.6574555906973, 0.0 ], [ -46.49592901173542, -23.657462591426313, 0.0 ], [ -46.495951489371002, -23.657469232907797, 0.0 ], [ -46.49597408905484, -23.657475513131001, 0.0 ], [ -46.495996803944664, -23.657481430194522, 0.0 ], [ -46.496019627163292, -23.657486982306921, 0.0 ], [ -46.496042551800777, -23.657492167787247, 0.0 ], [ -46.496065570916443, -23.657496985065553, 0.0 ], [ -46.496088677541017, -23.657501432683347, 0.0 ], [ -46.496111864678724, -23.657505509294097, 0.0 ], [ -46.496135125309415, -23.65750921366357, 0.0 ], [ -46.496158452390688, -23.65751254467024, 0.0 ], [ -46.496181838860018, -23.657515501305621, 0.0 ], [ -46.496205277636903, -23.657518082674557, 0.0 ], [ -46.496228761625005, -23.657520287995542, 0.0 ], [ -46.496252283714284, -23.65752211660088, 0.0 ], [ -46.496275836783184, -23.657523567936966, 0.0 ], [ -46.496299413700754, -23.6575246415644, 0.0 ], [ -46.496323007328833, -23.657525337158138, 0.0 ], [ -46.496346610524185, -23.657525654507594, 0.0 ], [ -46.49637021614069, -23.657525593516699, 0.0 ], [ -46.496393817031489, -23.657525154203928, 0.0 ], [ -46.496417406051165, -23.657524336702288, 0.0 ], [ -46.496440976057876, -23.657523141259304, 0.0 ], [ -46.49646451991557, -23.657521568236941, 0.0 ], [ -46.496488030496074, -23.657519618111412, 0.0 ], [ -46.496511500681322, -23.657517291473184, 0.0 ], [ -46.496534923365466, -23.657514589026675, 0.0 ], [ -46.496558291457035, -23.65751151159008, 0.0 ], [ -46.496581597881104, -23.657508060095143, 0.0 ], [ -46.496604835581401, -23.657504235586845, 0.0 ], [ -46.496627997522481, -23.657500039223113, 0.0 ], [ -46.49665107669184, -23.657495472274448, 0.0 ], [ -46.496674066102017, -23.65749053612355, 0.0 ], [ -46.496696958792739, -23.657485232264897, 0.0 ], [ -46.496719747833026, -23.657479562304289, 0.0 ], [ -46.496742426323273, -23.657473527958398, 0.0 ], [ -46.496764987397356, -23.657467131054172, 0.0 ], [ -46.496787424224685, -23.657460373528359, 0.0 ], [ -46.496809730012323, -23.657453257426866, 0.0 ], [ -46.496831898006981, -23.657445784904191, 0.0 ], [ -46.496853921497092, -23.657437958222708, 0.0 ], [ -46.496875793814866, -23.657429779752039, 0.0 ], [ -46.496897508338272, -23.657421251968302, 0.0 ], [ -46.496919058493049, -23.657412377453383, 0.0 ], [ -46.496940437754724, -23.657403158894123, 0.0 ], [ -46.496961639650543, -23.657393599081558, 0.0 ], [ -46.496982657761492, -23.657383700910003, 0.0 ], [ -46.497003485724157, -23.657373467376242, 0.0 ], [ -46.497024117232733, -23.65736290157858, 0.0 ], [ -46.497044546040897, -23.657352006715914, 0.0 ], [ -46.497064765963678, -23.657340786086788, 0.0 ], [ -46.497084770879368, -23.657329243088341, 0.0 ], [ -46.497104554731358, -23.657317381215332, 0.0 ], [ -46.49712411152997, -23.65730520405906, 0.0 ], [ -46.497143435354282, -23.657292715306284, 0.0 ], [ -46.497162520353896, -23.657279918738077, 0.0 ], [ -46.49718136075073, -23.657266818228727, 0.0 ], [ -46.497199950840788, -23.657253417744531, 0.0 ], [ -46.497218284995824, -23.657239721342616, 0.0 ], [ -46.497236357665102, -23.657225733169675, 0.0 ], [ -46.497254163377072, -23.657211457460747, 0.0 ], [ -46.497271696740981, -23.657196898537951, 0.0 ], [ -46.497288952448557, -23.657182060809106, 0.0 ], [ -46.497305925275612, -23.65716694876647, 0.0 ], [ -46.497322610083579, -23.657151566985331, 0.0 ], [ -46.497339001821096, -23.657135920122649, 0.0 ], [ -46.497355095525563, -23.657120012915652, 0.0 ], [ -46.497370886324596, -23.657103850180356, 0.0 ], [ -46.497386369437528, -23.657087436810155, 0.0 ], [ -46.49740154017686, -23.65707077777434, 0.0 ], [ -46.497416393949649, -23.657053878116539, 0.0 ], [ -46.497430926258943, -23.65703674295327, 0.0 ], [ -46.497445132705117, -23.657019377472309, 0.0 ], [ -46.497459008987207, -23.657001786931193, 0.0 ], [ -46.497472550904199, -23.656983976655567, 0.0 ], [ -46.497485754356347, -23.656965952037623, 0.0 ], [ -46.497498615346352, -23.65694771853444, 0.0 ], [ -46.497511129980616, -23.656929281666326, 0.0 ], [ -46.497523294470398, -23.656910647015156, 0.0 ], [ -46.497535105132997, -23.656891820222697, 0.0 ], [ -46.497546558392806, -23.656872806988869, 0.0 ], [ -46.49755765078244, -23.656853613070037, 0.0 ], [ -46.497568378943789, -23.656834244277295, 0.0 ], [ -46.497578739628999, -23.656814706474645, 0.0 ], [ -46.497588729701491, -23.656795005577251, 0.0 ], [ -46.497598346136883, -23.656775147549691, 0.0 ], [ -46.497607586023918, -23.656755138404073, 0.0 ], [ -46.49761644656536, -23.65673498419827, 0.0 ], [ -46.497624925078803, -23.656714691034068, 0.0 ], [ -46.497633018997533, -23.656694265055325, 0.0 ], [ -46.49764072587125, -23.656673712446107, 0.0 ], [ -46.497648043366844, -23.656653039428804, 0.0 ], [ -46.497654969269107, -23.656632252262256, 0.0 ], [ -46.497661501481389, -23.656611357239868, 0.0 ], [ -46.497667638026215, -23.656590360687719, 0.0 ], [ -46.497673377045913, -23.656569268962564, 0.0 ], [ -46.497678716803179, -23.656548088450016, 0.0 ], [ -46.497683655681563, -23.656526825562569, 0.0 ], [ -46.497688192186018, -23.656505486737618, 0.0 ], [ -46.49769232494328, -23.656484078435557, 0.0 ], [ -46.497696052702359, -23.656462607137854, 0.0 ], [ -46.49769937433485, -23.656441079344969, 0.0 ], [ -46.497702288835335, -23.656419501574518, 0.0 ], [ -46.497704795321638, -23.656397880359251, 0.0 ], [ -46.497706893035108, -23.656376222245022, 0.0 ], [ -46.497708581340873, -23.656354533788889, 0.0 ], [ -46.497709859727991, -23.656332821557076, 0.0 ], [ -46.497710727809633, -23.656311092123019, 0.0 ], [ -46.49771118532319, -23.656289352065336, 0.0 ], [ -46.497711232130349, -23.656267607965884, 0.0 ], [ -46.497710868217148, -23.656245866407716, 0.0 ], [ -46.497710093693961, -23.656224133973122, 0.0 ], [ -46.497708908795481, -23.656202417241637, 0.0 ], [ -46.497707313880653, -23.656180722788022, 0.0 ], [ -46.497705309432519, -23.6561590571803, 0.0 ], [ -46.497702896058144, -23.65613742697775, 0.0 ], [ -46.497700074488364, -23.656115838728944, 0.0 ], [ -46.497696845577629, -23.656094298969734, 0.0 ], [ -46.497693210303687, -23.656072814221293, 0.0 ], [ -46.497689169767312, -23.656051390988132, 0.0 ], [ -46.497684725191974, -23.65603003575616, 0.0 ], [ -46.497679877923467, -23.656008754990658, 0.0 ], [ -46.497674629429483, -23.655987555134388, 0.0 ], [ -46.497668981299213, -23.655966442605596, 0.0 ], [ -46.497662935242801, -23.655945423796101, 0.0 ], [ -46.497656493090872, -23.655924505069322, 0.0 ], [ -46.497649656793982, -23.655903692758418, 0.0 ], [ -46.49764242842199, -23.65588299316428, 0.0 ], [ -46.497634810163461, -23.655862412553713, 0.0 ], [ -46.497626804325002, -23.65584195715746, 0.0 ], [ -46.497618413330542, -23.655821633168376, 0.0 ], [ -46.497609639720608, -23.65580144673952, 0.0 ], [ -46.497600486151583, -23.655781403982306, 0.0 ], [ -46.497590955394863, -23.655761510964666, 0.0 ], [ -46.497581050336031, -23.655741773709163, 0.0 ], [ -46.497570773973983, -23.655722198191217, 0.0 ], [ -46.497560129420037, -23.655702790337287, 0.0 ], [ -46.497549119896966, -23.655683556023064, 0.0 ], [ -46.497537748738033, -23.655664501071691, 0.0 ], [ -46.497526019385973, -23.655645631252003, 0.0 ], [ -46.497513935391972, -23.655626952276812, 0.0 ], [ -46.497501500414572, -23.65560846980113, 0.0 ], [ -46.497488718218577, -23.655590189420465, 0.0 ], [ -46.497475592673887, -23.65557211666917, 0.0 ], [ -46.49746212775436, -23.655554257018714, 0.0 ], [ -46.497448327536603, -23.655536615876056, 0.0 ], [ -46.497434196198704, -23.655519198581999, 0.0 ], [ -46.497419738018991, -23.65550201040957, 0.0 ], [ -46.497404957374783, -23.655485056562444, 0.0 ], [ -46.497389858740952, -23.655468342173343, 0.0 ], [ -46.497374446688688, -23.655451872302482, 0.0 ], [ -46.497358725884034, -23.65543565193607, 0.0 ], [ -46.497342701086517, -23.655419685984743, 0.0 ], [ -46.497326377147672, -23.655403979282159, 0.0 ], [ -46.497309759009624, -23.655388536583452, 0.0 ], [ -46.49729285170352, -23.65537336256385, 0.0 ], [ -46.497275660348073, -23.655358461817219, 0.0 ], [ -46.497258190147996, -23.655343838854687, 0.0 ], [ -46.497240446392382, -23.655329498103328, 0.0 ], [ -46.497222434453157, -23.655315443904726, 0.0 ], [ -46.497204159783436, -23.655301680513741, 0.0 ], [ -46.497185627915862, -23.655288212097183, 0.0 ], [ -46.497166844460928, -23.655275042732537, 0.0 ], [ -46.497147815105322, -23.65526217640679, 0.0 ], [ -46.497128545610138, -23.655249617015158, 0.0 ], [ -46.497109041809182, -23.655237368359945, 0.0 ], [ -46.497048401437034, -23.655212947454, 0.0 ], [ -46.496988224179823, -23.655187573118841, 0.0 ], [ -46.496928527702615, -23.65516125280314, 0.0 ], [ -46.496869329529289, -23.655133994233264, 0.0 ], [ -46.496810647037421, -23.655105805411004, 0.0 ], [ -46.49675249745318, -23.655076694611203, 0.0 ], [ -46.496694897846261, -23.655046670379399, 0.0 ], [ -46.496637865124882, -23.655015741529208, 0.0 ], [ -46.496581416030814, -23.654983917139859, 0.0 ], [ -46.496525567134476, -23.654951206553406, 0.0 ], [ -46.496470334830043, -23.654917619372064, 0.0 ], [ -46.496415735330686, -23.654883165455391, 0.0 ], [ -46.49636178466374, -23.654847854917342, 0.0 ], [ -46.49630849866606, -23.654811698123346, 0.0 ], [ -46.496255892979356, -23.654774705687231, 0.0 ], [ -46.496203983045561, -23.654736888468136, 0.0 ], [ -46.496152784102371, -23.654698257567301, 0.0 ], [ -46.496102311178703, -23.654658824324827, 0.0 ], [ -46.496052579090325, -23.654618600316319, 0.0 ], [ -46.496003602435486, -23.654577597349508, 0.0 ], [ -46.495955395590627, -23.654535827460794, 0.0 ], [ -46.495907972706206, -23.654493302911675, 0.0 ], [ -46.495861347702487, -23.654450036185185, 0.0 ], [ -46.495815534265461, -23.654406039982216, 0.0 ], [ -46.495770545842866, -23.654361327217764, 0.0 ], [ -46.495726395640233, -23.654315911017193, 0.0 ], [ -46.495683096616943, -23.654269804712335, 0.0 ], [ -46.495640661482526, -23.654223021837577, 0.0 ], [ -46.49559910269285, -23.654175576125912, 0.0 ], [ -46.495558432446501, -23.654127481504883, 0.0 ], [ -46.495518662681214, -23.654078752092531, 0.0 ], [ -46.495479805070318, -23.654029402193203, 0.0 ], [ -46.495441871019359, -23.653979446293377, 0.0 ], [ -46.495404871662743, -23.653928899057409, 0.0 ], [ -46.495368817860459, -23.653877775323227, 0.0 ], [ -46.495333720194878, -23.653826090097979, 0.0 ], [ -46.495299588967697, -23.653773858553599, 0.0 ], [ -46.49526643419685, -23.653721096022402, 0.0 ], [ -46.495234265613618, -23.653667817992513, 0.0 ], [ -46.495203092659743, -23.65361404010342, 0.0 ], [ -46.495172924484692, -23.653559778141286, 0.0 ], [ -46.495143769942942, -23.653505048034354, 0.0 ], [ -46.495115637591383, -23.653449865848295, 0.0 ], [ -46.495088535686811, -23.653394247781435, 0.0 ], [ -46.495062472183541, -23.653338210160054, 0.0 ], [ -46.495037454731005, -23.653281769433548, 0.0 ], [ -46.495013490671568, -23.653224942169661, 0.0 ], [ -46.494994815432364, -23.653138905404447, 0.0 ], [ -46.494974513327357, -23.653053181912057, 0.0 ], [ -46.494952590541381, -23.652967797794098, 0.0 ], [ -46.49492905375272, -23.652882779048824, 0.0 ], [ -46.494903910131043, -23.652798151563136, 0.0 ], [ -46.49487716733524, -23.652713941104825, 0.0 ], [ -46.494848833511064, -23.652630173314609, 0.0 ], [ -46.494818917288669, -23.652546873698398, 0.0 ], [ -46.494787427779961, -23.652464067619484, 0.0 ], [ -46.494754374575834, -23.65238178029086, 0.0 ], [ -46.494719767743234, -23.652300036767528, 0.0 ], [ -46.494683617822112, -23.652218861938831, 0.0 ], [ -46.494645935822184, -23.65213828052098, 0.0 ], [ -46.494606733219591, -23.652058317049409, 0.0 ], [ -46.494566021953403, -23.651978995871374, 0.0 ], [ -46.494523814421974, -23.651900341138521, 0.0 ], [ -46.494480123479178, -23.651822376799554, 0.0 ], [ -46.494434962430475, -23.651745126592925, 0.0 ], [ -46.494388345028874, -23.651668614039586, 0.0 ], [ -46.494340285470727, -23.651592862435891, 0.0 ], [ -46.494290798391418, -23.651517894846439, 0.0 ], [ -46.49423989886089, -23.6514437340971, 0.0 ], [ -46.494187602379078, -23.651370402768038, 0.0 ], [ -46.494133924871164, -23.651297923186831, 0.0 ], [ -46.494078882682743, -23.651226317421724, 0.0 ], [ -46.494022492574814, -23.651155607274831, 0.0 ], [ -46.493964771718744, -23.651085814275596, 0.0 ], [ -46.493905737690959, -23.651016959674148, 0.0 ], [ -46.493845408467621, -23.650949064434887, 0.0 ], [ -46.493783802419195, -23.650882149230068, 0.0 ], [ -46.493720938304776, -23.65081623443356, 0.0 ], [ -46.493656835266435, -23.650751340114567, 0.0 ], [ -46.493591512823393, -23.650687486031604, 0.0 ], [ -46.493524990866028, -23.650624691626426, 0.0 ], [ -46.493457289649861, -23.650562976018104, 0.0 ], [ -46.49338842978937, -23.650502357997269, 0.0 ], [ -46.493318432251733, -23.650442856020302, 0.0 ], [ -46.493247318350413, -23.650384488203795, 0.0 ], [ -46.493175109738694, -23.650327272318982, 0.0 ], [ -46.493101828403084, -23.650271225786383, 0.0 ], [ -46.493027496656609, -23.650216365670442, 0.0 ], [ -46.492952137132029, -23.650162708674372, 0.0 ], [ -46.492875772774944, -23.650110271135048, 0.0 ], [ -46.492798426836828, -23.65005906901807, 0.0 ], [ -46.492720122867908, -23.650009117912877, 0.0 ], [ -46.492640884710035, -23.64996043302796, 0.0 ], [ -46.492560736489402, -23.649913029186337, 0.0 ], [ -46.492479702609224, -23.649866920820951, 0.0 ], [ -46.492397807742272, -23.649822121970296, 0.0 ], [ -46.492315076823395, -23.649778646274164, 0.0 ], [ -46.492231535041917, -23.649736506969514, 0.0 ], [ -46.492147207833973, -23.649695716886356, 0.0 ], [ -46.492062120874763, -23.64965628844395, 0.0 ], [ -46.491976300070725, -23.649618233646951, 0.0 ], [ -46.491889771551676, -23.649581564081799, 0.0 ], [ -46.49179992195107, -23.649555604331699, 0.0 ], [ -46.491710568824864, -23.649528229047654, 0.0 ], [ -46.491621738451293, -23.649499446280483, 0.0 ], [ -46.49153345695477, -23.649469264494961, 0.0 ], [ -46.491445750298276, -23.649437692567268, 0.0 ], [ -46.491358644275657, -23.649404739782465, 0.0 ], [ -46.491272164504068, -23.649370415831694, 0.0 ], [ -46.491186336416455, -23.649334730809322, 0.0 ], [ -46.49110118525401, -23.649297695210024, 0.0 ], [ -46.49101673605881, -23.649259319925665, 0.0 ], [ -46.490933013666435, -23.649219616242078, 0.0 ], [ -46.490850042698639, -23.649178595835792, 0.0 ], [ -46.490767847556114, -23.649136270770558, 0.0 ], [ -46.490686452411346, -23.649092653493813, 0.0 ], [ -46.490605881201454, -23.649047756833006, 0.0 ], [ -46.49052615762119, -23.649001593991859, 0.0 ], [ -46.49044730511595, -23.648954178546425, 0.0 ], [ -46.490369346874871, -23.648905524441176, 0.0 ], [ -46.490292305824042, -23.648855645984813, 0.0 ], [ -46.490216204619706, -23.648804557846105, 0.0 ], [ -46.490141065641659, -23.648752275049578, 0.0 ], [ -46.490066910986627, -23.648698812971094, 0.0 ], [ -46.489993762461772, -23.648644187333293, 0.0 ], [ -46.489921641578292, -23.648588414200994, 0.0 ], [ -46.489850569545077, -23.648531509976504, 0.0 ], [ -46.4897805672625, -23.648473491394689, 0.0 ], [ -46.489711655316214, -23.64841437551819, 0.0 ], [ -46.489643853971174, -23.648354179732298, 0.0 ], [ -46.489632285892839, -23.648342357214439, 0.0 ], [ -46.489620496807802, -23.648330721439162, 0.0 ], [ -46.489608490267841, -23.648319275911998, 0.0 ], [ -46.489596269890257, -23.648308024081171, 0.0 ], [ -46.489583839356762, -23.648296969336563, 0.0 ], [ -46.489571202412378, -23.648286115008641, 0.0 ], [ -46.489558362864301, -23.648275464367547, 0.0 ], [ -46.489545324580803, -23.648265020621992, 0.0 ], [ -46.48953209148997, -23.648254786918415, 0.0 ], [ -46.489518667578615, -23.648244766339925, 0.0 ], [ -46.489505056891026, -23.648234961905466, 0.0 ], [ -46.489491263527754, -23.648225376568835, 0.0 ], [ -46.489477291644391, -23.648216013217827, 0.0 ], [ -46.489463145450301, -23.648206874673342, 0.0 ], [ -46.489448829207369, -23.648197963688602, 0.0 ], [ -46.489434347228702, -23.64818928294822, 0.0 ], [ -46.489419703877338, -23.648180835067464, 0.0 ], [ -46.489404903564932, -23.648172622591428, 0.0 ], [ -46.489389950750407, -23.648164647994331, 0.0 ], [ -46.489374849938663, -23.648156913678669, 0.0 ], [ -46.489359605679162, -23.64814942197458, 0.0 ], [ -46.489344222564569, -23.648142175139125, 0.0 ], [ -46.489328705229397, -23.648135175355563, 0.0 ], [ -46.489313058348607, -23.648128424732711, 0.0 ], [ -46.489297286636152, -23.648121925304363, 0.0 ], [ -46.489281394843623, -23.648115679028596, 0.0 ], [ -46.489265387758763, -23.648109687787269, 0.0 ], [ -46.489249270204056, -23.648103953385348, 0.0 ], [ -46.489233047035277, -23.648098477550455, 0.0 ], [ -46.489216723139997, -23.648093261932303, 0.0 ], [ -46.489200303436142, -23.648088308102224, 0.0 ], [ -46.489183792870506, -23.648083617552651, 0.0 ], [ -46.489167196417242, -23.648079191696723, 0.0 ], [ -46.489150519076397, -23.64807503186783, 0.0 ], [ -46.489133765872353, -23.64807113931921, 0.0 ], [ -46.489116941852387, -23.648067515223584, 0.0 ], [ -46.489100052085078, -23.648064160672778, 0.0 ], [ -46.489083101658821, -23.648061076677443, 0.0 ], [ -46.489066095680286, -23.648058264166693, 0.0 ], [ -46.489049039272892, -23.648055723987852, 0.0 ], [ -46.489031937575234, -23.648053456906226, 0.0 ], [ -46.489014795739543, -23.648051463604819, 0.0 ], [ -46.488997618930163, -23.648049744684155, 0.0 ], [ -46.488980412321958, -23.648048300662097, 0.0 ], [ -46.488963181098775, -23.648047131973712, 0.0 ], [ -46.488945930451891, -23.64804623897108, 0.0 ], [ -46.488928665578399, -23.648045621923245, 0.0 ], [ -46.488911391679721, -23.64804528101611, 0.0 ], [ -46.488894113959958, -23.64804521635239, 0.0 ], [ -46.488876837624389, -23.648045427951562, 0.0 ], [ -46.488859567877874, -23.648045915749893, 0.0 ], [ -46.488842309923271, -23.648046679600437, 0.0 ], [ -46.488825068959905, -23.648047719273048, 0.0 ], [ -46.488807850181963, -23.648049034454534, 0.0 ], [ -46.488790658776978, -23.648050624748649, 0.0 ], [ -46.488773499924207, -23.648052489676314, 0.0 ], [ -46.48875637879312, -23.648054628675673, 0.0 ], [ -46.488739300541816, -23.648057041102316, 0.0 ], [ -46.488722270315478, -23.648059726229462, 0.0 ], [ -46.488705293244813, -23.648062683248146, 0.0 ], [ -46.488688374444529, -23.64806591126753, 0.0 ], [ -46.488671519011774, -23.648069409315102, 0.0 ], [ -46.488654732024607, -23.648073176337, 0.0 ], [ -46.488638018540463, -23.648077211198341, 0.0 ], [ -46.488621383594648, -23.648081512683543, 0.0 ], [ -46.488604832198789, -23.648086079496704, 0.0 ], [ -46.488588369339361, -23.64809091026196, 0.0 ], [ -46.488571999976159, -23.648096003523971, 0.0 ], [ -46.488555729040804, -23.648101357748274, 0.0 ], [ -46.488539561435282, -23.648106971321806, 0.0 ], [ -46.488523502030439, -23.648112842553349, 0.0 ], [ -46.488507555664533, -23.648118969674091, 0.0 ], [ -46.488491727141763, -23.6481253508381, 0.0 ], [ -46.488476021230831, -23.648131984122926, 0.0 ], [ -46.488460442663509, -23.648138867530147, 0.0 ], [ -46.488444996133175, -23.648145998985996, 0.0 ], [ -46.488429686293472, -23.648153376341966, 0.0 ], [ -46.488414517756837, -23.648160997375481, 0.0 ], [ -46.488399495093155, -23.648168859790538, 0.0 ], [ -46.488384622828356, -23.648176961218415, 0.0 ], [ -46.488369905443058, -23.648185299218394, 0.0 ], [ -46.488355347371233, -23.648193871278458, 0.0 ], [ -46.488340952998854, -23.648202674816119, 0.0 ], [ -46.488326726662571, -23.648211707179083, 0.0 ], [ -46.488312672648419, -23.648220965646175, 0.0 ], [ -46.488298795190531, -23.648230447428087, 0.0 ], [ -46.488285098469831, -23.648240149668215, 0.0 ], [ -46.488271586612804, -23.648250069443545, 0.0 ], [ -46.488258263690241, -23.648260203765513, 0.0 ], [ -46.488245133716028, -23.64827054958096, 0.0 ], [ -46.488232200645911, -23.648281103772963, 0.0 ], [ -46.488219468376307, -23.648291863161841, 0.0 ], [ -46.488206940743169, -23.648302824506082, 0.0 ], [ -46.488194621520769, -23.648313984503329, 0.0 ], [ -46.488182514420629, -23.648325339791388, 0.0 ], [ -46.488170623090326, -23.648336886949235, 0.0 ], [ -46.488158951112467, -23.648348622498002, 0.0 ], [ -46.488147502003571, -23.648360542902093, 0.0 ], [ -46.488136279213009, -23.64837264457022, 0.0 ], [ -46.488125286121964, -23.648384923856476, 0.0 ], [ -46.488114526042438, -23.648397377061436, 0.0 ], [ -46.488104002216218, -23.648410000433277, 0.0 ], [ -46.488093717813925, -23.648422790168937, 0.0 ], [ -46.488083675934057, -23.648435742415181, 0.0 ], [ -46.488073879602041, -23.648448853269855, 0.0 ], [ -46.488064331769323, -23.648462118783002, 0.0 ], [ -46.488055035312499, -23.64847553495806, 0.0 ], [ -46.488045993032436, -23.648489097753103, 0.0 ], [ -46.488037207653413, -23.64850280308201, 0.0 ], [ -46.488028681822314, -23.648516646815715, 0.0 ], [ -46.488020418107844, -23.648530624783454, 0.0 ], [ -46.48801241899973, -23.648544732774042, 0.0 ], [ -46.488004686907999, -23.648558966537088, 0.0 ], [ -46.487997224162214, -23.64857332178433, 0.0 ], [ -46.487990033010796, -23.648587794190902, 0.0 ], [ -46.487983115620352, -23.648602379396625, 0.0 ], [ -46.487976474075019, -23.64861707300734, 0.0 ], [ -46.487970110375819, -23.64863187059624, 0.0 ], [ -46.487964026440068, -23.648646767705191, 0.0 ], [ -46.487958224100794, -23.648661759846043, 0.0 ], [ -46.487952705106217, -23.648676842502052, 0.0 ], [ -46.487947471119163, -23.648692011129178, 0.0 ], [ -46.487942523716598, -23.64870726115749, 0.0 ], [ -46.487937864389167, -23.648722587992523, 0.0 ], [ -46.487933494540705, -23.648737987016677, 0.0 ], [ -46.487929415487848, -23.648753453590604, 0.0 ], [ -46.487925628459621, -23.648768983054591, 0.0 ], [ -46.487922134597063, -23.648784570729998, 0.0 ], [ -46.487918934952909, -23.648800211920612, 0.0 ], [ -46.487916030491242, -23.648815901914126, 0.0 ], [ -46.487913422087196, -23.648831635983502, 0.0 ], [ -46.487911110526746, -23.648847409388463, 0.0 ], [ -46.487909096506414, -23.648863217376835, 0.0 ], [ -46.487907380633082, -23.648879055186047, 0.0 ], [ -46.48790596342382, -23.64889491804453, 0.0 ], [ -46.487904845305692, -23.648910801173173, 0.0 ], [ -46.487904026615688, -23.648926699786752, 0.0 ], [ -46.487903507600564, -23.648942609095382, 0.0 ], [ -46.487903288416781, -23.648958524305961, 0.0 ], [ -46.487903369130507, -23.64897444062359, 0.0 ], [ -46.487903749717525, -23.648990353253048, 0.0 ], [ -46.487904430063274, -23.649006257400199, 0.0 ], [ -46.487905409962899, -23.649022148273499, 0.0 ], [ -46.487906689121282, -23.649038021085381, 0.0 ], [ -46.487908267153145, -23.649053871053713, 0.0 ], [ -46.487910143583171, -23.649069693403248, 0.0 ], [ -46.487912317846153, -23.649085483367067, 0.0 ], [ -46.487914789287117, -23.649101236187988, 0.0 ], [ -46.487917557161595, -23.649116947120039, 0.0 ], [ -46.487920620635784, -23.649132611429856, 0.0 ], [ -46.487923978786831, -23.649148224398122, 0.0 ], [ -46.487927630603103, -23.649163781320979, 0.0 ], [ -46.487931574984486, -23.64917927751145, 0.0 ], [ -46.487935810742719, -23.649194708300886, 0.0 ], [ -46.487940336601767, -23.649210069040294, 0.0 ], [ -46.487945151198183, -23.649225355101812, 0.0 ], [ -46.487950253081522, -23.649240561880088, 0.0 ], [ -46.487955640714787, -23.649255684793609, 0.0 ], [ -46.487961312474901, -23.649270719286172, 0.0 ], [ -46.487967266653179, -23.649285660828191, 0.0 ], [ -46.487973501455834, -23.649300504918099, 0.0 ], [ -46.487980015004538, -23.649315247083646, 0.0 ], [ -46.487986805336995, -23.649329882883347, 0.0 ], [ -46.487993870407486, -23.649344407907723, 0.0 ], [ -46.48800120808756, -23.649358817780673, 0.0 ], [ -46.488008816166584, -23.649373108160798, 0.0 ], [ -46.488016692352495, -23.64938727474269, 0.0 ], [ -46.48802483427243, -23.649401313258227, 0.0 ], [ -46.488033239473474, -23.64941521947792, 0.0 ], [ -46.488041905423394, -23.649428989212069, 0.0 ], [ -46.48805082951138, -23.649442618312126, 0.0 ], [ -46.488060009048844, -23.649456102671909, 0.0 ], [ -46.488069441270262, -23.649469438228866, 0.0 ], [ -46.488079123333954, -23.64948262096523, 0.0 ], [ -46.488089052322977, -23.649495646909305, 0.0 ], [ -46.488142053986024, -23.649592697812079, 0.0 ], [ -46.488196839152671, -23.649688904604616, 0.0 ], [ -46.488253391990064, -23.649784239476705, 0.0 ], [ -46.488311696154305, -23.649878674870198, 0.0 ], [ -46.488371734795109, -23.649972183486835, 0.0 ], [ -46.488433490560702, -23.650064738296237, 0.0 ], [ -46.48849694560284, -23.650156312543679, 0.0 ], [ -46.488562081581939, -23.650246879757855, 0.0 ], [ -46.48862887967239, -23.650336413758509, 0.0 ], [ -46.488697320568015, -23.650424888663991, 0.0 ], [ -46.488767384487595, -23.650512278898777, 0.0 ], [ -46.488839051180648, -23.650598559200866, 0.0 ], [ -46.48891229993324, -23.650683704629024, 0.0 ], [ -46.488987109573991, -23.65076769057006, 0.0 ], [ -46.48906345848016, -23.650850492745921, 0.0 ], [ -46.489141324583976, -23.650932087220706, 0.0 ], [ -46.489220685378882, -23.65101245040761, 0.0 ], [ -46.489301517926179, -23.651091559075685, 0.0 ], [ -46.489383798861574, -23.651169390356642, 0.0 ], [ -46.489467504401951, -23.651245921751396, 0.0 ], [ -46.489552610352241, -23.651321131136626, 0.0 ], [ -46.489639092112448, -23.651394996771092, 0.0 ], [ -46.489726924684717, -23.651467497302018, 0.0 ], [ -46.489816082680584, -23.651538611771201, 0.0 ], [ -46.489906540328306, -23.651608319621101, 0.0 ], [ -46.489998271480317, -23.651676600700775, 0.0 ], [ -46.490091249620789, -23.65174343527169, 0.0 ], [ -46.490185447873294, -23.651808804013459, 0.0 ], [ -46.490280839008577, -23.651872688029435, 0.0 ], [ -46.49037739545242, -23.651935068852115, 0.0 ], [ -46.490475089293611, -23.651995928448542, 0.0 ], [ -46.490573892292055, -23.652055249225505, 0.0 ], [ -46.490673775886876, -23.652113014034615, 0.0 ], [ -46.490774711204715, -23.652169206177245, 0.0 ], [ -46.490876669068079, -23.652223809409424, 0.0 ], [ -46.490979620003763, -23.652276807946468, 0.0 ], [ -46.491083534251366, -23.652328186467592, 0.0 ], [ -46.491188381771934, -23.652377930120274, 0.0 ], [ -46.491243328657944, -23.652403998813966, 0.0 ], [ -46.491297786653519, -23.652430923985726, 0.0 ], [ -46.491351740027426, -23.652458697857792, 0.0 ], [ -46.491405173194188, -23.652487312407228, 0.0 ], [ -46.491458070718572, -23.652516759368243, 0.0 ], [ -46.491510417320008, -23.652547030234615, 0.0 ], [ -46.491562197877087, -23.652578116262095, 0.0 ], [ -46.491613397431856, -23.652610008470976, 0.0 ], [ -46.491664001194152, -23.652642697648645, 0.0 ], [ -46.491713994545904, -23.652676174352298, 0.0 ], [ -46.49176336304533, -23.652710428911607, 0.0 ], [ -46.491812092431118, -23.65274545143156, 0.0 ], [ -46.491860168626516, -23.652781231795302, 0.0 ], [ -46.491907577743476, -23.652817759667041, 0.0 ], [ -46.491954306086548, -23.652855024495075, 0.0 ], [ -46.492000340156956, -23.652893015514774, 0.0 ], [ -46.492045666656416, -23.652931721751759, 0.0 ], [ -46.492090272491005, -23.652971132025048, 0.0 ], [ -46.492134144774951, -23.653011234950238, 0.0 ], [ -46.492177270834333, -23.653052018942873, 0.0 ], [ -46.492219638210777, -23.653093472221716, 0.0 ], [ -46.492261234665008, -23.653135582812226, 0.0 ], [ -46.492302048180434, -23.653178338549925, 0.0 ], [ -46.492342066966593, -23.653221727084009, 0.0 ], [ -46.492381279462542, -23.653265735880836, 0.0 ], [ -46.492419674340233, -23.65331035222761, 0.0 ], [ -46.492457240507768, -23.653355563235991, 0.0 ], [ -46.492493967112601, -23.653401355845862, 0.0 ], [ -46.492529843544666, -23.653447716829081, 0.0 ], [ -46.492564859439476, -23.653494632793322, 0.0 ], [ -46.492599004681075, -23.653542090185908, 0.0 ], [ -46.492674313148278, -23.653702133993605, 0.0 ], [ -46.492752586632427, -23.653860966055134, 0.0 ], [ -46.49283380217615, -23.654018539764518, 0.0 ], [ -46.492917935958516, -23.654174808884886, 0.0 ], [ -46.49300496330202, -23.654329727562001, 0.0 ], [ -46.493094858679818, -23.654483250337769, 0.0 ], [ -46.493187595723228, -23.654635332163529, 0.0 ], [ -46.493283147229427, -23.654785928413336, 0.0 ], [ -46.493381485169422, -23.654934994896994, 0.0 ], [ -46.493482580696316, -23.655082487873088, 0.0 ], [ -46.493586404153696, -23.655228364061788, 0.0 ], [ -46.493692925084403, -23.65537258065757, 0.0 ], [ -46.493802112239386, -23.655515095341787, 0.0 ], [ -46.493913933586938, -23.655655866295056, 0.0 ], [ -46.494028356322048, -23.655794852209567, 0.0 ], [ -46.494145346876003, -23.655932012301211, 0.0 ], [ -46.494264870926308, -23.656067306321564, 0.0 ], [ -46.494386893406656, -23.65620069456963, 0.0 ], [ -46.494511378517302, -23.656332137903586, 0.0 ], [ -46.494638289735512, -23.656461597752241, 0.0 ], [ -46.494767589826296, -23.656589036126331, 0.0 ], [ -46.494899240853321, -23.656714415629693, 0.0 ], [ -46.495033204190065, -23.656837699470294, 0.0 ], [ -46.495169440531122, -23.656958851470925, 0.0 ], [ -46.495307909903744, -23.65707783607991, 0.0 ], [ -46.495448571679589, -23.657194618381521, 0.0 ], [ -46.495591384586618, -23.657309164106213, 0.0 ] ] ] ] } },
{ "type": "Feature", "properties": { "fid": 119.0 , "MODELO" : "ORATORIO"}, "geometry": { "type": "MultiPolygon", "coordinates": [ [ [ [ -46.482888523402174, -23.625254786564398, 0.0 ], [ -46.482889009340532, -23.625278224225475, 0.0 ], [ -46.482889939157367, -23.625301650502852, 0.0 ], [ -46.482891312569684, -23.625325058260646, 0.0 ], [ -46.482893129159351, -23.625348440368594, 0.0 ], [ -46.482895388373258, -23.625371789704253, 0.0 ], [ -46.482898089523452, -23.625395099155167, 0.0 ], [ -46.48290123178738, -23.625418361621016, 0.0 ], [ -46.482904814208084, -23.62544157001577, 0.0 ], [ -46.482908835694566, -23.625464717269917, 0.0 ], [ -46.482913295022051, -23.625487796332521, 0.0 ], [ -46.482918190832414, -23.625510800173419, 0.0 ], [ -46.482923521634547, -23.62553372178537, 0.0 ], [ -46.48292928580485, -23.62555655418619, 0.0 ], [ -46.48293548158771, -23.625579290420831, 0.0 ], [ -46.482942107096036, -23.625601923563558, 0.0 ], [ -46.482949160311833, -23.625624446720032, 0.0 ], [ -46.482956639086822, -23.625646853029426, 0.0 ], [ -46.482964541143069, -23.625669135666474, 0.0 ], [ -46.48297286407373, -23.625691287843615, 0.0 ], [ -46.482981605343731, -23.625713302812983, 0.0 ], [ -46.482990762290562, -23.625735173868549, 0.0 ], [ -46.483000332125108, -23.625756894348072, 0.0 ], [ -46.483010311932468, -23.625778457635228, 0.0 ], [ -46.483020698672838, -23.625799857161518, 0.0 ], [ -46.483031489182473, -23.625821086408379, 0.0 ], [ -46.48304268017462, -23.625842138909064, 0.0 ], [ -46.483054268240529, -23.625863008250693, 0.0 ], [ -46.483066249850488, -23.625883688076168, 0.0 ], [ -46.483078621354913, -23.625904172086109, 0.0 ], [ -46.483091378985421, -23.625924454040806, 0.0 ], [ -46.483104518856038, -23.625944527762076, 0.0 ], [ -46.483118036964328, -23.625964387135166, 0.0 ], [ -46.483131929192631, -23.625984026110611, 0.0 ], [ -46.483146191309324, -23.626003438706096, 0.0 ], [ -46.483160818970099, -23.626022619008243, 0.0 ], [ -46.483175807719313, -23.626041561174443, 0.0 ], [ -46.483191152991296, -23.626060259434635, 0.0 ], [ -46.483206850111777, -23.626078708093019, 0.0 ], [ -46.483222894299331, -23.626096901529859, 0.0 ], [ -46.483239280666744, -23.626114834203168, 0.0 ], [ -46.483256004222618, -23.626132500650339, 0.0 ], [ -46.483273059872808, -23.626149895489906, 0.0 ], [ -46.483290442422025, -23.626167013423146, 0.0 ], [ -46.483308146575354, -23.626183849235627, 0.0 ], [ -46.483326166939946, -23.626200397798915, 0.0 ], [ -46.483344498026618, -23.626216654072042, 0.0 ], [ -46.483363134251498, -23.626232613103078, 0.0 ], [ -46.483382069937804, -23.626248270030647, 0.0 ], [ -46.483401299317492, -23.626263620085385, 0.0 ], [ -46.483420816533069, -23.626278658591421, 0.0 ], [ -46.483440615639338, -23.62629338096778, 0.0 ], [ -46.483460690605241, -23.626307782729764, 0.0 ], [ -46.483481035315677, -23.626321859490364, 0.0 ], [ -46.483501643573376, -23.626335606961572, 0.0 ], [ -46.483522509100773, -23.626349020955665, 0.0 ], [ -46.483543625541927, -23.626362097386515, 0.0 ], [ -46.483564986464472, -23.626374832270816, 0.0 ], [ -46.48358658536155, -23.626387221729324, 0.0 ], [ -46.483608415653819, -23.626399261987967, 0.0 ], [ -46.483630470691423, -23.626410949379114, 0.0 ], [ -46.483652743756075, -23.62642228034256, 0.0 ], [ -46.483675228063028, -23.626433251426711, 0.0 ], [ -46.483697916763205, -23.626443859289573, 0.0 ], [ -46.483720802945257, -23.626454100699821, 0.0 ], [ -46.483743879637679, -23.626463972537735, 0.0 ], [ -46.483767139810915, -23.626473471796199, 0.0 ], [ -46.48379057637954, -23.62648259558156, 0.0 ], [ -46.483814182204355, -23.626491341114559, 0.0 ], [ -46.483837950094625, -23.626499705731163, 0.0 ], [ -46.483861872810238, -23.626507686883361, 0.0 ], [ -46.483885943063896, -23.626515282139955, 0.0 ], [ -46.483910153523397, -23.626522489187298, 0.0 ], [ -46.483934496813781, -23.626529305830012, 0.0 ], [ -46.483958965519648, -23.626535729991623, 0.0 ], [ -46.483983552187382, -23.62654175971522, 0.0 ], [ -46.484008249327445, -23.626547393164056, 0.0 ], [ -46.484033049416617, -23.626552628622086, 0.0 ], [ -46.484057944900343, -23.626557464494493, 0.0 ], [ -46.484082928194987, -23.6265618993082, 0.0 ], [ -46.48410799169018, -23.626565931712289, 0.0 ], [ -46.4841331277511, -23.626569560478426, 0.0 ], [ -46.484158328720838, -23.626572784501231, 0.0 ], [ -46.484183586922697, -23.626575602798621, 0.0 ], [ -46.484208894662551, -23.626578014512098, 0.0 ], [ -46.484234244231189, -23.626580018907024, 0.0 ], [ -46.484259627906653, -23.626581615372825, 0.0 ], [ -46.484285037956575, -23.626582803423208, 0.0 ], [ -46.484310466640586, -23.626583582696281, 0.0 ], [ -46.484335906212621, -23.626583952954675, 0.0 ], [ -46.484361348923308, -23.626583914085607, 0.0 ], [ -46.484386787022302, -23.62658346610095, 0.0 ], [ -46.484412212760681, -23.626582609137145, 0.0 ], [ -46.484437618393287, -23.626581343455285, 0.0 ], [ -46.484462996181072, -23.626579669440915, 0.0 ], [ -46.484488338393497, -23.626577587603986, 0.0 ], [ -46.48451363731084, -23.626575098578677, 0.0 ], [ -46.484538885226577, -23.626572203123203, 0.0 ], [ -46.484564074449729, -23.626568902119597, 0.0 ], [ -46.48458919730718, -23.626565196573406, 0.0 ], [ -46.484614246146052, -23.62656108761341, 0.0 ], [ -46.484639213335996, -23.626556576491307, 0.0 ], [ -46.484664091271561, -23.626551664581278, 0.0 ], [ -46.48468887237447, -23.626546353379574, 0.0 ], [ -46.48471354909595, -23.626540644504111, 0.0 ], [ -46.484738113919029, -23.626534539693935, 0.0 ], [ -46.484762559360838, -23.626528040808683, 0.0 ], [ -46.484786877974855, -23.626521149828051, 0.0 ], [ -46.484811062353202, -23.626513868851159, 0.0 ], [ -46.484835105128901, -23.62650620009596, 0.0 ], [ -46.484858998978126, -23.626498145898481, 0.0 ], [ -46.484882736622382, -23.626489708712199, 0.0 ], [ -46.484906310830809, -23.626480891107242, 0.0 ], [ -46.484929714422293, -23.626471695769638, 0.0 ], [ -46.484952940267725, -23.626462125500428, 0.0 ], [ -46.484975981292152, -23.626452183214912, 0.0 ], [ -46.484998830476897, -23.626441871941712, 0.0 ], [ -46.485021480861747, -23.626431194821812, 0.0 ], [ -46.485043925547053, -23.626420155107677, 0.0 ], [ -46.485066157695819, -23.626408756162188, 0.0 ], [ -46.485088170535803, -23.626397001457693, 0.0 ], [ -46.485109957361573, -23.626384894574866, 0.0 ], [ -46.485131511536551, -23.62637243920171, 0.0 ], [ -46.485152826495039, -23.626359639132328, 0.0 ], [ -46.485173895744211, -23.626346498265857, 0.0 ], [ -46.48519471286609, -23.626333020605244, 0.0 ], [ -46.485215271519515, -23.626319210256003, 0.0 ], [ -46.485235565442053, -23.626305071425023, 0.0 ], [ -46.485255588451942, -23.626290608419229, 0.0 ], [ -46.485275334449916, -23.626275825644303, 0.0 ], [ -46.485294797421119, -23.626260727603317, 0.0 ], [ -46.485313971436931, -23.626245318895403, 0.0 ], [ -46.485332850656718, -23.626229604214309, 0.0 ], [ -46.485351429329704, -23.626213588346978, 0.0 ], [ -46.485369701796614, -23.626197276172121, 0.0 ], [ -46.485387662491505, -23.626180672658677, 0.0 ], [ -46.485405305943374, -23.626163782864349, 0.0 ], [ -46.48542262677789, -23.62614661193405, 0.0 ], [ -46.485439619718974, -23.626129165098291, 0.0 ], [ -46.485456279590466, -23.62611144767169, 0.0 ], [ -46.485472601317632, -23.626093465051223, 0.0 ], [ -46.485488579928798, -23.626075222714675, 0.0 ], [ -46.485504210556769, -23.626056726218962, 0.0 ], [ -46.485519488440382, -23.626037981198383, 0.0 ], [ -46.485534408925915, -23.626018993362948, 0.0 ], [ -46.485548967468539, -23.625999768496637, 0.0 ], [ -46.485563159633678, -23.625980312455646, 0.0 ], [ -46.485576981098355, -23.625960631166532, 0.0 ], [ -46.485590427652532, -23.625940730624535, 0.0 ], [ -46.485603495200365, -23.625920616891626, 0.0 ], [ -46.485616179761486, -23.625900296094727, 0.0 ], [ -46.485628477472183, -23.625879774423851, 0.0 ], [ -46.485640384586588, -23.625859058130182, 0.0 ], [ -46.48565189747783, -23.625838153524171, 0.0 ], [ -46.485663012639108, -23.625817066973653, 0.0 ], [ -46.485673726684809, -23.62579580490188, 0.0 ], [ -46.485684036351486, -23.625774373785536, 0.0 ], [ -46.485693938498876, -23.625752780152848, 0.0 ], [ -46.485703430110881, -23.625731030581491, 0.0 ], [ -46.48571250829643, -23.625709131696677, 0.0 ], [ -46.485721170290411, -23.625687090169063, 0.0 ], [ -46.485729413454486, -23.6256649127128, 0.0 ], [ -46.485737235277902, -23.625642606083375, 0.0 ], [ -46.485744633378253, -23.625620177075685, 0.0 ], [ -46.485751605502223, -23.62559763252187, 0.0 ], [ -46.485758149526227, -23.625574979289262, 0.0 ], [ -46.485764263457114, -23.625552224278291, 0.0 ], [ -46.485769945432729, -23.625529374420399, 0.0 ], [ -46.485775193722517, -23.625506436675909, 0.0 ], [ -46.485780006728021, -23.625483418031905, 0.0 ], [ -46.485784382983368, -23.625460325500143, 0.0 ], [ -46.485788321155738, -23.625437166114825, 0.0 ], [ -46.485791820045755, -23.625413946930571, 0.0 ], [ -46.485794878587861, -23.625390675020181, 0.0 ], [ -46.485797495850626, -23.625367357472513, 0.0 ], [ -46.485799671037043, -23.625344001390328, 0.0 ], [ -46.48580140348475, -23.625320613888128, 0.0 ], [ -46.485802692666283, -23.625297202089964, 0.0 ], [ -46.485803538189174, -23.625273773127301, 0.0 ], [ -46.485803939796099, -23.62525033413683, 0.0 ], [ -46.485803897364974, -23.625226892258283, 0.0 ], [ -46.485803410908957, -23.625203454632263, 0.0 ], [ -46.485802480576467, -23.625180028398091, 0.0 ], [ -46.485801106651117, -23.625156620691605, 0.0 ], [ -46.485799289551665, -23.625133238642981, 0.0 ], [ -46.485797029831843, -23.625109889374606, 0.0 ], [ -46.485794328180212, -23.625086579998872, 0.0 ], [ -46.485791185419956, -23.625063317615979, 0.0 ], [ -46.485787602508616, -23.625040109311861, 0.0 ], [ -46.485783580537799, -23.625016962155936, 0.0 ], [ -46.485779120732865, -23.624993883198997, 0.0 ], [ -46.485774224452534, -23.624970879471103, 0.0 ], [ -46.485768893188471, -23.62494795797933, 0.0 ], [ -46.485763128564841, -23.624925125705747, 0.0 ], [ -46.485756932337814, -23.624902389605225, 0.0 ], [ -46.485750306395026, -23.624879756603331, 0.0 ], [ -46.485743252754986, -23.624857233594248, 0.0 ], [ -46.485735773566518, -23.624834827438619, 0.0 ], [ -46.485727871108026, -23.624812544961515, 0.0 ], [ -46.485719547786871, -23.624790392950317, 0.0 ], [ -46.485710806138584, -23.624768378152677, 0.0 ], [ -46.485701648826137, -23.624746507274416, 0.0 ], [ -46.485692078639104, -23.624724786977559, 0.0 ], [ -46.485682098492816, -23.624703223878221, 0.0 ], [ -46.485671711427472, -23.624681824544648, 0.0 ], [ -46.485660920607231, -23.62466059549519, 0.0 ], [ -46.485649729319213, -23.624639543196341, 0.0 ], [ -46.485638140972533, -23.624618674060741, 0.0 ], [ -46.485626159097244, -23.624597994445235, 0.0 ], [ -46.485613787343262, -23.624577510648937, 0.0 ], [ -46.485601029479241, -23.624557228911314, 0.0 ], [ -46.485587889391482, -23.62453715541027, 0.0 ], [ -46.485574371082677, -23.624517296260301, 0.0 ], [ -46.485560478670706, -23.624497657510602, 0.0 ], [ -46.485546216387441, -23.624478245143198, 0.0 ], [ -46.485531588577366, -23.624459065071203, 0.0 ], [ -46.485516599696332, -23.624440123136928, 0.0 ], [ -46.485501254310165, -23.624421425110192, 0.0 ], [ -46.485485557093263, -23.624402976686461, 0.0 ], [ -46.485469512827187, -23.624384783485198, 0.0 ], [ -46.485453126399221, -23.624366851048133, 0.0 ], [ -46.485436402800858, -23.624349184837545, 0.0 ], [ -46.485419347126282, -23.624331790234642, 0.0 ], [ -46.485401964570833, -23.624314672537853, 0.0 ], [ -46.485384260429406, -23.624297836961293, 0.0 ], [ -46.485366240094841, -23.624281288633153, 0.0 ], [ -46.485347909056316, -23.624265032594085, 0.0 ], [ -46.485329272897587, -23.624249073795752, 0.0 ], [ -46.48531033729541, -23.624233417099227, 0.0 ], [ -46.485291108017698, -23.624218067273596, 0.0 ], [ -46.485271590921833, -23.624203028994465, 0.0 ], [ -46.485251791952855, -23.624188306842527, 0.0 ], [ -46.485231717141652, -23.624173905302197, 0.0 ], [ -46.485211372603146, -23.62415982876022, 0.0 ], [ -46.485190764534401, -23.62414608150435, 0.0 ], [ -46.485169899212742, -23.624132667722019, 0.0 ], [ -46.485148782993868, -23.624119591499124, 0.0 ], [ -46.485127422309866, -23.624106856818702, 0.0 ], [ -46.485105823667304, -23.624094467559768, 0.0 ], [ -46.485083993645219, -23.624082427496123, 0.0 ], [ -46.485061938893132, -23.624070740295181, 0.0 ], [ -46.485039666128998, -23.624059409516914, 0.0 ], [ -46.48501718213717, -23.624048438612679, 0.0 ], [ -46.484994493766365, -23.624037830924259, 0.0 ], [ -46.48497160792752, -23.624027589682751, 0.0 ], [ -46.484948531591726, -23.6240177180077, 0.0 ], [ -46.4849252717881, -23.624008218906003, 0.0 ], [ -46.484901835601626, -23.623999095271124, 0.0 ], [ -46.48487823017102, -23.623990349882138, 0.0 ], [ -46.484854462686556, -23.623981985402903, 0.0 ], [ -46.48483054038784, -23.623974004381274, 0.0 ], [ -46.484806470561665, -23.623966409248276, 0.0 ], [ -46.484782260539717, -23.623959202317401, 0.0 ], [ -46.484757917696413, -23.623952385783902, 0.0 ], [ -46.484733449446615, -23.623945961724115, 0.0 ], [ -46.484708863243377, -23.623939932094814, 0.0 ], [ -46.48468416657569, -23.623934298732657, 0.0 ], [ -46.48465936696617, -23.623929063353554, 0.0 ], [ -46.484634471968803, -23.623924227552237, 0.0 ], [ -46.484609489166644, -23.623919792801708, 0.0 ], [ -46.484584426169441, -23.623915760452796, 0.0 ], [ -46.484559290611415, -23.623912131733761, 0.0 ], [ -46.48453409014887, -23.623908907749939, 0.0 ], [ -46.484508832457877, -23.623906089483373, 0.0 ], [ -46.484483525231944, -23.623903677792505, 0.0 ], [ -46.484458176179658, -23.62390167341195, 0.0 ], [ -46.484432793022343, -23.623900076952268, 0.0 ], [ -46.484407383491728, -23.623898888899738, 0.0 ], [ -46.484381955327564, -23.623898109616267, 0.0 ], [ -46.484356516275284, -23.623897739339228, 0.0 ], [ -46.484331074083613, -23.623897778181426, 0.0 ], [ -46.484305636502278, -23.623898226131036, 0.0 ], [ -46.484280211279554, -23.623899083051626, 0.0 ], [ -46.484254806159981, -23.623900348682188, 0.0 ], [ -46.484229428881982, -23.623902022637225, 0.0 ], [ -46.484204087175478, -23.623904104406851, 0.0 ], [ -46.484178788759564, -23.623906593356995, 0.0 ], [ -46.484153541340156, -23.623909488729513, 0.0 ], [ -46.484128352607641, -23.623912789642482, 0.0 ], [ -46.484103230234524, -23.623916495090459, 0.0 ], [ -46.484078181873102, -23.623920603944782, 0.0 ], [ -46.484053215153132, -23.623925114953888, 0.0 ], [ -46.48402833767949, -23.623930026743732, 0.0 ], [ -46.484003557029908, -23.623935337818207, 0.0 ], [ -46.483978880752595, -23.623941046559555, 0.0 ], [ -46.483954316363977, -23.623947151228887, 0.0 ], [ -46.483929871346398, -23.623953649966751, 0.0 ], [ -46.483905553145881, -23.623960540793618, 0.0 ], [ -46.483881369169765, -23.623967821610556, 0.0 ], [ -46.483857326784566, -23.623975490199825, 0.0 ], [ -46.483833433313627, -23.62398354422557, 0.0 ], [ -46.483809696034982, -23.623991981234539, 0.0 ], [ -46.48378612217904, -23.624000798656827, 0.0 ], [ -46.483762718926492, -23.624009993806634, 0.0 ], [ -46.48373949340602, -23.624019563883117, 0.0 ], [ -46.483716452692214, -23.624029505971226, 0.0 ], [ -46.483693603803331, -23.624039817042593, 0.0 ], [ -46.483670953699253, -23.624050493956467, 0.0 ], [ -46.483648509279284, -23.62406153346064, 0.0 ], [ -46.483626277380083, -23.624072932192483, 0.0 ], [ -46.483604264773597, -23.624084686679904, 0.0 ], [ -46.483582478164976, -23.624096793342495, 0.0 ], [ -46.48356092419052, -23.62410924849253, 0.0 ], [ -46.483539609415693, -23.624122048336172, 0.0 ], [ -46.483518540333101, -23.624135188974559, 0.0 ], [ -46.483497723360514, -23.624148666405027, 0.0 ], [ -46.483477164838902, -23.624162476522329, 0.0 ], [ -46.483456871030555, -23.624176615119868, 0.0 ], [ -46.483436848117087, -23.624191077891012, 0.0 ], [ -46.483417102197649, -23.624205860430347, 0.0 ], [ -46.483397639286984, -23.624220958235099, 0.0 ], [ -46.48337846531367, -23.624236366706416, 0.0 ], [ -46.483359586118247, -23.624252081150846, 0.0 ], [ -46.483341007451514, -23.624268096781737, 0.0 ], [ -46.483322734972695, -23.624284408720658, 0.0 ], [ -46.48330477424777, -23.624301011998966, 0.0 ], [ -46.483287130747776, -23.62431790155923, 0.0 ], [ -46.483269809847094, -23.624335072256844, 0.0 ], [ -46.483252816821881, -23.624352518861553, 0.0 ], [ -46.48323615684842, -23.62437023605904, 0.0 ], [ -46.483219835001535, -23.624388218452605, 0.0 ], [ -46.483203856253091, -23.624406460564735, 0.0 ], [ -46.483188225470414, -23.624424956838798, 0.0 ], [ -46.483172947414864, -23.624443701640747, 0.0 ], [ -46.483158026740377, -23.624462689260856, 0.0 ], [ -46.483143467992015, -23.624481913915389, 0.0 ], [ -46.483129275604604, -23.62450136974843, 0.0 ], [ -46.483115453901377, -23.62452105083366, 0.0 ], [ -46.483102007092683, -23.624540951176087, 0.0 ], [ -46.483088939274666, -23.624561064713998, 0.0 ], [ -46.48307625442802, -23.624581385320699, 0.0 ], [ -46.483063956416821, -23.624601906806397, 0.0 ], [ -46.483052048987282, -23.624622622920153, 0.0 ], [ -46.483040535766669, -23.624643527351719, 0.0 ], [ -46.483029420262184, -23.624664613733479, 0.0 ], [ -46.483018705859855, -23.624685875642403, 0.0 ], [ -46.483008395823568, -23.624707306601973, 0.0 ], [ -46.482998493294026, -23.62472890008419, 0.0 ], [ -46.482989001287812, -23.624750649511526, 0.0 ], [ -46.482979922696458, -23.624772548258964, 0.0 ], [ -46.482971260285581, -23.62479458965602, 0.0 ], [ -46.482963016694022, -23.624816766988687, 0.0 ], [ -46.482955194433053, -23.62483907350164, 0.0 ], [ -46.482947795885622, -23.624861502400105, 0.0 ], [ -46.482940823305583, -23.62488404685211, 0.0 ], [ -46.482934278817083, -23.624906699990415, 0.0 ], [ -46.482928164413828, -23.624929454914721, 0.0 ], [ -46.482922481958553, -23.624952304693675, 0.0 ], [ -46.482917233182398, -23.624975242367075, 0.0 ], [ -46.482912419684425, -23.624998260947905, 0.0 ], [ -46.482908042931086, -23.625021353424493, 0.0 ], [ -46.482904104255816, -23.625044512762695, 0.0 ], [ -46.482900604858607, -23.625067731907965, 0.0 ], [ -46.482897545805635, -23.625091003787535, 0.0 ], [ -46.482894928028948, -23.625114321312605, 0.0 ], [ -46.482892752326194, -23.625137677380415, 0.0 ], [ -46.482891019360324, -23.625161064876501, 0.0 ], [ -46.482889729659483, -23.625184476676811, 0.0 ], [ -46.482888883616745, -23.625207905649866, 0.0 ], [ -46.482888481490065, -23.625231344658982, 0.0 ], [ -46.482888523402174, -23.625254786564398, 0.0 ] ] ] ] } },
{ "type": "Feature", "properties": { "fid": 120.0 , "MODELO" : "ORATORIO"}, "geometry": { "type": "MultiPolygon", "coordinates": [ [ [ [ -46.502888365109762, -23.626908733717691, 0.0 ], [ -46.502888653496953, -23.626922541255357, 0.0 ], [ -46.502889203383624, -23.626936342052783, 0.0 ], [ -46.502890014602357, -23.626950131906135, 0.0 ], [ -46.502891086906125, -23.626963906614861, 0.0 ], [ -46.502892419968383, -23.626977661983052, 0.0 ], [ -46.502894013383141, -23.626991393820681, 0.0 ], [ -46.502895866665106, -23.627005097944888, 0.0 ], [ -46.502897979249845, -23.627018770181227, 0.0 ], [ -46.502900350493903, -23.627032406365014, 0.0 ], [ -46.502902979675056, -23.62704600234251, 0.0 ], [ -46.502905865992517, -23.627059553972234, 0.0 ], [ -46.502909008567158, -23.627073057126207, 0.0 ], [ -46.50291240644178, -23.627086507691214, 0.0 ], [ -46.502916058581441, -23.62709990157007, 0.0 ], [ -46.502919963873737, -23.627113234682856, 0.0 ], [ -46.502924121129134, -23.627126502968139, 0.0 ], [ -46.502928529081366, -23.627139702384259, 0.0 ], [ -46.5029331863878, -23.627152828910511, 0.0 ], [ -46.502938091629829, -23.6271658785484, 0.0 ], [ -46.502943243313339, -23.627178847322874, 0.0 ], [ -46.502948639869132, -23.627191731283471, 0.0 ], [ -46.502954279653423, -23.627204526505594, 0.0 ], [ -46.502960160948334, -23.627217229091659, 0.0 ], [ -46.502966281962422, -23.627229835172319, 0.0 ], [ -46.502972640831217, -23.627242340907589, 0.0 ], [ -46.502979235617801, -23.627254742488081, 0.0 ], [ -46.502986064313369, -23.627267036136125, 0.0 ], [ -46.502993124837893, -23.627279218106917, 0.0 ], [ -46.503000415040717, -23.627291284689676, 0.0 ], [ -46.503007932701195, -23.627303232208778, 0.0 ], [ -46.503015675529419, -23.627315057024852, 0.0 ], [ -46.503023641166891, -23.627326755535904, 0.0 ], [ -46.503031827187222, -23.627338324178432, 0.0 ], [ -46.503040231096904, -23.62734975942848, 0.0 ], [ -46.50304885033605, -23.627361057802712, 0.0 ], [ -46.503057682279184, -23.627372215859499, 0.0 ], [ -46.503066724236028, -23.62738323019996, 0.0 ], [ -46.503075973452333, -23.627394097468979, 0.0 ], [ -46.503085427110712, -23.627404814356247, 0.0 ], [ -46.503095082331505, -23.627415377597256, 0.0 ], [ -46.503104936173642, -23.627425783974299, 0.0 ], [ -46.503114985635555, -23.627436030317448, 0.0 ], [ -46.503125227656092, -23.62744611350556, 0.0 ], [ -46.503135659115422, -23.62745603046713, 0.0 ], [ -46.503146276836041, -23.627465778181328, 0.0 ], [ -46.503157077583658, -23.627475353678875, 0.0 ], [ -46.503168058068269, -23.627484754042946, 0.0 ], [ -46.503179214945099, -23.62749397641004, 0.0 ], [ -46.503190544815631, -23.627503017970923, 0.0 ], [ -46.503202044228686, -23.627511875971404, 0.0 ], [ -46.503213709681383, -23.627520547713207, 0.0 ], [ -46.503225537620303, -23.627529030554815, 0.0 ], [ -46.503237524442525, -23.627537321912214, 0.0 ], [ -46.5032496664967, -23.627545419259771, 0.0 ], [ -46.503261960084231, -23.627553320130886, 0.0 ], [ -46.503274401460324, -23.627561022118876, 0.0 ], [ -46.503286986835192, -23.627568522877596, 0.0 ], [ -46.50329971237516, -23.627575820122207, 0.0 ], [ -46.503312574203875, -23.627582911629862, 0.0 ], [ -46.50332556840344, -23.6275897952404, 0.0 ], [ -46.503338691015671, -23.627596468856964, 0.0 ], [ -46.503351938043231, -23.627602930446695, 0.0 ], [ -46.503365305450906, -23.627609178041279, 0.0 ], [ -46.503378789166788, -23.62761520973762, 0.0 ], [ -46.503392385083579, -23.627621023698389, 0.0 ], [ -46.503406089059737, -23.627626618152565, 0.0 ], [ -46.503419896920867, -23.627631991395983, 0.0 ], [ -46.503433804460897, -23.627637141791894, 0.0 ], [ -46.503447807443386, -23.627642067771408, 0.0 ], [ -46.503461901602826, -23.627646767834001, 0.0 ], [ -46.503476082645939, -23.627651240547973, 0.0 ], [ -46.503490346252967, -23.627655484550871, 0.0 ], [ -46.503504688079005, -23.627659498549917, 0.0 ], [ -46.503519103755337, -23.627663281322377, 0.0 ], [ -46.503533588890733, -23.627666831715977, 0.0 ], [ -46.503548139072791, -23.627670148649223, 0.0 ], [ -46.503562749869324, -23.627673231111711, 0.0 ], [ -46.503577416829657, -23.627676078164498, 0.0 ], [ -46.503592135486031, -23.627678688940318, 0.0 ], [ -46.503606901354907, -23.627681062643916, 0.0 ], [ -46.503621709938379, -23.627683198552216, 0.0 ], [ -46.503636556725532, -23.627685096014588, 0.0 ], [ -46.503651437193824, -23.627686754453048, 0.0 ], [ -46.503666346810419, -23.627688173362408, 0.0 ], [ -46.503681281033629, -23.627689352310469, 0.0 ], [ -46.503696235314266, -23.627690290938084, 0.0 ], [ -46.503711205097026, -23.627690988959355, 0.0 ], [ -46.50372618582189, -23.627691446161649, 0.0 ], [ -46.503741172925494, -23.627691662405702, 0.0 ], [ -46.503756161842553, -23.627691637625656, 0.0 ], [ -46.503771148007196, -23.627691371829052, 0.0 ], [ -46.503786126854422, -23.627690865096856, 0.0 ], [ -46.503801093821444, -23.627690117583448, 0.0 ], [ -46.503816044349101, -23.627689129516519, 0.0 ], [ -46.503830973883233, -23.627687901197071, 0.0 ], [ -46.503845877876081, -23.627686432999248, 0.0 ], [ -46.503860751787663, -23.627684725370312, 0.0 ], [ -46.503875591087166, -23.627682778830426, 0.0 ], [ -46.503890391254309, -23.627680593972542, 0.0 ], [ -46.503905147780749, -23.627678171462204, 0.0 ], [ -46.503919856171436, -23.627675512037342, 0.0 ], [ -46.503934511945957, -23.627672616508075, 0.0 ], [ -46.503949110639972, -23.627669485756424, 0.0 ], [ -46.503963647806486, -23.627666120736055, 0.0 ], [ -46.503978119017276, -23.627662522472018, 0.0 ], [ -46.503992519864205, -23.627658692060397, 0.0 ], [ -46.504006845960561, -23.627654630668005, 0.0 ], [ -46.504021092942409, -23.627650339531989, 0.0 ], [ -46.504035256469926, -23.627645819959511, 0.0 ], [ -46.504049332228696, -23.627641073327293, 0.0 ], [ -46.504063315931049, -23.627636101081244, 0.0 ], [ -46.504077203317358, -23.627630904735977, 0.0 ], [ -46.504090990157323, -23.627625485874375, 0.0 ], [ -46.504104672251302, -23.627619846147123, 0.0 ], [ -46.504118245431535, -23.627613987272138, 0.0 ], [ -46.504131705563452, -23.627607911034151, 0.0 ], [ -46.504145048546924, -23.627601619284064, 0.0 ], [ -46.504158270317497, -23.627595113938426, 0.0 ], [ -46.50417136684765, -23.627588396978876, 0.0 ], [ -46.504184334148029, -23.627581470451499, 0.0 ], [ -46.504197168268604, -23.627574336466211, 0.0 ], [ -46.504209865299977, -23.627566997196134, 0.0 ], [ -46.50422242137445, -23.627559454876906, 0.0 ], [ -46.504234832667294, -23.627551711806035, 0.0 ], [ -46.504247095397901, -23.627543770342157, 0.0 ], [ -46.504259205830884, -23.627535632904387, 0.0 ], [ -46.504271160277277, -23.627527301971469, 0.0 ], [ -46.504282955095626, -23.627518780081154, 0.0 ], [ -46.504294586693078, -23.627510069829292, 0.0 ], [ -46.504306051526534, -23.627501173869184, 0.0 ], [ -46.504317346103704, -23.627492094910643, 0.0 ], [ -46.50432846698412, -23.627482835719256, 0.0 ], [ -46.504339410780254, -23.627473399115495, 0.0 ], [ -46.504350174158532, -23.627463787973863, 0.0 ], [ -46.504360753840309, -23.627454005222074, 0.0 ], [ -46.504371146602928, -23.627444053840069, 0.0 ], [ -46.504381349280663, -23.627433936859177, 0.0 ], [ -46.504391358765673, -23.627423657361156, 0.0 ], [ -46.504401172009011, -23.627413218477294, 0.0 ], [ -46.50441078602146, -23.627402623387397, 0.0 ], [ -46.504420197874531, -23.627391875318867, 0.0 ], [ -46.504429404701305, -23.627380977545727, 0.0 ], [ -46.504438403697307, -23.627369933387556, 0.0 ], [ -46.504447192121397, -23.62735874620855, 0.0 ], [ -46.504455767296555, -23.627347419416481, 0.0 ], [ -46.504464126610742, -23.627335956461621, 0.0 ], [ -46.504472267517649, -23.627324360835729, 0.0 ], [ -46.504480187537531, -23.627312636070982, 0.0 ], [ -46.504487884257912, -23.627300785738896, 0.0 ], [ -46.504495355334335, -23.627288813449205, 0.0 ], [ -46.504502598491072, -23.627276722848837, 0.0 ], [ -46.504509611521861, -23.627264517620723, 0.0 ], [ -46.504516392290498, -23.627252201482733, 0.0 ], [ -46.50452293873154, -23.627239778186492, 0.0 ], [ -46.50452924885095, -23.627227251516302, 0.0 ], [ -46.504535320726653, -23.627214625287927, 0.0 ], [ -46.504541152509155, -23.627201903347455, 0.0 ], [ -46.504546742422093, -23.627189089570141, 0.0 ], [ -46.504552088762807, -23.627176187859224, 0.0 ], [ -46.504557189902798, -23.62716320214469, 0.0 ], [ -46.504562044288278, -23.627150136382145, 0.0 ], [ -46.504566650440623, -23.627136994551563, 0.0 ], [ -46.50457100695683, -23.627123780656088, 0.0 ], [ -46.504575112509919, -23.627110498720825, 0.0 ], [ -46.504578965849383, -23.627097152791595, 0.0 ], [ -46.504582565801535, -23.627083746933703, 0.0 ], [ -46.504585911269849, -23.627070285230733, 0.0 ], [ -46.504589001235367, -23.627056771783252, 0.0 ], [ -46.504591834756908, -23.627043210707601, 0.0 ], [ -46.504594410971443, -23.62702960613462, 0.0 ], [ -46.50459672909431, -23.627015962208411, 0.0 ], [ -46.504598788419464, -23.627002283085048, 0.0 ], [ -46.504600588319704, -23.626988572931332, 0.0 ], [ -46.504602128246837, -23.626974835923505, 0.0 ], [ -46.504603407731864, -23.626961076246019, 0.0 ], [ -46.504604426385129, -23.62694729809018, 0.0 ], [ -46.504605183896416, -23.626933505652964, 0.0 ], [ -46.504605680035077, -23.626919703135684, 0.0 ], [ -46.50460591465005, -23.626905894742716, 0.0 ], [ -46.50460588766996, -23.626892084680204, 0.0 ], [ -46.504605599103101, -23.626878277154859, 0.0 ], [ -46.504605049037465, -23.62686447637256, 0.0 ], [ -46.504604237640677, -23.626850686537153, 0.0 ], [ -46.504603165159992, -23.626836911849161, 0.0 ], [ -46.504601831922159, -23.626823156504464, 0.0 ], [ -46.504600238333403, -23.626809424693061, 0.0 ], [ -46.504598384879195, -23.626795720597791, 0.0 ], [ -46.504596272124218, -23.626782048393039, 0.0 ], [ -46.504593900712109, -23.626768412243475, 0.0 ], [ -46.504591271365292, -23.626754816302796, 0.0 ], [ -46.504588384884777, -23.626741264712415, 0.0 ], [ -46.504585242149879, -23.626727761600289, 0.0 ], [ -46.504581844117986, -23.626714311079564, 0.0 ], [ -46.504578191824237, -23.62670091724738, 0.0 ], [ -46.504574286381242, -23.6266875841836, 0.0 ], [ -46.504570128978685, -23.62667431594959, 0.0 ], [ -46.504565720883029, -23.626661116586966, 0.0 ], [ -46.504561063437087, -23.626647990116339, 0.0 ], [ -46.504556158059629, -23.626634940536146, 0.0 ], [ -46.504551006244931, -23.626621971821386, 0.0 ], [ -46.504545609562356, -23.626609087922432, 0.0 ], [ -46.504539969655845, -23.626596292763814, 0.0 ], [ -46.504534088243418, -23.626583590243037, 0.0 ], [ -46.504527967116672, -23.626570984229364, 0.0 ], [ -46.504521608140202, -23.6265584785627, 0.0 ], [ -46.504515013251059, -23.626546077052346, 0.0 ], [ -46.504508184458182, -23.626533783475889, 0.0 ], [ -46.504501123841706, -23.626521601578059, 0.0 ], [ -46.504493833552417, -23.626509535069527, 0.0 ], [ -46.504486315811043, -23.626497587625838, 0.0 ], [ -46.504478572907608, -23.626485762886272, 0.0 ], [ -46.504470607200695, -23.626474064452722, 0.0 ], [ -46.504462421116777, -23.626462495888603, 0.0 ], [ -46.504454017149442, -23.62645106071777, 0.0 ], [ -46.504445397858639, -23.626439762423473, 0.0 ], [ -46.504436565869923, -23.626428604447224, 0.0 ], [ -46.504427523873616, -23.626417590187824, 0.0 ], [ -46.504418274624015, -23.626406723000287, 0.0 ], [ -46.504408820938551, -23.62639600619482, 0.0 ], [ -46.504399165696917, -23.626385443035833, 0.0 ], [ -46.504389311840207, -23.626375036740921, 0.0 ], [ -46.504379262370009, -23.626364790479922, 0.0 ], [ -46.504369020347475, -23.626354707373892, 0.0 ], [ -46.504358588892451, -23.626344790494215, 0.0 ], [ -46.504347971182447, -23.626335042861641, 0.0 ], [ -46.504337170451706, -23.626325467445319, 0.0 ], [ -46.504326189990238, -23.626316067162012, 0.0 ], [ -46.504315033142781, -23.626306844875085, 0.0 ], [ -46.504303703307812, -23.626297803393701, 0.0 ], [ -46.504292203936494, -23.626288945471963, 0.0 ], [ -46.504280538531617, -23.626280273808014, 0.0 ], [ -46.504268710646564, -23.626271791043315, 0.0 ], [ -46.504256723884197, -23.626263499761752, 0.0 ], [ -46.504244581895762, -23.626255402488901, 0.0 ], [ -46.504232288379811, -23.626247501691232, 0.0 ], [ -46.504219847081032, -23.626239799775369, 0.0 ], [ -46.504207261789126, -23.626232299087359, 0.0 ], [ -46.50419453633765, -23.626225001911951, 0.0 ], [ -46.504181674602876, -23.626217910471915, 0.0 ], [ -46.504168680502559, -23.626211026927326, 0.0 ], [ -46.504155557994793, -23.626204353374956, 0.0 ], [ -46.504142311076755, -23.626197891847589, 0.0 ], [ -46.504128943783542, -23.626191644313476, 0.0 ], [ -46.504115460186917, -23.626185612675609, 0.0 ], [ -46.504101864394059, -23.626179798771286, 0.0 ], [ -46.50408816054631, -23.626174204371431, 0.0 ], [ -46.504074352817952, -23.626168831180145, 0.0 ], [ -46.504060445414879, -23.626163680834118, 0.0 ], [ -46.504046442573362, -23.626158754902178, 0.0 ], [ -46.504032348558731, -23.626154054884797, 0.0 ], [ -46.504018167664107, -23.626149582213614, 0.0 ], [ -46.504003904209057, -23.626145338251021, 0.0 ], [ -46.503989562538287, -23.626141324289772, 0.0 ], [ -46.503975147020348, -23.626137541552538, 0.0 ], [ -46.503960662046275, -23.626133991191541, 0.0 ], [ -46.503946112028245, -23.62613067428827, 0.0 ], [ -46.503931501398277, -23.626127591853042, 0.0 ], [ -46.503916834606819, -23.626124744824811, 0.0 ], [ -46.503902116121452, -23.626122134070773, 0.0 ], [ -46.503887350425487, -23.626119760386199, 0.0 ], [ -46.503872542016616, -23.626117624494114, 0.0 ], [ -46.50385769540555, -23.626115727045143, 0.0 ], [ -46.503842815114631, -23.626114068617245, 0.0 ], [ -46.503827905676452, -23.626112649715591, 0.0 ], [ -46.503812971632492, -23.626111470772393, 0.0 ], [ -46.503798017531722, -23.62611053214675, 0.0 ], [ -46.503783047929225, -23.626109834124602, 0.0 ], [ -46.503768067384812, -23.626109376918553, 0.0 ], [ -46.503753080461614, -23.626109160667887, 0.0 ], [ -46.503738091724706, -23.626109185438469, 0.0 ], [ -46.503723105739731, -23.626109451222774, 0.0 ], [ -46.503708127071476, -23.626109957939821, 0.0 ], [ -46.503693160282502, -23.626110705435295, 0.0 ], [ -46.503678209931763, -23.62611169348148, 0.0 ], [ -46.5036632805732, -23.626112921777448, 0.0 ], [ -46.503648376754363, -23.626114389949038, 0.0 ], [ -46.50363350301501, -23.626116097549051, 0.0 ], [ -46.503618663885753, -23.626118044057332, 0.0 ], [ -46.503603863886667, -23.626120228880996, 0.0 ], [ -46.503589107525876, -23.626122651354528, 0.0 ], [ -46.503574399298252, -23.626125310740036, 0.0 ], [ -46.503559743683986, -23.62612820622746, 0.0 ], [ -46.503545145147243, -23.626131336934826, 0.0 ], [ -46.50353060813481, -23.626134701908523, 0.0 ], [ -46.503516137074733, -23.626138300123554, 0.0 ], [ -46.503501736374965, -23.626142130483906, 0.0 ], [ -46.503487410422025, -23.626146191822812, 0.0 ], [ -46.503473163579677, -23.626150482903192, 0.0 ], [ -46.503459000187597, -23.626155002417967, 0.0 ], [ -46.503444924560014, -23.626159748990467, 0.0 ], [ -46.503430940984444, -23.626164721174874, 0.0 ], [ -46.503417053720362, -23.626169917456643, 0.0 ], [ -46.5034032669979, -23.626175336252956, 0.0 ], [ -46.503389585016592, -23.626180975913229, 0.0 ], [ -46.503376011944034, -23.626186834719604, 0.0 ], [ -46.50336255191467, -23.626192910887447, 0.0 ], [ -46.503349209028507, -23.626199202565953, 0.0 ], [ -46.503335987349885, -23.626205707838626, 0.0 ], [ -46.503322890906198, -23.626212424723949, 0.0 ], [ -46.503309923686714, -23.626219351175916, 0.0 ], [ -46.50329708964135, -23.6262264850847, 0.0 ], [ -46.503284392679426, -23.626233824277271, 0.0 ], [ -46.503271836668546, -23.626241366518094, 0.0 ], [ -46.503259425433342, -23.62624910950975, 0.0 ], [ -46.503247162754391, -23.626257050893692, 0.0 ], [ -46.503235052366989, -23.626265188250919, 0.0 ], [ -46.503223097960067, -23.626273519102771, 0.0 ], [ -46.503211303175014, -23.626282040911619, 0.0 ], [ -46.503199671604648, -23.626290751081672, 0.0 ], [ -46.503188206792018, -23.626299646959762, 0.0 ], [ -46.503176912229435, -23.626308725836161, 0.0 ], [ -46.503165791357304, -23.626317984945395, 0.0 ], [ -46.503154847563152, -23.626327421467089, 0.0 ], [ -46.503144084180569, -23.626337032526813, 0.0 ], [ -46.50313350448819, -23.626346815197, 0.0 ], [ -46.503123111708689, -23.626356766497761, 0.0 ], [ -46.503112909007818, -23.6263668833979, 0.0 ], [ -46.50310289949342, -23.626377162815743, 0.0 ], [ -46.503093086214527, -23.626387601620102, 0.0 ], [ -46.503083472160348, -23.626398196631275, 0.0 ], [ -46.503074060259451, -23.626408944621936, 0.0 ], [ -46.50306485337881, -23.626419842318182, 0.0 ], [ -46.503055854322959, -23.626430886400509, 0.0 ], [ -46.503047065833123, -23.626442073504812, 0.0 ], [ -46.503038490586384, -23.626453400223422, 0.0 ], [ -46.50303013119489, -23.626464863106161, 0.0 ], [ -46.503021990205013, -23.626476458661347, 0.0 ], [ -46.50301407009664, -23.626488183356884, 0.0 ], [ -46.503006373282318, -23.626500033621358, 0.0 ], [ -46.502998902106647, -23.626512005845097, 0.0 ], [ -46.502991658845445, -23.626524096381271, 0.0 ], [ -46.502984645705141, -23.626536301547009, 0.0 ], [ -46.502977864822043, -23.626548617624547, 0.0 ], [ -46.502971318261729, -23.626561040862299, 0.0 ], [ -46.5029650080184, -23.626573567476051, 0.0 ], [ -46.502958936014274, -23.626586193650116, 0.0 ], [ -46.502953104099007, -23.626598915538445, 0.0 ], [ -46.502947514049112, -23.626611729265871, 0.0 ], [ -46.502942167567426, -23.626624630929218, 0.0 ], [ -46.502937066282627, -23.626637616598543, 0.0 ], [ -46.502932211748657, -23.626650682318299, 0.0 ], [ -46.502927605444334, -23.626663824108576, 0.0 ], [ -46.502923248772859, -23.626677037966257, 0.0 ], [ -46.502919143061376, -23.626690319866292, 0.0 ], [ -46.502915289560598, -23.626703665762918, 0.0 ], [ -46.502911689444417, -23.62671707159085, 0.0 ], [ -46.50290834380953, -23.626730533266549, 0.0 ], [ -46.502905253675138, -23.626744046689485, 0.0 ], [ -46.50290241998259, -23.626757607743333, 0.0 ], [ -46.502899843595145, -23.626771212297296, 0.0 ], [ -46.502897525297669, -23.626784856207284, 0.0 ], [ -46.502895465796421, -23.626798535317256, 0.0 ], [ -46.502893665718823, -23.62681224546041, 0.0 ], [ -46.502892125613279, -23.626825982460524, 0.0 ], [ -46.502890845948997, -23.626839742133161, 0.0 ], [ -46.502889827115865, -23.626853520287018, 0.0 ], [ -46.502889069424299, -23.626867312725111, 0.0 ], [ -46.502888573105203, -23.626881115246142, 0.0 ], [ -46.502888338309816, -23.626894923645729, 0.0 ], [ -46.502888365109762, -23.626908733717691, 0.0 ] ] ] ] } },
{ "type": "Feature", "properties": { "fid": 123.0, "MODELO" : "ORATORIO" }, "geometry": { "type": "MultiPolygon", "coordinates": [ [ [ [ -46.521266031195488, -23.615300743579162, 0.0 ], [ -46.521266305160644, -23.61531377797176, 0.0 ], [ -46.521266825960382, -23.615326805973417, 0.0 ], [ -46.521267593436129, -23.615339823615646, 0.0 ], [ -46.521268607354173, -23.615352826933144, 0.0 ], [ -46.521269867405742, -23.615365811964978, 0.0 ], [ -46.521271373207085, -23.615378774755772, 0.0 ], [ -46.52127312429959, -23.615391711356907, 0.0 ], [ -46.521275120149916, -23.615404617827771, 0.0 ], [ -46.521277360150201, -23.615417490236904, 0.0 ], [ -46.521279843618153, -23.615430324663251, 0.0 ], [ -46.521282569797386, -23.615443117197287, 0.0 ], [ -46.521285537857523, -23.615455863942273, 0.0 ], [ -46.521288746894541, -23.615468561015419, 0.0 ], [ -46.52129219593099, -23.615481204549038, 0.0 ], [ -46.521295883916338, -23.615493790691787, 0.0 ], [ -46.521299809727232, -23.615506315609764, 0.0 ], [ -46.521303972167907, -23.615518775487761, 0.0 ], [ -46.521308369970484, -23.615531166530332, 0.0 ], [ -46.521313001795434, -23.615543484963041, 0.0 ], [ -46.52131786623189, -23.615555727033545, 0.0 ], [ -46.521322961798155, -23.615567889012759, 0.0 ], [ -46.521328286942129, -23.615579967196009, 0.0 ], [ -46.521333840041756, -23.615591957904144, 0.0 ], [ -46.521339619405587, -23.615603857484636, 0.0 ], [ -46.521345623273184, -23.615615662312734, 0.0 ], [ -46.521351849815765, -23.615627368792548, 0.0 ], [ -46.521358297136715, -23.615638973358156, 0.0 ], [ -46.521364963272148, -23.615650472474641, 0.0 ], [ -46.521371846191535, -23.61566186263925, 0.0 ], [ -46.521378943798318, -23.615673140382395, 0.0 ], [ -46.521386253930508, -23.615684302268715, 0.0 ], [ -46.521393774361414, -23.615695344898189, 0.0 ], [ -46.521401502800266, -23.615706264907086, 0.0 ], [ -46.521409436892931, -23.615717058969015, 0.0 ], [ -46.521417574222625, -23.615727723795985, 0.0 ], [ -46.521425912310669, -23.615738256139355, 0.0 ], [ -46.521434448617214, -23.615748652790831, 0.0 ], [ -46.521443180542036, -23.615758910583466, 0.0 ], [ -46.521452105425325, -23.615769026392595, 0.0 ], [ -46.521461220548467, -23.615778997136822, 0.0 ], [ -46.521470523134937, -23.615788819778917, 0.0 ], [ -46.521480010351077, -23.615798491326782, 0.0 ], [ -46.521489679306981, -23.615808008834335, 0.0 ], [ -46.521499527057415, -23.615817369402421, 0.0 ], [ -46.521509550602637, -23.615826570179681, 0.0 ], [ -46.521519746889375, -23.615835608363437, 0.0 ], [ -46.521530112811739, -23.615844481200529, 0.0 ], [ -46.521540645212163, -23.615853185988197, 0.0 ], [ -46.521551340882361, -23.615861720074829, 0.0 ], [ -46.521562196564311, -23.61587008086082, 0.0 ], [ -46.521573208951253, -23.615878265799381, 0.0 ], [ -46.521584374688686, -23.615886272397255, 0.0 ], [ -46.521595690375392, -23.615894098215517, 0.0 ], [ -46.521607152564492, -23.615901740870331, 0.0 ], [ -46.52161875776445, -23.615909198033638, 0.0 ], [ -46.521630502440189, -23.615916467433873, 0.0 ], [ -46.521642383014132, -23.615923546856692, 0.0 ], [ -46.521654395867316, -23.615930434145589, 0.0 ], [ -46.521666537340465, -23.615937127202621, 0.0 ], [ -46.521678803735128, -23.615943623988969, 0.0 ], [ -46.521691191314808, -23.61594992252564, 0.0 ], [ -46.521703696306083, -23.615956020893996, 0.0 ], [ -46.521716314899763, -23.615961917236408, 0.0 ], [ -46.521729043252073, -23.615967609756751, 0.0 ], [ -46.521741877485759, -23.615973096721017, 0.0 ], [ -46.521754813691359, -23.615978376457793, 0.0 ], [ -46.521767847928317, -23.615983447358801, 0.0 ], [ -46.521780976226225, -23.615988307879377, 0.0 ], [ -46.521794194586022, -23.615992956538935, 0.0 ], [ -46.521807498981218, -23.615997391921436, 0.0 ], [ -46.521820885359098, -23.616001612675795, 0.0 ], [ -46.521834349641971, -23.616005617516301, 0.0 ], [ -46.521847887728441, -23.616009405223046, 0.0 ], [ -46.521861495494612, -23.616012974642228, 0.0 ], [ -46.521875168795347, -23.616016324686555, 0.0 ], [ -46.52188890346558, -23.616019454335564, 0.0 ], [ -46.521902695321522, -23.616022362635917, 0.0 ], [ -46.521916540161961, -23.616025048701704, 0.0 ], [ -46.521930433769569, -23.616027511714726, 0.0 ], [ -46.521944371912149, -23.616029750924692, 0.0 ], [ -46.52195835034393, -23.616031765649534, 0.0 ], [ -46.521972364806885, -23.616033555275528, 0.0 ], [ -46.521986411031989, -23.616035119257543, 0.0 ], [ -46.522000484740566, -23.616036457119151, 0.0 ], [ -46.52201458164555, -23.616037568452843, 0.0 ], [ -46.522028697452811, -23.616038452920073, 0.0 ], [ -46.522042827862464, -23.616039110251439, 0.0 ], [ -46.522056968570183, -23.616039540246721, 0.0 ], [ -46.522071115268488, -23.616039742774912, 0.0 ], [ -46.522085263648101, -23.616039717774346, 0.0 ], [ -46.522099409399196, -23.61603946525263, 0.0 ], [ -46.522113548212772, -23.6160389852867, 0.0 ], [ -46.522127675781952, -23.616038278022746, 0.0 ], [ -46.52214178780325, -23.61603734367624, 0.0 ], [ -46.522155879977944, -23.61603618253179, 0.0 ], [ -46.522169948013349, -23.616034794943086, 0.0 ], [ -46.522183987624132, -23.616033181332831, 0.0 ], [ -46.52219799453362, -23.616031342192549, 0.0 ], [ -46.522211964475112, -23.616029278082486, 0.0 ], [ -46.522225893193159, -23.61602698963139, 0.0 ], [ -46.522239776444856, -23.616024477536371, 0.0 ], [ -46.522253610001179, -23.616021742562641, 0.0 ], [ -46.522267389648228, -23.616018785543329, 0.0 ], [ -46.522281111188519, -23.616015607379172, 0.0 ], [ -46.522294770442272, -23.616012209038306, 0.0 ], [ -46.52230836324869, -23.616008591555921, 0.0 ], [ -46.522321885467214, -23.616004756033934, 0.0 ], [ -46.522335332978784, -23.616000703640733, 0.0 ], [ -46.522348701687108, -23.615996435610729, 0.0 ], [ -46.522361987519879, -23.615991953244013, 0.0 ], [ -46.522375186430061, -23.615987257905996, 0.0 ], [ -46.522388294397089, -23.61598235102695, 0.0 ], [ -46.52240130742809, -23.615977234101582, 0.0 ], [ -46.522414221559117, -23.615971908688586, 0.0 ], [ -46.52242703285637, -23.615966376410157, 0.0 ], [ -46.522439737417358, -23.615960638951506, 0.0 ], [ -46.522452331372087, -23.615954698060353, 0.0 ], [ -46.522464810884301, -23.615948555546378, 0.0 ], [ -46.522477172152577, -23.615942213280682, 0.0 ], [ -46.522489411411513, -23.615935673195207, 0.0 ], [ -46.522501524932871, -23.61592893728216, 0.0 ], [ -46.522513509026744, -23.615922007593383, 0.0 ], [ -46.522525360042614, -23.615914886239786, 0.0 ], [ -46.522537074370533, -23.615907575390615, 0.0 ], [ -46.522548648442182, -23.615900077272858, 0.0 ], [ -46.522560078731949, -23.615892394170558, 0.0 ], [ -46.522571361758061, -23.615884528424072, 0.0 ], [ -46.522582494083558, -23.615876482429446, 0.0 ], [ -46.522593472317439, -23.615868258637573, 0.0 ], [ -46.522604293115599, -23.615859859553549, 0.0 ], [ -46.522614953181908, -23.61585128773585, 0.0 ], [ -46.522625449269214, -23.615842545795566, 0.0 ], [ -46.522635778180288, -23.615833636395603, 0.0 ], [ -46.522645936768861, -23.615824562249902, 0.0 ], [ -46.522655921940519, -23.615815326122544, 0.0 ], [ -46.522665730653685, -23.615805930826994, 0.0 ], [ -46.522675359920541, -23.615796379225173, 0.0 ], [ -46.522684806807931, -23.615786674226634, 0.0 ], [ -46.522694068438241, -23.615776818787641, 0.0 ], [ -46.522703141990327, -23.615766815910291, 0.0 ], [ -46.52271202470029, -23.615756668641588, 0.0 ], [ -46.522720713862398, -23.615746380072512, 0.0 ], [ -46.522729206829879, -23.615735953337108, 0.0 ], [ -46.522737501015705, -23.61572539161148, 0.0 ], [ -46.522745593893411, -23.615714698112864, 0.0 ], [ -46.522753482997878, -23.615703876098632, 0.0 ], [ -46.522761165926021, -23.615692928865315, 0.0 ], [ -46.522768640337588, -23.615681859747561, 0.0 ], [ -46.522775903955825, -23.615670672117158, 0.0 ], [ -46.522782954568221, -23.615659369382005, 0.0 ], [ -46.522789790027119, -23.615647954985047, 0.0 ], [ -46.522796408250414, -23.615636432403239, 0.0 ], [ -46.522802807222178, -23.615624805146513, 0.0 ], [ -46.522808984993276, -23.615613076756652, 0.0 ], [ -46.522814939681929, -23.615601250806272, 0.0 ], [ -46.522820669474349, -23.615589330897691, 0.0 ], [ -46.522826172625237, -23.615577320661846, 0.0 ], [ -46.52283144745833, -23.615565223757187, 0.0 ], [ -46.52283649236692, -23.615553043868587, 0.0 ], [ -46.522841305814325, -23.615540784706177, 0.0 ], [ -46.522845886334402, -23.615528450004213, 0.0 ], [ -46.522850232531923, -23.61551604352, 0.0 ], [ -46.522854343083061, -23.615503569032683, 0.0 ], [ -46.52285821673577, -23.615491030342127, 0.0 ], [ -46.522861852310164, -23.615478431267757, 0.0 ], [ -46.522865248698864, -23.615465775647387, 0.0 ], [ -46.522868404867374, -23.615453067336048, 0.0 ], [ -46.522871319854367, -23.615440310204832, 0.0 ], [ -46.52287399277197, -23.615427508139685, 0.0 ], [ -46.522876422806064, -23.615414665040266, 0.0 ], [ -46.522878609216491, -23.61540178481869, 0.0 ], [ -46.522880551337337, -23.61538887139843, 0.0 ], [ -46.522882248577083, -23.615375928713032, 0.0 ], [ -46.522883700418795, -23.615362960704957, 0.0 ], [ -46.522884906420309, -23.615349971324413, 0.0 ], [ -46.522885866214338, -23.615336964528069, 0.0 ], [ -46.522886579508594, -23.615323944277943, 0.0 ], [ -46.522887046085863, -23.61531091454011, 0.0 ], [ -46.522887265804108, -23.615297879283563, 0.0 ], [ -46.522887238596468, -23.615284842478964, 0.0 ], [ -46.522886964471304, -23.61527180809745, 0.0 ], [ -46.522886443512199, -23.615258780109411, 0.0 ], [ -46.522885675877895, -23.615245762483283, 0.0 ], [ -46.522884661802316, -23.615232759184373, 0.0 ], [ -46.522883401594413, -23.615219774173585, 0.0 ], [ -46.522881895638136, -23.615206811406281, 0.0 ], [ -46.522880144392296, -23.615193874831018, 0.0 ], [ -46.522878148390383, -23.615180968388415, 0.0 ], [ -46.522875908240493, -23.615168096009874, 0.0 ], [ -46.522873424625054, -23.61515526161643, 0.0 ], [ -46.522870698300665, -23.615142469117551, 0.0 ], [ -46.522867730097865, -23.615129722409939, 0.0 ], [ -46.522864520920862, -23.615117025376346, 0.0 ], [ -46.522861071747258, -23.615104381884407, 0.0 ], [ -46.522857383627766, -23.615091795785418, 0.0 ], [ -46.522853457685898, -23.615079270913206, 0.0 ], [ -46.522849295117588, -23.615066811082944, 0.0 ], [ -46.522844897190851, -23.615054420090022, 0.0 ], [ -46.522840265245385, -23.615042101708806, 0.0 ], [ -46.522835400692202, -23.615029859691582, 0.0 ], [ -46.52283030501313, -23.615017697767364, 0.0 ], [ -46.522824979760415, -23.615005619640758, 0.0 ], [ -46.522819426556232, -23.614993628990856, 0.0 ], [ -46.522813647092192, -23.614981729470106, 0.0 ], [ -46.522807643128814, -23.614969924703189, 0.0 ], [ -46.522801416495021, -23.614958218285917, 0.0 ], [ -46.522794969087535, -23.614946613784152, 0.0 ], [ -46.522788302870346, -23.614935114732706, 0.0 ], [ -46.522781419874072, -23.614923724634281, 0.0 ], [ -46.522774322195389, -23.614912446958368, 0.0 ], [ -46.522767011996343, -23.614901285140238, 0.0 ], [ -46.522759491503734, -23.614890242579843, 0.0 ], [ -46.522751763008394, -23.614879322640839, 0.0 ], [ -46.522743828864527, -23.614868528649513, 0.0 ], [ -46.522735691488975, -23.614857863893761, 0.0 ], [ -46.522727353360487, -23.61484733162218, 0.0 ], [ -46.522718817018941, -23.614836935042931, 0.0 ], [ -46.522710085064617, -23.614826677322895, 0.0 ], [ -46.522701160157361, -23.614816561586647, 0.0 ], [ -46.522692045015802, -23.614806590915489, 0.0 ], [ -46.522682742416507, -23.614796768346565, 0.0 ], [ -46.522673255193148, -23.61478709687189, 0.0 ], [ -46.522663586235609, -23.614777579437451, 0.0 ], [ -46.522653738489176, -23.614768218942313, 0.0 ], [ -46.522643714953553, -23.614759018237734, 0.0 ], [ -46.522633518681999, -23.614749980126319, 0.0 ], [ -46.522623152780398, -23.614741107361148, 0.0 ], [ -46.522612620406285, -23.614732402644876, 0.0 ], [ -46.522601924767919, -23.614723868629046, 0.0 ], [ -46.52259106912328, -23.61471550791315, 0.0 ], [ -46.522580056779077, -23.614707323043913, 0.0 ], [ -46.522568891089769, -23.614699316514503, 0.0 ], [ -46.52255757545651, -23.614691490763757, 0.0 ], [ -46.522546113326115, -23.614683848175424, 0.0 ], [ -46.522534508190041, -23.614676391077506, 0.0 ], [ -46.522522763583297, -23.614669121741461, 0.0 ], [ -46.52251088308337, -23.614662042381571, 0.0 ], [ -46.522498870309143, -23.614655155154257, 0.0 ], [ -46.522486728919795, -23.61464846215739, 0.0 ], [ -46.522474462613651, -23.614641965429719, 0.0 ], [ -46.52246207512713, -23.614635666950161, 0.0 ], [ -46.522449570233519, -23.61462956863728, 0.0 ], [ -46.522436951741902, -23.614623672348653, 0.0 ], [ -46.522424223495932, -23.614617979880325, 0.0 ], [ -46.522411389372721, -23.614612492966241, 0.0 ], [ -46.522398453281603, -23.614607213277761, 0.0 ], [ -46.522385419162994, -23.614602142423099, 0.0 ], [ -46.522372290987157, -23.614597281946864, 0.0 ], [ -46.522359072753005, -23.61459263332959, 0.0 ], [ -46.522345768486879, -23.614588197987256, 0.0 ], [ -46.522332382241338, -23.614583977270915, 0.0 ], [ -46.522318918093887, -23.614579972466213, 0.0 ], [ -46.522305380145788, -23.614576184793023, 0.0 ], [ -46.522291772520767, -23.614572615405113, 0.0 ], [ -46.522278099363767, -23.614569265389726, 0.0 ], [ -46.522264364839693, -23.614566135767291, 0.0 ], [ -46.522250573132162, -23.614563227491111, 0.0 ], [ -46.522236728442181, -23.614560541447073, 0.0 ], [ -46.522222834986927, -23.614558078453353, 0.0 ], [ -46.522208896998386, -23.614555839260213, 0.0 ], [ -46.52219491872215, -23.614553824549692, 0.0 ], [ -46.522180904416061, -23.614552034935514, 0.0 ], [ -46.522166858348946, -23.614550470962783, 0.0 ], [ -46.522152784799296, -23.614549133107921, 0.0 ], [ -46.522138688053971, -23.614548021778429, 0.0 ], [ -46.522124572406931, -23.614547137312854, 0.0 ], [ -46.522110442157825, -23.614546479980564, 0.0 ], [ -46.522096301610823, -23.614546049981829, 0.0 ], [ -46.522082155073186, -23.61454584744763, 0.0 ], [ -46.522068006854013, -23.614545872439646, 0.0 ], [ -46.522053861262918, -23.61454612495027, 0.0 ], [ -46.52203972260871, -23.614546604902596, 0.0 ], [ -46.522025595198095, -23.614547312150442, 0.0 ], [ -46.522011483334332, -23.614548246478371, 0.0 ], [ -46.521997391315963, -23.614549407601775, 0.0 ], [ -46.521983323435492, -23.614550795166988, 0.0 ], [ -46.521969283978066, -23.614552408751361, 0.0 ], [ -46.521955277220144, -23.614554247863385, 0.0 ], [ -46.521941307428271, -23.614556311942856, 0.0 ], [ -46.521927378857704, -23.614558600361054, 0.0 ], [ -46.521913495751164, -23.614561112420908, 0.0 ], [ -46.521899662337503, -23.614563847357264, 0.0 ], [ -46.521885882830439, -23.614566804337027, 0.0 ], [ -46.521872161427311, -23.6145699824595, 0.0 ], [ -46.521858502307694, -23.614573380756614, 0.0 ], [ -46.521844909632243, -23.614576998193229, 0.0 ], [ -46.521831387541361, -23.614580833667471, 0.0 ], [ -46.521817940153944, -23.614584886011031, 0.0 ], [ -46.521804571566143, -23.614589153989542, 0.0 ], [ -46.521791285850099, -23.614593636302974, 0.0 ], [ -46.521778087052724, -23.614598331585999, 0.0 ], [ -46.521764979194451, -23.614603238408399, 0.0 ], [ -46.521751966267992, -23.614608355275536, 0.0 ], [ -46.521739052237173, -23.614613680628789, 0.0 ], [ -46.521726241035701, -23.614619212846033, 0.0 ], [ -46.521713536565926, -23.614624950242142, 0.0 ], [ -46.521700942697727, -23.614630891069456, 0.0 ], [ -46.521688463267274, -23.614637033518388, 0.0 ], [ -46.52167610207588, -23.614643375717908, 0.0 ], [ -46.521663862888857, -23.614649915736159, 0.0 ], [ -46.521651749434341, -23.614656651581008, 0.0 ], [ -46.521639765402185, -23.614663581200691, 0.0 ], [ -46.521627914442796, -23.614670702484403, 0.0 ], [ -46.521616200166072, -23.614678013262978, 0.0 ], [ -46.521604626140295, -23.614685511309506, 0.0 ], [ -46.521593195890972, -23.614693194340038, 0.0 ], [ -46.521581912899855, -23.614701060014283, 0.0 ], [ -46.521570780603859, -23.61470910593631, 0.0 ], [ -46.521559802393952, -23.614717329655303, 0.0 ], [ -46.521548981614202, -23.614725728666262, 0.0 ], [ -46.521538321560719, -23.614734300410785, 0.0 ], [ -46.521527825480639, -23.614743042277883, 0.0 ], [ -46.521517496571178, -23.614751951604735, 0.0 ], [ -46.521507337978619, -23.614761025677492, 0.0 ], [ -46.521497352797368, -23.614770261732161, 0.0 ], [ -46.521487544069011, -23.614779656955363, 0.0 ], [ -46.521477914781393, -23.614789208485263, 0.0 ], [ -46.521468467867692, -23.614798913412411, 0.0 ], [ -46.521459206205542, -23.614808768780609, 0.0 ], [ -46.52145013261616, -23.614818771587856, 0.0 ], [ -46.52144124986345, -23.614828918787239, 0.0 ], [ -46.521432560653217, -23.614839207287847, 0.0 ], [ -46.521424067632296, -23.614849633955743, 0.0 ], [ -46.521415773387773, -23.614860195614881, 0.0 ], [ -46.521407680446167, -23.614870889048113, 0.0 ], [ -46.521399791272714, -23.614881710998151, 0.0 ], [ -46.52139210827054, -23.614892658168543, 0.0 ], [ -46.521384633780023, -23.614903727224711, 0.0 ], [ -46.521377370077985, -23.614914914794952, 0.0 ], [ -46.52137031937707, -23.614926217471425, 0.0 ], [ -46.52136348382502, -23.614937631811276, 0.0 ], [ -46.521356865504053, -23.614949154337598, 0.0 ], [ -46.521350466430228, -23.614960781540542, 0.0 ], [ -46.521344288552797, -23.614972509878388, 0.0 ], [ -46.521338333753661, -23.61498433577859, 0.0 ], [ -46.521332603846751, -23.614996255638879, 0.0 ], [ -46.521327100577523, -23.615008265828376, 0.0 ], [ -46.521321825622358, -23.615020362688689, 0.0 ], [ -46.521316780588123, -23.615032542535005, 0.0 ], [ -46.521311967011648, -23.615044801657248, 0.0 ], [ -46.521307386359247, -23.615057136321198, 0.0 ], [ -46.521303040026289, -23.615069542769611, 0.0 ], [ -46.521298929336773, -23.615082017223358, 0.0 ], [ -46.521295055542922, -23.615094555882653, 0.0 ], [ -46.521291419824799, -23.615107154928083, 0.0 ], [ -46.521288023289934, -23.615119810521882, 0.0 ], [ -46.521284866973012, -23.615132518809045, 0.0 ], [ -46.521281951835554, -23.615145275918511, 0.0 ], [ -46.521279278765604, -23.615158077964349, 0.0 ], [ -46.521276848577479, -23.61517092104696, 0.0 ], [ -46.5212746620115, -23.615183801254201, 0.0 ], [ -46.521272719733787, -23.615196714662648, 0.0 ], [ -46.521271022336052, -23.615209657338763, 0.0 ], [ -46.52126957033542, -23.615222625340088, 0.0 ], [ -46.52126836417424, -23.61523561471644, 0.0 ], [ -46.521267404219998, -23.615248621511125, 0.0 ], [ -46.521266690765188, -23.615261641762164, 0.0 ], [ -46.521266224027194, -23.615274671503457, 0.0 ], [ -46.521266004148281, -23.615287706766019, 0.0 ], [ -46.521266031195488, -23.615300743579162, 0.0 ] ] ] ] } },
{ "type": "Feature", "properties": { "fid": 127.0, "MODELO" : "TAMCENTRAL" }, "geometry": { "type": "MultiPolygon", "coordinates": [ [ [ [ -46.534833061568705, -23.645049888126124, 0.0 ], [ -46.534749068791641, -23.645023882014122, 0.0 ], [ -46.534734683217437, -23.645019427900976, 0.0 ], [ -46.534722430277782, -23.645015634100481, 0.0 ], [ -46.534710177338788, -23.645011840298977, 0.0 ], [ -46.534695791767028, -23.64500738618208, 0.0 ], [ -46.534683538829462, -23.645003592378387, 0.0 ], [ -46.534665159424321, -23.644997901670958, 0.0 ], [ -46.53465077385539, -23.644993447549702, 0.0 ], [ -46.534638520920211, -23.644989653742318, 0.0 ], [ -46.534624135352949, -23.644985199618496, 0.0 ], [ -46.534615876253312, -23.64498264239829, 0.0 ], [ -46.534542767760954, -23.644960006188562, 0.0 ], [ -46.534459604724262, -23.644938732057433, 0.0 ], [ -46.534445103463717, -23.644935022450667, 0.0 ], [ -46.534432434697123, -23.644931781617842, 0.0 ], [ -46.534417933437979, -23.64492807200844, 0.0 ], [ -46.534409766562142, -23.644925982815423, 0.0 ], [ -46.534395265304148, -23.644922273203832, 0.0 ], [ -46.534380764046894, -23.644918563590856, 0.0 ], [ -46.534368095283185, -23.644915322752595, 0.0 ], [ -46.534353594027323, -23.644911613136987, 0.0 ], [ -46.534340925264821, -23.644908372296438, 0.0 ], [ -46.534260123778857, -23.644887702156478, 0.0 ], [ -46.534172909533588, -23.644869426516511, 0.0 ], [ -46.534159928167064, -23.644866706282102, 0.0 ], [ -46.534145396878301, -23.644863661261372, 0.0 ], [ -46.534130865590122, -23.644860616239235, 0.0 ], [ -46.534111393542815, -23.644856535881797, 0.0 ], [ -46.534096862256035, -23.644853490856384, 0.0 ], [ -46.534082330969838, -23.644850445829576, 0.0 ], [ -46.534004421215137, -23.644834119837089, 0.0 ], [ -46.533922648758015, -23.644820978691314, 0.0 ], [ -46.533908161522184, -23.644818650532439, 0.0 ], [ -46.533888275429383, -23.644815454752493, 0.0 ], [ -46.533875018034642, -23.64481332423108, 0.0 ], [ -46.533789786326558, -23.644799627093217, 0.0 ], [ -46.533701253608264, -23.644790832882524, 0.0 ], [ -46.533614582774902, -23.644782223567791, 0.0 ], [ -46.533474178139613, -23.644779458704228, 0.0 ], [ -46.533363940034491, -23.644788881901437, 0.0 ], [ -46.533279236097322, -23.644808042524257, 0.0 ], [ -46.533215433981255, -23.644834489912171, 0.0 ], [ -46.533167901347781, -23.644865773386741, 0.0 ], [ -46.533132009622747, -23.644899444727965, 0.0 ], [ -46.533104148143259, -23.644933724296649, 0.0 ], [ -46.533083096574572, -23.644968402474607, 0.0 ], [ -46.533067977332848, -23.645003494769611, 0.0 ], [ -46.533057912833321, -23.645039016688376, 0.0 ], [ -46.533052025490356, -23.645074983736883, 0.0 ], [ -46.533049437717402, -23.645111411420626, 0.0 ], [ -46.533049271926991, -23.645148315244843, 0.0 ], [ -46.533050654903548, -23.64518570955865, 0.0 ], [ -46.533053140347306, -23.645223495852061, 0.0 ], [ -46.533057061129888, -23.645261369634202, 0.0 ], [ -46.533062833044937, -23.645299004493122, 0.0 ], [ -46.533070871886451, -23.645336074016679, 0.0 ], [ -46.533081593448749, -23.645372251792583, 0.0 ], [ -46.533095413526375, -23.64540721140828, 0.0 ], [ -46.533112747913975, -23.645440626450874, 0.0 ], [ -46.533134008084751, -23.645472175572337, 0.0 ], [ -46.533159394908282, -23.645501784275215, 0.0 ], [ -46.533188808102551, -23.645529731045144, 0.0 ], [ -46.533222124225063, -23.6455563215141, 0.0 ], [ -46.533259219833276, -23.645581861313854, 0.0 ], [ -46.533299971484723, -23.645606656075987, 0.0 ], [ -46.533344255737056, -23.645631011431924, 0.0 ], [ -46.533391949148196, -23.64565523301302, 0.0 ], [ -46.533442920408874, -23.645679616632094, 0.0 ], [ -46.533496811877932, -23.645704175648195, 0.0 ], [ -46.533553011069749, -23.645728605385294, 0.0 ], [ -46.533610891902711, -23.645752584202093, 0.0 ], [ -46.533669828294173, -23.645775790458281, 0.0 ], [ -46.533729194160479, -23.645797902514449, 0.0 ], [ -46.533788363417003, -23.645818598732248, 0.0 ], [ -46.533846709978178, -23.64583755747433, 0.0 ], [ -46.533903633160612, -23.645854472104176, 0.0 ], [ -46.533959008468642, -23.645869317163825, 0.0 ], [ -46.534013134319551, -23.645882316915031, 0.0 ], [ -46.534066323832022, -23.645893704299503, 0.0 ], [ -46.534118890125264, -23.645903712258416, 0.0 ], [ -46.534171146319025, -23.645912573732563, 0.0 ], [ -46.534223405533467, -23.645920521662255, 0.0 ], [ -46.534275980889213, -23.64592778898729, 0.0 ], [ -46.534329166991128, -23.645934596667136, 0.0 ], [ -46.534383017680504, -23.645941009886371, 0.0 ], [ -46.534431811116754, -23.64594636902466, 0.0 ], [ -46.533352174471432, -23.647777215848617, 0.0 ], [ -46.533349108173951, -23.647784912628794, 0.0 ], [ -46.533346187664939, -23.647792657376218, 0.0 ], [ -46.533343413828028, -23.647800447747649, 0.0 ], [ -46.533340787502496, -23.647808281386048, 0.0 ], [ -46.533338309482993, -23.647816155921277, 0.0 ], [ -46.53333598051929, -23.647824068970799, 0.0 ], [ -46.533333801316061, -23.647832018140498, 0.0 ], [ -46.533332894685906, -23.647835585561396, 0.0 ], [ -46.533331050885984, -23.647840763904089, 0.0 ], [ -46.533328424559052, -23.647848597542325, 0.0 ], [ -46.533325946538177, -23.647856472077386, 0.0 ], [ -46.533323617573153, -23.647864385126763, 0.0 ], [ -46.533321438368645, -23.647872334296316, 0.0 ], [ -46.533319409584024, -23.647880317180928, 0.0 ], [ -46.533317531833148, -23.647888331365312, 0.0 ], [ -46.533315805684175, -23.647896374424715, 0.0 ], [ -46.533314231659382, -23.647904443925615, 0.0 ], [ -46.533312810235046, -23.647912537426517, 0.0 ], [ -46.533311541841258, -23.647920652478657, 0.0 ], [ -46.53331042686181, -23.64792878662676, 0.0 ], [ -46.533309465634076, -23.647936937409753, 0.0 ], [ -46.533308658448924, -23.647945102361554, 0.0 ], [ -46.533308005550587, -23.647953279011745, 0.0 ], [ -46.533307507136648, -23.647961464886439, 0.0 ], [ -46.533307163357932, -23.647969657508895, 0.0 ], [ -46.533306974318478, -23.64797785440037, 0.0 ], [ -46.533306940075519, -23.64798605308081, 0.0 ], [ -46.533307060639444, -23.647994251069633, 0.0 ], [ -46.533307335973788, -23.648002445886441, 0.0 ], [ -46.533307765995289, -23.648010635051822, 0.0 ], [ -46.533308350573876, -23.648018816088054, 0.0 ], [ -46.533309089532686, -23.648026986519884, 0.0 ], [ -46.533309982648184, -23.648035143875276, 0.0 ], [ -46.533311029650172, -23.648043285686125, 0.0 ], [ -46.533312230221902, -23.648051409489053, 0.0 ], [ -46.533313584000155, -23.648059512826112, 0.0 ], [ -46.53331509057535, -23.64806759324556, 0.0 ], [ -46.533316749491696, -23.648075648302594, 0.0 ], [ -46.533318560247295, -23.648083675560052, 0.0 ], [ -46.533320522294318, -23.648091672589207, 0.0 ], [ -46.533322635039134, -23.648099636970478, 0.0 ], [ -46.533324897842562, -23.648107566294154, 0.0 ], [ -46.53332731001997, -23.648115458161147, 0.0 ], [ -46.53332987084157, -23.648123310183671, 0.0 ], [ -46.533332579532583, -23.648131119986026, 0.0 ], [ -46.533335435273486, -23.648138885205256, 0.0 ], [ -46.533338437200271, -23.648146603491934, 0.0 ], [ -46.533341584404702, -23.648154272510784, 0.0 ], [ -46.533344875934574, -23.648161889941473, 0.0 ], [ -46.533348310794018, -23.648169453479277, 0.0 ], [ -46.53335188794383, -23.648176960835727, 0.0 ], [ -46.53335560630169, -23.648184409739422, 0.0 ], [ -46.533359464742624, -23.648191797936605, 0.0 ], [ -46.533363462099224, -23.648199123191883, 0.0 ], [ -46.533367597162069, -23.648206383288933, 0.0 ], [ -46.533371868680064, -23.648213576031136, 0.0 ], [ -46.533376275360851, -23.648220699242216, 0.0 ], [ -46.533380815871141, -23.648227750767003, 0.0 ], [ -46.533385488837183, -23.648234728471948, 0.0 ], [ -46.533390292845141, -23.648241630245888, 0.0 ], [ -46.53339522644152, -23.648248454000598, 0.0 ], [ -46.53340028813362, -23.648255197671475, 0.0 ], [ -46.533405476389994, -23.648261859218149, 0.0 ], [ -46.533410789640882, -23.648268436625091, 0.0 ], [ -46.533416226278725, -23.648274927902225, 0.0 ], [ -46.533421784658621, -23.648281331085546, 0.0 ], [ -46.533427463098818, -23.648287644237694, 0.0 ], [ -46.533433259881278, -23.648293865448537, 0.0 ], [ -46.53343917325212, -23.648299992835806, 0.0 ], [ -46.53344520142219, -23.648306024545558, 0.0 ], [ -46.533451342567616, -23.648311958752842, 0.0 ], [ -46.533457594830338, -23.648317793662187, 0.0 ], [ -46.533463956318663, -23.648323527508168, 0.0 ], [ -46.533470425107872, -23.648329158555956, 0.0 ], [ -46.533476999240762, -23.648334685101808, 0.0 ], [ -46.533483676728245, -23.64834010547359, 0.0 ], [ -46.533490455550002, -23.648345418031301, 0.0 ], [ -46.533497333655021, -23.648350621167577, 0.0 ], [ -46.53350430896225, -23.648355713308149, 0.0 ], [ -46.533511379361244, -23.648360692912306, 0.0 ], [ -46.53351854271277, -23.648365558473429, 0.0 ], [ -46.533525796849482, -23.648370308519375, 0.0 ], [ -46.533533139576548, -23.64837494161296, 0.0 ], [ -46.533540568672358, -23.648379456352391, 0.0 ], [ -46.533548081889151, -23.648383851371669, 0.0 ], [ -46.533555676953718, -23.648388125341043, 0.0 ], [ -46.533563351568077, -23.64839227696735, 0.0 ], [ -46.533571103410189, -23.648396304994481, 0.0 ], [ -46.533578930134638, -23.648400208203707, 0.0 ], [ -46.533586829373363, -23.648403985414049, 0.0 ], [ -46.533594798736353, -23.648407635482673, 0.0 ], [ -46.533602835812381, -23.648411157305219, 0.0 ], [ -46.533610938169737, -23.648414549816106, 0.0 ], [ -46.533619103356941, -23.648417811988875, 0.0 ], [ -46.533627328903528, -23.648420942836552, 0.0 ], [ -46.533635612320758, -23.648423941411821, 0.0 ], [ -46.533643951102384, -23.648426806807446, 0.0 ], [ -46.533652342725382, -23.648429538156471, 0.0 ], [ -46.533660784650792, -23.648432134632479, 0.0 ], [ -46.533669274324382, -23.648434595449878, 0.0 ], [ -46.533677809177512, -23.648436919864121, 0.0 ], [ -46.533686386627842, -23.648439107171935, 0.0 ], [ -46.533695004080151, -23.64844115671152, 0.0 ], [ -46.533703658927138, -23.64844306786274, 0.0 ], [ -46.533712348550161, -23.648444840047393, 0.0 ], [ -46.533721070320055, -23.648446472729255, 0.0 ], [ -46.533729821597944, -23.648447965414352, 0.0 ], [ -46.533738599736026, -23.648449317651032, 0.0 ], [ -46.533747402078347, -23.648450529030189, 0.0 ], [ -46.53375622596166, -23.6484515991853, 0.0 ], [ -46.533765068716171, -23.648452527792564, 0.0 ], [ -46.533773927666402, -23.648453314571018, 0.0 ], [ -46.533782800131959, -23.648453959282644, 0.0 ], [ -46.533791683428355, -23.648454461732342, 0.0 ], [ -46.533800574867854, -23.648454821768116, 0.0 ], [ -46.533809471760222, -23.648455039281014, 0.0 ], [ -46.533818371413595, -23.648455114205237, 0.0 ], [ -46.533827271135259, -23.648455046518123, 0.0 ], [ -46.533836168232497, -23.648454836240148, 0.0 ], [ -46.533845060013377, -23.648454483434925, 0.0 ], [ -46.533853943787577, -23.648453988209212, 0.0 ], [ -46.533862816867192, -23.648453350712856, 0.0 ], [ -46.533871676567564, -23.648452571138726, 0.0 ], [ -46.533880520208072, -23.648451649722698, 0.0 ], [ -46.533889345112968, -23.648450586743557, 0.0 ], [ -46.533898148612145, -23.648449382522926, 0.0 ], [ -46.533906928042015, -23.648448037425169, 0.0 ], [ -46.53391568074624, -23.648446551857237, 0.0 ], [ -46.533924404076572, -23.648444926268635, 0.0 ], [ -46.533933095393671, -23.648443161151189, 0.0 ], [ -46.533941752067861, -23.648441257038982, 0.0 ], [ -46.533950371479953, -23.648439214508102, 0.0 ], [ -46.533958951022043, -23.64843703417657, 0.0 ], [ -46.533967488098291, -23.648434716704056, 0.0 ], [ -46.533975980125675, -23.648432262791736, 0.0 ], [ -46.533984424534857, -23.648429673182104, 0.0 ], [ -46.533992818770855, -23.648426948658638, 0.0 ], [ -46.534001160293897, -23.648424090045719, 0.0 ], [ -46.534009446580164, -23.648421098208235, 0.0 ], [ -46.534017675122527, -23.648417974051402, 0.0 ], [ -46.534025843431344, -23.648414718520492, 0.0 ], [ -46.534033949035205, -23.648411332600496, 0.0 ], [ -46.534041989481651, -23.648407817315857, 0.0 ], [ -46.534049962337953, -23.648404173730196, 0.0 ], [ -46.534057865191841, -23.648400402945907, 0.0 ], [ -46.534065695652203, -23.648396506103904, 0.0 ], [ -46.534073451349848, -23.648392484383201, 0.0 ], [ -46.534081129938201, -23.648388339000647, 0.0 ], [ -46.534088729094023, -23.648384071210458, 0.0 ], [ -46.534096246518089, -23.648379682303922, 0.0 ], [ -46.534103679935939, -23.648375173608947, 0.0 ], [ -46.534111027098497, -23.648370546489705, 0.0 ], [ -46.534118285782803, -23.648365802346198, 0.0 ], [ -46.534125453792669, -23.648360942613781, 0.0 ], [ -46.534132528959333, -23.648355968762871, 0.0 ], [ -46.534139509142122, -23.648350882298356, 0.0 ], [ -46.534146392229118, -23.648345684759196, 0.0 ], [ -46.534153176137778, -23.648340377717993, 0.0 ], [ -46.534159858815549, -23.648334962780432, 0.0 ], [ -46.534166438240526, -23.648329441584877, 0.0 ], [ -46.534172912422044, -23.648323815801827, 0.0 ], [ -46.534179279401272, -23.648318087133447, 0.0 ], [ -46.534185537251815, -23.648312257312995, 0.0 ], [ -46.534191684080319, -23.648306328104365, 0.0 ], [ -46.534197718026988, -23.648300301301504, 0.0 ], [ -46.534203637266202, -23.648294178727891, 0.0 ], [ -46.534209440007047, -23.64828796223598, 0.0 ], [ -46.534215124493841, -23.648281653706647, 0.0 ], [ -46.536572852745358, -23.644283304498092, -8.98846567431157854e+307 ], [ -46.536579950198529, -23.644281875992966, -1.79769313486231571e+308 ], [ -46.536615343114406, -23.64427232659121, -1.79769313486231571e+308 ], [ -46.536649926701877, -23.64426052603228, -1.79769313486231571e+308 ], [ -46.536683532471748, -23.64424653180799, -1.79769313486231571e+308 ], [ -46.536715996698852, -23.644230412097524, -1.79769313486231571e+308 ], [ -46.536747161219736, -23.644212245435313, -1.79769313486231571e+308 ], [ -46.536776874203248, -23.644192120328359, -1.79769313486231571e+308 ], [ -46.536804990890232, -23.644170134825067, -1.79769313486231571e+308 ], [ -46.536831374298785, -23.644146396037467, -1.79769313486231571e+308 ], [ -46.536855895891669, -23.644121019619508, -1.79769313486231571e+308 ], [ -46.536878436202493, -23.644094129203385, -1.79769313486231571e+308 ], [ -46.536898885417735, -23.644065855797376, -1.79769313486231571e+308 ], [ -46.536917143911751, -23.644036337147444, -1.79769313486231571e+308 ], [ -46.536933122732094, -23.644005717066221, -1.79769313486231571e+308 ], [ -46.536946744032896, -23.643974144732297, -1.79769313486231571e+308 ], [ -46.536957941454077, -23.643941773963455, -1.79769313486231571e+308 ], [ -46.536966660444605, -23.643908762467277, -1.79769313486231571e+308 ], [ -46.536972858528259, -23.643875271072766, -1.79769313486231571e+308 ], [ -46.536976505510509, -23.643841462946821, -1.79769313486231571e+308 ], [ -46.536977583625614, -23.643807502799323, -1.79769313486231571e+308 ], [ -46.536976087623074, -23.643773556080642, -1.79769313486231571e+308 ], [ -46.536972024793258, -23.643739788175608, -1.79769313486231571e+308 ], [ -46.536965414931771, -23.643706363597744, -1.79769313486231571e+308 ], [ -46.536956290243019, -23.643673445187826, -1.79769313486231571e+308 ], [ -46.536947263322283, -23.643648336647033, -8.98846567431157854e+307 ], [ -46.538395206960978, -23.641192687072724, -4.09362206257497191e+306 ], [ -46.538543645200427, -23.640953569622077, -0.0 ], [ -46.53854731113389, -23.640949381571883, 0.0 ], [ -46.538551085761718, -23.640944911899659, 0.0 ], [ -46.538554775140426, -23.640940382219021, 0.0 ], [ -46.538558378146185, -23.64093579390979, 0.0 ], [ -46.538561893681511, -23.640931148369607, 0.0 ], [ -46.538565320675531, -23.640926447013527, 0.0 ], [ -46.538568658084358, -23.640921691273686, 0.0 ], [ -46.538571904891384, -23.640916882598685, 0.0 ], [ -46.538575060107611, -23.640912022453321, 0.0 ], [ -46.538578122771945, -23.64090711231805, 0.0 ], [ -46.538581091951471, -23.640902153688536, 0.0 ], [ -46.538583966741754, -23.640897148075258, 0.0 ], [ -46.538586746267107, -23.640892097002943, 0.0 ], [ -46.538589429680883, -23.640887002010231, 0.0 ], [ -46.538592016165687, -23.640881864649089, 0.0 ], [ -46.53859450493367, -23.640876686484429, 0.0 ], [ -46.538596895226732, -23.640871469093572, 0.0 ], [ -46.538599186316773, -23.640866214065763, 0.0 ], [ -46.538601377505927, -23.640860923001782, 0.0 ], [ -46.53860346812673, -23.640855597513305, 0.0 ], [ -46.538605457542388, -23.640850239222548, 0.0 ], [ -46.538607345146914, -23.640844849761702, 0.0 ], [ -46.538609130365323, -23.640839430772445, 0.0 ], [ -46.538610812653843, -23.64083398390547, 0.0 ], [ -46.538612391500052, -23.640828510819929, 0.0 ], [ -46.538613866423013, -23.640823013182992, 0.0 ], [ -46.53861523697347, -23.640817492669289, 0.0 ], [ -46.538616502733959, -23.640811950960437, 0.0 ], [ -46.538617663318924, -23.64080638974448, 0.0 ], [ -46.538618718374856, -23.640800810715419, 0.0 ], [ -46.538619667580392, -23.640795215572691, 0.0 ], [ -46.538620510646396, -23.640789606020636, 0.0 ], [ -46.53862124731608, -23.640783983767957, 0.0 ], [ -46.538621877365067, -23.640778350527277, 0.0 ], [ -46.538622400601447, -23.640772708014516, 0.0 ], [ -46.538622816865846, -23.640767057948452, 0.0 ], [ -46.538623126031496, -23.640761402050128, 0.0 ], [ -46.538623328004221, -23.640755742042412, 0.0 ], [ -46.538623422722516, -23.640750079649383, 0.0 ], [ -46.538623410157541, -23.640744416595858, 0.0 ], [ -46.53862329031314, -23.640738754606861, 0.0 ], [ -46.538623063225842, -23.640733095407089, 0.0 ], [ -46.538622728964818, -23.640727440720394, 0.0 ], [ -46.538622287631902, -23.640721792269229, 0.0 ], [ -46.538621739361545, -23.640716151774182, 0.0 ], [ -46.538621084320781, -23.640710520953387, 0.0 ], [ -46.538620322709136, -23.64070490152206, 0.0 ], [ -46.538619454758624, -23.640699295191915, 0.0 ], [ -46.538618480733653, -23.64069370367071, 0.0 ], [ -46.538617400930924, -23.640688128661662, 0.0 ], [ -46.538616215679369, -23.640682571862968, 0.0 ], [ -46.538614925340049, -23.640677034967293, 0.0 ], [ -46.538613530306009, -23.640671519661215, 0.0 ], [ -46.538612031002216, -23.640666027624754, 0.0 ], [ -46.538610427885374, -23.640660560530815, 0.0 ], [ -46.538608721443836, -23.640655120044745, 0.0 ], [ -46.538606912197395, -23.640649707823759, 0.0 ], [ -46.538605000697181, -23.640644325516465, 0.0 ], [ -46.538602987525472, -23.640638974762361, 0.0 ], [ -46.538600873295501, -23.64063365719133, 0.0 ], [ -46.538598658651303, -23.640628374423159, 0.0 ], [ -46.538596344267482, -23.64062312806703, 0.0 ], [ -46.538593930849032, -23.640617919721016, 0.0 ], [ -46.538591419131109, -23.640612750971634, 0.0 ], [ -46.538588809878831, -23.640607623393333, 0.0 ], [ -46.538586103886992, -23.640602538548013, 0.0 ], [ -46.538583301979884, -23.640597497984551, 0.0 ], [ -46.53858040501099, -23.640592503238349, 0.0 ], [ -46.538577413862775, -23.640587555830873, 0.0 ], [ -46.538574329446369, -23.64058265726911, 0.0 ], [ -46.538571152701323, -23.64057780904524, 0.0 ], [ -46.538567884595309, -23.640573012636047, 0.0 ], [ -46.538564526123835, -23.640568269502563, 0.0 ], [ -46.538561078309925, -23.640563581089602, 0.0 ], [ -46.538557542203819, -23.640558948825273, 0.0 ], [ -46.538553918882663, -23.640554374120605, 0.0 ], [ -46.538550209450143, -23.640549858369095, 0.0 ], [ -46.538546415036201, -23.640545402946291, 0.0 ], [ -46.538542536796655, -23.640541009209336, 0.0 ], [ -46.53853857591286, -23.640536678496598, 0.0 ], [ -46.538534533591324, -23.640532412127264, 0.0 ], [ -46.538530411063398, -23.640528211400881, 0.0 ], [ -46.538526209584838, -23.640524077597053, 0.0 ], [ -46.538521930435451, -23.640520011974946, 0.0 ], [ -46.538517574918714, -23.640516015772985, 0.0 ], [ -46.538513144361346, -23.64051209020846, 0.0 ], [ -46.538508640112958, -23.640508236477118, 0.0 ], [ -46.53850406354556, -23.640504455752847, 0.0 ], [ -46.538499416053234, -23.640500749187275, 0.0 ], [ -46.538494699051654, -23.640497117909444, 0.0 ], [ -46.538489913977635, -23.640493563025498, 0.0 ], [ -46.538485062288778, -23.640490085618261, 0.0 ], [ -46.538480145462941, -23.640486686746982, 0.0 ], [ -46.538475164997834, -23.64048336744699, 0.0 ], [ -46.538470122410551, -23.640480128729365, 0.0 ], [ -46.538465019237094, -23.64047697158065, 0.0 ], [ -46.538459857031953, -23.64047389696254, 0.0 ], [ -46.538454637367565, -23.640470905811586, 0.0 ], [ -46.538449361833891, -23.640467999038904, 0.0 ], [ -46.538444032037901, -23.640465177529936, 0.0 ], [ -46.538438649603094, -23.640462442144127, 0.0 ], [ -46.538433216169011, -23.640459793714708, 0.0 ], [ -46.538427733390705, -23.640457233048398, 0.0 ], [ -46.538422202938285, -23.640454760925198, 0.0 ], [ -46.538416626496371, -23.640452378098146, 0.0 ], [ -46.538411005763585, -23.640450085293068, 0.0 ], [ -46.538405342452052, -23.64044788320836, 0.0 ], [ -46.538399638286862, -23.640445772514799, 0.0 ], [ -46.538393895005548, -23.64044375385533, 0.0 ], [ -46.538388114357552, -23.640441827844842, 0.0 ], [ -46.538382298103713, -23.640439995070004, 0.0 ], [ -46.538376448015711, -23.640438256089112, 0.0 ], [ -46.53837056587551, -23.640436611431859, 0.0 ], [ -46.538364653474872, -23.640435061599234, 0.0 ], [ -46.538358712614745, -23.640433607063322, 0.0 ], [ -46.538352745104774, -23.640432248267182, 0.0 ], [ -46.538346752762699, -23.640430985624715, 0.0 ], [ -46.538340737413833, -23.640429819520541, 0.0 ], [ -46.538334700890502, -23.640428750309852, 0.0 ], [ -46.538328645031477, -23.640427778318351, 0.0 ], [ -46.538322571681405, -23.640426903842098, 0.0 ], [ -46.538316482690284, -23.640426127147492, 0.0 ], [ -46.538310379912865, -23.640425448471095, 0.0 ], [ -46.538304265208104, -23.640424868019647, 0.0 ], [ -46.538298140438577, -23.640424385969961, 0.0 ], [ -46.538292007469934, -23.640424002468876, 0.0 ], [ -46.538289520946975, -23.640423887105506, 0.0 ], [ -46.538286572047461, -23.640422227634822, 0.0 ], [ -46.538278962636326, -23.640418111268076, 0.0 ], [ -46.538271276623483, -23.640414117515164, 0.0 ], [ -46.538263516336585, -23.640410247585582, 0.0 ], [ -46.538255684125772, -23.640406502651295, 0.0 ], [ -46.53824778236298, -23.640402883846424, 0.0 ], [ -46.538239813441194, -23.6403993922669, 0.0 ], [ -46.538231779773746, -23.640396028970127, 0.0 ], [ -46.538223683793568, -23.640392794974645, 0.0 ], [ -46.53821552795246, -23.640389691259855, 0.0 ], [ -46.538207314720374, -23.640386718765683, 0.0 ], [ -46.538199046584609, -23.640383878392331, 0.0 ], [ -46.538190726049102, -23.640381170999984, 0.0 ], [ -46.53818235563368, -23.640378597408564, 0.0 ], [ -46.538173937873239, -23.640376158397448, 0.0 ], [ -46.538165475317044, -23.640373854705278, 0.0 ], [ -46.538156970527901, -23.64037168702971, 0.0 ], [ -46.53814842608142, -23.640369656027207, 0.0 ], [ -46.538139844565229, -23.640367762312849, 0.0 ], [ -46.538131228578159, -23.640366006460123, 0.0 ], [ -46.538122580729492, -23.640364389000784, 0.0 ], [ -46.538113903638163, -23.640362910424663, 0.0 ], [ -46.538105199931948, -23.64036157117955, 0.0 ], [ -46.538096472246714, -23.640360371671008, 0.0 ], [ -46.538087723225551, -23.640359312262312, 0.0 ], [ -46.538078955518024, -23.640358393274273, 0.0 ], [ -46.538070171779381, -23.640357614985227, 0.0 ], [ -46.538061374669681, -23.640356977630869, 0.0 ], [ -46.538052566853075, -23.640356481404211, 0.0 ], [ -46.538043750996927, -23.64035612645554, 0.0 ], [ -46.538034929771044, -23.640355912892339, 0.0 ], [ -46.538026105846868, -23.640355840779304, 0.0 ], [ -46.53801728189665, -23.640355910138251, 0.0 ], [ -46.53800846059265, -23.640356120948194, 0.0 ], [ -46.537999644606316, -23.640356473145289, 0.0 ], [ -46.537990836607513, -23.640356966622875, 0.0 ], [ -46.537982039263667, -23.640357601231514, 0.0 ], [ -46.537973255238974, -23.640358376779012, 0.0 ], [ -46.537964487193605, -23.640359293030517, 0.0 ], [ -46.537955737782895, -23.640360349708526, 0.0 ], [ -46.537947009656534, -23.640361546493057, 0.0 ], [ -46.537938305457757, -23.640362883021677, 0.0 ], [ -46.537929627822564, -23.64036435888961, 0.0 ], [ -46.537920979378903, -23.64036597364991, 0.0 ], [ -46.537912362745885, -23.640367726813583, 0.0 ], [ -46.537903780533, -23.640369617849665, 0.0 ], [ -46.537895235339292, -23.640371646185503, 0.0 ], [ -46.537886729752607, -23.640373811206814, 0.0 ], [ -46.537878266348805, -23.640376112257936, 0.0 ], [ -46.537869847690942, -23.640378548642033, 0.0 ], [ -46.537861476328565, -23.64038111962126, 0.0 ], [ -46.537853154796871, -23.640383824417015, 0.0 ], [ -46.537844885615954, -23.640386662210172, 0.0 ], [ -46.537836671290094, -23.640389632141339, 0.0 ], [ -46.537828514306938, -23.640392733311089, 0.0 ], [ -46.537820417136757, -23.640395964780254, 0.0 ], [ -46.537812382231721, -23.640399325570229, 0.0 ], [ -46.537804412025153, -23.640402814663208, 0.0 ], [ -46.537796508930761, -23.640406431002557, 0.0 ], [ -46.53778867534195, -23.640410173493088, 0.0 ], [ -46.53778091363106, -23.640414041001431, 0.0 ], [ -46.53777322614868, -23.640418032356337, 0.0 ], [ -46.537765615222909, -23.640422146349049, 0.0 ], [ -46.537758083158664, -23.640426381733686, 0.0 ], [ -46.537750632236971, -23.640430737227593, 0.0 ], [ -46.537743264714308, -23.640435211511743, 0.0 ], [ -46.537735982821879, -23.640439803231132, 0.0 ], [ -46.537728788764959, -23.640444510995202, 0.0 ], [ -46.537721684722214, -23.640449333378232, 0.0 ], [ -46.53771467284507, -23.640454268919804, 0.0 ], [ -46.537707755257031, -23.640459316125234, 0.0 ], [ -46.537700934053049, -23.640464473465993, 0.0 ], [ -46.537694211298884, -23.640469739380244, 0.0 ], [ -46.537687589030497, -23.640475112273236, 0.0 ], [ -46.537681069253388, -23.640480590517832, 0.0 ], [ -46.537674653942048, -23.640486172454978, 0.0 ], [ -46.537668345039322, -23.640491856394227, 0.0 ], [ -46.53766214445583, -23.640497640614246, 0.0 ], [ -46.53765605406938, -23.640503523363321, 0.0 ], [ -46.537650075724429, -23.64050950285991, 0.0 ], [ -46.537644211231488, -23.640515577293158, 0.0 ], [ -46.537638462366594, -23.640521744823463, 0.0 ], [ -46.53763283087077, -23.640528003583043, 0.0 ], [ -46.537627318449488, -23.640534351676479, 0.0 ], [ -46.537621926772168, -23.64054078718128, 0.0 ], [ -46.537616657471659, -23.640547308148516, 0.0 ], [ -46.537611512143755, -23.640553912603345, 0.0 ], [ -46.534937051148368, -23.645089564385977, 0.0 ], [ -46.534833061568705, -23.645049888126124, 0.0 ] ] ] ] } },
{ "type": "Feature", "properties": { "fid": 129.0 , "MODELO" : "GUARARA"}, "geometry": { "type": "MultiPolygon", "coordinates": [ [ [ [ -46.510793617228003, -23.665684014229921, 0.0 ], [ -46.510793476788649, -23.665701041766585, 0.0 ], [ -46.510793257106471, -23.665718066781594, 0.0 ], [ -46.510792949035469, -23.665735089044603, 0.0 ], [ -46.51079254342968, -23.665752108325247, 0.0 ], [ -46.510792031143119, -23.665769124393108, 0.0 ], [ -46.510791403029806, -23.665786137017836, 0.0 ], [ -46.510790649943743, -23.665803145969058, 0.0 ], [ -46.510789762738931, -23.665820151016401, 0.0 ], [ -46.510788784039065, -23.665837152910697, 0.0 ], [ -46.510787767189022, -23.665854152718019, 0.0 ], [ -46.51078671450081, -23.665871150595802, 0.0 ], [ -46.510785628274569, -23.665888146701214, 0.0 ], [ -46.510784510810446, -23.66590514119148, 0.0 ], [ -46.510783364408574, -23.665922134223763, 0.0 ], [ -46.510782191369088, -23.665939125955273, 0.0 ], [ -46.510780993992142, -23.665956116543203, 0.0 ], [ -46.510779774577884, -23.665973106144751, 0.0 ], [ -46.510778535426446, -23.665990094917113, 0.0 ], [ -46.510777278837978, -23.666007083017472, 0.0 ], [ -46.510776007112632, -23.666024070603036, 0.0 ], [ -46.510774722550558, -23.666041057830981, 0.0 ], [ -46.510773427451902, -23.66605804485852, 0.0 ], [ -46.510772124116812, -23.666075031842837, 0.0 ], [ -46.510770814845458, -23.666092018941136, 0.0 ], [ -46.510769501937972, -23.666109006310606, 0.0 ], [ -46.510768187694524, -23.666125994108427, 0.0 ], [ -46.51076687441526, -23.666142982491831, 0.0 ], [ -46.510765564400344, -23.666159971617976, 0.0 ], [ -46.510764259949937, -23.666176961644062, 0.0 ], [ -46.510762963364179, -23.666193952727298, 0.0 ], [ -46.510761676943261, -23.666210945024876, 0.0 ], [ -46.510760402987323, -23.666227938693986, 0.0 ], [ -46.510759143796534, -23.6662449338918, 0.0 ], [ -46.510757901671063, -23.666261930775562, 0.0 ], [ -46.510756678911072, -23.666278929502433, 0.0 ], [ -46.510755477816723, -23.666295930229612, 0.0 ], [ -46.510754300688198, -23.666312933114288, 0.0 ], [ -46.510753149825653, -23.666329938313691, 0.0 ], [ -46.510752027529264, -23.666346945984959, 0.0 ], [ -46.510750936099193, -23.666363956285338, 0.0 ], [ -46.510749877835636, -23.666380969371996, 0.0 ], [ -46.510748855038742, -23.666397985402138, 0.0 ], [ -46.510747864472229, -23.666415003817146, 0.0 ], [ -46.510746891434252, -23.666432022620278, 0.0 ], [ -46.510745935178079, -23.666449041665082, 0.0 ], [ -46.510744995936093, -23.6664660609331, 0.0 ], [ -46.510744073940664, -23.666483080405861, 0.0 ], [ -46.510743169424146, -23.666500100064876, 0.0 ], [ -46.510742282618942, -23.666517119891694, 0.0 ], [ -46.510741413757401, -23.666534139867835, 0.0 ], [ -46.510740563071913, -23.666551159974809, 0.0 ], [ -46.510739730794832, -23.666568180194165, 0.0 ], [ -46.510738917158548, -23.666585200507406, 0.0 ], [ -46.510738122395438, -23.666602220896088, 0.0 ], [ -46.510737346737862, -23.666619241341714, 0.0 ], [ -46.510736590418205, -23.666636261825804, 0.0 ], [ -46.510735853668834, -23.666653282329925, 0.0 ], [ -46.510735136722133, -23.666670302835563, 0.0 ], [ -46.510734439810456, -23.666687323324258, 0.0 ], [ -46.510733763166193, -23.666704343777546, 0.0 ], [ -46.510733107021728, -23.666721364176944, 0.0 ], [ -46.510732471609408, -23.666738384503976, 0.0 ], [ -46.510731857161637, -23.666755404740179, 0.0 ], [ -46.510731263910763, -23.666772424867077, 0.0 ], [ -46.51073069208919, -23.666789444866176, 0.0 ], [ -46.510730141929272, -23.666806464719034, 0.0 ], [ -46.510729613663386, -23.666823484407153, 0.0 ], [ -46.510729107523915, -23.666840503912081, 0.0 ], [ -46.510728623743226, -23.666857523215302, 0.0 ], [ -46.510728162553711, -23.666874542298419, 0.0 ], [ -46.510727724187724, -23.666891561142887, 0.0 ], [ -46.510727308877655, -23.666908579730251, 0.0 ], [ -46.510726916855873, -23.666925598042059, 0.0 ], [ -46.510726548354761, -23.666942616059806, 0.0 ], [ -46.510726203633752, -23.666959633765067, 0.0 ], [ -46.510725911454777, -23.666976651156041, 0.0 ], [ -46.510725695817627, -23.666993668245702, 0.0 ], [ -46.510725554839873, -23.667010685039934, 0.0 ], [ -46.510725486639089, -23.667027701544605, 0.0 ], [ -46.510725489332863, -23.667044717765602, 0.0 ], [ -46.510725561038747, -23.667061733708767, 0.0 ], [ -46.510725699874328, -23.667078749380003, 0.0 ], [ -46.510725903957173, -23.667095764785145, 0.0 ], [ -46.510726171404855, -23.667112779930083, 0.0 ], [ -46.51072650033494, -23.667129794820664, 0.0 ], [ -46.510726888865008, -23.667146809462796, 0.0 ], [ -46.510727335112612, -23.667163823862332, 0.0 ], [ -46.510727837195333, -23.667180838025118, 0.0 ], [ -46.510728393230714, -23.667197851957063, 0.0 ], [ -46.510729001336344, -23.66721486566399, 0.0 ], [ -46.510729659629774, -23.667231879151814, 0.0 ], [ -46.510730366228572, -23.667248892426382, 0.0 ], [ -46.510731119250295, -23.667265905493583, 0.0 ], [ -46.51073191681251, -23.667282918359252, 0.0 ], [ -46.51073275703277, -23.667299931029262, 0.0 ], [ -46.510733638028647, -23.667316943509519, 0.0 ], [ -46.510734557917679, -23.667333955805866, 0.0 ], [ -46.510735514817434, -23.667350967924193, 0.0 ], [ -46.510736506845468, -23.667367979870338, 0.0 ], [ -46.510737532119343, -23.667384991650195, 0.0 ], [ -46.510738588756595, -23.667402003269622, 0.0 ], [ -46.510739674874799, -23.66741901473452, 0.0 ], [ -46.510740788591484, -23.667436026050709, 0.0 ], [ -46.510741928024224, -23.667453037224092, 0.0 ], [ -46.51074309129055, -23.667470048260533, 0.0 ], [ -46.510744276508028, -23.667487059165907, 0.0 ], [ -46.510745481794189, -23.667504069946094, 0.0 ], [ -46.510746705266591, -23.667521080606921, 0.0 ], [ -46.51074794504278, -23.667538091154302, 0.0 ], [ -46.510749199240301, -23.667555101594097, 0.0 ], [ -46.510750465976692, -23.667572111932188, 0.0 ], [ -46.510751743369504, -23.667589122174412, 0.0 ], [ -46.510753029536275, -23.667606132326664, 0.0 ], [ -46.510754322594543, -23.66762314239482, 0.0 ], [ -46.510755620661861, -23.667640152384738, 0.0 ], [ -46.510756921855752, -23.667657162302316, 0.0 ], [ -46.510758224293774, -23.66767417215339, 0.0 ], [ -46.510759526093452, -23.667691181943837, 0.0 ], [ -46.510760825372323, -23.667708191679555, 0.0 ], [ -46.510762120247925, -23.667725201366395, 0.0 ], [ -46.510763408837782, -23.667742211010228, 0.0 ], [ -46.510764689259453, -23.667759220616954, 0.0 ], [ -46.51076595963044, -23.667776230192406, 0.0 ], [ -46.510767218068302, -23.667793239742494, 0.0 ], [ -46.51076846269055, -23.667810249273042, 0.0 ], [ -46.510769691614719, -23.667827258789981, 0.0 ], [ -46.510770902958349, -23.667844268299156, 0.0 ], [ -46.510772094838948, -23.667861277806402, 0.0 ], [ -46.510773265374063, -23.66787828731767, 0.0 ], [ -46.510774412681208, -23.667895296838779, 0.0 ], [ -46.510775534941466, -23.66791230634848, 0.0 ], [ -46.510776660338124, -23.667929305000627, 0.0 ], [ -46.510777828283182, -23.667946284329023, 0.0 ], [ -46.510779060792579, -23.667963244910897, 0.0 ], [ -46.510780379882263, -23.66798018732349, 0.0 ], [ -46.510781807568179, -23.667997112143993, 0.0 ], [ -46.510783365866288, -23.668014019949688, 0.0 ], [ -46.51078507679258, -23.668030911317739, 0.0 ], [ -46.510786962363014, -23.668047786825397, 0.0 ], [ -46.510789044593622, -23.668064647049867, 0.0 ], [ -46.51079134550038, -23.668081492568376, 0.0 ], [ -46.510793887099325, -23.668098323958134, 0.0 ], [ -46.51079669140649, -23.668115141796346, 0.0 ], [ -46.510799780437907, -23.668131946660207, 0.0 ], [ -46.510803176209627, -23.668148739126959, 0.0 ], [ -46.510806900737727, -23.668165519773758, 0.0 ], [ -46.510810976038265, -23.66818228917781, 0.0 ], [ -46.510815424127337, -23.6681990479163, 0.0 ], [ -46.510815614649154, -23.668199706816527, 0.0 ], [ -46.510801197533048, -23.668232894171666, 0.0 ], [ -46.510780503369503, -23.668278240807087, 0.0 ], [ -46.510774888376204, -23.668286411337267, 0.0 ], [ -46.510769428734321, -23.668294670703517, 0.0 ], [ -46.510764126100142, -23.668303016400213, 0.0 ], [ -46.510758982082329, -23.668311445895554, 0.0 ], [ -46.510753998241455, -23.668319956632324, 0.0 ], [ -46.510749176089476, -23.668328546028636, 0.0 ], [ -46.5107445170893, -23.668337211478757, 0.0 ], [ -46.510740022654346, -23.668345950353885, 0.0 ], [ -46.510735694148117, -23.668354760002931, 0.0 ], [ -46.51073153288376, -23.668363637753348, 0.0 ], [ -46.510727540123703, -23.66837258091191, 0.0 ], [ -46.510723717079266, -23.668381586765562, 0.0 ], [ -46.510720064910252, -23.668390652582232, 0.0 ], [ -46.510716584724662, -23.668399775611643, 0.0 ], [ -46.510713277578297, -23.668408953086178, 0.0 ], [ -46.510710144474466, -23.668418182221682, 0.0 ], [ -46.510707186363696, -23.668427460218343, 0.0 ], [ -46.510704404143425, -23.66843678426152, 0.0 ], [ -46.510701798657713, -23.668446151522605, 0.0 ], [ -46.510699370697033, -23.668455559159863, 0.0 ], [ -46.510697120997968, -23.668465004319334, 0.0 ], [ -46.510695050243058, -23.668474484135661, 0.0 ], [ -46.510693159060537, -23.668483995732988, 0.0 ], [ -46.510691448024168, -23.668493536225782, 0.0 ], [ -46.510689917653067, -23.668503102719779, 0.0 ], [ -46.510688568411538, -23.668512692312799, 0.0 ], [ -46.510687400708939, -23.668522302095685, 0.0 ], [ -46.510686414899546, -23.668531929153129, 0.0 ], [ -46.510685611282469, -23.668541570564603, 0.0 ], [ -46.510684990101538, -23.668551223405174, 0.0 ], [ -46.510684551545239, -23.668560884746515, 0.0 ], [ -46.510684295746657, -23.668570551657659, 0.0 ], [ -46.510684222783446, -23.668580221205982, 0.0 ], [ -46.510684332677755, -23.668589890458051, 0.0 ], [ -46.510684625396308, -23.668599556480522, 0.0 ], [ -46.510685100850331, -23.668609216341011, 0.0 ], [ -46.51068575889564, -23.668618867109043, 0.0 ], [ -46.510686599332629, -23.668628505856869, 0.0 ], [ -46.510687621906385, -23.668638129660376, 0.0 ], [ -46.510688826306726, -23.668647735600032, 0.0 ], [ -46.510690212168321, -23.668657320761692, 0.0 ], [ -46.510691779070783, -23.668666882237495, 0.0 ], [ -46.510693526538788, -23.668676417126804, 0.0 ], [ -46.510695454042256, -23.668685922537019, 0.0 ], [ -46.510697560996476, -23.668695395584507, 0.0 ], [ -46.510699846762314, -23.668704833395424, 0.0 ], [ -46.510702310646373, -23.668714233106627, 0.0 ], [ -46.510704951901211, -23.668723591866549, 0.0 ], [ -46.510707769725606, -23.668732906836013, 0.0 ], [ -46.51071076326474, -23.668742175189145, 0.0 ], [ -46.510713931610503, -23.668751394114221, 0.0 ], [ -46.510717273801767, -23.668760560814498, 0.0 ], [ -46.510720788824628, -23.668769672509065, 0.0 ], [ -46.510724475612776, -23.668778726433725, 0.0 ], [ -46.510728333047794, -23.668787719841784, 0.0 ], [ -46.510732359959484, -23.668796650004921, 0.0 ], [ -46.510736555126229, -23.668805514213993, 0.0 ], [ -46.510740917275378, -23.668814309779858, 0.0 ], [ -46.510745445083614, -23.668823034034212, 0.0 ], [ -46.510750137177389, -23.668831684330378, 0.0 ], [ -46.510754992133272, -23.668840258044121, 0.0 ], [ -46.510760008478449, -23.668848752574434, 0.0 ], [ -46.510765184691138, -23.66885716534431, 0.0 ], [ -46.510770519201074, -23.668865493801594, 0.0 ], [ -46.510776010389939, -23.668873735419655, 0.0 ], [ -46.510781656591909, -23.668881887698259, 0.0 ], [ -46.510787456094114, -23.668889948164217, 0.0 ], [ -46.510793407137186, -23.668897914372248, 0.0 ], [ -46.51079950791577, -23.668905783905625, 0.0 ], [ -46.51080575657911, -23.66891355437696, 0.0 ], [ -46.510812151231562, -23.668921223428942, 0.0 ], [ -46.51081868993321, -23.668928788734988, 0.0 ], [ -46.51082537070041, -23.668936248, 0.0 ], [ -46.510832191506452, -23.668943598961096, 0.0 ], [ -46.510839150282116, -23.668950839388167, 0.0 ], [ -46.510846244916337, -23.668957967084697, 0.0 ], [ -46.510853473256823, -23.668964979888351, 0.0 ], [ -46.510860833110733, -23.668971875671648, 0.0 ], [ -46.510868322245322, -23.668978652342606, 0.0 ], [ -46.510875938388615, -23.668985307845389, 0.0 ], [ -46.510883679230119, -23.668991840160899, 0.0 ], [ -46.510891542421497, -23.668998247307439, 0.0 ], [ -46.510899525577301, -23.669004527341247, 0.0 ], [ -46.510907626275689, -23.669010678357154, 0.0 ], [ -46.510915842059163, -23.669016698489116, 0.0 ], [ -46.510924170435295, -23.669022585910799, 0.0 ], [ -46.510932608877511, -23.669028338836135, 0.0 ], [ -46.510941154825844, -23.669033955519854, 0.0 ], [ -46.510949805687709, -23.669039434258, 0.0 ], [ -46.510958558838695, -23.669044773388514, 0.0 ], [ -46.510967411623355, -23.669049971291621, 0.0 ], [ -46.510976361356022, -23.669055026390446, 0.0 ], [ -46.510985405321605, -23.66905993715142, 0.0 ], [ -46.51099454077643, -23.66906470208475, 0.0 ], [ -46.511003764949081, -23.669069319744899, 0.0 ], [ -46.511013075041191, -23.669073788730998, 0.0 ], [ -46.511022468228376, -23.669078107687298, 0.0 ], [ -46.511031941660995, -23.669082275303527, 0.0 ], [ -46.511041492465097, -23.669086290315363, 0.0 ], [ -46.511051117743243, -23.669090151504772, 0.0 ], [ -46.511060814575387, -23.669093857700378, 0.0 ], [ -46.511070580019805, -23.669097407777823, 0.0 ], [ -46.51108041111393, -23.669100800660122, 0.0 ], [ -46.511090304875296, -23.669104035317972, 0.0 ], [ -46.511100258302413, -23.669107110770039, 0.0 ], [ -46.511110268375695, -23.669110026083374, 0.0 ], [ -46.511120332058375, -23.669112780373521, 0.0 ], [ -46.511130446297415, -23.669115372804917, 0.0 ], [ -46.511140608024441, -23.669117802591085, 0.0 ], [ -46.511150814156679, -23.669120068994911, 0.0 ], [ -46.511161061597861, -23.669122171328826, 0.0 ], [ -46.511171347239205, -23.669124108955039, 0.0 ], [ -46.511181667960351, -23.669125881285741, 0.0 ], [ -46.511192020630268, -23.669127487783246, 0.0 ], [ -46.511202402108253, -23.669128927960191, 0.0 ], [ -46.511212809244867, -23.669130201379691, 0.0 ], [ -46.511223238882849, -23.669131307655405, 0.0 ], [ -46.511233687858173, -23.669132246451731, 0.0 ], [ -46.511244153000888, -23.669133017483862, 0.0 ], [ -46.511254631136168, -23.669133620517897, 0.0 ], [ -46.511265119085238, -23.669134055370883, 0.0 ], [ -46.511275613666356, -23.669134321910921, 0.0 ], [ -46.51128611169576, -23.669134420057123, 0.0 ], [ -46.511296609988634, -23.669134349779732, 0.0 ], [ -46.511307105360089, -23.669134111100075, 0.0 ], [ -46.511317594626135, -23.669133704090562, 0.0 ], [ -46.511328074604606, -23.669133128874659, 0.0 ], [ -46.511338542116185, -23.669132385626892, 0.0 ], [ -46.511348993985322, -23.669131474572723, 0.0 ], [ -46.511359427041207, -23.669130395988546, 0.0 ], [ -46.511369838118739, -23.669129150201584, 0.0 ], [ -46.511380224059508, -23.669127737589772, 0.0 ], [ -46.511390581712689, -23.669126158581658, 0.0 ], [ -46.511400907936086, -23.669124413656267, 0.0 ], [ -46.511411199596999, -23.669122503342965, 0.0 ], [ -46.511421453573227, -23.669120428221294, 0.0 ], [ -46.511431666754014, -23.669118188920788, 0.0 ], [ -46.511441836040973, -23.669115786120788, 0.0 ], [ -46.511451958349028, -23.66911322055023, 0.0 ], [ -46.511462030607348, -23.669110492987443, 0.0 ], [ -46.511472049760314, -23.669107604259899, 0.0 ], [ -46.511482012768397, -23.669104555243962, 0.0 ], [ -46.51149191660911, -23.669101346864608, 0.0 ], [ -46.511501758277902, -23.669097980095167, 0.0 ], [ -46.511511534789101, -23.669094455957026, 0.0 ], [ -46.511521243176809, -23.669090775519326, 0.0 ], [ -46.511530880495755, -23.669086939898584, 0.0 ], [ -46.511540443822284, -23.669082950258453, 0.0 ], [ -46.511549930255157, -23.669078807809235, 0.0 ], [ -46.511559336916449, -23.669074513807672, 0.0 ], [ -46.511568660952477, -23.669070069556426, 0.0 ], [ -46.511577899534608, -23.669065476403752, 0.0 ], [ -46.511587049860104, -23.669060735743091, 0.0 ], [ -46.511596109153054, -23.669055849012626, 0.0 ], [ -46.51160507466512, -23.669050817694842, 0.0 ], [ -46.511613943676451, -23.66904564331611, 0.0 ], [ -46.51162271349645, -23.66904032744619, 0.0 ], [ -46.511631381464611, -23.66903487169775, 0.0 ], [ -46.511639944951348, -23.669029277725919, 0.0 ], [ -46.511648401358748, -23.669023547227752, 0.0 ], [ -46.51165674812141, -23.66901768194171, 0.0 ], [ -46.511664982707174, -23.669011683647163, 0.0 ], [ -46.511673102617927, -23.6690055541638, 0.0 ], [ -46.511681105390338, -23.668999295351146, 0.0 ], [ -46.51168898859661, -23.668992909107939, 0.0 ], [ -46.511696749845242, -23.668986397371583, 0.0 ], [ -46.511704386781702, -23.668979762117544, 0.0 ], [ -46.511711897089199, -23.668973005358779, 0.0 ], [ -46.511719278489338, -23.66896612914508, 0.0 ], [ -46.511726528742834, -23.668959135562478, 0.0 ], [ -46.51173364565021, -23.668952026732647, 0.0 ], [ -46.511740627052419, -23.668944804812181, 0.0 ], [ -46.51174747083153, -23.66893747199201, 0.0 ], [ -46.511754174911374, -23.668930030496682, 0.0 ], [ -46.511760737258157, -23.668922482583742, 0.0 ], [ -46.511767155881074, -23.668914830542992, 0.0 ], [ -46.51180052167323, -23.668875582547127, 0.0 ], [ -46.511833140041013, -23.668835805121475, 0.0 ], [ -46.511865001084644, -23.668795510339507, 0.0 ], [ -46.51189609513419, -23.668754710431749, 0.0 ], [ -46.511926412752594, -23.668713417781998, 0.0 ], [ -46.511955944738453, -23.668671644923624, 0.0 ], [ -46.511984682128869, -23.668629404535707, 0.0 ], [ -46.512012616202149, -23.66858670943925, 0.0 ], [ -46.512039738480446, -23.668543572593233, 0.0 ], [ -46.512066040732321, -23.668500007090728, 0.0 ], [ -46.512091514975296, -23.668456026154878, 0.0 ], [ -46.512116153478182, -23.668411643134931, 0.0 ], [ -46.51213994876354, -23.668366871502137, 0.0 ], [ -46.512162893609833, -23.668321724845693, 0.0 ], [ -46.512184981053707, -23.668276216868612, 0.0 ], [ -46.512206204392058, -23.668230361383554, 0.0 ], [ -46.512226557184079, -23.668184172308646, 0.0 ], [ -46.512246033253206, -23.668137663663252, 0.0 ], [ -46.512264626688996, -23.668090849563708, 0.0 ], [ -46.512282331848937, -23.668043744219069, 0.0 ], [ -46.512299143360131, -23.667996361926736, 0.0 ], [ -46.51231505612094, -23.667948717068185, 0.0 ], [ -46.512330065302528, -23.667900824104546, 0.0 ], [ -46.512344166350317, -23.667852697572261, 0.0 ], [ -46.512357354985411, -23.667804352078626, 0.0 ], [ -46.512369627205821, -23.6677558022974, 0.0 ], [ -46.512380979287748, -23.667707062964308, 0.0 ], [ -46.512391407786659, -23.667658148872608, 0.0 ], [ -46.512400909538378, -23.667609074868579, 0.0 ], [ -46.512409481660015, -23.667559855847003, 0.0 ], [ -46.512417121550833, -23.667510506746712, 0.0 ], [ -46.51242382689307, -23.667461042545927, 0.0 ], [ -46.512429595652598, -23.667411478257836, 0.0 ], [ -46.512434426079579, -23.667361828925984, 0.0 ], [ -46.512438316708987, -23.667312109619697, 0.0 ], [ -46.512441266361016, -23.667262335429538, 0.0 ], [ -46.512443274141475, -23.667212521462691, 0.0 ], [ -46.512444339442055, -23.667162682838416, 0.0 ], [ -46.512444461940497, -23.667112834683433, 0.0 ], [ -46.51244364160069, -23.66706299212732, 0.0 ], [ -46.512441878672682, -23.667013170297974, 0.0 ], [ -46.512439173692634, -23.666963384316958, 0.0 ], [ -46.512435527482602, -23.666913649294933, 0.0 ], [ -46.512430941150306, -23.666863980327108, 0.0 ], [ -46.512433513950278, -23.666755031886851, 0.0 ], [ -46.51243811302303, -23.666646140040758, 0.0 ], [ -46.51244473701329, -23.666537336758097, 0.0 ], [ -46.512453383971291, -23.666428653982091, 0.0 ], [ -46.512464051353376, -23.666320123620491, 0.0 ], [ -46.512476736022727, -23.666211777536205, 0.0 ], [ -46.512491434250308, -23.666103647537994, 0.0 ], [ -46.512508141715955, -23.665995765371079, 0.0 ], [ -46.512526853509655, -23.665888162707851, 0.0 ], [ -46.512547564133008, -23.665780871138562, 0.0 ], [ -46.512570267500806, -23.66567392216205, 0.0 ], [ -46.512594956942856, -23.665567347176506, 0.0 ], [ -46.512621625205959, -23.665461177470245, 0.0 ], [ -46.512650264456013, -23.665355444212501, 0.0 ], [ -46.51268086628032, -23.665250178444335, 0.0 ], [ -46.512713421690087, -23.665145411069471, 0.0 ], [ -46.512782339762445, -23.664915553335096, 0.0 ], [ -46.512854906054031, -23.664686650195293, 0.0 ], [ -46.512931104972303, -23.664458750774273, 0.0 ], [ -46.513010920145327, -23.664231903980575, 0.0 ], [ -46.513094334425404, -23.664006158496576, 0.0 ], [ -46.513181329892674, -23.663781562768058, 0.0 ], [ -46.513184899567626, -23.663771450330223, 0.0 ], [ -46.513188279113528, -23.663761282618289, 0.0 ], [ -46.513191467522454, -23.663751062664858, 0.0 ], [ -46.51319446384349, -23.663740793518091, 0.0 ], [ -46.51319726718301, -23.66373047824084, 0.0 ], [ -46.513199876704931, -23.663720119909684, 0.0 ], [ -46.513202291631018, -23.663709721614079, 0.0 ], [ -46.513204511241028, -23.663699286455376, 0.0 ], [ -46.513206534873007, -23.663688817545928, 0.0 ], [ -46.513208361923439, -23.663678318008156, 0.0 ], [ -46.513209991847454, -23.663667790973602, 0.0 ], [ -46.513211424158939, -23.663657239582029, 0.0 ], [ -46.513212658430767, -23.663646666980437, 0.0 ], [ -46.513213694294855, -23.663636076322192, 0.0 ], [ -46.513214531442294, -23.663625470766, 0.0 ], [ -46.513215169623443, -23.663614853475028, 0.0 ], [ -46.513215608648018, -23.663604227615963, 0.0 ], [ -46.51321584838513, -23.66359359635802, 0.0 ], [ -46.513215888763305, -23.663582962872017, 0.0 ], [ -46.513215729770572, -23.663572330329465, 0.0 ], [ -46.513215371454393, -23.663561701901568, 0.0 ], [ -46.513214813921671, -23.663551080758321, 0.0 ], [ -46.513214057338757, -23.663540470067531, 0.0 ], [ -46.513213101931356, -23.663529872993887, 0.0 ], [ -46.513211947984459, -23.66351929269803, 0.0 ], [ -46.513210595842288, -23.663508732335572, 0.0 ], [ -46.51320904590817, -23.663498195056221, 0.0 ], [ -46.513207298644438, -23.663487684002749, 0.0 ], [ -46.513205354572264, -23.663477202310133, 0.0 ], [ -46.513203214271527, -23.663466753104604, 0.0 ], [ -46.513200878380623, -23.663456339502655, 0.0 ], [ -46.51319834759628, -23.663445964610226, 0.0 ], [ -46.513195622673379, -23.663435631521661, 0.0 ], [ -46.513192704424675, -23.663425343318849, 0.0 ], [ -46.513189593720597, -23.663415103070299, 0.0 ], [ -46.513186291488957, -23.663404913830203, 0.0 ], [ -46.51318279871473, -23.663394778637549, 0.0 ], [ -46.513179116439673, -23.663384700515195, 0.0 ], [ -46.513175245762092, -23.663374682468994, 0.0 ], [ -46.51317118783647, -23.663364727486876, 0.0 ], [ -46.513166943873145, -23.663354838537931, 0.0 ], [ -46.513162515137928, -23.663345018571597, 0.0 ], [ -46.513157902951754, -23.663335270516718, 0.0 ], [ -46.513153108690268, -23.663325597280675, 0.0 ], [ -46.51314813378341, -23.663316001748573, 0.0 ], [ -46.513142979715006, -23.663306486782286, 0.0 ], [ -46.513137648022308, -23.663297055219701, 0.0 ], [ -46.513132140295561, -23.663287709873824, 0.0 ], [ -46.513126458177481, -23.66327845353193, 0.0 ], [ -46.513120603362836, -23.663269288954758, 0.0 ], [ -46.513114577597861, -23.663260218875678, 0.0 ], [ -46.51310838267981, -23.663251245999856, 0.0 ], [ -46.513102020456365, -23.663242373003502, 0.0 ], [ -46.513095492825101, -23.663233602533023, 0.0 ], [ -46.513088801732955, -23.663224937204209, 0.0 ], [ -46.513081949175579, -23.663216379601558, 0.0 ], [ -46.513074937196819, -23.66320793227737, 0.0 ], [ -46.513067767888032, -23.66319959775111, 0.0 ], [ -46.513060443387523, -23.663191378508568, 0.0 ], [ -46.513052965879865, -23.663183277001156, 0.0 ], [ -46.513045337595273, -23.663175295645178, 0.0 ], [ -46.513037560808947, -23.663167436821094, 0.0 ], [ -46.513029637840333, -23.663159702872814, 0.0 ], [ -46.513021571052519, -23.663152096107034, 0.0 ], [ -46.513013362851467, -23.663144618792462, 0.0 ], [ -46.513005015685316, -23.663137273159247, 0.0 ], [ -46.512996532043651, -23.663130061398249, 0.0 ], [ -46.512987914456751, -23.663122985660387, 0.0 ], [ -46.512979165494869, -23.663116048056004, 0.0 ], [ -46.512970287767416, -23.66310925065428, 0.0 ], [ -46.512961283922209, -23.663102595482556, 0.0 ], [ -46.512952156644687, -23.663096084525741, 0.0 ], [ -46.512942908657102, -23.663089719725761, 0.0 ], [ -46.51293354271769, -23.663083502980921, 0.0 ], [ -46.512924061619891, -23.663077436145389, 0.0 ], [ -46.512914468191482, -23.663071521028609, 0.0 ], [ -46.512904765293719, -23.663065759394776, 0.0 ], [ -46.512894955820535, -23.663060152962327, 0.0 ], [ -46.512866308240703, -23.66304619858175, 0.0 ], [ -46.512837400906854, -23.663032706341426, 0.0 ], [ -46.512808242605232, -23.663019680342224, 0.0 ], [ -46.512778842198323, -23.663007124543327, 0.0 ], [ -46.512749208622225, -23.662995042760983, 0.0 ], [ -46.512719350883877, -23.662983438667371, 0.0 ], [ -46.512689278058353, -23.662972315789485, 0.0 ], [ -46.512658999286096, -23.662961677508051, 0.0 ], [ -46.51262852377014, -23.662951527056521, 0.0 ], [ -46.512597860773283, -23.662941867520033, 0.0 ], [ -46.512567019615346, -23.662932701834578, 0.0 ], [ -46.512536009670271, -23.662924032785977, 0.0 ], [ -46.512504840363285, -23.662915863009154, 0.0 ], [ -46.512473521168083, -23.66290819498726, 0.0 ], [ -46.512442061603871, -23.66290103105095, 0.0 ], [ -46.512410471232542, -23.66289437337764, 0.0 ], [ -46.512378759655739, -23.662888223990915, 0.0 ], [ -46.512346936511925, -23.662882584759842, 0.0 ], [ -46.512315011473497, -23.662877457398441, 0.0 ], [ -46.512282994243797, -23.662872843465149, 0.0 ], [ -46.512250894554185, -23.662868744362349, 0.0 ], [ -46.512218722161094, -23.662865161335933, 0.0 ], [ -46.512186486843049, -23.662862095474974, 0.0 ], [ -46.51215419839771, -23.662859547711331, 0.0 ], [ -46.51212186663885, -23.662857518819372, 0.0 ], [ -46.512089501393433, -23.662856009415819, 0.0 ], [ -46.512057112498596, -23.662855019959434, 0.0 ], [ -46.512024709798673, -23.662854550750978, 0.0 ], [ -46.511992303142165, -23.662854601933095, 0.0 ], [ -46.511959902378806, -23.662855173490222, 0.0 ], [ -46.511927517356526, -23.662856265248685, 0.0 ], [ -46.511895157918474, -23.662857876876657, 0.0 ], [ -46.511862833900025, -23.662860007884323, 0.0 ], [ -46.51183055512579, -23.662862657624004, 0.0 ], [ -46.511798331406631, -23.662865825290346, 0.0 ], [ -46.511766172536689, -23.662869509920583, 0.0 ], [ -46.511734088290375, -23.662873710394841, 0.0 ], [ -46.51170208841944, -23.662878425436407, 0.0 ], [ -46.511670182649986, -23.662883653612226, 0.0 ], [ -46.511638380679528, -23.662889393333245, 0.0 ], [ -46.511606692174027, -23.662895642854956, 0.0 ], [ -46.51157512676496, -23.662902400277861, 0.0 ], [ -46.511543694046402, -23.662909663548131, 0.0 ], [ -46.511512403572091, -23.662917430458169, 0.0 ], [ -46.511481264852556, -23.662925698647307, 0.0 ], [ -46.51145028735219, -23.662934465602493, 0.0 ], [ -46.511419480486403, -23.662943728659123, 0.0 ], [ -46.51138885361874, -23.662953485001768, 0.0 ], [ -46.511358416058044, -23.662963731665066, 0.0 ], [ -46.511338845644687, -23.662972538919195, 0.0 ], [ -46.511319442700746, -23.662981655131301, 0.0 ], [ -46.511300212974596, -23.662991077600644, 0.0 ], [ -46.511281162163272, -23.663000803535716, 0.0 ], [ -46.511262295910832, -23.663010830055111, 0.0 ], [ -46.511243619806642, -23.663021154188385, 0.0 ], [ -46.511225139383747, -23.663031772876895, 0.0 ], [ -46.51120686011722, -23.663042682974748, 0.0 ], [ -46.51118878742254, -23.663053881249731, 0.0 ], [ -46.511170926653996, -23.663065364384209, 0.0 ], [ -46.511153283103113, -23.663077128976212, 0.0 ], [ -46.511135861997026, -23.663089171540339, 0.0 ], [ -46.511118668497012, -23.663101488508872, 0.0 ], [ -46.511101707696902, -23.663114076232752, 0.0 ], [ -46.511084984621597, -23.663126930982738, 0.0 ], [ -46.51106850422557, -23.663140048950464, 0.0 ], [ -46.511052271391399, -23.663153426249604, 0.0 ], [ -46.511036290928345, -23.663167058916954, 0.0 ], [ -46.511020567570874, -23.663180942913705, 0.0 ], [ -46.511005105977318, -23.663195074126566, 0.0 ], [ -46.510989910728426, -23.663209448368981, 0.0 ], [ -46.510974986326076, -23.663224061382412, 0.0 ], [ -46.510960337191896, -23.663238908837613, 0.0 ], [ -46.510945967665975, -23.66325398633581, 0.0 ], [ -46.510931882005551, -23.663269289410142, 0.0 ], [ -46.510918084383782, -23.663284813526861, 0.0 ], [ -46.5109045788885, -23.663300554086778, 0.0 ], [ -46.510891369520976, -23.66331650642655, 0.0 ], [ -46.510878460194775, -23.663332665820089, 0.0 ], [ -46.510865854734561, -23.663349027479978, 0.0 ], [ -46.510853556874991, -23.663365586558868, 0.0 ], [ -46.510841570259565, -23.663382338150907, 0.0 ], [ -46.510829898439631, -23.663399277293237, 0.0 ], [ -46.510818544873217, -23.663416398967392, 0.0 ], [ -46.510807512924124, -23.663433698100857, 0.0 ], [ -46.510796805860821, -23.663451169568543, 0.0 ], [ -46.510786426855582, -23.663468808194278, 0.0 ], [ -46.510776378983444, -23.663486608752379, 0.0 ], [ -46.510766665221382, -23.663504565969188, 0.0 ], [ -46.510757288447373, -23.663522674524632, 0.0 ], [ -46.510748251439544, -23.663540929053788, 0.0 ], [ -46.510739556875414, -23.663559324148498, 0.0 ], [ -46.510731207330991, -23.663577854358955, 0.0 ], [ -46.510723205280122, -23.663596514195305, 0.0 ], [ -46.510715553093675, -23.663615298129312, 0.0 ], [ -46.510708253038864, -23.663634200595958, 0.0 ], [ -46.510701307278602, -23.663653215995108, 0.0 ], [ -46.510694717870841, -23.663672338693146, 0.0 ], [ -46.51068848676794, -23.663691563024706, 0.0 ], [ -46.51068261581613, -23.663710883294282, 0.0 ], [ -46.510677106754919, -23.663730293777931, 0.0 ], [ -46.510671961216623, -23.663749788725017, 0.0 ], [ -46.510667180725846, -23.663769362359847, 0.0 ], [ -46.510662766699056, -23.663789008883416, 0.0 ], [ -46.510658720444148, -23.663808722475146, 0.0 ], [ -46.51065504316005, -23.663828497294542, 0.0 ], [ -46.510642798466328, -23.663884555765154, 0.0 ], [ -46.510631610519596, -23.663940801306893, 0.0 ], [ -46.510621482682787, -23.663997217020114, 0.0 ], [ -46.510612418000321, -23.664053785954003, 0.0 ], [ -46.510604419197165, -23.664110491111671, 0.0 ], [ -46.51059748867808, -23.664167315455305, 0.0 ], [ -46.510591628526825, -23.664224241911242, 0.0 ], [ -46.510586840505567, -23.664281253375123, 0.0 ], [ -46.510583126054321, -23.664338332717023, 0.0 ], [ -46.510580486290579, -23.664395462786587, 0.0 ], [ -46.510578922008897, -23.664452626418207, 0.0 ], [ -46.510578433680685, -23.664509806436175, 0.0 ], [ -46.510579021454085, -23.664566985659842, 0.0 ], [ -46.510580685153876, -23.664624146908746, 0.0 ], [ -46.510583424281606, -23.664681273007822, 0.0 ], [ -46.510587238015617, -23.66473834679255, 0.0 ], [ -46.510592125211424, -23.664795351114122, 0.0 ], [ -46.510598084401963, -23.664852268844523, 0.0 ], [ -46.510605113798071, -23.664909082881781, 0.0 ], [ -46.510613211289012, -23.664965776155075, 0.0 ], [ -46.510622374443109, -23.665022331629793, 0.0 ], [ -46.510632600508472, -23.665078732312747, 0.0 ], [ -46.510643886413824, -23.665134961257223, 0.0 ], [ -46.510656228769442, -23.665191001568104, 0.0 ], [ -46.510669623868132, -23.665246836406901, 0.0 ], [ -46.510684067686384, -23.665302448996876, 0.0 ], [ -46.510699555885544, -23.665357822628028, 0.0 ], [ -46.510716083813143, -23.665412940662147, 0.0 ], [ -46.510733646504285, -23.66546778653781, 0.0 ], [ -46.510752238683139, -23.665522343775322, 0.0 ], [ -46.510771854764499, -23.665576595981733, 0.0 ], [ -46.510793634239171, -23.665628851924112, 0.0 ], [ -46.510793654548664, -23.665632918793968, 0.0 ], [ -46.510793696962047, -23.665649952513249, 0.0 ], [ -46.510793687570477, -23.665666984402037, 0.0 ], [ -46.510793617228003, -23.665684014229921, 0.0 ] ] ] ] } },
{ "type": "Feature", "properties": { "fid": 131.0, "MODELO" : "TAMCENTRAL" }, "geometry": { "type": "MultiPolygon", "coordinates": [ [ [ [ -46.517661178906422, -23.674193401354099, -1.79769313486231571e+308 ], [ -46.517700715312827, -23.674178982009852, -1.79769313486231571e+308 ], [ -46.517727224050475, -23.674166431126704, -1.79769313486231571e+308 ], [ -46.517762630760394, -23.674146929309011, -1.79769313486231571e+308 ], [ -46.517809708544206, -23.674117701921432, -1.79769313486231571e+308 ], [ -46.517871674731261, -23.674077015851609, -1.79769313486231571e+308 ], [ -46.517939871966838, -23.674035456706655, -1.79769313486231571e+308 ], [ -46.518005684815961, -23.673994488972752, -1.79769313486231571e+308 ], [ -46.518045484714136, -23.673964300363444, -1.79769313486231571e+308 ], [ -46.518066005078069, -23.673945132394863, -1.79769313486231571e+308 ], [ -46.518086988455487, -23.673920948502897, -1.79769313486231571e+308 ], [ -46.518107179118687, -23.673889675077962, -1.79769313486231571e+308 ], [ -46.518115910023333, -23.673871222210256, -1.79769313486231571e+308 ], [ -46.518122600245277, -23.673852418701845, -1.79769313486231571e+308 ], [ -46.518130435085908, -23.673813937995849, -1.79769313486231571e+308 ], [ -46.518132013037821, -23.67378778004068, -1.79769313486231571e+308 ], [ -46.518130259607105, -23.673752485313091, -1.79769313486231571e+308 ], [ -46.518122358694541, -23.67370508379609, -1.79769313486231571e+308 ], [ -46.518105002882542, -23.67364222275102, -1.79769313486231571e+308 ], [ -46.518090428353901, -23.673600073091226, -8.98846567431157854e+307 ], [ -46.518091406193861, -23.67359791964407, 0.0 ], [ -46.518095482526597, -23.673588483631629, 0.0 ], [ -46.518099379611598, -23.673578983593988, 0.0 ], [ -46.518103096264127, -23.67356942241932, 0.0 ], [ -46.518106631354279, -23.673559803014385, 0.0 ], [ -46.518109983807392, -23.673550128303638, 0.0 ], [ -46.518113152604293, -23.673540401228347, 0.0 ], [ -46.518116136781657, -23.673530624745716, 0.0 ], [ -46.518118935432291, -23.673520801827944, 0.0 ], [ -46.518121547705398, -23.673510935461373, 0.0 ], [ -46.518123972806848, -23.673501028645529, 0.0 ], [ -46.518126209999416, -23.673491084392239, 0.0 ], [ -46.518128258603006, -23.673481105724733, 0.0 ], [ -46.518130117994836, -23.673471095676668, 0.0 ], [ -46.51813178760969, -23.673461057291277, 0.0 ], [ -46.518133266940005, -23.673450993620374, 0.0 ], [ -46.518134555536086, -23.673440907723482, 0.0 ], [ -46.518135653006233, -23.673430802666875, 0.0 ], [ -46.518136559016831, -23.67342068152265, 0.0 ], [ -46.518137273292496, -23.673410547367784, 0.0 ], [ -46.518137795616113, -23.673400403283221, 0.0 ], [ -46.518138125828933, -23.673390252352927, 0.0 ], [ -46.518138263830608, -23.673380097662932, 0.0 ], [ -46.518138209579234, -23.673369942300436, 0.0 ], [ -46.518137963091348, -23.673359789352801, 0.0 ], [ -46.518137524441926, -23.673349641906697, 0.0 ], [ -46.518136893764364, -23.673339503047096, 0.0 ], [ -46.51813607125046, -23.673329375856351, 0.0 ], [ -46.518135057150303, -23.673319263413301, 0.0 ], [ -46.518133851772234, -23.673309168792265, 0.0 ], [ -46.518132455482757, -23.67329909506217, 0.0 ], [ -46.518130868706415, -23.673289045285571, 0.0 ], [ -46.51812909192563, -23.673279022517736, 0.0 ], [ -46.518127125680643, -23.673269029805763, 0.0 ], [ -46.518124970569247, -23.673259070187562, 0.0 ], [ -46.518122627246669, -23.673249146691013, 0.0 ], [ -46.518120096425349, -23.673239262333002, 0.0 ], [ -46.518117378874756, -23.673229420118506, 0.0 ], [ -46.517474658197621, -23.670230556127368, 0.0 ], [ -46.51747161880445, -23.670215601533972, 0.0 ], [ -46.517468853396906, -23.670200601898099, 0.0 ], [ -46.517466362759926, -23.670185561477819, 0.0 ], [ -46.51746414760045, -23.670170484542801, 0.0 ], [ -46.517462208547229, -23.67015537537306, 0.0 ], [ -46.51746054615063, -23.670140238257776, 0.0 ], [ -46.51745916088246, -23.670125077494049, 0.0 ], [ -46.517458053135883, -23.670109897385696, 0.0 ], [ -46.517457223225264, -23.670094702242039, 0.0 ], [ -46.517456671386107, -23.670079496376626, 0.0 ], [ -46.517456397774964, -23.670064284106097, 0.0 ], [ -46.517456402469413, -23.670049069748874, 0.0 ], [ -46.517456685468026, -23.670033857623981, 0.0 ], [ -46.51745724669037, -23.670018652049805, 0.0 ], [ -46.517458085977019, -23.670003457342879, 0.0 ], [ -46.517711853074836, -23.66621760672037, 0.0 ], [ -46.517714548222223, -23.666208126120079, 0.0 ], [ -46.517717064104637, -23.666198603814522, 0.0 ], [ -46.517719399962381, -23.666189042679175, 0.0 ], [ -46.517721555090127, -23.666179445601262, 0.0 ], [ -46.517723528837131, -23.666169815478849, 0.0 ], [ -46.517725320607397, -23.666160155219988, 0.0 ], [ -46.517726929859911, -23.666150467741819, 0.0 ], [ -46.517728356108755, -23.666140755969707, 0.0 ], [ -46.517729598923282, -23.66613102283636, 0.0 ], [ -46.51773065792824, -23.666121271280925, 0.0 ], [ -46.517731532803865, -23.666111504248114, 0.0 ], [ -46.517732223286025, -23.666101724687326, 0.0 ], [ -46.517732729166255, -23.666091935551705, 0.0 ], [ -46.517733050291817, -23.666082139797325, 0.0 ], [ -46.517733186565792, -23.666072340382247, 0.0 ], [ -46.517733137947062, -23.666062540265624, 0.0 ], [ -46.517732904450369, -23.666052742406841, 0.0 ], [ -46.517732486146237, -23.666042949764581, 0.0 ], [ -46.517731883161055, -23.666033165295957, 0.0 ], [ -46.517731095676922, -23.666023391955619, 0.0 ], [ -46.517730123931685, -23.666013632694849, 0.0 ], [ -46.51772896821884, -23.666003890460686, 0.0 ], [ -46.517727628887407, -23.66599416819502, 0.0 ], [ -46.517726106341868, -23.665984468833706, 0.0 ], [ -46.517724401042038, -23.665974795305683, 0.0 ], [ -46.51772251350291, -23.665965150532113, 0.0 ], [ -46.517720444294504, -23.665955537425422, 0.0 ], [ -46.517718194041699, -23.665945958888535, 0.0 ], [ -46.517715763424057, -23.665936417813889, 0.0 ], [ -46.517713153175599, -23.665926917082629, 0.0 ], [ -46.517710364084586, -23.665917459563723, 0.0 ], [ -46.517707396993274, -23.665908048113064, 0.0 ], [ -46.517704252797678, -23.66589868557266, 0.0 ], [ -46.517700932447312, -23.665889374769733, 0.0 ], [ -46.517697436944857, -23.665880118515897, 0.0 ], [ -46.517694328143584, -23.665872325407751, -8.98846567431157854e+307 ], [ -46.517761919297925, -23.665629128129495, -1.79769313486231571e+308 ], [ -46.517504150753759, -23.665568348940962, -1.79769313486231571e+308 ], [ -46.517489813280669, -23.665619935782619, -8.98846567431157854e+307 ], [ -46.517484852071732, -23.665616496264619, 0.0 ], [ -46.51747624120722, -23.665610739648567, 0.0 ], [ -46.517467523041745, -23.665605121721399, 0.0 ], [ -46.517458700207953, -23.665599644179572, 0.0 ], [ -46.517449775370096, -23.665594308677132, 0.0 ], [ -46.517440751223212, -23.665589116825256, 0.0 ], [ -46.517431630492332, -23.665584070191709, 0.0 ], [ -46.517422415931648, -23.665579170300443, 0.0 ], [ -46.517413110323702, -23.665574418631074, 0.0 ], [ -46.517403716478519, -23.665569816618461, 0.0 ], [ -46.517394237232757, -23.665565365652284, 0.0 ], [ -46.517384675448881, -23.665561067076599, 0.0 ], [ -46.517375034014265, -23.665556922189456, 0.0 ], [ -46.517365315840337, -23.66555293224247, 0.0 ], [ -46.517355523861696, -23.665549098440508, 0.0 ], [ -46.517345661035229, -23.66554542194125, 0.0 ], [ -46.517335730339227, -23.665541903854912, 0.0 ], [ -46.517325734772463, -23.665538545243813, 0.0 ], [ -46.517315677353288, -23.665535347122173, 0.0 ], [ -46.517305561118761, -23.665532310455752, 0.0 ], [ -46.517295389123667, -23.665529436161503, 0.0 ], [ -46.517285164439656, -23.665526725107402, 0.0 ], [ -46.517274890154269, -23.665524178112083, 0.0 ], [ -46.51726456937002, -23.665521795944674, 0.0 ], [ -46.517254205203493, -23.665519579324531, 0.0 ], [ -46.51724380078435, -23.665517528920994, 0.0 ], [ -46.517233359254405, -23.665515645353231, 0.0 ], [ -46.517222883766678, -23.665513929190016, 0.0 ], [ -46.517212377484469, -23.665512380949586, 0.0 ], [ -46.517201843580352, -23.665511001099482, 0.0 ], [ -46.517191285235235, -23.665509790056355, 0.0 ], [ -46.517180705637422, -23.665508748185911, 0.0 ], [ -46.517170107981642, -23.665507875802756, 0.0 ], [ -46.51715949546805, -23.665507173170365, 0.0 ], [ -46.517148871301309, -23.665506640500865, 0.0 ], [ -46.517138238689597, -23.665506277955132, 0.0 ], [ -46.517127600843644, -23.665506085642662, 0.0 ], [ -46.517116960975748, -23.665506063621482, 0.0 ], [ -46.517106322298822, -23.66550621189829, 0.0 ], [ -46.517095688025435, -23.665506530428285, 0.0 ], [ -46.517085061366807, -23.665507019115303, 0.0 ], [ -46.517074445531875, -23.665507677811767, 0.0 ], [ -46.517063843726291, -23.665508506318769, 0.0 ], [ -46.517053259151474, -23.665509504386126, 0.0 ], [ -46.517042695003667, -23.665510671712475, 0.0 ], [ -46.517032154472901, -23.665512007945296, 0.0 ], [ -46.517021640742115, -23.665513512681102, 0.0 ], [ -46.517011156986115, -23.665515185465498, 0.0 ], [ -46.517000706370709, -23.66551702579337, 0.0 ], [ -46.516990292051645, -23.665519033108993, 0.0 ], [ -46.516979917173757, -23.665521206806229, 0.0 ], [ -46.516969584869926, -23.66552354622867, 0.0 ], [ -46.516959298260211, -23.665526050669879, 0.0 ], [ -46.516949060450848, -23.665528719373615, 0.0 ], [ -46.516938874533366, -23.665531551533991, 0.0 ], [ -46.516928743583598, -23.665534546295806, 0.0 ], [ -46.5169186706608, -23.665537702754719, 0.0 ], [ -46.516908658806692, -23.665541019957576, 0.0 ], [ -46.516898711044554, -23.665544496902676, 0.0 ], [ -46.516888830378321, -23.665548132540106, 0.0 ], [ -46.516879019791666, -23.66555192577199, 0.0 ], [ -46.5168692822471, -23.665555875452917, 0.0 ], [ -46.516859620685075, -23.665559980390178, 0.0 ], [ -46.516850038023094, -23.665564239344228, 0.0 ], [ -46.516840537154856, -23.665568651028963, 0.0 ], [ -46.516831120949341, -23.665573214112204, 0.0 ], [ -46.516821792249978, -23.665577927216045, 0.0 ], [ -46.516812553873763, -23.665582788917259, 0.0 ], [ -46.516803408610429, -23.665587797747769, 0.0 ], [ -46.516794359221571, -23.665592952195045, 0.0 ], [ -46.516785408439858, -23.665598250702597, 0.0 ], [ -46.516776558968175, -23.665603691670448, 0.0 ], [ -46.516767813478815, -23.66560927345558, 0.0 ], [ -46.516759174612666, -23.665614994372458, 0.0 ], [ -46.51675064497843, -23.665620852693543, 0.0 ], [ -46.516742227151823, -23.665626846649779, 0.0 ], [ -46.516733923674792, -23.66563297443119, 0.0 ], [ -46.516725737054763, -23.66563923418736, 0.0 ], [ -46.516717669763878, -23.66564562402802, 0.0 ], [ -46.516709724238233, -23.665652142023625, 0.0 ], [ -46.516701902877166, -23.665658786205942, 0.0 ], [ -46.516694208042523, -23.665665554568605, 0.0 ], [ -46.516686642057948, -23.665672445067798, 0.0 ], [ -46.516679207208149, -23.665679455622765, 0.0 ], [ -46.516671905738271, -23.665686584116525, 0.0 ], [ -46.516664739853169, -23.665693828396495, 0.0 ], [ -46.516657711716761, -23.665701186275097, 0.0 ], [ -46.516650823451357, -23.665708655530477, 0.0 ], [ -46.516644077137038, -23.665716233907119, 0.0 ], [ -46.516637474811034, -23.665723919116591, 0.0 ], [ -46.516631018467073, -23.665731708838173, 0.0 ], [ -46.51662471005482, -23.665739600719583, 0.0 ], [ -46.516618551479262, -23.665747592377716, 0.0 ], [ -46.516612544600136, -23.665755681399311, 0.0 ], [ -46.516606691231388, -23.665763865341727, 0.0 ], [ -46.516600993140585, -23.665772141733619, 0.0 ], [ -46.516595452048435, -23.66578050807577, 0.0 ], [ -46.516590069628215, -23.665788961841795, 0.0 ], [ -46.516584847505285, -23.66579750047886, 0.0 ], [ -46.516579787256632, -23.665806121408572, 0.0 ], [ -46.516574890410325, -23.665814822027627, 0.0 ], [ -46.516570158445113, -23.665823599708702, 0.0 ], [ -46.516565592789952, -23.66583245180118, 0.0 ], [ -46.516561194823574, -23.66584137563196, 0.0 ], [ -46.516556965874088, -23.66585036850632, 0.0 ], [ -46.516552907218539, -23.665859427708639, 0.0 ], [ -46.516549020082579, -23.665868550503316, 0.0 ], [ -46.516545305640037, -23.665877734135485, 0.0 ], [ -46.516541765012619, -23.665886975831963, 0.0 ], [ -46.516538399269535, -23.665896272802019, 0.0 ], [ -46.516535209427175, -23.665905622238213, 0.0 ], [ -46.516532196448836, -23.665915021317268, 0.0 ], [ -46.51652936124438, -23.665924467200934, 0.0 ], [ -46.516526704670014, -23.665933957036788, 0.0 ], [ -46.516524227527988, -23.665943487959193, 0.0 ], [ -46.516521930566363, -23.665953057090043, 0.0 ], [ -46.516519814478798, -23.665962661539719, 0.0 ], [ -46.516517879904349, -23.665972298407951, 0.0 ], [ -46.516230307148625, -23.670282390800285, 0.0 ], [ -46.516229467719725, -23.670297585507388, 0.0 ], [ -46.516228906355764, -23.670312791083926, 0.0 ], [ -46.516228623216186, -23.67032800321336, 0.0 ], [ -46.516228618381476, -23.670343217577294, 0.0 ], [ -46.51622889185311, -23.67035842985673, 0.0 ], [ -46.516229443553534, -23.670373635733196, 0.0 ], [ -46.516230273326244, -23.670388830890094, 0.0 ], [ -46.516231380935771, -23.670404011013844, 0.0 ], [ -46.516232766067795, -23.670419171795125, 0.0 ], [ -46.516234428329192, -23.670434308930133, 0.0 ], [ -46.516236367248183, -23.670449418121741, 0.0 ], [ -46.51623858227444, -23.670464495080775, 0.0 ], [ -46.516241072779259, -23.670479535527218, 0.0 ], [ -46.516243838055736, -23.67049453519137, 0.0 ], [ -46.516246877318956, -23.670509489815167, 0.0 ], [ -46.516889572022812, -23.673508360163964, 0.0 ], [ -46.516892135644419, -23.673518237354852, 0.0 ], [ -46.516894885855919, -23.673528071876508, 0.0 ], [ -46.516897821821253, -23.673537860739089, 0.0 ], [ -46.516900942647879, -23.6735476009666, 0.0 ], [ -46.516904247387053, -23.673557289597852, 0.0 ], [ -46.51690773503411, -23.673566923687343, 0.0 ], [ -46.516911404528798, -23.673576500306122, 0.0 ], [ -46.51691525475556, -23.673586016542764, 0.0 ], [ -46.516919284543896, -23.673595469504157, 0.0 ], [ -46.516923492668724, -23.673604856316445, 0.0 ], [ -46.51692787785074, -23.673614174125859, 0.0 ], [ -46.516932438756797, -23.673623420099638, 0.0 ], [ -46.516937174000354, -23.673632591426834, 0.0 ], [ -46.516942082141838, -23.673641685319218, 0.0 ], [ -46.516947161689131, -23.673650699012086, 0.0 ], [ -46.516952411097982, -23.673659629765101, 0.0 ], [ -46.516957828772519, -23.673668474863177, 0.0 ], [ -46.516963413065703, -23.673677231617233, 0.0 ], [ -46.51696916227985, -23.673685897365072, 0.0 ], [ -46.516975074667123, -23.673694469472142, 0.0 ], [ -46.516981148430077, -23.673702945332384, 0.0 ], [ -46.51698738172221, -23.673711322368973, 0.0 ], [ -46.516993772648519, -23.673719598035145, 0.0 ], [ -46.517000319266081, -23.673727769814935, 0.0 ], [ -46.517007019584618, -23.673735835223994, 0.0 ], [ -46.517013871567151, -23.673743791810296, 0.0 ], [ -46.517020873130576, -23.673751637154872, 0.0 ], [ -46.51702802214632, -23.673759368872616, 0.0 ], [ -46.517035316440968, -23.673766984612929, 0.0 ], [ -46.517042753796943, -23.673774482060498, 0.0 ], [ -46.517050331953179, -23.673781858935957, 0.0 ], [ -46.517058048605797, -23.673789112996612, 0.0 ], [ -46.517065901408813, -23.673796242037081, 0.0 ], [ -46.517073887974846, -23.673803243889996, 0.0 ], [ -46.517082005875864, -23.67381011642669, 0.0 ], [ -46.517090252643882, -23.673816857557771, 0.0 ], [ -46.517098625771744, -23.673823465233813, 0.0 ], [ -46.517107122713881, -23.673829937445973, 0.0 ], [ -46.517115740887093, -23.673836272226549, 0.0 ], [ -46.517124477671288, -23.673842467649663, 0.0 ], [ -46.517133330410353, -23.673848521831808, 0.0 ], [ -46.517142296412885, -23.673854432932373, 0.0 ], [ -46.51715137295308, -23.673860199154291, 0.0 ], [ -46.517160557271495, -23.673865818744531, 0.0 ], [ -46.517169846575939, -23.673871289994597, 0.0 ], [ -46.51717923804231, -23.673876611241162, 0.0 ], [ -46.51718872881542, -23.673881780866449, 0.0 ], [ -46.517198316009903, -23.673886797298806, 0.0 ], [ -46.517207996711086, -23.673891659013137, 0.0 ], [ -46.517217767975858, -23.673896364531384, 0.0 ], [ -46.517227626833566, -23.673900912422987, 0.0 ], [ -46.517237570286945, -23.673905301305318, 0.0 ], [ -46.517247595312995, -23.673909529844028, 0.0 ], [ -46.517257698863922, -23.673913596753611, 0.0 ], [ -46.517267877868058, -23.673917500797625, 0.0 ], [ -46.517278129230803, -23.67392124078917, 0.0 ], [ -46.517288449835533, -23.673924815591224, 0.0 ], [ -46.517298836544597, -23.673928224116974, 0.0 ], [ -46.517305794556918, -23.673930382312729, -8.98846567431157854e+307 ], [ -46.517315713825923, -23.673972922282449, -1.79769313486231571e+308 ], [ -46.51732106975512, -23.673991012032207, -1.79769313486231571e+308 ], [ -46.517328400365599, -23.674009044139826, -1.79769313486231571e+308 ], [ -46.517348390675956, -23.67404450253844, -1.79769313486231571e+308 ], [ -46.517365187589959, -23.674067345336862, -1.79769313486231571e+308 ], [ -46.517391200967332, -23.674096301768994, -1.79769313486231571e+308 ], [ -46.517430980455195, -23.674131270401102, -1.79769313486231571e+308 ], [ -46.517455637693693, -23.674148883993926, -1.79769313486231571e+308 ], [ -46.517484945356777, -23.674166477270049, -1.79769313486231571e+308 ], [ -46.517519233457719, -23.674182776342189, -1.79769313486231571e+308 ], [ -46.517558441946143, -23.674195692621314, -1.79769313486231571e+308 ], [ -46.517578959228544, -23.674199796745622, -1.79769313486231571e+308 ], [ -46.517600272198713, -23.674201842864182, -1.79769313486231571e+308 ], [ -46.517622105244833, -23.674201190758524, -1.79769313486231571e+308 ], [ -46.517641570823535, -23.674198219127462, -1.79769313486231571e+308 ], [ -46.517661178906422, -23.674193401354099, -1.79769313486231571e+308 ] ] ] ] } },
{ "type": "Feature", "properties": { "fid": 132.0 , "MODELO" : "GUARARA"}, "geometry": { "type": "MultiPolygon", "coordinates": [ [ [ [ -46.505915778827962, -23.700617342698347, 0.0 ], [ -46.505973598290275, -23.700591374900945, 0.0 ], [ -46.506030373952591, -23.700560916388984, 0.0 ], [ -46.506085862688145, -23.700526097591968, 0.0 ], [ -46.506139826881636, -23.700487067610979, 0.0 ], [ -46.506192035446809, -23.700443993580283, 0.0 ], [ -46.506242264816024, -23.700397059951396, 0.0 ], [ -46.506290299897707, -23.700346467703437, 0.0 ], [ -46.506335934997402, -23.700292433482296, 0.0 ], [ -46.506378974698592, -23.700235188672959, 0.0 ], [ -46.506419234699521, -23.700174978408644, 0.0 ], [ -46.5064565426024, -23.700112060521054, 0.0 ], [ -46.506490738651557, -23.700046704436268, 0.0 ], [ -46.50652167641757, -23.699979190020951, 0.0 ], [ -46.50654922342418, -23.699909806383975, 0.0 ], [ -46.506573261715509, -23.699838850638272, 0.0 ], [ -46.506593688361164, -23.699766626628609, 0.0 ], [ -46.506610415896787, -23.699693443630441, 0.0 ], [ -46.506623372698606, -23.699619615025473, 0.0 ], [ -46.506632503289993, -23.699545456959772, 0.0 ], [ -46.506637768578848, -23.699471286989873, 0.0 ], [ -46.506639146025016, -23.699397422723059, 0.0 ], [ -46.506636629736583, -23.699324180457214, 0.0 ], [ -46.506630230495063, -23.699251873826501, 0.0 ], [ -46.506619975709071, -23.699180812458241, 0.0 ], [ -46.506605909296908, -23.69911130064709, 0.0 ], [ -46.506588091498315, -23.699043636052043, 0.0 ], [ -46.506566598616537, -23.698978108421798, 0.0 ], [ -46.506541522691386, -23.698914998354038, 0.0 ], [ -46.506512971105145, -23.69885457609395, 0.0 ], [ -46.506481066122596, -23.69879710037695, 0.0 ], [ -46.506445944367499, -23.698742817320802, 0.0 ], [ -46.506407756237479, -23.698691959371779, 0.0 ], [ -46.506366665259968, -23.698644744309238, 0.0 ], [ -46.506322847391964, -23.698601374313188, 0.0 ], [ -46.506276490266643, -23.698562035098501, 0.0 ], [ -46.506236261840982, -23.698533006607107, 0.0 ], [ -46.506235843978281, -23.698476603223771, 0.0 ], [ -46.506233451063373, -23.698465004404554, 0.0 ], [ -46.506226998629813, -23.698454544115251, 0.0 ], [ -46.506217306587601, -23.69844534163521, 0.0 ], [ -46.506205194846274, -23.698437516243636, 0.0 ], [ -46.506191483314971, -23.698431187219985, 0.0 ], [ -46.506176991902514, -23.69842647384392, 0.0 ], [ -46.506162540517508, -23.698423495395389, 0.0 ], [ -46.506148923834424, -23.698422343361774, 0.0 ], [ -46.506135748656767, -23.69842197636979, 0.0 ], [ -46.506122573707891, -23.698421797313827, 0.0 ], [ -46.506109399443915, -23.698421780846523, 0.0 ], [ -46.506096226320942, -23.698421901620474, 0.0 ], [ -46.50608305479512, -23.69842213428835, 0.0 ], [ -46.506069885322582, -23.698422453502737, 0.0 ], [ -46.506056718359488, -23.6984228339163, 0.0 ], [ -46.506043554361995, -23.698423250181644, 0.0 ], [ -46.5060303937029, -23.698423677201703, 0.0 ], [ -46.506017234711663, -23.698424104316938, 0.0 ], [ -46.506004076611426, -23.698424539285337, 0.0 ], [ -46.505990919450866, -23.698424990547057, 0.0 ], [ -46.505986424647375, -23.698425153170806, 0.0 ], [ -46.505956789959555, -23.69841878712791, 0.0 ], [ -46.505898712887507, -23.698411332566288, 0.0 ], [ -46.505839912729321, -23.698408722562721, 0.0 ], [ -46.505780641269773, -23.698410968293285, 0.0 ], [ -46.505721152311772, -23.698418060141382, 0.0 ], [ -46.505661700589634, -23.698429967738811, 0.0 ], [ -46.505602540678375, -23.698446640095909, 0.0 ], [ -46.50554392590373, -23.698468005819869, 0.0 ], [ -46.505486107257468, -23.698493973420383, 0.0 ], [ -46.505429332322656, -23.69852443170149, 0.0 ], [ -46.505373844213615, -23.698559250237604, 0.0 ], [ -46.505319880534934, -23.698598279932103, 0.0 ], [ -46.50526767236407, -23.698641353655681, 0.0 ], [ -46.505217443261898, -23.698688286961985, 0.0 ], [ -46.505169408315425, -23.698738878877482, 0.0 ], [ -46.505123773216788, -23.698792912761959, 0.0 ], [ -46.505080733382513, -23.69885015723618, 0.0 ], [ -46.505040473116594, -23.698910367172651, 0.0 ], [ -46.505003164821403, -23.698973284745328, 0.0 ], [ -46.50496896825927, -23.699038640533455, 0.0 ], [ -46.504938029868434, -23.699106154675476, 0.0 ], [ -46.504910482135834, -23.699175538067223, 0.0 ], [ -46.504886443029761, -23.699246493599883, 0.0 ], [ -46.504866015494557, -23.699318717432377, 0.0 ], [ -46.504849287009797, -23.699391900292312, 0.0 ], [ -46.504836329215486, -23.699465728800302, 0.0 ], [ -46.504827197605266, -23.699539886811984, 0.0 ], [ -46.504821931288632, -23.699614056771718, 0.0 ], [ -46.50482055282334, -23.699687921072375, 0.0 ], [ -46.504823068118739, -23.699761163415538, 0.0 ], [ -46.504829466410307, -23.699833470165675, 0.0 ], [ -46.504839720305675, -23.699904531693438, 0.0 ], [ -46.504853785901808, -23.699974043701463, 0.0 ], [ -46.504871602972898, -23.700041708527383, 0.0 ], [ -46.504878041346224, -23.700061338537896, 0.0 ], [ -46.504874810595929, -23.700069409332286, 0.0 ], [ -46.504870888787003, -23.700081171712107, 0.0 ], [ -46.504867656307198, -23.700092976315162, 0.0 ], [ -46.504865035486986, -23.700104816178222, 0.0 ], [ -46.504862948656758, -23.700116684338052, 0.0 ], [ -46.504861318146922, -23.700128573831417, 0.0 ], [ -46.504860066287833, -23.700140477695065, 0.0 ], [ -46.504859115409829, -23.700152388965716, 0.0 ], [ -46.504858387843214, -23.700164300680154, 0.0 ], [ -46.504857805918263, -23.700176205875078, 0.0 ], [ -46.504857291965237, -23.700188097587251, 0.0 ], [ -46.504856768314355, -23.700199968853394, 0.0 ], [ -46.504856157295805, -23.700211812710283, 0.0 ], [ -46.50485538123975, -23.700223622194656, 0.0 ], [ -46.50485436247633, -23.700235390343199, 0.0 ], [ -46.504853023335663, -23.700247110192695, 0.0 ], [ -46.504851286147826, -23.700258774779893, 0.0 ], [ -46.504849073242866, -23.700270377141507, 0.0 ], [ -46.504846306950824, -23.700281910314256, 0.0 ], [ -46.504842909601699, -23.700293367334829, 0.0 ], [ -46.504838865162043, -23.700304759974706, 0.0 ], [ -46.504834372325142, -23.700316150340942, 0.0 ], [ -46.504829497551079, -23.700327542720967, 0.0 ], [ -46.504824290688063, -23.700338935637841, 0.0 ], [ -46.504818801584307, -23.700350327614551, 0.0 ], [ -46.504813080088027, -23.700361717174118, 0.0 ], [ -46.504807176047478, -23.700373102839599, 0.0 ], [ -46.504801139310914, -23.700384483133995, 0.0 ], [ -46.504795019726629, -23.700395856580357, 0.0 ], [ -46.504788867142906, -23.700407221701735, 0.0 ], [ -46.504782731408085, -23.700418577021189, 0.0 ], [ -46.504776662370475, -23.700429921061772, 0.0 ], [ -46.50477070987845, -23.700441252346561, 0.0 ], [ -46.504764923780378, -23.700452569398557, 0.0 ], [ -46.504759353924648, -23.700463870740975, 0.0 ], [ -46.504754050159661, -23.700475154896793, 0.0 ], [ -46.50474906233385, -23.700486420389126, 0.0 ], [ -46.504744440295646, -23.7004976657411, 0.0 ], [ -46.504740233893514, -23.700508889475788, 0.0 ], [ -46.504736492975937, -23.700520090116289, 0.0 ], [ -46.504733267391394, -23.700531266185674, 0.0 ], [ -46.504730606988403, -23.70054241620711, 0.0 ], [ -46.504728561615487, -23.700553538703623, 0.0 ], [ -46.50472718112119, -23.700564632198333, 0.0 ], [ -46.504726840394504, -23.700575597566843, 0.0 ], [ -46.504728402111823, -23.700586170037795, 0.0 ], [ -46.504731773606366, -23.700596352294074, 0.0 ], [ -46.504736805233485, -23.700606163586389, 0.0 ], [ -46.504743347348438, -23.700615623165373, 0.0 ], [ -46.504751250306448, -23.700624750281694, 0.0 ], [ -46.504760364462655, -23.700633564185992, 0.0 ], [ -46.50477054017216, -23.700642084128912, 0.0 ], [ -46.504781627790017, -23.700650329361132, 0.0 ], [ -46.504793477671214, -23.700658319133318, 0.0 ], [ -46.504805940170748, -23.700666072696222, 0.0 ], [ -46.504818865643543, -23.700673609300594, 0.0 ], [ -46.50483210444451, -23.700680948197284, 0.0 ], [ -46.504845506928532, -23.700688108637127, 0.0 ], [ -46.50485892345047, -23.700695109871042, 0.0 ], [ -46.504872204365164, -23.70070197115, 0.0 ], [ -46.50488520027664, -23.700708711636963, 0.0 ], [ -46.504898016744178, -23.700715267264115, 0.0 ], [ -46.50491083058651, -23.700721574465351, 0.0 ], [ -46.504923641870548, -23.700727638133063, 0.0 ], [ -46.504936450663237, -23.700733463159608, 0.0 ], [ -46.504949257031541, -23.700739054437381, 0.0 ], [ -46.504962061042384, -23.700744416858814, 0.0 ], [ -46.50497486276273, -23.700749555316222, 0.0 ], [ -46.504987662259502, -23.700754474702002, 0.0 ], [ -46.505000459599685, -23.700759179908562, 0.0 ], [ -46.505013254850205, -23.700763675828284, 0.0 ], [ -46.505026048078022, -23.700767967353535, 0.0 ], [ -46.505038839350107, -23.7007720593767, 0.0 ], [ -46.505051628733412, -23.700775956790171, 0.0 ], [ -46.505064416294893, -23.700779664486305, 0.0 ], [ -46.505077202101511, -23.700783187357519, 0.0 ], [ -46.505089986220241, -23.700786530296163, 0.0 ], [ -46.505102768718046, -23.700789698194647, 0.0 ], [ -46.505115549661909, -23.700792695945342, 0.0 ], [ -46.505128329118769, -23.700795528440604, 0.0 ], [ -46.505141107155637, -23.700798200572873, 0.0 ], [ -46.505153883839455, -23.700800717234472, 0.0 ], [ -46.505166659237226, -23.700803083317798, 0.0 ], [ -46.505179433415904, -23.700805303715253, 0.0 ], [ -46.505192206442501, -23.700807383319198, 0.0 ], [ -46.505204978383972, -23.700809327022043, 0.0 ], [ -46.50521774930732, -23.700811139716119, 0.0 ], [ -46.505230519279522, -23.700812826293816, 0.0 ], [ -46.505243288367573, -23.700814391647572, 0.0 ], [ -46.505256056638459, -23.700815840669698, 0.0 ], [ -46.505268824159181, -23.70081717825261, 0.0 ], [ -46.505281590996724, -23.700818409288686, 0.0 ], [ -46.505294357218098, -23.700819538670302, 0.0 ], [ -46.505307122890287, -23.70082057128981, 0.0 ], [ -46.505319888080294, -23.700821512039635, 0.0 ], [ -46.505332652855131, -23.700822365812126, 0.0 ], [ -46.505345417281795, -23.70082313749969, 0.0 ], [ -46.50535818142729, -23.700823831994679, 0.0 ], [ -46.505370945358635, -23.700824454189476, 0.0 ], [ -46.505383709142826, -23.700825008976491, 0.0 ], [ -46.505396472865208, -23.700825501351037, 0.0 ], [ -46.5054092399794, -23.700825951650884, 0.0 ], [ -46.505422012541665, -23.70082636000696, 0.0 ], [ -46.505434789866477, -23.700826708498688, 0.0 ], [ -46.505447571268313, -23.700826979205537, 0.0 ], [ -46.505460356061633, -23.700827154206948, 0.0 ], [ -46.505473143560899, -23.700827215582343, 0.0 ], [ -46.505485933080557, -23.70082714541121, 0.0 ], [ -46.505498723935048, -23.700826925772969, 0.0 ], [ -46.505511515438812, -23.70082653874708, 0.0 ], [ -46.505524306906274, -23.700825966412982, 0.0 ], [ -46.505537097651853, -23.700825190850129, 0.0 ], [ -46.505549886989961, -23.700824194137976, 0.0 ], [ -46.505562674235016, -23.700822958355971, 0.0 ], [ -46.505575458701415, -23.700821465583562, 0.0 ], [ -46.505588239703542, -23.70081969790019, 0.0 ], [ -46.505601016555801, -23.700817637385327, 0.0 ], [ -46.505613788572568, -23.700815266118429, 0.0 ], [ -46.505626555068211, -23.700812566178911, 0.0 ], [ -46.505639315357101, -23.700809519646281, 0.0 ], [ -46.505652068753598, -23.700806108599931, 0.0 ], [ -46.505664814572057, -23.700802315119386, 0.0 ], [ -46.505677552126826, -23.700798121284038, 0.0 ], [ -46.505690280732246, -23.700793509173376, 0.0 ], [ -46.505702999702649, -23.700788460866871, 0.0 ], [ -46.505715708352383, -23.700782958443941, 0.0 ], [ -46.50572840599574, -23.70077698398406, 0.0 ], [ -46.505741091947058, -23.700770519566664, 0.0 ], [ -46.505753765520645, -23.700763547271254, 0.0 ], [ -46.505766426030803, -23.700756049177258, 0.0 ], [ -46.505779072791839, -23.700748007364162, 0.0 ], [ -46.505791705118035, -23.700739403911385, 0.0 ], [ -46.505804322323684, -23.700730220898425, 0.0 ], [ -46.505816822645073, -23.700720511588095, 0.0 ], [ -46.505828660412767, -23.700710657458135, 0.0 ], [ -46.505839779589479, -23.700700718447351, 0.0 ], [ -46.505850210327146, -23.700690695338057, 0.0 ], [ -46.505859982777686, -23.700680588912601, 0.0 ], [ -46.505869127093, -23.700670399953296, 0.0 ], [ -46.505877673425012, -23.700660129242468, 0.0 ], [ -46.505885651925595, -23.700649777562379, 0.0 ], [ -46.50589309274666, -23.700639345695301, 0.0 ], [ -46.505900026040081, -23.700628834423515, 0.0 ], [ -46.505904532675018, -23.70062144201416, 0.0 ], [ -46.505915778827962, -23.700617342698347, 0.0 ] ] ] ] } },
{ "type": "Feature", "properties": { "fid": 134.0 , "MODELO" : "MENINOS"}, "geometry": { "type": "MultiPolygon", "coordinates": [ [ [ [ -46.552999167811734, -23.677770235102091, -8.98846567431157854e+307 ], [ -46.553001416100656, -23.677769118069353, 0.0 ], [ -46.553011900354868, -23.677763690451041, 0.0 ], [ -46.5530222806428, -23.677758095897897, 0.0 ], [ -46.553032553831166, -23.677752336098624, 0.0 ], [ -46.553042716819029, -23.677746412791834, 0.0 ], [ -46.553052766538713, -23.67774032776547, 0.0 ], [ -46.553062699956733, -23.677734082856283, 0.0 ], [ -46.553072514074721, -23.677727679949317, 0.0 ], [ -46.553082205930295, -23.677721120977267, 0.0 ], [ -46.553091772598009, -23.677714407919964, 0.0 ], [ -46.553101211190189, -23.677707542803734, 0.0 ], [ -46.553110518857821, -23.677700527700821, 0.0 ], [ -46.553119692791419, -23.677693364728725, 0.0 ], [ -46.553128730221871, -23.677686056049573, 0.0 ], [ -46.553137628421247, -23.677678603869481, 0.0 ], [ -46.553146384703673, -23.677671010437908, 0.0 ], [ -46.553154996426102, -23.677663278046907, 0.0 ], [ -46.553163460989111, -23.677655409030482, 0.0 ], [ -46.553171775837718, -23.67764740576391, 0.0 ], [ -46.553179938462129, -23.677639270662937, 0.0 ], [ -46.553187946398495, -23.677631006183169, 0.0 ], [ -46.553195797229655, -23.677622614819207, 0.0 ], [ -46.553203488585886, -23.67761409910398, 0.0 ], [ -46.553211018145596, -23.677605461607936, 0.0 ], [ -46.553218383636029, -23.677596704938299, 0.0 ], [ -46.553225582833967, -23.677587831738258, 0.0 ], [ -46.553232613566372, -23.67757884468616, 0.0 ], [ -46.553239473711074, -23.67756974649474, 0.0 ], [ -46.553246161197372, -23.677560539910267, 0.0 ], [ -46.553252674006721, -23.677551227711749, 0.0 ], [ -46.553259010173257, -23.677541812710032, 0.0 ], [ -46.553265167784474, -23.677532297747028, 0.0 ], [ -46.553271144981757, -23.677522685694807, 0.0 ], [ -46.553276939960938, -23.677512979454743, 0.0 ], [ -46.553282550972853, -23.677503181956649, 0.0 ], [ -46.553287976323865, -23.677493296157866, 0.0 ], [ -46.553293214376403, -23.677483325042406, 0.0 ], [ -46.553298263549415, -23.677473271620023, 0.0 ], [ -46.553303122318866, -23.67746313892534, 0.0 ], [ -46.553307789218188, -23.677452930016845, 0.0 ], [ -46.553312262838745, -23.677442647976104, 0.0 ], [ -46.553316541830227, -23.677432295906701, 0.0 ], [ -46.553320624901083, -23.677421876933398, 0.0 ], [ -46.553324510818896, -23.677411394201116, 0.0 ], [ -46.55332819841076, -23.677400850874037, 0.0 ], [ -46.553331686563631, -23.677390250134646, 0.0 ], [ -46.553334974224683, -23.677379595182732, 0.0 ], [ -46.553338060401579, -23.677368889234469, 0.0 ], [ -46.553340944162834, -23.677358135521391, 0.0 ], [ -46.553343624638039, -23.67734733728949, 0.0 ], [ -46.55334610101815, -23.677336497798169, 0.0 ], [ -46.553348372555732, -23.677325620319298, 0.0 ], [ -46.553350438565175, -23.677314708136201, 0.0 ], [ -46.553352298422922, -23.677303764542668, 0.0 ], [ -46.55335395156763, -23.677292792841993, 0.0 ], [ -46.553355397500361, -23.677281796345959, 0.0 ], [ -46.553356635784709, -23.677270778373785, 0.0 ], [ -46.553357666046971, -23.67725974225122, 0.0 ], [ -46.553358487976205, -23.677248691309465, 0.0 ], [ -46.553366678232692, -23.677222795018636, 0.0 ], [ -46.553374394377059, -23.677196775510883, 0.0 ], [ -46.553381634226319, -23.677170640148397, 0.0 ], [ -46.553388395732249, -23.677144396326149, 0.0 ], [ -46.553394676981981, -23.677118051469833, 0.0 ], [ -46.55340047619854, -23.677091613033689, 0.0 ], [ -46.553405791741334, -23.67706508849842, 0.0 ], [ -46.553410622106625, -23.67703848536912, 0.0 ], [ -46.553414965927985, -23.677011811173099, 0.0 ], [ -46.553418821976628, -23.676985073457772, 0.0 ], [ -46.553422189161793, -23.676958279788522, 0.0 ], [ -46.553425066531048, -23.67693143774655, 0.0 ], [ -46.553427453270537, -23.676904554926782, 0.0 ], [ -46.553429348705251, -23.676877638935608, 0.0 ], [ -46.553430752299192, -23.676850697388854, 0.0 ], [ -46.553431663655516, -23.676823737909562, 0.0 ], [ -46.55343208251665, -23.676796768125808, 0.0 ], [ -46.553432008764396, -23.676769795668637, 0.0 ], [ -46.553431442419921, -23.67674282816979, 0.0 ], [ -46.553430383643764, -23.676715873259646, 0.0 ], [ -46.553428832735818, -23.676688938564979, 0.0 ], [ -46.553420209105866, -23.676576091815015, 0.0 ], [ -46.553413678094685, -23.676463125936465, 0.0 ], [ -46.553409241599795, -23.676350073843402, 0.0 ], [ -46.553406900908399, -23.67623696847491, 0.0 ], [ -46.553406656697092, -23.676123842785543, 0.0 ], [ -46.553408509031613, -23.676010729735658, 0.0 ], [ -46.553412457366839, -23.675897662281873, 0.0 ], [ -46.553418500546968, -23.675784673367424, 0.0 ], [ -46.553426636805838, -23.675671795912574, 0.0 ], [ -46.553436863767494, -23.675559062805043, 0.0 ], [ -46.553449178446819, -23.675446506890399, 0.0 ], [ -46.553463577250476, -23.6753341609625, 0.0 ], [ -46.553480055977907, -23.675222057753949, 0.0 ], [ -46.553498609822604, -23.675110229926521, 0.0 ], [ -46.553519233373486, -23.674998710061711, 0.0 ], [ -46.55354192061651, -23.674887530651187, 0.0 ], [ -46.553566664936405, -23.674776724087312, 0.0 ], [ -46.553593459118623, -23.674666322653788, 0.0 ], [ -46.553622295351417, -23.674556358516163, 0.0 ], [ -46.553653165228162, -23.6744468637125, 0.0 ], [ -46.553686059749801, -23.674337870144068, 0.0 ], [ -46.553720969327436, -23.67422940956596, 0.0 ], [ -46.553757883785174, -23.674121513577983, 0.0 ], [ -46.553796792363087, -23.67401421361529, 0.0 ], [ -46.553837683720324, -23.673907540939361, 0.0 ], [ -46.553880545938455, -23.673801526628829, 0.0 ], [ -46.553925366524929, -23.673696201570387, 0.0 ], [ -46.553972132416717, -23.673591596449924, 0.0 ], [ -46.554020829984154, -23.673487741743422, 0.0 ], [ -46.554071445034857, -23.67338466770822, 0.0 ], [ -46.554099181102202, -23.673323941528544, 0.0 ], [ -46.554125770629803, -23.67326278185811, 0.0 ], [ -46.55415120563665, -23.673201207058192, 0.0 ], [ -46.554175478488347, -23.673139235614666, 0.0 ], [ -46.554198581899435, -23.673076886132463, 0.0 ], [ -46.554220508935565, -23.673014177330003, 0.0 ], [ -46.554241253015604, -23.672951128033503, 0.0 ], [ -46.554260807913572, -23.672887757171424, 0.0 ], [ -46.554279167760519, -23.672824083768706, 0.0 ], [ -46.554296327046309, -23.6727601269411, 0.0 ], [ -46.554312280621239, -23.672695905889402, 0.0 ], [ -46.55432702369761, -23.672631439893749, 0.0 ], [ -46.554340551851148, -23.672566748307712, 0.0 ], [ -46.554352861022331, -23.672501850552617, 0.0 ], [ -46.554363947517608, -23.672436766111634, 0.0 ], [ -46.55437380801051, -23.672371514523956, 0.0 ], [ -46.554382439542628, -23.672306115378916, 0.0 ], [ -46.554389839524532, -23.672240588310125, 0.0 ], [ -46.554396005736514, -23.672174952989561, 0.0 ], [ -46.554400936329266, -23.672109229121681, 0.0 ], [ -46.554404629824447, -23.67204343643748, 0.0 ], [ -46.554407085115074, -23.67197759468861, 0.0 ], [ -46.554408301465926, -23.67191172364139, 0.0 ], [ -46.554408278513712, -23.671845843070923, 0.0 ], [ -46.554407016267184, -23.671779972755154, 0.0 ], [ -46.55440451510713, -23.671714132468885, 0.0 ], [ -46.554400775786291, -23.671648341977914, 0.0 ], [ -46.554395799429088, -23.671582621033036, 0.0 ], [ -46.554389587531304, -23.671516989364136, 0.0 ], [ -46.554382141959636, -23.671451466674277, 0.0 ], [ -46.554373464951119, -23.671386072633798, 0.0 ], [ -46.554363559112481, -23.671320826874343, 0.0 ], [ -46.554352427419296, -23.671255748983061, 0.0 ], [ -46.554340073215172, -23.67119085849664, 0.0 ], [ -46.554326500210678, -23.671126174895512, 0.0 ], [ -46.554311712482274, -23.671061717597944, 0.0 ], [ -46.554295714471039, -23.670997505954261, 0.0 ], [ -46.554278510981369, -23.670933559240996, 0.0 ], [ -46.554260107179537, -23.670869896655141, 0.0 ], [ -46.554240508592123, -23.670806537308369, 0.0 ], [ -46.554219721104339, -23.670743500221267, 0.0 ], [ -46.554197750958316, -23.670680804317669, 0.0 ], [ -46.554174604751154, -23.670618468418976, 0.0 ], [ -46.554150289432997, -23.670556511238463, 0.0 ], [ -46.55412481230492, -23.670494951375716, 0.0 ], [ -46.554098181016748, -23.670433807310989, 0.0 ], [ -46.554070403564729, -23.670373097399722, 0.0 ], [ -46.55404148828918, -23.670312839866988, 0.0 ], [ -46.554011443871943, -23.670253052802018, 0.0 ], [ -46.553980279333771, -23.670193754152809, 0.0 ], [ -46.553948004031675, -23.670134961720706, 0.0 ], [ -46.553914627656049, -23.670076693155075, 0.0 ], [ -46.553880160227777, -23.670018965947975, 0.0 ], [ -46.553865418904131, -23.669999239761218, 0.0 ], [ -46.553850306597738, -23.669979753177614, 0.0 ], [ -46.553834827898406, -23.669960512115281, 0.0 ], [ -46.553818987507206, -23.669941522417769, 0.0 ], [ -46.553802790235046, -23.669922789852322, 0.0 ], [ -46.55378624100122, -23.669904320108053, 0.0 ], [ -46.553769344831906, -23.669886118794278, 0.0 ], [ -46.553752106858639, -23.66986819143877, 0.0 ], [ -46.55373453231676, -23.66985054348611, 0.0 ], [ -46.553716626543803, -23.669833180296024, 0.0 ], [ -46.553698394977914, -23.669816107141738, 0.0 ], [ -46.553679843156161, -23.669799329208413, 0.0 ], [ -46.553660976712862, -23.669782851591535, 0.0 ], [ -46.553641801377907, -23.669766679295382, 0.0 ], [ -46.55362232297496, -23.669750817231517, 0.0 ], [ -46.553602547419743, -23.669735270217252, 0.0 ], [ -46.553582480718198, -23.669720042974262, 0.0 ], [ -46.553562128964707, -23.669705140127075, 0.0 ], [ -46.553541498340181, -23.669690566201723, 0.0 ], [ -46.553520595110257, -23.669676325624291, 0.0 ], [ -46.553499425623336, -23.669662422719682, 0.0 ], [ -46.553477996308665, -23.669648861710225, 0.0 ], [ -46.553456313674417, -23.669635646714415, 0.0 ], [ -46.553434384305689, -23.669622781745669, 0.0 ], [ -46.55341221486249, -23.669610270711054, 0.0 ], [ -46.553389812077747, -23.669598117410224, 0.0 ], [ -46.553373777060244, -23.669589761750164, -8.98846567431157854e+307 ], [ -46.553341811297109, -23.669065354454833, -1.79769313486231571e+308 ], [ -46.552700052341173, -23.669038389348032, -1.79769313486231571e+308 ], [ -46.552500408907484, -23.66944969210482, -8.98846567431157854e+307 ], [ -46.552493324189712, -23.669451628897512, 0.0 ], [ -46.552479730169303, -23.669455582529078, 0.0 ], [ -46.552466212576654, -23.669459752546459, 0.0 ], [ -46.552452775471522, -23.669464137697243, 0.0 ], [ -46.55243942288952, -23.669468736664463, 0.0 ], [ -46.552426158840859, -23.669473548066893, 0.0 ], [ -46.552412987309154, -23.669478570459514, 0.0 ], [ -46.552399912250266, -23.669483802333946, 0.0 ], [ -46.552386937591052, -23.669489242118896, 0.0 ], [ -46.552374067228243, -23.669494888180633, 0.0 ], [ -46.552361305027219, -23.669500738823452, 0.0 ], [ -46.552348654820911, -23.669506792290228, 0.0 ], [ -46.552336120408583, -23.669513046762919, 0.0 ], [ -46.552323705554755, -23.669519500363101, 0.0 ], [ -46.552311413988022, -23.669526151152557, 0.0 ], [ -46.552299249399958, -23.669532997133835, 0.0 ], [ -46.552287215443997, -23.669540036250872, 0.0 ], [ -46.552275315734356, -23.669547266389607, 0.0 ], [ -46.552263553844917, -23.669554685378582, 0.0 ], [ -46.552251933308199, -23.669562290989639, 0.0 ], [ -46.552240457614246, -23.669570080938577, 0.0 ], [ -46.552229130209604, -23.669578052885818, 0.0 ], [ -46.5522179544963, -23.669586204437135, 0.0 ], [ -46.552206933830782, -23.669594533144341, 0.0 ], [ -46.552196071522964, -23.66960303650605, 0.0 ], [ -46.552185370835183, -23.669611711968443, 0.0 ], [ -46.552174834981237, -23.669620556925981, 0.0 ], [ -46.552164467125429, -23.66962956872224, 0.0 ], [ -46.552154270381592, -23.669638744650683, 0.0 ], [ -46.552144247812201, -23.669648081955486, 0.0 ], [ -46.552134402427406, -23.669657577832325, 0.0 ], [ -46.552124737184123, -23.66966722942929, 0.0 ], [ -46.552115254985203, -23.669677033847695, 0.0 ], [ -46.55210595867851, -23.669686988142928, 0.0 ], [ -46.552096851056078, -23.669697089325403, 0.0 ], [ -46.552087934853276, -23.669707334361377, 0.0 ], [ -46.552079212747984, -23.669717720173939, 0.0 ], [ -46.552070687359787, -23.669728243643874, 0.0 ], [ -46.552062361249206, -23.669738901610632, 0.0 ], [ -46.552054236916902, -23.669749690873271, 0.0 ], [ -46.552046316802929, -23.66976060819141, 0.0 ], [ -46.552038603286029, -23.669771650286201, 0.0 ], [ -46.552031098682889, -23.669782813841348, 0.0 ], [ -46.552023805247437, -23.669794095504027, 0.0 ], [ -46.552016725170212, -23.669805491885985, 0.0 ], [ -46.552009860577662, -23.669816999564503, 0.0 ], [ -46.552003213531513, -23.669828615083432, 0.0 ], [ -46.551996786028155, -23.66984033495423, 0.0 ], [ -46.551990579998062, -23.669852155657001, 0.0 ], [ -46.551984597305164, -23.669864073641602, 0.0 ], [ -46.551978839746361, -23.669876085328635, 0.0 ], [ -46.551973309050879, -23.66988818711058, 0.0 ], [ -46.551968006879868, -23.66990037535286, 0.0 ], [ -46.551962934825809, -23.669912646394899, 0.0 ], [ -46.551958094412079, -23.669924996551295, 0.0 ], [ -46.551953487092504, -23.669937422112852, 0.0 ], [ -46.551949114250881, -23.669949919347737, 0.0 ], [ -46.551944977200598, -23.669962484502591, 0.0 ], [ -46.551941077184225, -23.669975113803662, 0.0 ], [ -46.551937415373153, -23.669987803457914, 0.0 ], [ -46.551933992867227, -23.670000549654194, 0.0 ], [ -46.551930810694401, -23.670013348564378, 0.0 ], [ -46.55192786981047, -23.670026196344484, 0.0 ], [ -46.551925171098766, -23.670039089135862, 0.0 ], [ -46.551922715369884, -23.670052023066354, 0.0 ], [ -46.551920503361437, -23.67006499425143, 0.0 ], [ -46.551918535737833, -23.670077998795385, 0.0 ], [ -46.551916813090109, -23.67009103279247, 0.0 ], [ -46.551915335935703, -23.670104092328121, 0.0 ], [ -46.551914104718335, -23.670117173480055, 0.0 ], [ -46.551913119807857, -23.670130272319561, 0.0 ], [ -46.551912381500145, -23.670143384912571, 0.0 ], [ -46.551940561397664, -23.670603068352857, -8.98846567431157854e+307 ], [ -46.551843010555764, -23.670804036697323, -1.79769313486231571e+308 ], [ -46.551899281255068, -23.671095416718611, -1.79769313486231571e+308 ], [ -46.551966159595828, -23.671288379355648, -1.79769313486231571e+308 ], [ -46.55197433658271, -23.67132796931984, -8.98846567431157854e+307 ], [ -46.551975864872638, -23.671363720960105, 0.0 ], [ -46.551981900973374, -23.671612984743248, -8.98846567431157854e+307 ], [ -46.551792605502399, -23.67264453034667, -1.79769313486231571e+308 ], [ -46.551882667807348, -23.673271687529997, -1.79769313486231571e+308 ], [ -46.551704432972855, -23.675671475570464, -1.79769313486231571e+308 ], [ -46.552022596498944, -23.678127064646581, -1.79769313486231571e+308 ], [ -46.552911081270231, -23.678156178384814, -1.79769313486231571e+308 ], [ -46.552999167811734, -23.677770235102091, -8.98846567431157854e+307 ] ] ] ] } },
{ "type": "Feature", "properties": { "fid": 136.0 , "MODELO" : "MENINOS"}, "geometry": { "type": "MultiPolygon", "coordinates": [ [ [ [ -46.559206671843185, -23.658814015891029, 0.0 ], [ -46.559224467861036, -23.658799966156877, 0.0 ], [ -46.559243228466428, -23.658777561937917, 0.0 ], [ -46.559277710581974, -23.658726986204474, 0.0 ], [ -46.559452336124679, -23.658458800050173, 0.0 ], [ -46.559565888346654, -23.658281034200616, 0.0 ], [ -46.559787169961787, -23.657926697606101, 0.0 ], [ -46.559895367218594, -23.657749564769041, 0.0 ], [ -46.560108044273655, -23.657393964780361, 0.0 ], [ -46.560317324216683, -23.657034712052035, 0.0 ], [ -46.560455881029014, -23.656792070616664, 0.0 ], [ -46.560733178213475, -23.656296254799493, 0.0 ], [ -46.560787950883935, -23.656204592016518, 0.0 ], [ -46.560828530590292, -23.656143356518282, 0.0 ], [ -46.560916825572157, -23.656020642431073, 0.0 ], [ -46.560979106033876, -23.65593869695147, 0.0 ], [ -46.561105659058512, -23.655774625537635, 0.0 ], [ -46.561196884030615, -23.655651541978795, 0.0 ], [ -46.561253356554069, -23.655569532897392, 0.0 ], [ -46.561279772164362, -23.655528554526772, 0.0 ], [ -46.561316634691032, -23.655467131105215, 0.0 ], [ -46.56135972559705, -23.655385336914986, 0.0 ], [ -46.561378286222123, -23.655344493402726, 0.0 ], [ -46.56140191105311, -23.655283306535047, 0.0 ], [ -46.561419959147223, -23.655222225931656, 0.0 ], [ -46.56142671001664, -23.655191729762311, 0.0 ], [ -46.561435301598145, -23.655130834254212, 0.0 ], [ -46.561436996789595, -23.655100438341833, 0.0 ], [ -46.561436084189488, -23.655054914093295, 0.0 ], [ -46.561447028237382, -23.655039678880609, 0.0 ], [ -46.561703638378965, -23.654775916748854, 0.0 ], [ -46.562179852800199, -23.654402065920085, 0.0 ], [ -46.562461640540164, -23.654201859147609, 0.0 ], [ -46.562725246545284, -23.654002677093192, 0.0 ], [ -46.562825666013218, -23.65390666138563, 0.0 ], [ -46.562974043268994, -23.653734370772835, 0.0 ], [ -46.563140119578378, -23.653444924351696, 0.0 ], [ -46.563180128099269, -23.65334179906818, 0.0 ], [ -46.563180388975454, -23.653341756516067, 0.0 ], [ -46.563188257551545, -23.653340342886686, 0.0 ], [ -46.563196098307102, -23.653338803666255, 0.0 ], [ -46.563203908879977, -23.653337139318456, 0.0 ], [ -46.5632116869171, -23.653335350344729, 0.0 ], [ -46.5632194300752, -23.653333437284019, 0.0 ], [ -46.563227136021524, -23.65333140071267, 0.0 ], [ -46.563234802434522, -23.653329241244251, 0.0 ], [ -46.56324242700456, -23.65332695952932, 0.0 ], [ -46.563250007434611, -23.653324556255299, 0.0 ], [ -46.56325754144094, -23.653322032146203, 0.0 ], [ -46.563265026753797, -23.653319387962476, 0.0 ], [ -46.563272461118117, -23.653316624500722, 0.0 ], [ -46.563279842294165, -23.653313742593479, 0.0 ], [ -46.563287168058253, -23.653310743108968, 0.0 ], [ -46.563294436203364, -23.653307626950838, 0.0 ], [ -46.563301644539848, -23.653304395057887, 0.0 ], [ -46.563308790896087, -23.653301048403783, 0.0 ], [ -46.563315873119123, -23.653297587996757, 0.0 ], [ -46.563322889075316, -23.653294014879318, 0.0 ], [ -46.563329836650993, -23.653290330127941, 0.0 ], [ -46.563336713753102, -23.653286534852683, 0.0 ], [ -46.563343518309793, -23.653282630196969, 0.0 ], [ -46.563350248271099, -23.65327861733714, 0.0 ], [ -46.563356901609502, -23.65327449748213, 0.0 ], [ -46.563363476320575, -23.653270271873115, 0.0 ], [ -46.563369970423608, -23.653265941783129, 0.0 ], [ -46.563376381962129, -23.653261508516696, 0.0 ], [ -46.563382709004586, -23.653256973409402, 0.0 ], [ -46.563388949644846, -23.653252337827521, 0.0 ], [ -46.563395102002822, -23.65324760316761, 0.0 ], [ -46.563401164225034, -23.653242770856053, 0.0 ], [ -46.563407134485139, -23.65323784234868, 0.0 ], [ -46.563413010984519, -23.653232819130263, 0.0 ], [ -46.563418791952785, -23.653227702714148, 0.0 ], [ -46.56342447564834, -23.653222494641728, 0.0 ], [ -46.56343006035889, -23.653217196482039, 0.0 ], [ -46.563435544401969, -23.653211809831223, 0.0 ], [ -46.563440926125423, -23.653206336312095, 0.0 ], [ -46.563446203907944, -23.653200777573641, 0.0 ], [ -46.563451376159513, -23.653195135290542, 0.0 ], [ -46.563456441321932, -23.653189411162593, 0.0 ], [ -46.563461397869254, -23.653183606914311, 0.0 ], [ -46.563466244308252, -23.653177724294306, 0.0 ], [ -46.563470979178867, -23.653171765074816, 0.0 ], [ -46.563475601054677, -23.653165731051143, 0.0 ], [ -46.563480108543267, -23.653159624041141, 0.0 ], [ -46.563484500286712, -23.653153445884652, 0.0 ], [ -46.564476715244062, -23.651911238958444, 0.0 ], [ -46.564518511569759, -23.65186224522088, 0.0 ], [ -46.564561225977414, -23.651813928078337, 0.0 ], [ -46.564604845561554, -23.651766302127854, 0.0 ], [ -46.564649357143267, -23.651719381757651, 0.0 ], [ -46.564694747274217, -23.651673181142773, 0.0 ], [ -46.564741002240702, -23.651627714240774, 0.0 ], [ -46.564788108067759, -23.65158299478756, 0.0 ], [ -46.564836050523461, -23.651539036293183, 0.0 ], [ -46.564884815123136, -23.651495852037833, 0.0 ], [ -46.564934387133796, -23.65145345506772, 0.0 ], [ -46.564984751578585, -23.651411858191242, 0.0 ], [ -46.56503589324128, -23.651371073975053, 0.0 ], [ -46.56508779667088, -23.651331114740287, 0.0 ], [ -46.565140446186327, -23.651291992558829, 0.0 ], [ -46.565193825881195, -23.651253719249652, 0.0 ], [ -46.565247919628511, -23.651216306375321, 0.0 ], [ -46.565302711085636, -23.651179765238385, 0.0 ], [ -46.565358183699168, -23.651144106878068, 0.0 ], [ -46.565414320709984, -23.651109342066871, 0.0 ], [ -46.565471105158295, -23.651075481307348, 0.0 ], [ -46.565528519888751, -23.651042534828914, 0.0 ], [ -46.565586547555625, -23.651010512584783, 0.0 ], [ -46.565645170628073, -23.650979424248927, 0.0 ], [ -46.565704371395405, -23.650949279213197, 0.0 ], [ -46.565764131972458, -23.650920086584431, 0.0 ], [ -46.565824434304986, -23.650891855181747, 0.0 ], [ -46.565885260175094, -23.650864593533875, 0.0 ], [ -46.56594659120681, -23.650838309876555, 0.0 ], [ -46.566008408871532, -23.650813012150085, 0.0 ], [ -46.566070694493717, -23.650788707996881, 0.0 ], [ -46.566133429256467, -23.65076540475923, 0.0 ], [ -46.566196594207256, -23.650743109476988, 0.0 ], [ -46.566260170263597, -23.650721828885544, 0.0 ], [ -46.566324138218853, -23.650701569413709, 0.0 ], [ -46.566388478748031, -23.650682337181824, 0.0 ], [ -46.56645317241361, -23.650664137999897, 0.0 ], [ -46.566518199671407, -23.650646977365838, 0.0 ], [ -46.566583540876486, -23.650630860463814, 0.0 ], [ -46.566591317424169, -23.650628341106415, 0.0 ], [ -46.566599045236806, -23.650625697556229, 0.0 ], [ -46.566606721977315, -23.65062293061272, 0.0 ], [ -46.566614345324076, -23.650620041112692, 0.0 ], [ -46.566621912971598, -23.650617029929986, 0.0 ], [ -46.566629422631259, -23.650613897975262, 0.0 ], [ -46.566636872031957, -23.650610646195705, 0.0 ], [ -46.566644258920817, -23.650607275574728, 0.0 ], [ -46.566651581063873, -23.650603787131679, 0.0 ], [ -46.566658836246738, -23.650600181921568, 0.0 ], [ -46.566666022275278, -23.650596461034695, 0.0 ], [ -46.56667313697627, -23.650592625596325, 0.0 ], [ -46.566680178198069, -23.650588676766414, 0.0 ], [ -46.566687143811251, -23.650584615739163, 0.0 ], [ -46.566694031709247, -23.650580443742729, 0.0 ], [ -46.566700839809002, -23.650576162038835, 0.0 ], [ -46.566707566051598, -23.650571771922355, 0.0 ], [ -46.566714208402871, -23.650567274720981, 0.0 ], [ -46.566720764854018, -23.650562671794759, 0.0 ], [ -46.566727233422228, -23.650557964535739, 0.0 ], [ -46.566733612151261, -23.6505531543675, 0.0 ], [ -46.566739899112044, -23.650548242744755, 0.0 ], [ -46.566746092403271, -23.650543231152874, 0.0 ], [ -46.566752190151945, -23.650538121107516, 0.0 ], [ -46.566758190513987, -23.650532914154059, 0.0 ], [ -46.566764091674763, -23.650527611867211, 0.0 ], [ -46.566769891849617, -23.650522215850504, 0.0 ], [ -46.566775589284468, -23.650516727735848, 0.0 ], [ -46.5667811822563, -23.650511149182929, 0.0 ], [ -46.566786669073657, -23.650505481878874, 0.0 ], [ -46.566792048077232, -23.650499727537586, 0.0 ], [ -46.566797317640294, -23.650493887899323, 0.0 ], [ -46.566802476169229, -23.650487964730122, 0.0 ], [ -46.566807522103986, -23.650481959821281, 0.0 ], [ -46.56681245391858, -23.650475874988842, 0.0 ], [ -46.566817270121525, -23.650469712072979, 0.0 ], [ -46.566821969256317, -23.650463472937513, 0.0 ], [ -46.56682654990184, -23.650457159469291, 0.0 ], [ -46.566831010672828, -23.650450773577674, 0.0 ], [ -46.566835350220245, -23.650444317193877, 0.0 ], [ -46.566839567231746, -23.650437792270473, 0.0 ], [ -46.566843660432021, -23.650431200780741, 0.0 ], [ -46.566847628583218, -23.650424544718099, 0.0 ], [ -46.56685147048529, -23.650417826095492, 0.0 ], [ -46.566855184976383, -23.650411046944786, 0.0 ], [ -46.56685877093318, -23.650404209316143, 0.0 ], [ -46.566862227271208, -23.650397315277417, 0.0 ], [ -46.566865552945231, -23.65039036691353, 0.0 ], [ -46.566868746949503, -23.650383366325826, 0.0 ], [ -46.566871808318112, -23.650376315631426, 0.0 ], [ -46.566874736125243, -23.650369216962623, 0.0 ], [ -46.566877529485495, -23.650362072466223, 0.0 ], [ -46.566880187554119, -23.650354884302864, 0.0 ], [ -46.566882709527263, -23.650347654646421, 0.0 ], [ -46.566885094642267, -23.65034038568329, 0.0 ], [ -46.566887342177829, -23.650333079611762, 0.0 ], [ -46.566889451454273, -23.650325738641389, 0.0 ], [ -46.566891421833731, -23.650318364992202, 0.0 ], [ -46.566893252720341, -23.650310960894167, 0.0 ], [ -46.566894943560428, -23.650303528586459, 0.0 ], [ -46.566896493842663, -23.650296070316752, 0.0 ], [ -46.566897903098237, -23.650288588340604, 0.0 ], [ -46.566899170900989, -23.650281084920724, 0.0 ], [ -46.566900296867523, -23.650273562326294, 0.0 ], [ -46.566901280657348, -23.650266022832341, 0.0 ], [ -46.566902121972973, -23.650258468718938, 0.0 ], [ -46.566902820559989, -23.650250902270631, 0.0 ], [ -46.566903376207165, -23.650243325775662, 0.0 ], [ -46.566903788746458, -23.650235741525353, 0.0 ], [ -46.566904058053161, -23.650228151813312, 0.0 ], [ -46.566904184045832, -23.650220558934844, 0.0 ], [ -46.566904166686406, -23.650212965186206, 0.0 ], [ -46.566904005980163, -23.650205372863887, 0.0 ], [ -46.566903701975718, -23.65019778426398, 0.0 ], [ -46.566903254765037, -23.650190201681447, 0.0 ], [ -46.566902664483386, -23.6501826274094, 0.0 ], [ -46.56690193130931, -23.650175063738473, 0.0 ], [ -46.566901055464555, -23.650167512956074, 0.0 ], [ -46.566900037214026, -23.650159977345719, 0.0 ], [ -46.566898876865686, -23.650152459186341, 0.0 ], [ -46.566897574770465, -23.650144960751565, 0.0 ], [ -46.566896131322174, -23.650137484309106, 0.0 ], [ -46.56689524488597, -23.65013331488424, 0.0 ], [ -46.566924653190718, -23.650121660182325, 0.0 ], [ -46.566992653786052, -23.650091530016045, 0.0 ], [ -46.567064931874889, -23.650056638436379, 0.0 ], [ -46.567094414274919, -23.650040320555032, 0.0 ], [ -46.567123776509497, -23.650020553806435, 0.0 ], [ -46.567141314395293, -23.650005977011155, 0.0 ], [ -46.567159813769365, -23.649985417012978, 0.0 ], [ -46.567166905027982, -23.649973347052189, 0.0 ], [ -46.567171079687512, -23.649959484627804, 0.0 ], [ -46.567169756825223, -23.649943805100126, 0.0 ], [ -46.567161114964982, -23.649920166512224, 0.0 ], [ -46.567150422782277, -23.649896619848377, 0.0 ], [ -46.567123714983204, -23.649849714161483, 0.0 ], [ -46.567102630569359, -23.649818511974214, 0.0 ], [ -46.567071411942017, -23.649776890210202, 0.0 ], [ -46.566933318805987, -23.649607815055724, 0.0 ], [ -46.566896973701255, -23.649558002372686, 0.0 ], [ -46.566861125347941, -23.649499828684522, 0.0 ], [ -46.566721584810608, -23.649242765987786, 0.0 ], [ -46.566581994228429, -23.648985694802338, 0.0 ], [ -46.566539091984872, -23.648903020119679, 0.0 ], [ -46.566498261853674, -23.648819198744011, 0.0 ], [ -46.566416500428204, -23.648651608096529, 0.0 ], [ -46.566356848288159, -23.648542721954904, 0.0 ], [ -46.566319192662824, -23.648482472981861, 0.0 ], [ -46.566271869701325, -23.648415986400607, 0.0 ], [ -46.5659791586301, -23.648034719891612, 0.0 ], [ -46.565686449290716, -23.647653452721947, 0.0 ], [ -46.565662364945531, -23.647627045952522, 0.0 ], [ -46.565638280610102, -23.647600639178723, 0.0 ], [ -46.565626281368779, -23.647592375702683, 0.0 ], [ -46.565611324244159, -23.647589160050721, 0.0 ], [ -46.565600239853779, -23.64758929482905, 0.0 ], [ -46.565584708057763, -23.647591682992243, 0.0 ], [ -46.56556386680932, -23.647597597794469, 0.0 ], [ -46.565538701636008, -23.647607504641687, 0.0 ], [ -46.565505893411121, -23.647623204447491, 0.0 ], [ -46.565473973037591, -23.647641626199494, 0.0 ], [ -46.565441145376361, -23.647662595846146, 0.0 ], [ -46.5654103031953, -23.647684612507671, 0.0 ], [ -46.565391377825726, -23.647701040946465, 0.0 ], [ -46.565368815714855, -23.647726518264804, 0.0 ], [ -46.565361441853938, -23.647738518399184, 0.0 ], [ -46.56535633333111, -23.647751318788298, 0.0 ], [ -46.565352127473808, -23.647778513514528, 0.0 ], [ -46.565353146502339, -23.647797176588654, 0.0 ], [ -46.565358338212313, -23.647821773970708, 0.0 ], [ -46.565370312215073, -23.647852248869153, 0.0 ], [ -46.5654065758768, -23.647922676740535, 0.0 ], [ -46.565447800194079, -23.647991184056544, 0.0 ], [ -46.565525313655236, -23.648102101978814, 0.0 ], [ -46.565602111439212, -23.648213174028115, 0.0 ], [ -46.565658750628138, -23.64830207760167, 0.0 ], [ -46.565712961865003, -23.648392104665049, 0.0 ], [ -46.565818746871734, -23.648574251899621, 0.0 ], [ -46.565868184133002, -23.648660613203528, 0.0 ], [ -46.565916092664359, -23.64875015205503, 0.0 ], [ -46.565945454927522, -23.648810958743049, 0.0 ], [ -46.565979337813651, -23.648892644193232, 0.0 ], [ -46.565995143395426, -23.64893931276934, 0.0 ], [ -46.566009311707553, -23.6489923658545, 0.0 ], [ -46.566019573545582, -23.649052311329768, 0.0 ], [ -46.5660221246521, -23.649083856392672, 0.0 ], [ -46.566022381036326, -23.649117093335761, 0.0 ], [ -46.566020574413919, -23.64913863961727, 0.0 ], [ -46.56601664578421, -23.649159972090434, 0.0 ], [ -46.566002895655103, -23.649201950723651, 0.0 ], [ -46.565989743504176, -23.649229392077565, 0.0 ], [ -46.565967805008981, -23.649265250199043, 0.0 ], [ -46.565931789956963, -23.649311661819063, 0.0 ], [ -46.565908286661752, -23.649337412857289, 0.0 ], [ -46.565879289542366, -23.649366112690046, 0.0 ], [ -46.565843900314206, -23.649397907850844, 0.0 ], [ -46.565801323942161, -23.649432856443855, 0.0 ], [ -46.565751085494021, -23.649470869585329, 0.0 ], [ -46.565693404491277, -23.649511624288465, 0.0 ], [ -46.565647852931384, -23.649541724575062, 0.0 ], [ -46.565601727541093, -23.649570018036499, 0.0 ], [ -46.565508122428533, -23.649622045491309, 0.0 ], [ -46.565445010444563, -23.649654044009967, 0.0 ], [ -46.565360411812613, -23.649694379718106, 0.0 ], [ -46.565247639376921, -23.649745953841265, 0.0 ], [ -46.565099276323572, -23.649815379440998, 0.0 ], [ -46.565016530499122, -23.649857750807907, 0.0 ], [ -46.56492463344707, -23.649910593984806, 0.0 ], [ -46.564887586940678, -23.649935075843867, 0.0 ], [ -46.564851729250755, -23.649961658033138, 0.0 ], [ -46.564782796361122, -23.650019746595902, 0.0 ], [ -46.564650572840016, -23.650145982803739, 0.0 ], [ -46.564561570472222, -23.650228752670177, 0.0 ], [ -46.564508697091767, -23.650272551019601, 0.0 ], [ -46.564445374184899, -23.650317555408559, 0.0 ], [ -46.564409999021741, -23.65033875808442, 0.0 ], [ -46.564370809018698, -23.650358828191987, 0.0 ], [ -46.564327138827146, -23.650376969998185, 0.0 ], [ -46.564278177174742, -23.65039215656682, 0.0 ], [ -46.564116388500381, -23.650430068789483, 0.0 ], [ -46.563953705458232, -23.650462999589635, 0.0 ], [ -46.563627563208826, -23.650524464836234, 0.0 ], [ -46.563558058346985, -23.650536395066258, 0.0 ], [ -46.563488262976342, -23.650546055066322, 0.0 ], [ -46.563348488210579, -23.65056470238099, 0.0 ], [ -46.563255720404527, -23.650581561199612, 0.0 ], [ -46.563203046688542, -23.650594456989317, 0.0 ], [ -46.56314326856355, -23.650613178510099, 0.0 ], [ -46.563120569351987, -23.65062228393057, 0.0 ], [ -46.56309933598957, -23.650632868350886, 0.0 ], [ -46.56306098718612, -23.650658162112748, 0.0 ], [ -46.563038247238502, -23.650677829684316, 0.0 ], [ -46.563011114648816, -23.650707176270579, 0.0 ], [ -46.562979976284957, -23.650751156486365, 0.0 ], [ -46.56296444478447, -23.650778416397301, 0.0 ], [ -46.562948432734935, -23.650811157900463, 0.0 ], [ -46.56293208418316, -23.650850293502746, 0.0 ], [ -46.562915471484935, -23.65089673004065, 0.0 ], [ -46.562898479274516, -23.650951239684648, 0.0 ], [ -46.562857180166972, -23.651096980082155, 0.0 ], [ -46.562831437351313, -23.651175192002505, 0.0 ], [ -46.562759790234594, -23.651375344230861, 0.0 ], [ -46.562689624856795, -23.651575517609068, 0.0 ], [ -46.562640595466497, -23.651708042080816, 0.0 ], [ -46.562596760526063, -23.651816139464383, 0.0 ], [ -46.562550178114478, -23.651922663892186, 0.0 ], [ -46.562454338606791, -23.652135719673336, 0.0 ], [ -46.56239293229811, -23.652281554300011, 0.0 ], [ -46.562360252800367, -23.65236753964551, 0.0 ], [ -46.562331264796278, -23.652453272449883, 0.0 ], [ -46.562306998020354, -23.65253926303367, 0.0 ], [ -46.562294051950197, -23.652596690776587, 0.0 ], [ -46.562281538437219, -23.65267333568633, 0.0 ], [ -46.562277124961874, -23.652717150037343, 0.0 ], [ -46.562274775221063, -23.65276722102131, 0.0 ], [ -46.562275905892641, -23.652824420909933, 0.0 ], [ -46.562282625845469, -23.652889729769669, 0.0 ], [ -46.56123266522269, -23.654571788082311, 0.0 ], [ -46.557850854288901, -23.65603847183872, 0.0 ], [ -46.557819270404337, -23.656050276995092, 0.0 ], [ -46.557797631725791, -23.656056493862241, 0.0 ], [ -46.557753227433388, -23.656065690858437, 0.0 ], [ -46.557707723045468, -23.656071655212706, 0.0 ], [ -46.557615345904125, -23.65607908444165, 0.0 ], [ -46.557546767454028, -23.656085836542488, 0.0 ], [ -46.557499366633643, -23.656091383568743, 0.0 ], [ -46.557404103605293, -23.656098422281406, 0.0 ], [ -46.557308294563526, -23.656100687251225, 0.0 ], [ -46.557244159517055, -23.656099920486344, 0.0 ], [ -46.557115370446553, -23.656093936172866, 0.0 ], [ -46.556921258275153, -23.656077210757697, 0.0 ], [ -46.556661741537106, -23.656049903953658, 0.0 ], [ -46.556532125561723, -23.656038158639024, 0.0 ], [ -46.556402866790854, -23.656030087531636, 0.0 ], [ -46.556338432825427, -23.656027992809715, 0.0 ], [ -46.556242095302174, -23.656027910146413, 0.0 ], [ -46.556156837034997, -23.656031462292461, 0.0 ], [ -46.55611435940709, -23.656034693154705, 0.0 ], [ -46.556050852834872, -23.656041545602864, 0.0 ], [ -46.555956113840388, -23.65605678383578, 0.0 ], [ -46.555862073635133, -23.656078649147698, 0.0 ], [ -46.555815341506666, -23.656092304476168, 0.0 ], [ -46.555722505053517, -23.65612553551394, 0.0 ], [ -46.555676421470729, -23.656145301237711, 0.0 ], [ -46.555607743569134, -23.656179154787232, 0.0 ], [ -46.555599773414009, -23.656185608355965, 0.0 ], [ -46.555596829192048, -23.656190865559299, 0.0 ], [ -46.555595646363997, -23.656203194155502, 0.0 ], [ -46.555599285098417, -23.656217234428198, 0.0 ], [ -46.555614054810562, -23.656247055236214, 0.0 ], [ -46.555624824303408, -23.656267601849585, 0.0 ], [ -46.555664510395815, -23.656361356660604, 0.0 ], [ -46.555689606684915, -23.656425861851435, 0.0 ], [ -46.555737310865119, -23.656558734268859, 0.0 ], [ -46.555782850154422, -23.656695359436728, 0.0 ], [ -46.555872968342712, -23.656973164189612, 0.0 ], [ -46.555945164467268, -23.657178903773204, 0.0 ], [ -46.555998083466136, -23.657311676311334, 0.0 ], [ -46.556026498283259, -23.657376117937897, 0.0 ], [ -46.556072051071617, -23.657469760367114, 0.0 ], [ -46.55612163937856, -23.657559150294606, 0.0 ], [ -46.556148129257245, -23.657602029616928, 0.0 ], [ -46.556198300603597, -23.65767492326809, 0.0 ], [ -46.556224969516556, -23.657709640665299, 0.0 ], [ -46.556267096058242, -23.657759380394452, 0.0 ], [ -46.55631192413707, -23.657806130263616, 0.0 ], [ -46.556335405298633, -23.657828318532626, 0.0 ], [ -46.556384609957327, -23.657870190803155, 0.0 ], [ -46.556410376690813, -23.657889822430086, 0.0 ], [ -46.55645054309727, -23.657917565583187, 0.0 ], [ -46.55650704223897, -23.65795123763392, 0.0 ], [ -46.556536602135928, -23.657966592386206, 0.0 ], [ -46.556582640689427, -23.657987699271043, 0.0 ], [ -46.556655665013082, -23.658014852875866, 0.0 ], [ -46.556664319926092, -23.658016719056889, 0.0 ], [ -46.556682010364156, -23.658015943998254, 0.0 ], [ -46.556735652345623, -23.657999279887953, 0.0 ], [ -46.556847001075944, -23.657967631506249, 0.0 ], [ -46.556921289450877, -23.657942444753406, 0.0 ], [ -46.557069897125778, -23.657884683600884, 0.0 ], [ -46.557514316479129, -23.657691069357334, 0.0 ], [ -46.557661376953916, -23.657634113749619, 0.0 ], [ -46.557734601658602, -23.657609480808535, 0.0 ], [ -46.557831866246033, -23.657581834064441, 0.0 ], [ -46.557880325394294, -23.657570597039204, 0.0 ], [ -46.557952778585495, -23.657557423165997, 0.0 ], [ -46.558024928767679, -23.657549145936986, 0.0 ], [ -46.558060883068784, -23.6575470118383, 0.0 ], [ -46.558132535768401, -23.65754708922082, 0.0 ], [ -46.558168228438092, -23.657549435321378, 0.0 ], [ -46.558221592286607, -23.657556028042354, 0.0 ], [ -46.558258615377177, -23.657563619754775, 0.0 ], [ -46.558282607976189, -23.657570385222215, 0.0 ], [ -46.558329006253217, -23.657587778847187, 0.0 ], [ -46.558351442058331, -23.657598305808353, 0.0 ], [ -46.558394862318991, -23.657622767036948, 0.0 ], [ -46.558436447869312, -23.657651434019044, 0.0 ], [ -46.558463211795271, -23.657672681975875, 0.0 ], [ -46.558514596862985, -23.65771976609977, 0.0 ], [ -46.558551401316677, -23.657758621625973, 0.0 ], [ -46.558575178686468, -23.657785987301843, 0.0 ], [ -46.558621072659435, -23.657843687718312, 0.0 ], [ -46.558686297272658, -23.657935861953288, 0.0 ], [ -46.55872778600375, -23.657999661253875, 0.0 ], [ -46.558807262397146, -23.658128581673378, 0.0 ], [ -46.558893483462569, -23.658267695515494, 0.0 ], [ -46.558936298967986, -23.658331637603826, 0.0 ], [ -46.558958340288079, -23.658367358713541, 0.0 ], [ -46.558972217127341, -23.658394133743176, 0.0 ], [ -46.558998365190305, -23.658452998629016, 0.0 ], [ -46.559022899960432, -23.658516295921867, 0.0 ], [ -46.559069661747515, -23.658643448391249, 0.0 ], [ -46.559105206356442, -23.658726760604797, 0.0 ], [ -46.559130315054226, -23.658770591401243, 0.0 ], [ -46.559143530474934, -23.658787799282436, 0.0 ], [ -46.559164402492584, -23.658806607039129, 0.0 ], [ -46.559179131823008, -23.65881389559781, 0.0 ], [ -46.559186770556522, -23.658815815604228, 0.0 ], [ -46.559198599060252, -23.658816400314056, 0.0 ], [ -46.559206671843185, -23.658814015891029, 0.0 ] ], [ [ -46.562304879719775, -23.652992412212264, 0.0 ], [ -46.562301510841237, -23.652976867754546, 0.0 ], [ -46.562301759877677, -23.652977731123801, 0.0 ], [ -46.562302010126182, -23.652978594207308, 0.0 ], [ -46.562302261587149, -23.652979457002601, 0.0 ], [ -46.562302514260956, -23.652980319507193, 0.0 ], [ -46.562302768148008, -23.652981181718619, 0.0 ], [ -46.562303023248688, -23.65298204363436, 0.0 ], [ -46.562303279563373, -23.652982905251974, 0.0 ], [ -46.562303537092475, -23.652983766568955, 0.0 ], [ -46.562303795836364, -23.652984627582818, 0.0 ], [ -46.562304055795444, -23.652985488291108, 0.0 ], [ -46.562304316970099, -23.652986348691314, 0.0 ], [ -46.562304579360713, -23.652987208780964, 0.0 ], [ -46.562304842967677, -23.652988068557587, 0.0 ], [ -46.562305107791396, -23.65298892801869, 0.0 ], [ -46.562305373832238, -23.6529897871618, 0.0 ], [ -46.562305641090603, -23.65299064598441, 0.0 ], [ -46.562305909566888, -23.652991504484067, 0.0 ], [ -46.562306179261476, -23.652992362658278, 0.0 ], [ -46.562306450174745, -23.652993220504555, 0.0 ], [ -46.562306722307099, -23.652994078020424, 0.0 ], [ -46.562306995658929, -23.652994935203413, 0.0 ], [ -46.562307270230612, -23.652995792051026, 0.0 ], [ -46.562307546022545, -23.652996648560759, 0.0 ], [ -46.56230782303512, -23.652997504730191, 0.0 ], [ -46.562308101268727, -23.652998360556762, 0.0 ], [ -46.562308380723749, -23.652999216038069, 0.0 ], [ -46.562308661400571, -23.653000071171576, 0.0 ], [ -46.562308943299598, -23.653000925954824, 0.0 ], [ -46.562309226421213, -23.653001780385331, 0.0 ], [ -46.562309510765807, -23.653002634460609, 0.0 ], [ -46.562309796333757, -23.653003488178168, 0.0 ], [ -46.562304879719775, -23.652992412212264, 0.0 ] ], [ [ -46.562341031154311, -23.653073852774117, 0.0 ], [ -46.56234042829518, -23.653072494677239, 0.0 ], [ -46.562340486500666, -23.653072584223011, 0.0 ], [ -46.562340544753994, -23.653072673742603, 0.0 ], [ -46.562340603055112, -23.653072763235961, 0.0 ], [ -46.562340661403994, -23.653072852703101, 0.0 ], [ -46.562340719800595, -23.653072942143989, 0.0 ], [ -46.562340778244874, -23.653073031558591, 0.0 ], [ -46.562340836736801, -23.653073120946875, 0.0 ], [ -46.562340895276343, -23.653073210308847, 0.0 ], [ -46.562340953863455, -23.653073299644468, 0.0 ], [ -46.562341012498088, -23.653073388953707, 0.0 ], [ -46.562341071180228, -23.653073478236575, 0.0 ], [ -46.562341129909825, -23.653073567493013, 0.0 ], [ -46.562341188686844, -23.653073656723009, 0.0 ], [ -46.562341247511242, -23.653073745926559, 0.0 ], [ -46.56234130638299, -23.653073835103612, 0.0 ], [ -46.562341365302046, -23.653073924254151, 0.0 ], [ -46.562341424268368, -23.653074013378159, 0.0 ], [ -46.562341483281926, -23.653074102475632, 0.0 ], [ -46.562341542342672, -23.653074191546516, 0.0 ], [ -46.562341601450584, -23.653074280590804, 0.0 ], [ -46.562341660605618, -23.653074369608483, 0.0 ], [ -46.562341719807733, -23.653074458599498, 0.0 ], [ -46.562341779056887, -23.65307454756385, 0.0 ], [ -46.562341838353056, -23.653074636501522, 0.0 ], [ -46.562341897696193, -23.653074725412463, 0.0 ], [ -46.562341957086261, -23.653074814296698, 0.0 ], [ -46.562342016523225, -23.653074903154167, 0.0 ], [ -46.562342076007049, -23.653074991984845, 0.0 ], [ -46.562342135537683, -23.653075080788721, 0.0 ], [ -46.562342195115114, -23.653075169565778, 0.0 ], [ -46.562342254739278, -23.653075258315997, 0.0 ], [ -46.562341031154311, -23.653073852774117, 0.0 ] ], [ [ -46.562622862193166, -23.653260411409669, 0.0 ], [ -46.562621902700414, -23.653259928620344, 0.0 ], [ -46.562621975918589, -23.653259958097451, 0.0 ], [ -46.562622049139719, -23.65325998756834, 0.0 ], [ -46.562622122363798, -23.653260017033009, 0.0 ], [ -46.562622195590833, -23.653260046491475, 0.0 ], [ -46.562622268820817, -23.653260075943734, 0.0 ], [ -46.56262234205375, -23.653260105389755, 0.0 ], [ -46.562622415289631, -23.653260134829566, 0.0 ], [ -46.562622488528469, -23.653260164263152, 0.0 ], [ -46.562622561770254, -23.653260193690528, 0.0 ], [ -46.562622635014975, -23.653260223111669, 0.0 ], [ -46.562622708262658, -23.6532602525266, 0.0 ], [ -46.562622781513284, -23.653260281935296, 0.0 ], [ -46.562622854766857, -23.65326031133776, 0.0 ], [ -46.562622928023373, -23.653260340734011, 0.0 ], [ -46.562623001282837, -23.653260370124034, 0.0 ], [ -46.56262307454525, -23.653260399507811, 0.0 ], [ -46.562623147810605, -23.653260428885368, 0.0 ], [ -46.562623221078901, -23.653260458256682, 0.0 ], [ -46.562623294350146, -23.653260487621779, 0.0 ], [ -46.562623367624333, -23.653260516980623, 0.0 ], [ -46.562623440901461, -23.653260546333247, 0.0 ], [ -46.562623514181539, -23.653260575679621, 0.0 ], [ -46.56262358746455, -23.65326060501976, 0.0 ], [ -46.562623660750504, -23.653260634353643, 0.0 ], [ -46.562623734039398, -23.653260663681287, 0.0 ], [ -46.562623807331235, -23.653260693002704, 0.0 ], [ -46.562623880626013, -23.653260722317857, 0.0 ], [ -46.562623953923733, -23.653260751626778, 0.0 ], [ -46.562624027224388, -23.653260780929426, 0.0 ], [ -46.562624100527984, -23.653260810225856, 0.0 ], [ -46.562624173834521, -23.653260839516022, 0.0 ], [ -46.562622862193166, -23.653260411409669, 0.0 ] ], [ [ -46.562730604647086, -23.653295577399629, 0.0 ], [ -46.562727033645508, -23.653294411864277, 0.0 ], [ -46.562727208045175, -23.653294455489508, 0.0 ], [ -46.562727382457936, -23.65329449907065, 0.0 ], [ -46.562727556883779, -23.653294542607661, 0.0 ], [ -46.562727731322695, -23.653294586100525, 0.0 ], [ -46.562727905774679, -23.653294629549208, 0.0 ], [ -46.562728080239694, -23.653294672953685, 0.0 ], [ -46.56272825471774, -23.653294716313926, 0.0 ], [ -46.562728429208811, -23.653294759629897, 0.0 ], [ -46.562728603712877, -23.653294802901573, 0.0 ], [ -46.562728778229946, -23.653294846128922, 0.0 ], [ -46.56272895275999, -23.653294889311912, 0.0 ], [ -46.562729127303008, -23.653294932450532, 0.0 ], [ -46.562729301858965, -23.653294975544718, 0.0 ], [ -46.562729476427869, -23.653295018594484, 0.0 ], [ -46.562729651009697, -23.653295061599771, 0.0 ], [ -46.56272982560445, -23.653295104560549, 0.0 ], [ -46.562730000212092, -23.653295147476801, 0.0 ], [ -46.56273017483263, -23.653295190348498, 0.0 ], [ -46.56273034946603, -23.653295233175609, 0.0 ], [ -46.562730524112297, -23.653295275958094, 0.0 ], [ -46.562730698771418, -23.653295318695953, 0.0 ], [ -46.562730873443371, -23.653295361389112, 0.0 ], [ -46.56273104812815, -23.653295404037561, 0.0 ], [ -46.56273122282574, -23.653295446641305, 0.0 ], [ -46.562731397536119, -23.65329548920025, 0.0 ], [ -46.562731572259288, -23.653295531714452, 0.0 ], [ -46.562731746995219, -23.653295574183797, 0.0 ], [ -46.562731921743918, -23.653295616608304, 0.0 ], [ -46.562732096505357, -23.653295658987926, 0.0 ], [ -46.562732271279522, -23.653295701322641, 0.0 ], [ -46.562732446066413, -23.653295743612428, 0.0 ], [ -46.562730604647086, -23.653295577399629, 0.0 ] ], [ [ -46.562902412270482, -23.653311085244908, 0.0 ], [ -46.562900017130787, -23.653310869054106, 0.0 ], [ -46.562900157526542, -23.653310856565096, 0.0 ], [ -46.562900297917146, -23.653310844025555, 0.0 ], [ -46.562900438302577, -23.653310831435466, 0.0 ], [ -46.562900578682779, -23.653310818794814, 0.0 ], [ -46.56290071905773, -23.653310806103558, 0.0 ], [ -46.562900859427394, -23.653310793361698, 0.0 ], [ -46.562900999791744, -23.653310780569182, 0.0 ], [ -46.562901140150728, -23.65331076772604, 0.0 ], [ -46.56290128050432, -23.653310754832201, 0.0 ], [ -46.562901420852477, -23.653310741887665, 0.0 ], [ -46.562901561195176, -23.653310728892428, 0.0 ], [ -46.562901701532375, -23.653310715846427, 0.0 ], [ -46.56290184186404, -23.653310702749671, 0.0 ], [ -46.562901982190134, -23.653310689602137, 0.0 ], [ -46.562902122510621, -23.653310676403791, 0.0 ], [ -46.562902262825467, -23.653310663154617, 0.0 ], [ -46.562902403134636, -23.653310649854614, 0.0 ], [ -46.562902543438099, -23.653310636503733, 0.0 ], [ -46.562902683735814, -23.653310623101969, 0.0 ], [ -46.562902824027745, -23.653310609649289, 0.0 ], [ -46.562902964313864, -23.653310596145687, 0.0 ], [ -46.562903104594128, -23.653310582591129, 0.0 ], [ -46.562903244868501, -23.653310568985585, 0.0 ], [ -46.562903385136956, -23.653310555329057, 0.0 ], [ -46.562903525399456, -23.653310541621504, 0.0 ], [ -46.562903665655959, -23.653310527862924, 0.0 ], [ -46.56290380590643, -23.653310514053281, 0.0 ], [ -46.56290394615084, -23.653310500192557, 0.0 ], [ -46.562904080252579, -23.653310486889492, 0.0 ], [ -46.562904165190517, -23.653310522986239, 0.0 ], [ -46.562902412270482, -23.653311085244908, 0.0 ] ] ] ] } },
{ "type": "Feature", "properties": { "fid": 142.0}, "geometry": { "type": "MultiPolygon", "coordinates": [ [ [ [ -46.338698229781478, -23.760324915917263, 0.0 ], [ -46.338588486721271, -23.760379376327631, 0.0 ], [ -46.33848582905221, -23.760446847568019, 0.0 ], [ -46.338390696353052, -23.76052704073129, 0.0 ], [ -46.338303495985471, -23.760619612432468, 0.0 ], [ -46.338224601349793, -23.760724166278962, 0.0 ], [ -46.33815435028621, -23.760840254567675, 0.0 ], [ -46.338093043627993, -23.760967380202004, 0.0 ], [ -46.338040943913199, -23.761104998820244, 0.0 ], [ -46.337998274260229, -23.761252521126437, 0.0 ], [ -46.337965217412005, -23.761409315413761, 0.0 ], [ -46.337941914953063, -23.761574710269429, 0.0 ], [ -46.337928466702735, -23.761747997449735, 0.0 ], [ -46.337924930287116, -23.761928434912761, 0.0 ], [ -46.337931320891634, -23.762115249996029, 0.0 ], [ -46.337947611195318, -23.762307642725059, 0.0 ], [ -46.337973731487025, -23.762504789239141, 0.0 ], [ -46.338009569963141, -23.762705845319218, 0.0 ], [ -46.338054973205558, -23.762909950003241, 0.0 ], [ -46.338109746837802, -23.76311622927296, 0.0 ], [ -46.33817365635656, -23.763323799796819, 0.0 ], [ -46.338246428135122, -23.76353177271281, 0.0 ], [ -46.338327750594281, -23.763739257434775, 0.0 ], [ -46.338417275535932, -23.76394536546648, 0.0 ], [ -46.338514619633415, -23.764149214206359, 0.0 ], [ -46.338619366072457, -23.764349930727324, 0.0 ], [ -46.338731066335548, -23.764546655514987, 0.0 ], [ -46.338849242122151, -23.76473854614855, 0.0 ], [ -46.338973387396578, -23.764924780908373, 0.0 ], [ -46.339102970554727, -23.765104562294983, 0.0 ], [ -46.339237436700387, -23.765277120444324, 0.0 ], [ -46.339376210021427, -23.765441716424672, 0.0 ], [ -46.339518696255659, -23.765597645400963, 0.0 ], [ -46.339664285235727, -23.765744239653277, 0.0 ], [ -46.339812353502332, -23.765880871436202, 0.0 ], [ -46.339962266974382, -23.766006955667027, 0.0 ], [ -46.340113383664736, -23.766121952431284, 0.0 ], [ -46.340265056429907, -23.766225369294723, 0.0 ], [ -46.340416635741839, -23.766316763412085, 0.0 ], [ -46.340567472470084, -23.766395743423292, 0.0 ], [ -46.340716920662139, -23.766461971129367, 0.0 ], [ -46.340864340310411, -23.766515162940479, 0.0 ], [ -46.341009100093579, -23.766555091090236, 0.0 ], [ -46.341150580080843, -23.766581584610787, 0.0 ], [ -46.341288174387365, -23.766594530064864, 0.0 ], [ -46.341421293769571, -23.766593872031294, 0.0 ], [ -46.34154936814906, -23.766579613341971, 0.0 ], [ -46.341671849054556, -23.766551815069683, 0.0 ], [ -46.341788211971135, -23.766510596266198, 0.0 ], [ -46.34189795858682, -23.76645613345228, 0.0 ], [ -46.342000618926953, -23.766388659861448, 0.0 ], [ -46.342095753367062, -23.766308464441057, 0.0 ], [ -46.342182954515707, -23.766215890614721, 0.0 ], [ -46.342261848959176, -23.766111334811395, 0.0 ], [ -46.342332098860588, -23.765995244767637, 0.0 ], [ -46.34239340340654, -23.765868117610079, 0.0 ], [ -46.342445500095103, -23.765730497726526, 0.0 ], [ -46.342488165859692, -23.765582974434526, 0.0 ], [ -46.342521218023897, -23.765426179457823, 0.0 ], [ -46.342544515083333, -23.765260784220963, 0.0 ], [ -46.342557957311037, -23.765087496974218, 0.0 ], [ -46.342561487183985, -23.764907059760599, 0.0 ], [ -46.342555089628689, -23.764720245238326, 0.0 ], [ -46.342538792085044, -23.764527853372297, 0.0 ], [ -46.342512664388074, -23.76433070800844, 0.0 ], [ -46.342476818468093, -23.764129653346121, 0.0 ], [ -46.342431407870592, -23.763925550323165, 0.0 ], [ -46.342376627097877, -23.763719272929379, 0.0 ], [ -46.342312710775438, -23.763511704464204, 0.0 ], [ -46.342239932646415, -23.76330373375448, 0.0 ], [ -46.342158604398648, -23.763096251348539, 0.0 ], [ -46.342069074329302, -23.762890145703047, 0.0 ], [ -46.341971725852773, -23.762686299378732, 0.0 ], [ -46.341866975858252, -23.762485585261317, 0.0 ], [ -46.34175527292409, -23.762288862824107, 0.0 ], [ -46.341637095396528, -23.762096974447644, 0.0 ], [ -46.341512949341045, -23.761910741812979, 0.0 ], [ -46.341383366375105, -23.761730962383218, 0.0 ], [ -46.341248901391623, -23.761558405988914, 0.0 ], [ -46.341110130182841, -23.761393811531796, 0.0 ], [ -46.340967646974832, -23.761237883820822, 0.0 ], [ -46.340822061883145, -23.761091290554308, 0.0 ], [ -46.340673998300559, -23.760954659460761, 0.0 ], [ -46.340524090228023, -23.760828575611125, 0.0 ], [ -46.340372979560279, -23.760713578913315, 0.0 ], [ -46.340221313337786, -23.760610161800468, 0.0 ], [ -46.340069740976631, -23.760518767122122, 0.0 ], [ -46.339918911488361, -23.760439786247918, 0.0 ], [ -46.339769470701562, -23.760373557391606, 0.0 ], [ -46.339622058497149, -23.760320364162723, 0.0 ], [ -46.339477306069071, -23.760280434351916, 0.0 ], [ -46.339335833222272, -23.760253938955426, 0.0 ], [ -46.33919824571943, -23.760240991442636, 0.0 ], [ -46.339065132687701, -23.760241647269982, 0.0 ], [ -46.338937064096811, -23.760255903643252, 0.0 ], [ -46.338814588319003, -23.760283699529332, 0.0 ], [ -46.338698229781478, -23.760324915917263, 0.0 ] ] ] ] } },
{ "type": "Feature", "properties": { "fid": 143.0 }, "geometry": { "type": "MultiPolygon", "coordinates": [ [ [ [ -46.338921609867562, -23.765668926633825, 0.0 ], [ -46.338908253988912, -23.765669149116096, 0.0 ], [ -46.338894904317371, -23.765669584909091, 0.0 ], [ -46.338881564874505, -23.76567023388154, 0.0 ], [ -46.338868239678796, -23.765671095837941, 0.0 ], [ -46.338854932744447, -23.765672170518634, 0.0 ], [ -46.338841648080155, -23.765673457599881, 0.0 ], [ -46.338828389687883, -23.765674956693935, 0.0 ], [ -46.338815161561719, -23.765676667349215, 0.0 ], [ -46.338801967686621, -23.765678589050385, 0.0 ], [ -46.338788812037208, -23.765680721218551, 0.0 ], [ -46.338775698576612, -23.765683063211391, 0.0 ], [ -46.338762631255243, -23.765685614323388, 0.0 ], [ -46.338749614009622, -23.765688373786027, 0.0 ], [ -46.338736650761163, -23.765691340768019, 0.0 ], [ -46.338723745415052, -23.765694514375586, 0.0 ], [ -46.338710901858981, -23.765697893652671, 0.0 ], [ -46.338698123962089, -23.765701477581274, 0.0 ], [ -46.338685415573693, -23.765705265081753, 0.0 ], [ -46.338672780522188, -23.765709255013125, 0.0 ], [ -46.338660222613861, -23.765713446173425, 0.0 ], [ -46.338647745631789, -23.765717837300087, 0.0 ], [ -46.338635353334659, -23.765722427070283, 0.0 ], [ -46.338623049455634, -23.76572721410135, 0.0 ], [ -46.338610837701253, -23.765732196951227, 0.0 ], [ -46.338598721750316, -23.765737374118807, 0.0 ], [ -46.338586705252744, -23.765742744044477, 0.0 ], [ -46.33857479182852, -23.765748305110581, 0.0 ], [ -46.338562985066545, -23.765754055641839, 0.0 ], [ -46.338551288523618, -23.765759993905903, 0.0 ], [ -46.338539705723335, -23.765766118113891, 0.0 ], [ -46.338528240155021, -23.765772426420892, 0.0 ], [ -46.338516895272676, -23.765778916926536, 0.0 ], [ -46.338505674493966, -23.765785587675555, 0.0 ], [ -46.338494581199164, -23.765792436658401, 0.0 ], [ -46.33848361873013, -23.765799461811827, 0.0 ], [ -46.338472790389332, -23.765806661019504, 0.0 ], [ -46.338462099438821, -23.765814032112683, 0.0 ], [ -46.338451549099268, -23.765821572870827, 0.0 ], [ -46.338441142548973, -23.765829281022281, 0.0 ], [ -46.33843088292295, -23.765837154244988, 0.0 ], [ -46.338420773311917, -23.765845190167113, 0.0 ], [ -46.338410816761431, -23.765853386367855, 0.0 ], [ -46.338401016270936, -23.765861740378124, 0.0 ], [ -46.338391374792842, -23.765870249681264, 0.0 ], [ -46.338381895231691, -23.765878911713841, 0.0 ], [ -46.338372580443234, -23.765887723866438, 0.0 ], [ -46.338363433233575, -23.765896683484389, 0.0 ], [ -46.33835445635836, -23.765905787868608, 0.0 ], [ -46.338345652521895, -23.765915034276389, 0.0 ], [ -46.338337024376386, -23.765924419922264, 0.0 ], [ -46.338328574521107, -23.765933941978805, 0.0 ], [ -46.338320305501618, -23.765943597577486, 0.0 ], [ -46.338312219809005, -23.765953383809563, 0.0 ], [ -46.338304319879128, -23.765963297726906, 0.0 ], [ -46.338296608091881, -23.765973336342981, 0.0 ], [ -46.338289086770509, -23.765983496633609, 0.0 ], [ -46.338281758180848, -23.765993775538025, 0.0 ], [ -46.33827462453069, -23.766004169959693, 0.0 ], [ -46.3382676879691, -23.766014676767291, 0.0 ], [ -46.338260950585777, -23.766025292795621, 0.0 ], [ -46.338254414410407, -23.766036014846602, 0.0 ], [ -46.338248081412083, -23.766046839690205, 0.0 ], [ -46.33824195349866, -23.766057764065444, 0.0 ], [ -46.338236032516257, -23.766068784681313, 0.0 ], [ -46.338230320248613, -23.766079898217875, 0.0 ], [ -46.338224818416613, -23.766091101327131, 0.0 ], [ -46.338219528677755, -23.766102390634131, 0.0 ], [ -46.338214452625628, -23.766113762737966, 0.0 ], [ -46.338209591789457, -23.766125214212764, 0.0 ], [ -46.338204947633649, -23.766136741608776, 0.0 ], [ -46.338200521557312, -23.766148341453299, 0.0 ], [ -46.338196314893864, -23.766160010251905, 0.0 ], [ -46.338192328910644, -23.766171744489338, 0.0 ], [ -46.33818856480849, -23.766183540630628, 0.0 ], [ -46.338185023721401, -23.766195395122157, 0.0 ], [ -46.338181706716213, -23.766207304392747, 0.0 ], [ -46.33817861479222, -23.766219264854694, 0.0 ], [ -46.338175748880957, -23.766231272904896, 0.0 ], [ -46.338173109845847, -23.766243324925874, 0.0 ], [ -46.338170698481953, -23.766255417286946, 0.0 ], [ -46.338168515515783, -23.766267546345258, 0.0 ], [ -46.338166561605021, -23.766279708446891, 0.0 ], [ -46.338164837338354, -23.766291899927978, 0.0 ], [ -46.338163343235287, -23.766304117115805, 0.0 ], [ -46.338162079745985, -23.766316356329906, 0.0 ], [ -46.338161047251148, -23.766328613883182, 0.0 ], [ -46.338160246061875, -23.766340886083011, 0.0 ], [ -46.3381596764196, -23.766353169232342, 0.0 ], [ -46.338159338495991, -23.766365459630858, 0.0 ], [ -46.338159232392918, -23.766377753576002, 0.0 ], [ -46.338159358142399, -23.766390047364219, 0.0 ], [ -46.338159715706638, -23.766402337291936, 0.0 ], [ -46.338160304977954, -23.766414619656782, 0.0 ], [ -46.338161125778917, -23.766426890758641, 0.0 ], [ -46.338162177862323, -23.766439146900805, 0.0 ], [ -46.338163460911268, -23.766451384391054, 0.0 ], [ -46.33816497453931, -23.766463599542806, 0.0 ], [ -46.33816671829053, -23.766475788676185, 0.0 ], [ -46.338168691639673, -23.766487948119192, 0.0 ], [ -46.338170893992327, -23.766500074208714, 0.0 ], [ -46.33817332468508, -23.766512163291722, 0.0 ], [ -46.338175982985746, -23.766524211726342, 0.0 ], [ -46.338178868093557, -23.766536215882915, 0.0 ], [ -46.338181979139421, -23.766548172145146, 0.0 ], [ -46.338185315186188, -23.766560076911144, 0.0 ], [ -46.338188875228916, -23.766571926594558, 0.0 ], [ -46.338192658195183, -23.766583717625601, 0.0 ], [ -46.338196662945414, -23.766595446452179, 0.0 ], [ -46.338200888273221, -23.766607109540921, 0.0 ], [ -46.338205332905751, -23.766618703378274, 0.0 ], [ -46.338209995504101, -23.766630224471509, 0.0 ], [ -46.338214874663699, -23.766641669349873, 0.0 ], [ -46.338219968914721, -23.766653034565504, 0.0 ], [ -46.338225276722547, -23.766664316694602, 0.0 ], [ -46.338230796488233, -23.766675512338335, 0.0 ], [ -46.338236526548975, -23.766686618123984, 0.0 ], [ -46.33824246517861, -23.766697630705863, 0.0 ], [ -46.338248610588138, -23.766708546766353, 0.0 ], [ -46.338254960926271, -23.766719363016954, 0.0 ], [ -46.338261514279992, -23.766730076199188, 0.0 ], [ -46.338268268675101, -23.766740683085661, 0.0 ], [ -46.338275222076852, -23.766751180480984, 0.0 ], [ -46.33828237239053, -23.766761565222762, 0.0 ], [ -46.338289717462118, -23.766771834182517, 0.0 ], [ -46.338297255078906, -23.766781984266668, 0.0 ], [ -46.338304982970172, -23.766792012417437, 0.0 ], [ -46.338312898807899, -23.766801915613801, 0.0 ], [ -46.338321000207422, -23.766811690872345, 0.0 ], [ -46.338329284728189, -23.766821335248206, 0.0 ], [ -46.338337749874469, -23.766830845835972, 0.0 ], [ -46.338346393096117, -23.766840219770511, 0.0 ], [ -46.338355211789356, -23.766849454227863, 0.0 ], [ -46.338364203297509, -23.766858546426086, 0.0 ], [ -46.338373364911881, -23.766867493626101, 0.0 ], [ -46.338382693872489, -23.766876293132515, 0.0 ], [ -46.33839218736896, -23.7668849422944, 0.0 ], [ -46.338401842541344, -23.766893438506141, 0.0 ], [ -46.338411656480986, -23.766901779208215, 0.0 ], [ -46.338421626231387, -23.766909961887912, 0.0 ], [ -46.338431748789127, -23.766917984080148, 0.0 ], [ -46.338442021104733, -23.766925843368188, 0.0 ], [ -46.338452440083621, -23.766933537384368, 0.0 ], [ -46.338463002587034, -23.766941063810805, 0.0 ], [ -46.338473705432953, -23.766948420380121, 0.0 ], [ -46.338484545397101, -23.766955604876081, 0.0 ], [ -46.338495519213872, -23.766962615134332, 0.0 ], [ -46.338506623577331, -23.766969449042953, 0.0 ], [ -46.33851785514225, -23.766976104543211, 0.0 ], [ -46.338529210525031, -23.766982579630071, 0.0 ], [ -46.338540686304817, -23.766988872352872, 0.0 ], [ -46.338552279024441, -23.766994980815888, 0.0 ], [ -46.338563985191534, -23.767000903178904, 0.0 ], [ -46.338575801279532, -23.767006637657744, 0.0 ], [ -46.338587723728764, -23.767012182524894, 0.0 ], [ -46.338599748947516, -23.767017536109879, 0.0 ], [ -46.338611873313091, -23.767022696799927, 0.0 ], [ -46.338624093172967, -23.767027663040331, 0.0 ], [ -46.338636404845808, -23.767032433334975, 0.0 ], [ -46.338648804622636, -23.767037006246767, 0.0 ], [ -46.338661288767938, -23.767041380398101, 0.0 ], [ -46.338673853520767, -23.767045554471206, 0.0 ], [ -46.338686495095892, -23.767049527208645, 0.0 ], [ -46.338699209684961, -23.767053297413561, 0.0 ], [ -46.338711993457594, -23.767056863950195, 0.0 ], [ -46.338724842562591, -23.767060225744078, 0.0 ], [ -46.338737753129053, -23.767063381782457, 0.0 ], [ -46.338750721267573, -23.767066331114552, 0.0 ], [ -46.338763743071404, -23.767069072851839, 0.0 ], [ -46.338776814617624, -23.767071606168379, 0.0 ], [ -46.338789931968321, -23.767073930300974, 0.0 ], [ -46.338803091171798, -23.767076044549459, 0.0 ], [ -46.338816288263729, -23.767077948276921, 0.0 ], [ -46.338829519268394, -23.767079640909834, 0.0 ], [ -46.33884278019984, -23.767081121938283, 0.0 ], [ -46.338856067063112, -23.767082390916105, 0.0 ], [ -46.338869375855424, -23.767083447461026, 0.0 ], [ -46.338882702567403, -23.767084291254729, 0.0 ], [ -46.33889604318427, -23.767084922043033, 0.0 ], [ -46.338909393687054, -23.767085339635901, 0.0 ], [ -46.338922750053804, -23.767085543907548, 0.0 ], [ -46.338936108260803, -23.767085534796426, 0.0 ], [ -46.338949464283793, -23.767085312305291, 0.0 ], [ -46.338962814099162, -23.767084876501166, 0.0 ], [ -46.338976153685167, -23.767084227515351, 0.0 ], [ -46.338989479023148, -23.767083365543353, 0.0 ], [ -46.339002786098739, -23.767082290844854, 0.0 ], [ -46.339016070903092, -23.767081003743616, 0.0 ], [ -46.339029329434034, -23.767079504627393, 0.0 ], [ -46.339042557697333, -23.767077793947827, 0.0 ], [ -46.339055751707875, -23.767075872220246, 0.0 ], [ -46.339068907490855, -23.767073740023598, 0.0 ], [ -46.339082021082994, -23.767071398000244, 0.0 ], [ -46.339095088533725, -23.767068846855718, 0.0 ], [ -46.339108105906369, -23.767066087358582, 0.0 ], [ -46.339121069279351, -23.767063120340168, 0.0 ], [ -46.339133974747348, -23.767059946694307, 0.0 ], [ -46.339146818422499, -23.767056567377082, 0.0 ], [ -46.33915959643555, -23.767052983406565, 0.0 ], [ -46.339172304937037, -23.767049195862434, 0.0 ], [ -46.339184940098413, -23.767045205885729, 0.0 ], [ -46.339197498113272, -23.767041014678455, 0.0 ], [ -46.339209975198393, -23.767036623503262, 0.0 ], [ -46.339222367594992, -23.767032033683012, 0.0 ], [ -46.339234671569777, -23.767027246600435, 0.0 ], [ -46.339246883416067, -23.767022263697669, 0.0 ], [ -46.339258999454984, -23.767017086475882, 0.0 ], [ -46.339271016036484, -23.767011716494714, 0.0 ], [ -46.339282929540502, -23.767006155371941, 0.0 ], [ -46.339294736378008, -23.767000404782877, 0.0 ], [ -46.339306432992132, -23.766994466459959, 0.0 ], [ -46.339318015859192, -23.766988342192111, 0.0 ], [ -46.339329481489791, -23.766982033824352, 0.0 ], [ -46.339340826429833, -23.766975543257111, 0.0 ], [ -46.339352047261592, -23.766968872445723, 0.0 ], [ -46.339363140604746, -23.76696202339981, 0.0 ], [ -46.339374103117351, -23.766954998182715, 0.0 ], [ -46.339384931496909, -23.766947798910827, 0.0 ], [ -46.339395622481305, -23.766940427752974, 0.0 ], [ -46.339406172849841, -23.766932886929773, 0.0 ], [ -46.339416579424167, -23.766925178712953, 0.0 ], [ -46.339426839069262, -23.766917305424666, 0.0 ], [ -46.339436948694356, -23.766909269436795, 0.0 ], [ -46.339446905253901, -23.766901073170249, 0.0 ], [ -46.339456705748425, -23.766892719094191, 0.0 ], [ -46.339466347225525, -23.766884209725351, 0.0 ], [ -46.339475826780649, -23.76687554762724, 0.0 ], [ -46.339485141558072, -23.766866735409366, 0.0 ], [ -46.339494288751681, -23.76685777572645, 0.0 ], [ -46.339503265605863, -23.766848671277685, 0.0 ], [ -46.33951206941633, -23.766839424805838, 0.0 ], [ -46.339520697530908, -23.766830039096455, 0.0 ], [ -46.339529147350362, -23.766820516977045, 0.0 ], [ -46.339537416329179, -23.766810861316209, 0.0 ], [ -46.339545501976325, -23.766801075022777, 0.0 ], [ -46.339553401855987, -23.766791161044907, 0.0 ], [ -46.339561113588317, -23.766781122369274, 0.0 ], [ -46.339568634850174, -23.766770962020075, 0.0 ], [ -46.339575963375765, -23.766760683058173, 0.0 ], [ -46.339583096957384, -23.766750288580159, 0.0 ], [ -46.339590033446036, -23.766739781717437, 0.0 ], [ -46.339596770752138, -23.766729165635262, 0.0 ], [ -46.339603306846065, -23.766718443531779, 0.0 ], [ -46.339609639758848, -23.766707618637078, 0.0 ], [ -46.339615767582714, -23.766696694212222, 0.0 ], [ -46.339621688471681, -23.766685673548263, 0.0 ], [ -46.339627400642087, -23.766674559965196, 0.0 ], [ -46.339632902373182, -23.76666335681109, 0.0 ], [ -46.339638192007591, -23.766652067460925, 0.0 ], [ -46.33964326795185, -23.766640695315672, 0.0 ], [ -46.339648128676849, -23.766629243801262, 0.0 ], [ -46.339652772718345, -23.766617716367495, 0.0 ], [ -46.339657198677344, -23.766606116487097, 0.0 ], [ -46.339661405220582, -23.766594447654544, 0.0 ], [ -46.339665391080857, -23.766582713385166, 0.0 ], [ -46.339669155057479, -23.766570917213933, 0.0 ], [ -46.339672696016599, -23.766559062694519, 0.0 ], [ -46.339676012891545, -23.766547153398122, 0.0 ], [ -46.339679104683171, -23.766535192912485, 0.0 ], [ -46.339681970460106, -23.766523184840754, 0.0 ], [ -46.339684609359082, -23.766511132800389, 0.0 ], [ -46.33968702058521, -23.766499040422143, 0.0 ], [ -46.339689203412135, -23.766486911348878, 0.0 ], [ -46.339691157182358, -23.766474749234522, 0.0 ], [ -46.33969288130735, -23.766462557742948, 0.0 ], [ -46.339694375267783, -23.766450340546907, 0.0 ], [ -46.339695638613655, -23.766438101326862, 0.0 ], [ -46.339696670964443, -23.766425843769909, 0.0 ], [ -46.33969747200922, -23.766413571568698, 0.0 ], [ -46.339698041506736, -23.766401288420262, 0.0 ], [ -46.339698379285487, -23.766388998024937, 0.0 ], [ -46.339698485243773, -23.766376704085246, 0.0 ], [ -46.339698359349761, -23.766364410304764, 0.0 ], [ -46.33969800164143, -23.76635212038704, 0.0 ], [ -46.339697412226599, -23.766339838034447, 0.0 ], [ -46.339696591282909, -23.766327566947073, 0.0 ], [ -46.339695539057729, -23.766315310821618, 0.0 ], [ -46.33969425586811, -23.766303073350272, 0.0 ], [ -46.339692742100688, -23.766290858219602, 0.0 ], [ -46.339690998211537, -23.76627866910945, 0.0 ], [ -46.339689024726084, -23.7662665096918, 0.0 ], [ -46.33968682223891, -23.766254383629729, 0.0 ], [ -46.339684391413577, -23.766242294576216, 0.0 ], [ -46.339681732982442, -23.766230246173134, 0.0 ], [ -46.33967884774642, -23.76621824205008, 0.0 ], [ -46.339675736574769, -23.766206285823305, 0.0 ], [ -46.33967240040478, -23.766194381094667, 0.0 ], [ -46.339668840241544, -23.766182531450479, 0.0 ], [ -46.339665057157632, -23.766170740460463, 0.0 ], [ -46.339661052292762, -23.766159011676681, 0.0 ], [ -46.339656826853464, -23.766147348632444, 0.0 ], [ -46.33965238211271, -23.766135754841258, 0.0 ], [ -46.339647719409548, -23.766124233795772, 0.0 ], [ -46.339642840148677, -23.766112788966712, 0.0 ], [ -46.33963774580004, -23.76610142380186, 0.0 ], [ -46.339632437898359, -23.76609014172497, 0.0 ], [ -46.339626918042711, -23.766078946134805, 0.0 ], [ -46.339621187896, -23.766067840404013, 0.0 ], [ -46.339615249184504, -23.766056827878224, 0.0 ], [ -46.339609103697306, -23.766045911874979, 0.0 ], [ -46.339602753285796, -23.766035095682721, 0.0 ], [ -46.339596199863074, -23.766024382559849, 0.0 ], [ -46.339589445403426, -23.766013775733686, 0.0 ], [ -46.33958249194167, -23.766003278399555, 0.0 ], [ -46.339575341572605, -23.765992893719769, 0.0 ], [ -46.339567996450306, -23.76598262482274, 0.0 ], [ -46.33956045878756, -23.765972474801963, 0.0 ], [ -46.339552730855118, -23.765962446715147, 0.0 ], [ -46.33954481498106, -23.765952543583236, 0.0 ], [ -46.339536713550096, -23.765942768389575, 0.0 ], [ -46.339528429002826, -23.765933124078927, 0.0 ], [ -46.339519963834988, -23.765923613556648, 0.0 ], [ -46.33951132059677, -23.765914239687785, 0.0 ], [ -46.339502501891978, -23.765905005296212, 0.0 ], [ -46.339493510377274, -23.765895913163796, 0.0 ], [ -46.339484348761381, -23.765886966029541, 0.0 ], [ -46.33947501980429, -23.765878166588749, 0.0 ], [ -46.339465526316346, -23.765869517492277, 0.0 ], [ -46.339455871157512, -23.765861021345671, 0.0 ], [ -46.339446057236422, -23.76585268070836, 0.0 ], [ -46.339436087509533, -23.765844498092971, 0.0 ], [ -46.339425964980265, -23.765836475964541, 0.0 ], [ -46.33941569269804, -23.765828616739693, 0.0 ], [ -46.339405273757393, -23.765820922786034, 0.0 ], [ -46.339394711297061, -23.765813396421368, 0.0 ], [ -46.339384008498989, -23.765806039913006, 0.0 ], [ -46.339373168587414, -23.765798855477083, 0.0 ], [ -46.339362194827871, -23.765791845277921, 0.0 ], [ -46.339351090526208, -23.765785011427322, 0.0 ], [ -46.339339859027611, -23.765778355983986, 0.0 ], [ -46.339328503715571, -23.765771880952876, 0.0 ], [ -46.339317028010882, -23.765765588284566, 0.0 ], [ -46.339305435370605, -23.765759479874738, 0.0 ], [ -46.339293729287014, -23.765753557563528, 0.0 ], [ -46.339281913286577, -23.765747823135047, 0.0 ], [ -46.339269990928855, -23.765742278316772, 0.0 ], [ -46.339257965805466, -23.76573692477908, 0.0 ], [ -46.339245841538968, -23.765731764134731, 0.0 ], [ -46.33923362178178, -23.765726797938346, 0.0 ], [ -46.339221310215116, -23.765722027685985, 0.0 ], [ -46.339208910547818, -23.765717454814713, 0.0 ], [ -46.339196426515279, -23.765713080702081, 0.0 ], [ -46.339183861878297, -23.765708906665793, 0.0 ], [ -46.33917122042196, -23.765704933963271, 0.0 ], [ -46.339158505954494, -23.765701163791295, 0.0 ], [ -46.339145722306114, -23.765697597285612, 0.0 ], [ -46.339132873327891, -23.765694235520648, 0.0 ], [ -46.33911996289055, -23.765691079509118, 0.0 ], [ -46.339106994883352, -23.765688130201781, 0.0 ], [ -46.33909397321289, -23.765685388487103, 0.0 ], [ -46.339080901801921, -23.765682855191031, 0.0 ], [ -46.339067784588188, -23.765680531076718, 0.0 ], [ -46.339054625523247, -23.765678416844288, 0.0 ], [ -46.339041428571221, -23.765676513130675, 0.0 ], [ -46.339028197707684, -23.765674820509368, 0.0 ], [ -46.339014936918417, -23.76567333949027, 0.0 ], [ -46.339001650198206, -23.765672070519528, 0.0 ], [ -46.338988341549644, -23.765671013979421, 0.0 ], [ -46.338975014981955, -23.765670170188237, 0.0 ], [ -46.338961674509747, -23.765669539400182, 0.0 ], [ -46.338948324151794, -23.765669121805267, 0.0 ], [ -46.338934967929895, -23.765668917529307, 0.0 ], [ -46.338921609867562, -23.765668926633825, 0.0 ] ] ] ] } },
{ "type": "Feature", "properties": { "fid": 144.0 }, "geometry": { "type": "MultiPolygon", "coordinates": [ [ [ [ -46.328854580046929, -23.767662938341626, 0.0 ], [ -46.328840989456211, -23.76766316385309, 0.0 ], [ -46.328827405165143, -23.767663606420676, 0.0 ], [ -46.328813831265968, -23.767664265911083, 0.0 ], [ -46.328800271847797, -23.767665142125633, 0.0 ], [ -46.32878673099539, -23.767666234800366, 0.0 ], [ -46.328773212787901, -23.767667543606141, 0.0 ], [ -46.328759721297665, -23.76766906814866, 0.0 ], [ -46.328746260588971, -23.767670807968685, 0.0 ], [ -46.328732834716853, -23.76767276254207, 0.0 ], [ -46.328719447725817, -23.767674931280027, 0.0 ], [ -46.32870610364867, -23.767677313529227, 0.0 ], [ -46.328692806505316, -23.767679908572031, 0.0 ], [ -46.328679560301495, -23.767682715626673, 0.0 ], [ -46.328666369027594, -23.767685733847546, 0.0 ], [ -46.328653236657495, -23.767688962325405, 0.0 ], [ -46.328640167147285, -23.767692400087697, 0.0 ], [ -46.32862716443416, -23.767696046098798, 0.0 ], [ -46.328614232435157, -23.767699899260347, 0.0 ], [ -46.328601375046034, -23.767703958411591, 0.0 ], [ -46.328588596140079, -23.76770822232972, 0.0 ], [ -46.328575899566928, -23.767712689730246, 0.0 ], [ -46.328563289151404, -23.767717359267348, 0.0 ], [ -46.328550768692402, -23.767722229534371, 0.0 ], [ -46.328538341961689, -23.767727299064124, 0.0 ], [ -46.328526012702838, -23.767732566329439, 0.0 ], [ -46.328513784630012, -23.767738029743544, 0.0 ], [ -46.328501661426941, -23.767743687660612, 0.0 ], [ -46.328489646745716, -23.767749538376197, 0.0 ], [ -46.328477744205784, -23.76775558012778, 0.0 ], [ -46.328465957392787, -23.767761811095287, 0.0 ], [ -46.328454289857504, -23.767768229401646, 0.0 ], [ -46.328442745114792, -23.767774833113354, 0.0 ], [ -46.328431326642509, -23.767781620241049, 0.0 ], [ -46.328420037880484, -23.767788588740125, 0.0 ], [ -46.328408882229468, -23.767795736511303, 0.0 ], [ -46.328397863050128, -23.767803061401356, 0.0 ], [ -46.328386983661993, -23.767810561203646, 0.0 ], [ -46.328376247342511, -23.767818233658879, 0.0 ], [ -46.328365657326017, -23.767826076455716, 0.0 ], [ -46.32835521680277, -23.767834087231531, 0.0 ], [ -46.328344928918, -23.76784226357308, 0.0 ], [ -46.328334796770967, -23.767850603017251, 0.0 ], [ -46.328324823414007, -23.767859103051773, 0.0 ], [ -46.328315011851622, -23.767867761116033, 0.0 ], [ -46.328305365039576, -23.767876574601786, 0.0 ], [ -46.32829588588401, -23.767885540853964, 0.0 ], [ -46.328286577240554, -23.767894657171496, 0.0 ], [ -46.328277441913471, -23.767903920808084, 0.0 ], [ -46.328268482654813, -23.767913328973069, 0.0 ], [ -46.328259702163606, -23.767922878832227, 0.0 ], [ -46.328251103085016, -23.767932567508677, 0.0 ], [ -46.328242688009553, -23.767942392083686, 0.0 ], [ -46.328234459472313, -23.767952349597607, 0.0 ], [ -46.32822641995218, -23.767962437050745, 0.0 ], [ -46.328218571871119, -23.767972651404236, 0.0 ], [ -46.328210917593402, -23.767982989581004, 0.0 ], [ -46.328203459424955, -23.767993448466672, 0.0 ], [ -46.328196199612584, -23.768004024910489, 0.0 ], [ -46.328189140343376, -23.768014715726309, 0.0 ], [ -46.328182283743978, -23.768025517693484, 0.0 ], [ -46.328175631880015, -23.768036427557941, 0.0 ], [ -46.328169186755417, -23.768047442033069, 0.0 ], [ -46.328162950311821, -23.768058557800735, 0.0 ], [ -46.328156924428043, -23.768069771512302, 0.0 ], [ -46.328151110919428, -23.768081079789631, 0.0 ], [ -46.328145511537365, -23.76809247922608, 0.0 ], [ -46.32814012796873, -23.768103966387574, 0.0 ], [ -46.328134961835396, -23.768115537813575, 0.0 ], [ -46.328130014693713, -23.768127190018166, 0.0 ], [ -46.328125288034094, -23.768138919491104, 0.0 ], [ -46.328120783280504, -23.768150722698891, 0.0 ], [ -46.32811650179007, -23.768162596085752, 0.0 ], [ -46.32811244485265, -23.768174536074824, 0.0 ], [ -46.328108613690496, -23.768186539069173, 0.0 ], [ -46.328105009457786, -23.768198601452852, 0.0 ], [ -46.328101633240379, -23.768210719592052, 0.0 ], [ -46.328098486055445, -23.768222889836153, 0.0 ], [ -46.328095568851118, -23.768235108518848, 0.0 ], [ -46.328092882506304, -23.76824737195922, 0.0 ], [ -46.328090427830318, -23.768259676462879, 0.0 ], [ -46.328088205562722, -23.768272018323088, 0.0 ], [ -46.32808621637303, -23.768284393821787, 0.0 ], [ -46.328084460860559, -23.768296799230843, 0.0 ], [ -46.328082939554236, -23.768309230813099, 0.0 ], [ -46.328081652912424, -23.768321684823491, 0.0 ], [ -46.328080601322796, -23.768334157510218, 0.0 ], [ -46.328079785102211, -23.768346645115848, 0.0 ], [ -46.328079204496632, -23.768359143878442, 0.0 ], [ -46.328078859681028, -23.768371650032712, 0.0 ], [ -46.328078750759346, -23.768384159811141, 0.0 ], [ -46.328078877764462, -23.768396669445096, 0.0 ], [ -46.328079240658198, -23.768409175166031, 0.0 ], [ -46.328079839331288, -23.768421673206547, 0.0 ], [ -46.328080673603445, -23.768434159801551, 0.0 ], [ -46.328081743223414, -23.768446631189427, 0.0 ], [ -46.328083047869029, -23.768459083613102, 0.0 ], [ -46.32808458714733, -23.768471513321252, 0.0 ], [ -46.328086360594675, -23.768483916569362, 0.0 ], [ -46.32808836767687, -23.76849628962092, 0.0 ], [ -46.328090607789328, -23.768508628748471, 0.0 ], [ -46.32809308025729, -23.768520930234828, 0.0 ], [ -46.328095784335957, -23.76853319037409, 0.0 ], [ -46.328098719210793, -23.768545405472842, 0.0 ], [ -46.328101883997718, -23.768557571851243, 0.0 ], [ -46.328105277743376, -23.768569685844096, 0.0 ], [ -46.328108899425459, -23.76858174380202, 0.0 ], [ -46.328112747952979, -23.768593742092502, 0.0 ], [ -46.328116822166606, -23.768605677100979, 0.0 ], [ -46.328121120839022, -23.76861754523199, 0.0 ], [ -46.328125642675296, -23.768629342910192, 0.0 ], [ -46.328130386313262, -23.768641066581477, 0.0 ], [ -46.328135350323926, -23.768652712714026, 0.0 ], [ -46.328140533211915, -23.768664277799385, 0.0 ], [ -46.328145933415911, -23.76867575835352, 0.0 ], [ -46.328151549309133, -23.768687150917831, 0.0 ], [ -46.328157379199816, -23.768698452060253, 0.0 ], [ -46.328163421331723, -23.768709658376277, 0.0 ], [ -46.328169673884688, -23.768720766489917, 0.0 ], [ -46.328176134975138, -23.768731773054785, 0.0 ], [ -46.328182802656684, -23.768742674755114, 0.0 ], [ -46.328189674920708, -23.768753468306691, 0.0 ], [ -46.328196749696929, -23.768764150457876, 0.0 ], [ -46.328204024854095, -23.768774717990645, 0.0 ], [ -46.328211498200567, -23.76878516772144, 0.0 ], [ -46.328219167484988, -23.768795496502232, 0.0 ], [ -46.328227030396981, -23.76880570122141, 0.0 ], [ -46.328235084567851, -23.768815778804719, 0.0 ], [ -46.328243327571258, -23.768825726216257, 0.0 ], [ -46.32825175692399, -23.768835540459278, 0.0 ], [ -46.328260370086696, -23.768845218577198, 0.0 ], [ -46.328269164464636, -23.768854757654402, 0.0 ], [ -46.328278137408482, -23.768864154817205, 0.0 ], [ -46.328287286215115, -23.768873407234629, 0.0 ], [ -46.328296608128433, -23.76888251211934, 0.0 ], [ -46.328306100340171, -23.768891466728423, 0.0 ], [ -46.32831575999078, -23.768900268364241, 0.0 ], [ -46.328325584170251, -23.768908914375253, 0.0 ], [ -46.328335569918998, -23.76891740215677, 0.0 ], [ -46.328345714228803, -23.768925729151803, 0.0 ], [ -46.328356014043621, -23.768933892851788, 0.0 ], [ -46.328366466260597, -23.76894189079735, 0.0 ], [ -46.328377067730955, -23.768949720579069, 0.0 ], [ -46.328387815260946, -23.768957379838145, 0.0 ], [ -46.328398705612827, -23.768964866267176, 0.0 ], [ -46.328409735505815, -23.768972177610841, 0.0 ], [ -46.328420901617093, -23.768979311666531, 0.0 ], [ -46.328432200582817, -23.768986266285062, 0.0 ], [ -46.328443628999104, -23.768993039371313, 0.0 ], [ -46.328455183423067, -23.768999628884835, 0.0 ], [ -46.328466860373879, -23.769006032840498, 0.0 ], [ -46.328478656333779, -23.769012249309053, 0.0 ], [ -46.328490567749164, -23.769018276417761, 0.0 ], [ -46.328502591031643, -23.769024112350895, 0.0 ], [ -46.328514722559106, -23.769029755350353, 0.0 ], [ -46.328526958676875, -23.769035203716115, 0.0 ], [ -46.328539295698711, -23.769040455806842, 0.0 ], [ -46.328551729908021, -23.769045510040314, 0.0 ], [ -46.328564257558895, -23.769050364893875, 0.0 ], [ -46.328576874877292, -23.769055018904997, 0.0 ], [ -46.328589578062164, -23.769059470671596, 0.0 ], [ -46.328602363286571, -23.769063718852568, 0.0 ], [ -46.328615226698872, -23.769067762168103, 0.0 ], [ -46.328628164423868, -23.769071599400124, 0.0 ], [ -46.32864117256397, -23.769075229392648, 0.0 ], [ -46.328654247200376, -23.769078651052105, 0.0 ], [ -46.328667384394251, -23.769081863347701, 0.0 ], [ -46.328680580187914, -23.769084865311694, 0.0 ], [ -46.328693830606028, -23.769087656039741, 0.0 ], [ -46.328707131656799, -23.769090234691102, 0.0 ], [ -46.328720479333171, -23.769092600488957, 0.0 ], [ -46.328733869614062, -23.769094752720569, 0.0 ], [ -46.328747298465544, -23.769096690737584, 0.0 ], [ -46.328760761842048, -23.769098413956147, 0.0 ], [ -46.328774255687641, -23.769099921857141, 0.0 ], [ -46.328787775937187, -23.769101213986289, 0.0 ], [ -46.328801318517591, -23.769102289954336, 0.0 ], [ -46.328814879349061, -23.769103149437139, 0.0 ], [ -46.328828454346258, -23.769103792175784, 0.0 ], [ -46.328842039419627, -23.769104217976629, 0.0 ], [ -46.328855630476539, -23.769104426711404, 0.0 ], [ -46.328869223422586, -23.769104418317244, 0.0 ], [ -46.328882814162768, -23.769104192796661, 0.0 ], [ -46.32889639860278, -23.769103750217617, 0.0 ], [ -46.328909972650187, -23.769103090713426, 0.0 ], [ -46.328923532215697, -23.769102214482785, 0.0 ], [ -46.328937073214384, -23.76910112178966, 0.0 ], [ -46.328950591566915, -23.769099812963248, 0.0 ], [ -46.328964083200773, -23.769098288397842, 0.0 ], [ -46.32897754405149, -23.769096548552721, 0.0 ], [ -46.328990970063892, -23.769094593952044, 0.0 ], [ -46.329004357193277, -23.769092425184649, 0.0 ], [ -46.329017701406663, -23.769090042903905, 0.0 ], [ -46.329030998684004, -23.769087447827467, 0.0 ], [ -46.329044245019396, -23.769084640737166, 0.0 ], [ -46.329057436422275, -23.769081622478637, 0.0 ], [ -46.329070568918638, -23.769078393961166, 0.0 ], [ -46.329083638552206, -23.769074956157368, 0.0 ], [ -46.329096641385661, -23.769071310102913, 0.0 ], [ -46.32910957350181, -23.769067456896209, 0.0 ], [ -46.329122431004755, -23.769063397698066, 0.0 ], [ -46.329135210021072, -23.76905913373135, 0.0 ], [ -46.329147906701003, -23.76905466628061, 0.0 ], [ -46.329160517219577, -23.76904999669172, 0.0 ], [ -46.329173037777785, -23.769045126371406, 0.0 ], [ -46.329185464603739, -23.769040056786928, 0.0 ], [ -46.32919779395376, -23.769034789465504, 0.0 ], [ -46.32921002211355, -23.769029325993976, 0.0 ], [ -46.329222145399306, -23.769023668018257, 0.0 ], [ -46.329234160158805, -23.769017817242847, 0.0 ], [ -46.329246062772533, -23.769011775430354, 0.0 ], [ -46.329257849654759, -23.769005544400905, 0.0 ], [ -46.329269517254595, -23.768999126031652, 0.0 ], [ -46.329281062057142, -23.768992522256177, 0.0 ], [ -46.329292480584435, -23.768985735063929, 0.0 ], [ -46.329303769396589, -23.768978766499579, 0.0 ], [ -46.329314925092795, -23.76897161866248, 0.0 ], [ -46.329325944312345, -23.768964293705952, 0.0 ], [ -46.329336823735645, -23.768956793836708, 0.0 ], [ -46.32934756008521, -23.76894912131413, 0.0 ], [ -46.329358150126673, -23.768941278449621, 0.0 ], [ -46.329368590669738, -23.768933267605892, 0.0 ], [ -46.329378878569145, -23.76892509119628, 0.0 ], [ -46.329389010725635, -23.768916751683985, 0.0 ], [ -46.329398984086843, -23.768908251581333, 0.0 ], [ -46.32940879564827, -23.768899593449042, 0.0 ], [ -46.329418442454156, -23.768890779895429, 0.0 ], [ -46.329427921598366, -23.768881813575643, 0.0 ], [ -46.329437230225281, -23.768872697190844, 0.0 ], [ -46.329446365530664, -23.7688634334874, 0.0 ], [ -46.329455324762471, -23.768854025256076, 0.0 ], [ -46.329464105221724, -23.768844475331143, 0.0 ], [ -46.329472704263303, -23.768834786589583, 0.0 ], [ -46.329481119296716, -23.768824961950191, 0.0 ], [ -46.329489347786946, -23.768815004372708, 0.0 ], [ -46.329497387255145, -23.768804916856901, 0.0 ], [ -46.329505235279427, -23.768794702441703, 0.0 ], [ -46.329512889495575, -23.768784364204265, 0.0 ], [ -46.32952034759775, -23.768773905259035, 0.0 ], [ -46.329527607339209, -23.768763328756854, 0.0 ], [ -46.329534666532972, -23.768752637883924, 0.0 ], [ -46.329541523052455, -23.768741835860958, 0.0 ], [ -46.329548174832155, -23.768730925942101, 0.0 ], [ -46.32955461986824, -23.768719911414031, 0.0 ], [ -46.32956085621916, -23.768708795594954, 0.0 ], [ -46.329566882006226, -23.768697581833546, 0.0 ], [ -46.329572695414214, -23.768686273508024, 0.0 ], [ -46.329578294691842, -23.768674874025074, 0.0 ], [ -46.329583678152375, -23.768663386818847, 0.0 ], [ -46.329588844174062, -23.768651815349926, 0.0 ], [ -46.329593791200679, -23.768640163104273, 0.0 ], [ -46.329598517741978, -23.76862843359217, 0.0 ], [ -46.329603022374108, -23.7686166303472, 0.0 ], [ -46.329607303740104, -23.768604756925154, 0.0 ], [ -46.329611360550246, -23.768592816902931, 0.0 ], [ -46.329615191582455, -23.768580813877534, 0.0 ], [ -46.329618795682691, -23.768568751464922, 0.0 ], [ -46.329622171765259, -23.768556633298953, 0.0 ], [ -46.329625318813157, -23.768544463030263, 0.0 ], [ -46.32962823587841, -23.768532244325211, 0.0 ], [ -46.329630922082295, -23.768519980864721, 0.0 ], [ -46.329633376615639, -23.768507676343216, 0.0 ], [ -46.329635598739074, -23.76849533446746, 0.0 ], [ -46.329637587783253, -23.768482958955524, 0.0 ], [ -46.329639343149033, -23.768470553535558, 0.0 ], [ -46.329640864307663, -23.76845812194474, 0.0 ], [ -46.329642150800964, -23.768445667928116, 0.0 ], [ -46.329643202241435, -23.768433195237531, 0.0 ], [ -46.329644018312408, -23.768420707630412, 0.0 ], [ -46.329644598768084, -23.768408208868692, 0.0 ], [ -46.329644943433685, -23.768395702717651, 0.0 ], [ -46.329645052205443, -23.768383192944817, 0.0 ], [ -46.329644925050651, -23.768370683318807, 0.0 ], [ -46.329644562007694, -23.76835817760816, 0.0 ], [ -46.329643963185994, -23.768345679580271, 0.0 ], [ -46.32964312876603, -23.768333193000206, 0.0 ], [ -46.32964205899922, -23.768320721629571, 0.0 ], [ -46.329640754207929, -23.768308269225415, 0.0 ], [ -46.329639214785274, -23.768295839539032, 0.0 ], [ -46.329637441195075, -23.768283436314917, 0.0 ], [ -46.32963543397171, -23.768271063289568, 0.0 ], [ -46.329633193719921, -23.768258724190371, 0.0 ], [ -46.329630721114647, -23.76824642273451, 0.0 ], [ -46.329628016900834, -23.768234162627841, 0.0 ], [ -46.329625081893198, -23.768221947563742, 0.0 ], [ -46.329621916975981, -23.768209781222009, 0.0 ], [ -46.329618523102681, -23.768197667267788, 0.0 ], [ -46.329614901295777, -23.768185609350425, 0.0 ], [ -46.329611052646392, -23.768173611102387, 0.0 ], [ -46.329606978314011, -23.76816167613817, 0.0 ], [ -46.32960267952609, -23.768149808053199, 0.0 ], [ -46.329598157577699, -23.768138010422746, 0.0 ], [ -46.329593413831155, -23.768126286800868, 0.0 ], [ -46.329588449715558, -23.768114640719325, 0.0 ], [ -46.329583266726431, -23.768103075686515, 0.0 ], [ -46.32957786642519, -23.768091595186405, 0.0 ], [ -46.329572250438751, -23.76808020267751, 0.0 ], [ -46.329566420458995, -23.768068901591853, 0.0 ], [ -46.329560378242249, -23.768057695333884, 0.0 ], [ -46.329554125608787, -23.7680465872795, 0.0 ], [ -46.329547664442281, -23.768035580775003, 0.0 ], [ -46.329540996689218, -23.768024679136111, 0.0 ], [ -46.329534124358297, -23.768013885646969, 0.0 ], [ -46.329527049519868, -23.768003203559115, 0.0 ], [ -46.329519774305282, -23.767992636090511, 0.0 ], [ -46.329512300906231, -23.767982186424643, 0.0 ], [ -46.329504631574139, -23.767971857709458, 0.0 ], [ -46.329496768619435, -23.767961653056492, 0.0 ], [ -46.329488714410878, -23.7679515755399, 0.0 ], [ -46.329480471374843, -23.76794162819553, 0.0 ], [ -46.329472041994578, -23.767931814020024, 0.0 ], [ -46.329463428809483, -23.767922135969911, 0.0 ], [ -46.329454634414311, -23.767912596960691, 0.0 ], [ -46.329445661458408, -23.767903199865998, 0.0 ], [ -46.329436512644925, -23.767893947516711, 0.0 ], [ -46.329427190729959, -23.767884842700091, 0.0 ], [ -46.329417698521773, -23.767875888158965, 0.0 ], [ -46.329408038879926, -23.76786708659089, 0.0 ], [ -46.329398214714409, -23.767858440647334, 0.0 ], [ -46.329388228984783, -23.767849952932877, 0.0 ], [ -46.329378084699265, -23.767841626004454, 0.0 ], [ -46.329367784913849, -23.767833462370536, 0.0 ], [ -46.329357332731362, -23.767825464490421, 0.0 ], [ -46.329346731300539, -23.767817634773465, 0.0 ], [ -46.329335983815078, -23.767809975578377, 0.0 ], [ -46.329325093512686, -23.767802489212464, 0.0 ], [ -46.329314063674062, -23.767795177931003, 0.0 ], [ -46.329302897621965, -23.767788043936509, 0.0 ], [ -46.329291598720175, -23.767781089378097, 0.0 ], [ -46.329280170372492, -23.76777431635082, 0.0 ], [ -46.329268616021714, -23.767767726895048, 0.0 ], [ -46.329256939148593, -23.767761322995845, 0.0 ], [ -46.329245143270789, -23.767755106582385, 0.0 ], [ -46.329233231941814, -23.767749079527359, 0.0 ], [ -46.329221208749949, -23.767743243646414, 0.0 ], [ -46.329209077317181, -23.767737600697597, 0.0 ], [ -46.329196841298099, -23.767732152380852, 0.0 ], [ -46.329184504378809, -23.767726900337472, 0.0 ], [ -46.329172070275789, -23.767721846149627, 0.0 ], [ -46.3291595427348, -23.767716991339906, 0.0 ], [ -46.32914692552977, -23.767712337370781, 0.0 ], [ -46.329134222461619, -23.767707885644299, 0.0 ], [ -46.329121437357124, -23.767703637501501, 0.0 ], [ -46.329108574067789, -23.767699594222172, 0.0 ], [ -46.329095636468672, -23.76769575702431, 0.0 ], [ -46.329082628457193, -23.767692127063892, 0.0 ], [ -46.329069553952017, -23.767688705434434, 0.0 ], [ -46.329056416891824, -23.767685493166695, 0.0 ], [ -46.329043221234116, -23.767682491228381, 0.0 ], [ -46.329029970954075, -23.767679700523814, 0.0 ], [ -46.329016670043337, -23.767677121893698, 0.0 ], [ -46.329003322508768, -23.767674756114822, 0.0 ], [ -46.328989932371293, -23.767672603899904, 0.0 ], [ -46.328976503664677, -23.767670665897292, 0.0 ], [ -46.328963040434296, -23.767668942690801, 0.0 ], [ -46.328949546735913, -23.767667434799549, 0.0 ], [ -46.328936026634487, -23.7676661426778, 0.0 ], [ -46.328922484202934, -23.767665066714784, 0.0 ], [ -46.328908923520885, -23.767664207234656, 0.0 ], [ -46.32889534867347, -23.767663564496328, 0.0 ], [ -46.328881763750076, -23.767663138693433, 0.0 ], [ -46.328868172843151, -23.767662929954241, 0.0 ], [ -46.328854580046929, -23.767662938341626, 0.0 ] ] ] ] } },
{ "type": "Feature", "properties": { "fid": 145.0 }, "geometry": { "type": "MultiPolygon", "coordinates": [ [ [ [ -46.316451587568096, -23.771474007641299, 0.0 ], [ -46.316442863347376, -23.771474151710127, 0.0 ], [ -46.316434143157636, -23.771474435110242, 0.0 ], [ -46.316425429625809, -23.771474857756296, 0.0 ], [ -46.316416725376861, -23.771475419520939, 0.0 ], [ -46.316408033032943, -23.771476120234965, 0.0 ], [ -46.316399355212631, -23.771476959687273, 0.0 ], [ -46.316390694530114, -23.771477937624987, 0.0 ], [ -46.316382053594424, -23.771479053753488, 0.0 ], [ -46.316373435008643, -23.771480307736567, 0.0 ], [ -46.316364841369115, -23.771481699196446, 0.0 ], [ -46.316356275264695, -23.771483227713951, 0.0 ], [ -46.316347739275905, -23.771484892828621, 0.0 ], [ -46.316339235974226, -23.771486694038842, 0.0 ], [ -46.316330767921279, -23.771488630801997, 0.0 ], [ -46.316322337668062, -23.771490702534642, 0.0 ], [ -46.316313947754189, -23.771492908612654, 0.0 ], [ -46.316305600707139, -23.771495248371465, 0.0 ], [ -46.316297299041459, -23.771497721106222, 0.0 ], [ -46.316289045258031, -23.771500326072019, 0.0 ], [ -46.316280841843302, -23.771503062484094, 0.0 ], [ -46.316272691268573, -23.771505929518117, 0.0 ], [ -46.316264595989203, -23.771508926310386, 0.0 ], [ -46.316256558443904, -23.77151205195813, 0.0 ], [ -46.316248581053991, -23.771515305519738, 0.0 ], [ -46.316240666222662, -23.771518686015067, 0.0 ], [ -46.316232816334264, -23.771522192425767, 0.0 ], [ -46.316225033753589, -23.771525823695498, 0.0 ], [ -46.316217320825153, -23.771529578730359, 0.0 ], [ -46.316209679872479, -23.771533456399148, 0.0 ], [ -46.31620211319742, -23.771537455533711, 0.0 ], [ -46.31619462307944, -23.771541574929302, 0.0 ], [ -46.31618721177496, -23.771545813344961, 0.0 ], [ -46.316179881516646, -23.771550169503854, 0.0 ], [ -46.316172634512746, -23.771554642093694, 0.0 ], [ -46.316165472946437, -23.771559229767092, 0.0 ], [ -46.316158398975162, -23.771563931142047, 0.0 ], [ -46.316151414729951, -23.771568744802234, 0.0 ], [ -46.316144522314843, -23.771573669297545, 0.0 ], [ -46.316137723806186, -23.771578703144478, 0.0 ], [ -46.316131021252055, -23.77158384482658, 0.0 ], [ -46.316124416671606, -23.771589092794905, 0.0 ], [ -46.31611791205448, -23.771594445468505, 0.0 ], [ -46.316111509360233, -23.77159990123489, 0.0 ], [ -46.316105210517676, -23.771605458450502, 0.0 ], [ -46.316099017424364, -23.77161111544121, 0.0 ], [ -46.316092931945988, -23.771616870502871, 0.0 ], [ -46.316086955915821, -23.771622721901743, 0.0 ], [ -46.316081091134158, -23.771628667875085, 0.0 ], [ -46.316075339367792, -23.771634706631676, 0.0 ], [ -46.316069702349473, -23.771640836352319, 0.0 ], [ -46.316064181777364, -23.771647055190446, 0.0 ], [ -46.316058779314567, -23.77165336127262, 0.0 ], [ -46.316053496588601, -23.771659752699115, 0.0 ], [ -46.316048335190906, -23.771666227544522, 0.0 ], [ -46.316043296676391, -23.771672783858261, 0.0 ], [ -46.316038382562937, -23.771679419665258, 0.0 ], [ -46.316033594330932, -23.771686132966451, 0.0 ], [ -46.316028933422864, -23.771692921739454, 0.0 ], [ -46.316024401242871, -23.771699783939134, 0.0 ], [ -46.316019999156282, -23.771706717498244, 0.0 ], [ -46.316015728489269, -23.77171372032803, 0.0 ], [ -46.316011590528397, -23.771720790318891, 0.0 ], [ -46.316007586520257, -23.771727925340972, 0.0 ], [ -46.316003717671087, -23.771735123244834, 0.0 ], [ -46.315999985146398, -23.771742381862094, 0.0 ], [ -46.315996390070659, -23.771749699006079, 0.0 ], [ -46.315992933526907, -23.771757072472489, 0.0 ], [ -46.315989616556465, -23.771764500040042, 0.0 ], [ -46.315986440158589, -23.771771979471183, 0.0 ], [ -46.315983405290218, -23.771779508512701, 0.0 ], [ -46.315980512865622, -23.771787084896474, 0.0 ], [ -46.315977763756187, -23.771794706340071, 0.0 ], [ -46.31597515879011, -23.771802370547537, 0.0 ], [ -46.315972698752169, -23.771810075210009, 0.0 ], [ -46.315970384383476, -23.77181781800644, 0.0 ], [ -46.315968216381279, -23.771825596604266, 0.0 ], [ -46.315966195398708, -23.771833408660196, 0.0 ], [ -46.315964322044628, -23.771841251820813, 0.0 ], [ -46.315962596883416, -23.771849123723353, 0.0 ], [ -46.315961020434806, -23.771857021996389, 0.0 ], [ -46.315959593173737, -23.771864944260518, 0.0 ], [ -46.315958315530196, -23.77187288812916, 0.0 ], [ -46.315957187889111, -23.77188085120919, 0.0 ], [ -46.315956210590208, -23.771888831101705, 0.0 ], [ -46.315955383927943, -23.771896825402752, 0.0 ], [ -46.315954708151359, -23.771904831704003, 0.0 ], [ -46.315954183464086, -23.771912847593555, 0.0 ], [ -46.31595381002419, -23.771920870656583, 0.0 ], [ -46.315953587944222, -23.771928898476112, 0.0 ], [ -46.315953517291099, -23.771936928633746, 0.0 ], [ -46.315953598086139, -23.771944958710371, 0.0 ], [ -46.315953830305027, -23.771952986286877, 0.0 ], [ -46.315954213877831, -23.771961008944956, 0.0 ], [ -46.315954748689038, -23.771969024267751, 0.0 ], [ -46.315955434577546, -23.771977029840606, 0.0 ], [ -46.315956271336773, -23.771985023251816, 0.0 ], [ -46.315957258714654, -23.77199300209335, 0.0 ], [ -46.315958396413777, -23.772000963961538, 0.0 ], [ -46.315959684091432, -23.772008906457824, 0.0 ], [ -46.315961121359713, -23.772016827189532, 0.0 ], [ -46.315962707785694, -23.772024723770496, 0.0 ], [ -46.315964442891449, -23.772032593821844, 0.0 ], [ -46.315966326154324, -23.772040434972677, 0.0 ], [ -46.315968357006987, -23.772048244860827, 0.0 ], [ -46.315970534837682, -23.77205602113354, 0.0 ], [ -46.315972858990328, -23.772063761448166, 0.0 ], [ -46.315975328764807, -23.772071463472926, 0.0 ], [ -46.315977943417117, -23.772079124887529, 0.0 ], [ -46.3159807021596, -23.772086743383952, 0.0 ], [ -46.315983604161204, -23.772094316667079, 0.0 ], [ -46.3159866485477, -23.772101842455452, 0.0 ], [ -46.315989834401989, -23.772109318481871, 0.0 ], [ -46.315993160764329, -23.772116742494152, 0.0 ], [ -46.315996626632682, -23.772124112255778, 0.0 ], [ -46.316000230962942, -23.772131425546579, 0.0 ], [ -46.316003972669314, -23.772138680163387, 0.0 ], [ -46.316007850624629, -23.772145873920721, 0.0 ], [ -46.316011863660641, -23.772153004651429, 0.0 ], [ -46.316016010568426, -23.772160070207335, 0.0 ], [ -46.316020290098734, -23.772167068459915, 0.0 ], [ -46.316024700962359, -23.772173997300897, 0.0 ], [ -46.316029241830513, -23.772180854642958, 0.0 ], [ -46.316033911335275, -23.772187638420263, 0.0 ], [ -46.316038708069932, -23.772194346589188, 0.0 ], [ -46.316043630589483, -23.77220097712885, 0.0 ], [ -46.316048677410997, -23.772207528041783, 0.0 ], [ -46.316053847014111, -23.772213997354459, 0.0 ], [ -46.316059137841485, -23.772220383117997, 0.0 ], [ -46.316064548299231, -23.772226683408629, 0.0 ], [ -46.316070076757448, -23.772232896328372, 0.0 ], [ -46.316075721550668, -23.772239020005557, 0.0 ], [ -46.316081480978383, -23.77224505259537, 0.0 ], [ -46.316087353305555, -23.772250992280483, 0.0 ], [ -46.316093336763117, -23.772256837271534, 0.0 ], [ -46.316099429548544, -23.772262585807677, 0.0 ], [ -46.31610562982636, -23.772268236157146, 0.0 ], [ -46.316111935728699, -23.772273786617728, 0.0 ], [ -46.316118345355903, -23.772279235517331, 0.0 ], [ -46.316124856777044, -23.772284581214418, 0.0 ], [ -46.316131468030527, -23.772289822098596, 0.0 ], [ -46.316138177124678, -23.772294956591022, 0.0 ], [ -46.316144982038367, -23.772299983144883, 0.0 ], [ -46.316151880721577, -23.772304900245913, 0.0 ], [ -46.31615887109605, -23.772309706412795, 0.0 ], [ -46.316165951055908, -23.772314400197654, 0.0 ], [ -46.316173118468278, -23.772318980186466, 0.0 ], [ -46.316180371173942, -23.772323444999461, 0.0 ], [ -46.316187706987989, -23.772327793291616, 0.0 ], [ -46.31619512370046, -23.77233202375297, 0.0 ], [ -46.316202619077053, -23.772336135109075, 0.0 ], [ -46.316210190859728, -23.772340126121343, 0.0 ], [ -46.31621783676745, -23.772343995587491, 0.0 ], [ -46.316225554496853, -23.772347742341804, 0.0 ], [ -46.316233341722928, -23.772351365255538, 0.0 ], [ -46.316241196099725, -23.772354863237275, 0.0 ], [ -46.31624911526108, -23.772358235233252, 0.0 ], [ -46.316257096821289, -23.772361480227609, 0.0 ], [ -46.316265138375876, -23.772364597242774, 0.0 ], [ -46.316273237502259, -23.772367585339744, 0.0 ], [ -46.316281391760548, -23.772370443618325, 0.0 ], [ -46.316289598694212, -23.772373171217435, 0.0 ], [ -46.316297855830861, -23.772375767315392, 0.0 ], [ -46.316306160682998, -23.772378231130098, 0.0 ], [ -46.316314510748718, -23.772380561919302, 0.0 ], [ -46.316322903512528, -23.772382758980857, 0.0 ], [ -46.316331336446048, -23.772384821652867, 0.0 ], [ -46.316339807008802, -23.772386749313966, 0.0 ], [ -46.316348312648991, -23.772388541383425, 0.0 ], [ -46.316356850804226, -23.772390197321354, 0.0 ], [ -46.31636541890235, -23.772391716628906, 0.0 ], [ -46.316374014362154, -23.772393098848386, 0.0 ], [ -46.316382634594206, -23.772394343563395, 0.0 ], [ -46.316391277001614, -23.77239545039895, 0.0 ], [ -46.316399938980787, -23.772396419021604, 0.0 ], [ -46.316408617922249, -23.772397249139559, 0.0 ], [ -46.316417311211424, -23.772397940502739, 0.0 ], [ -46.316426016229393, -23.772398492902873, 0.0 ], [ -46.316434730353713, -23.772398906173546, 0.0 ], [ -46.316443450959206, -23.772399180190259, 0.0 ], [ -46.316452175418732, -23.772399314870455, 0.0 ], [ -46.316460901103987, -23.772399310173572, 0.0 ], [ -46.316469625386304, -23.772399166101017, 0.0 ], [ -46.316478345637435, -23.772398882696212, 0.0 ], [ -46.316487059230354, -23.772398460044514, 0.0 ], [ -46.316495763540033, -23.772397898273265, 0.0 ], [ -46.316504455944234, -23.772397197551701, 0.0 ], [ -46.316513133824337, -23.772396358090912, 0.0 ], [ -46.31652179456605, -23.772395380143802, 0.0 ], [ -46.316530435560296, -23.772394264004973, 0.0 ], [ -46.316539054203901, -23.772393010010685, 0.0 ], [ -46.31654764790045, -23.772391618538702, 0.0 ], [ -46.316556214061038, -23.772390090008223, 0.0 ], [ -46.316564750105066, -23.772388424879725, 0.0 ], [ -46.316573253460987, -23.772386623654839, 0.0 ], [ -46.316581721567118, -23.772384686876187, 0.0 ], [ -46.316590151872383, -23.772382615127249, 0.0 ], [ -46.316598541837109, -23.772380409032159, 0.0 ], [ -46.316606888933777, -23.772378069255495, 0.0 ], [ -46.316615190647759, -23.772375596502158, 0.0 ], [ -46.316623444478125, -23.772372991517059, 0.0 ], [ -46.316631647938358, -23.772370255084979, 0.0 ], [ -46.316639798557119, -23.77236738803029, 0.0 ], [ -46.316647893878987, -23.772364391216698, 0.0 ], [ -46.316655931465199, -23.772361265547019, 0.0 ], [ -46.316663908894398, -23.772358011962879, 0.0 ], [ -46.316671823763329, -23.77235463144444, 0.0 ], [ -46.316679673687602, -23.772351125010101, 0.0 ], [ -46.316687456302375, -23.772347493716218, 0.0 ], [ -46.316695169263113, -23.772343738656716, 0.0 ], [ -46.316702810246234, -23.772339860962838, 0.0 ], [ -46.316710376949857, -23.77233586180277, 0.0 ], [ -46.316717867094475, -23.772331742381272, 0.0 ], [ -46.31672527842364, -23.772327503939351, 0.0 ], [ -46.316732608704662, -23.772323147753859, 0.0 ], [ -46.31673985572926, -23.772318675137136, 0.0 ], [ -46.316747017314235, -23.772314087436573, 0.0 ], [ -46.316754091302116, -23.772309386034241, 0.0 ], [ -46.316761075561857, -23.772304572346464, 0.0 ], [ -46.316767967989399, -23.772299647823402, 0.0 ], [ -46.316774766508381, -23.772294613948588, 0.0 ], [ -46.316781469070719, -23.772289472238512, 0.0 ], [ -46.31678807365725, -23.772284224242142, 0.0 ], [ -46.316794578278298, -23.772278871540458, 0.0 ], [ -46.316800980974342, -23.77227341574601, 0.0 ], [ -46.316807279816551, -23.77226785850236, 0.0 ], [ -46.316813472907356, -23.772262201483681, 0.0 ], [ -46.316819558381091, -23.772256446394167, 0.0 ], [ -46.316825534404487, -23.772250594967566, 0.0 ], [ -46.316831399177239, -23.772244648966673, 0.0 ], [ -46.316837150932578, -23.772238610182736, 0.0 ], [ -46.316842787937773, -23.77223248043498, 0.0 ], [ -46.316848308494663, -23.772226261570008, 0.0 ], [ -46.316853710940173, -23.772219955461303, 0.0 ], [ -46.316858993646797, -23.772213564008602, 0.0 ], [ -46.316864155023119, -23.772207089137353, 0.0 ], [ -46.316869193514272, -23.772200532798173, 0.0 ], [ -46.316874107602395, -23.772193896966161, 0.0 ], [ -46.316878895807122, -23.772187183640408, 0.0 ], [ -46.316883556686001, -23.772180394843335, 0.0 ], [ -46.316888088834936, -23.772173532620112, 0.0 ], [ -46.316892490888627, -23.772166599037998, 0.0 ], [ -46.316896761520937, -23.772159596185769, 0.0 ], [ -46.316900899445365, -23.772152526173073, 0.0 ], [ -46.316904903415342, -23.77214539112979, 0.0 ], [ -46.316908772224686, -23.772138193205368, 0.0 ], [ -46.316912504707936, -23.772130934568224, 0.0 ], [ -46.316916099740659, -23.772123617405057, 0.0 ], [ -46.316919556239895, -23.772116243920191, 0.0 ], [ -46.316922873164351, -23.772108816334921, 0.0 ], [ -46.316926049514827, -23.772101336886841, 0.0 ], [ -46.316929084334461, -23.772093807829162, 0.0 ], [ -46.316931976709022, -23.772086231430041, 0.0 ], [ -46.31693472576719, -23.772078609971913, 0.0 ], [ -46.316937330680844, -23.772070945750759, 0.0 ], [ -46.316939790665245, -23.772063241075465, 0.0 ], [ -46.316942104979361, -23.77205549826709, 0.0 ], [ -46.316944272926008, -23.772047719658197, 0.0 ], [ -46.316946293852119, -23.772039907592109, 0.0 ], [ -46.316948167148901, -23.772032064422241, 0.0 ], [ -46.316949892252048, -23.772024192511388, 0.0 ], [ -46.316951468641882, -23.772016294230973, 0.0 ], [ -46.316952895843556, -23.7720083719604, 0.0 ], [ -46.316954173427135, -23.772000428086272, 0.0 ], [ -46.316955301007773, -23.77199246500173, 0.0 ], [ -46.316956278245812, -23.771984485105641, 0.0 ], [ -46.316957104846885, -23.771976490802, 0.0 ], [ -46.316957780561999, -23.771968484499137, 0.0 ], [ -46.316958305187619, -23.771960468608935, 0.0 ], [ -46.316958678565733, -23.77195244554623, 0.0 ], [ -46.316958900583884, -23.771944417728001, 0.0 ], [ -46.316958971175225, -23.771936387572651, 0.0 ], [ -46.316958890318503, -23.771928357499277, 0.0 ], [ -46.316958658038111, -23.771920329926971, 0.0 ], [ -46.316958274404051, -23.771912307274061, 0.0 ], [ -46.316957739531922, -23.771904291957391, 0.0 ], [ -46.31695705358289, -23.771896286391609, 0.0 ], [ -46.316956216763622, -23.771888292988411, 0.0 ], [ -46.31695522932624, -23.771880314155823, 0.0 ], [ -46.316954091568228, -23.771872352297496, 0.0 ], [ -46.316952803832386, -23.771864409811972, 0.0 ], [ -46.316951366506665, -23.77185648909192, 0.0 ], [ -46.316949780024089, -23.771848592523501, 0.0 ], [ -46.31694804486262, -23.77184072248556, 0.0 ], [ -46.316946161545005, -23.771832881348978, 0.0 ], [ -46.316944130638618, -23.771825071475906, 0.0 ], [ -46.316941952755307, -23.771817295219094, 0.0 ], [ -46.316939628551189, -23.771809554921155, 0.0 ], [ -46.316937158726461, -23.77180185291386, 0.0 ], [ -46.316934544025187, -23.771794191517472, 0.0 ], [ -46.316931785235077, -23.771786573039996, 0.0 ], [ -46.316928883187245, -23.771778999776522, 0.0 ], [ -46.316925838755978, -23.771771474008492, 0.0 ], [ -46.316922652858416, -23.771763998003074, 0.0 ], [ -46.316919326454361, -23.771756574012425, 0.0 ], [ -46.316915860545912, -23.771749204273039, 0.0 ], [ -46.316912256177204, -23.77174189100506, 0.0 ], [ -46.316908514434076, -23.77173463641163, 0.0 ], [ -46.316904636443773, -23.771727442678198, 0.0 ], [ -46.316900623374551, -23.771720311971894, 0.0 ], [ -46.316896476435389, -23.771713246440846, 0.0 ], [ -46.316892196875571, -23.771706248213579, 0.0 ], [ -46.316887785984349, -23.771699319398298, 0.0 ], [ -46.316883245090523, -23.771692462082328, 0.0 ], [ -46.316878575562058, -23.771685678331455, 0.0 ], [ -46.316873778805693, -23.771678970189278, 0.0 ], [ -46.316868856266467, -23.771672339676638, 0.0 ], [ -46.316863809427311, -23.771665788790987, 0.0 ], [ -46.316858639808622, -23.771659319505797, 0.0 ], [ -46.316853348967769, -23.771652933769928, 0.0 ], [ -46.31684793849864, -23.771646633507117, 0.0 ], [ -46.316842410031157, -23.771640420615306, 0.0 ], [ -46.316836765230789, -23.771634296966145, 0.0 ], [ -46.316831005798072, -23.771628264404391, 0.0 ], [ -46.316825133468036, -23.771622324747351, 0.0 ], [ -46.316819150009756, -23.77161647978437, 0.0 ], [ -46.316813057225758, -23.77161073127623, 0.0 ], [ -46.316806856951516, -23.771605080954675, 0.0 ], [ -46.316800551054875, -23.771599530521897, 0.0 ], [ -46.316794141435516, -23.771594081649937, 0.0 ], [ -46.316787630024344, -23.771588735980298, 0.0 ], [ -46.316781018782947, -23.771583495123348, 0.0 ], [ -46.316774309702964, -23.771578360657909, 0.0 ], [ -46.31676750480554, -23.771573334130739, 0.0 ], [ -46.31676060614064, -23.771568417056088, 0.0 ], [ -46.316753615786524, -23.77156361091523, 0.0 ], [ -46.316746535849028, -23.771558917156014, 0.0 ], [ -46.316739368461015, -23.771554337192434, 0.0 ], [ -46.316732115781669, -23.771549872404222, 0.0 ], [ -46.316724779995859, -23.771545524136389, 0.0 ], [ -46.316717363313508, -23.771541293698849, 0.0 ], [ -46.31670986796891, -23.771537182366032, 0.0 ], [ -46.316702296220036, -23.77153319137647, 0.0 ], [ -46.316694650347891, -23.771529321932473, 0.0 ], [ -46.316686932655799, -23.771525575199696, 0.0 ], [ -46.316679145468726, -23.771521952306841, 0.0 ], [ -46.316671291132565, -23.771518454345326, 0.0 ], [ -46.316663372013437, -23.771515082368882, 0.0 ], [ -46.316655390497004, -23.771511837393348, 0.0 ], [ -46.316647348987679, -23.771508720396266, 0.0 ], [ -46.316639249907986, -23.77150573231663, 0.0 ], [ -46.316631095697772, -23.771502874054608, 0.0 ], [ -46.316622888813505, -23.771500146471251, 0.0 ], [ -46.316614631727511, -23.771497550388233, 0.0 ], [ -46.316606326927236, -23.771495086587642, 0.0 ], [ -46.316597976914501, -23.771492755811689, 0.0 ], [ -46.316589584204763, -23.771490558762526, 0.0 ], [ -46.316581151326311, -23.771488496102013, 0.0 ], [ -46.316572680819569, -23.771486568451532, 0.0 ], [ -46.316564175236266, -23.771484776391777, 0.0 ], [ -46.31655563713872, -23.77148312046263, 0.0 ], [ -46.31654706909903, -23.771481601162929, 0.0 ], [ -46.316538473698323, -23.771480218950362, 0.0 ], [ -46.316529853525957, -23.771478974241315, 0.0 ], [ -46.316521211178767, -23.77147786741077, 0.0 ], [ -46.316512549260253, -23.771476898792162, 0.0 ], [ -46.316503870379826, -23.771476068677281, 0.0 ], [ -46.316495177151992, -23.7714753773162, 0.0 ], [ -46.316486472195599, -23.771474824917203, 0.0 ], [ -46.316477758132997, -23.771474411646693, 0.0 ], [ -46.316469037589307, -23.771474137629163, 0.0 ], [ -46.316460313191605, -23.77147400294718, 0.0 ], [ -46.316451587568096, -23.771474007641299, 0.0 ] ] ] ] } },
{ "type": "Feature", "properties": { "fid": 146.0 }, "geometry": { "type": "MultiPolygon", "coordinates": [ [ [ [ -46.303593084194716, -23.771368900898267, 0.0 ], [ -46.303582898598641, -23.771369068702931, 0.0 ], [ -46.303572717735925, -23.771369400081568, 0.0 ], [ -46.303562544707724, -23.771369894933237, 0.0 ], [ -46.3035523826128, -23.7713705531072, 0.0 ], [ -46.30354223454659, -23.771371374403003, 0.0 ], [ -46.303532103600254, -23.771372358570453, 0.0 ], [ -46.303521992859743, -23.771373505309768, 0.0 ], [ -46.303511905404832, -23.771374814271667, 0.0 ], [ -46.303501844308251, -23.771376285057411, 0.0 ], [ -46.303491812634647, -23.771377917218988, 0.0 ], [ -46.303481813439745, -23.771379710259247, 0.0 ], [ -46.303471849769359, -23.771381663632017, 0.0 ], [ -46.303461924658478, -23.771383776742301, 0.0 ], [ -46.303452041130356, -23.771386048946415, 0.0 ], [ -46.303442202195583, -23.771388479552236, 0.0 ], [ -46.303432410851158, -23.771391067819394, 0.0 ], [ -46.303422670079584, -23.771393812959491, 0.0 ], [ -46.303412982847973, -23.77139671413633, 0.0 ], [ -46.303403352107111, -23.771399770466214, 0.0 ], [ -46.3033937807906, -23.771402981018152, 0.0 ], [ -46.303384271813911, -23.771406344814192, 0.0 ], [ -46.303374828073551, -23.771409860829714, 0.0 ], [ -46.303365452446151, -23.771413527993705, 0.0 ], [ -46.303356147787582, -23.771417345189132, 0.0 ], [ -46.303346916932121, -23.771421311253267, 0.0 ], [ -46.303337762691548, -23.771425424977981, 0.0 ], [ -46.303328687854311, -23.771429685110256, 0.0 ], [ -46.303319695184669, -23.771434090352397, 0.0 ], [ -46.303310787421864, -23.771438639362565, 0.0 ], [ -46.303301967279268, -23.771443330755083, 0.0 ], [ -46.303293237443555, -23.771448163100938, 0.0 ], [ -46.303284600573903, -23.771453134928151, 0.0 ], [ -46.303276059301183, -23.771458244722282, 0.0 ], [ -46.303267616227124, -23.771463490926863, 0.0 ], [ -46.303259273923558, -23.771468871943846, 0.0 ], [ -46.303251034931627, -23.771474386134138, 0.0 ], [ -46.303242901760989, -23.771480031818111, 0.0 ], [ -46.303234876889078, -23.771485807276019, 0.0 ], [ -46.303226962760341, -23.771491710748627, 0.0 ], [ -46.303219161785499, -23.771497740437709, 0.0 ], [ -46.303211476340799, -23.771503894506566, 0.0 ], [ -46.30320390876728, -23.771510171080632, 0.0 ], [ -46.303196461370121, -23.771516568248035, 0.0 ], [ -46.303189136417863, -23.771523084060124, 0.0 ], [ -46.303181936141748, -23.771529716532157, 0.0 ], [ -46.303174862735055, -23.77153646364383, 0.0 ], [ -46.303167918352429, -23.771543323339916, 0.0 ], [ -46.303161105109183, -23.771550293530922, 0.0 ], [ -46.303154425080713, -23.771557372093657, 0.0 ], [ -46.303147880301822, -23.771564556871958, 0.0 ], [ -46.303141472766129, -23.771571845677279, 0.0 ], [ -46.303135204425431, -23.771579236289394, 0.0 ], [ -46.303129077189141, -23.771586726457063, 0.0 ], [ -46.303123092923691, -23.771594313898742, 0.0 ], [ -46.303117253451965, -23.771601996303218, 0.0 ], [ -46.303111560552722, -23.77160977133039, 0.0 ], [ -46.30310601596009, -23.771617636611911, 0.0 ], [ -46.303100621363036, -23.771625589751959, 0.0 ], [ -46.303095378404819, -23.771633628327951, 0.0 ], [ -46.303090288682519, -23.771641749891277, 0.0 ], [ -46.303085353746518, -23.771649951968023, 0.0 ], [ -46.30308057510009, -23.771658232059785, 0.0 ], [ -46.303075954198867, -23.771666587644383, 0.0 ], [ -46.303071492450457, -23.771675016176641, 0.0 ], [ -46.303067191213955, -23.771683515089141, 0.0 ], [ -46.303063051799604, -23.771692081793066, 0.0 ], [ -46.303059075468326, -23.771700713678907, 0.0 ], [ -46.303055263431382, -23.771709408117331, 0.0 ], [ -46.303051616849984, -23.771718162459944, 0.0 ], [ -46.303048136834946, -23.771726974040089, 0.0 ], [ -46.303044824446346, -23.771735840173683, 0.0 ], [ -46.303041680693198, -23.771744758160022, 0.0 ], [ -46.303038706533151, -23.771753725282618, 0.0 ], [ -46.303035902872203, -23.771762738810004, 0.0 ], [ -46.303033270564406, -23.771771795996578, 0.0 ], [ -46.303030810411613, -23.771780894083449, 0.0 ], [ -46.303028523163256, -23.771790030299258, 0.0 ], [ -46.303026409516079, -23.771799201861008, 0.0 ], [ -46.303024470113961, -23.771808405974987, 0.0 ], [ -46.303022705547697, -23.771817639837511, 0.0 ], [ -46.303021116354827, -23.77182690063589, 0.0 ], [ -46.303019703019473, -23.771836185549184, 0.0 ], [ -46.303018465972187, -23.771845491749104, 0.0 ], [ -46.303017405589827, -23.771854816400925, 0.0 ], [ -46.303016522195428, -23.771864156664257, 0.0 ], [ -46.303015816058114, -23.771873509693958, 0.0 ], [ -46.303015287393031, -23.771882872641015, 0.0 ], [ -46.303014936361251, -23.771892242653387, 0.0 ], [ -46.303014763069733, -23.771901616876864, 0.0 ], [ -46.303014767571305, -23.771910992455979, 0.0 ], [ -46.30301494986464, -23.771920366534832, 0.0 ], [ -46.303015309894235, -23.771929736257977, 0.0 ], [ -46.303015847550476, -23.77193909877132, 0.0 ], [ -46.303016562669612, -23.771948451222929, 0.0 ], [ -46.303017455033853, -23.77195779076397, 0.0 ], [ -46.30301852437141, -23.771967114549511, 0.0 ], [ -46.303019770356599, -23.771976419739435, 0.0 ], [ -46.303021192609904, -23.771985703499272, 0.0 ], [ -46.303022790698151, -23.77199496300112, 0.0 ], [ -46.30302456413456, -23.772004195424422, 0.0 ], [ -46.303026512378963, -23.772013397956879, 0.0 ], [ -46.303028634837951, -23.772022567795311, 0.0 ], [ -46.303030930865035, -23.772031702146489, 0.0 ], [ -46.303033399760857, -23.772040798227991, 0.0 ], [ -46.303036040773392, -23.772049853269046, 0.0 ], [ -46.303038853098194, -23.772058864511397, 0.0 ], [ -46.303041835878645, -23.772067829210119, 0.0 ], [ -46.303044988206182, -23.772076744634465, 0.0 ], [ -46.303048309120605, -23.772085608068707, 0.0 ], [ -46.303051797610365, -23.772094416812941, 0.0 ], [ -46.303055452612867, -23.772103168183925, 0.0 ], [ -46.303059273014782, -23.772111859515888, 0.0 ], [ -46.303063257652397, -23.772120488161363, 0.0 ], [ -46.303067405311992, -23.772129051491959, 0.0 ], [ -46.303071714730173, -23.772137546899206, 0.0 ], [ -46.303076184594261, -23.772145971795272, 0.0 ], [ -46.303080813542728, -23.772154323613872, 0.0 ], [ -46.303085600165559, -23.77216259981093, 0.0 ], [ -46.303090543004735, -23.772170797865421, 0.0 ], [ -46.303095640554631, -23.772178915280126, 0.0 ], [ -46.303100891262503, -23.77218694958238, 0.0 ], [ -46.303106293528941, -23.772194898324852, 0.0 ], [ -46.303111845708393, -23.772202759086255, 0.0 ], [ -46.303117546109625, -23.772210529472098, 0.0 ], [ -46.303123392996241, -23.772218207115458, 0.0 ], [ -46.303129384587244, -23.772225789677595, 0.0 ], [ -46.303135519057527, -23.772233274848809, 0.0 ], [ -46.303141794538512, -23.772240660348995, 0.0 ], [ -46.303148209118611, -23.772247943928466, 0.0 ], [ -46.303154760843896, -23.772255123368542, 0.0 ], [ -46.303161447718644, -23.772262196482288, 0.0 ], [ -46.303168267705978, -23.77226916111513, 0.0 ], [ -46.303175218728477, -23.772276015145568, 0.0 ], [ -46.303182298668766, -23.772282756485779, 0.0 ], [ -46.303189505370248, -23.772289383082278, 0.0 ], [ -46.303196836637696, -23.7722958929165, 0.0 ], [ -46.3032042902379, -23.772302284005494, 0.0 ], [ -46.303211863900451, -23.772308554402443, 0.0 ], [ -46.303219555318307, -23.772314702197303, 0.0 ], [ -46.303227362148597, -23.772320725517382, 0.0 ], [ -46.303235282013269, -23.772326622527903, 0.0 ], [ -46.303243312499852, -23.772332391432563, 0.0 ], [ -46.303251451162161, -23.772338030474081, 0.0 ], [ -46.303259695521078, -23.772343537934741, 0.0 ], [ -46.303268043065266, -23.772348912136881, 0.0 ], [ -46.303276491251978, -23.772354151443466, 0.0 ], [ -46.303285037507791, -23.772359254258546, 0.0 ], [ -46.303293679229427, -23.772364219027729, 0.0 ], [ -46.3033024137845, -23.772369044238665, 0.0 ], [ -46.303311238512372, -23.77237372842157, 0.0 ], [ -46.303320150724922, -23.772378270149556, 0.0 ], [ -46.30332914770738, -23.772382668039171, 0.0 ], [ -46.303338226719156, -23.772386920750744, 0.0 ], [ -46.303347384994673, -23.772391026988853, 0.0 ], [ -46.3033566197442, -23.772394985502689, 0.0 ], [ -46.303365928154719, -23.772398795086445, 0.0 ], [ -46.30337530739078, -23.772402454579648, 0.0 ], [ -46.303384754595342, -23.772405962867595, 0.0 ], [ -46.30339426689067, -23.772409318881614, 0.0 ], [ -46.303403841379179, -23.772412521599403, 0.0 ], [ -46.303413475144389, -23.772415570045389, 0.0 ], [ -46.303423165251701, -23.772418463290979, 0.0 ], [ -46.303432908749393, -23.772421200454833, 0.0 ], [ -46.303442702669471, -23.772423780703196, 0.0 ], [ -46.30345254402858, -23.772426203250081, 0.0 ], [ -46.303462429828905, -23.772428467357553, 0.0 ], [ -46.303472357059114, -23.772430572335939, 0.0 ], [ -46.303482322695224, -23.77243251754404, 0.0 ], [ -46.30349232370159, -23.772434302389303, 0.0 ], [ -46.303502357031753, -23.772435926328061, 0.0 ], [ -46.303512419629435, -23.772437388865637, 0.0 ], [ -46.303522508429438, -23.772438689556516, 0.0 ], [ -46.303532620358574, -23.772439828004511, 0.0 ], [ -46.303542752336618, -23.772440803862811, 0.0 ], [ -46.303552901277222, -23.772441616834175, 0.0 ], [ -46.303563064088898, -23.772442266670964, 0.0 ], [ -46.303573237675906, -23.772442753175213, 0.0 ], [ -46.30358341893924, -23.772443076198755, 0.0 ], [ -46.303593604777554, -23.772443235643173, 0.0 ], [ -46.30360379208809, -23.772443231459917, 0.0 ], [ -46.303613977767675, -23.772443063650236, 0.0 ], [ -46.303624158713596, -23.772442732265283, 0.0 ], [ -46.303634331824611, -23.772442237405979, 0.0 ], [ -46.303644494001858, -23.772441579223077, 0.0 ], [ -46.303654642149795, -23.77244075791706, 0.0 ], [ -46.303664773177154, -23.772439773738117, 0.0 ], [ -46.303674883997907, -23.772438626986048, 0.0 ], [ -46.303684971532142, -23.772437318010173, 0.0 ], [ -46.303695032707083, -23.772435847209209, 0.0 ], [ -46.303705064457944, -23.772434215031197, 0.0 ], [ -46.303715063728937, -23.772432421973321, 0.0 ], [ -46.303725027474137, -23.772430468581774, 0.0 ], [ -46.303734952658473, -23.772428355451567, 0.0 ], [ -46.303744836258588, -23.772426083226406, 0.0 ], [ -46.303754675263825, -23.772423652598448, 0.0 ], [ -46.30376446667708, -23.77242106430808, 0.0 ], [ -46.303774207515772, -23.772418319143739, 0.0 ], [ -46.303783894812717, -23.772415417941652, 0.0 ], [ -46.303793525617039, -23.772412361585531, 0.0 ], [ -46.303803096995061, -23.772409151006421, 0.0 ], [ -46.303812606031236, -23.772405787182294, 0.0 ], [ -46.303822049828995, -23.772402271137793, 0.0 ], [ -46.303831425511625, -23.772398603943987, 0.0 ], [ -46.303840730223179, -23.772394786717946, 0.0 ], [ -46.303849961129345, -23.772390820622427, 0.0 ], [ -46.303859115418248, -23.772386706865571, 0.0 ], [ -46.303868190301408, -23.77238244670049, 0.0 ], [ -46.303877183014492, -23.772378041424872, 0.0 ], [ -46.30388609081821, -23.77237349238063, 0.0 ], [ -46.303894910999148, -23.772368800953465, 0.0 ], [ -46.30390364087058, -23.772363968572424, 0.0 ], [ -46.303912277773271, -23.772358996709553, 0.0 ], [ -46.303920819076339, -23.772353886879305, 0.0 ], [ -46.303929262177995, -23.772348640638231, 0.0 ], [ -46.30393760450638, -23.772343259584389, 0.0 ], [ -46.303945843520324, -23.772337745356925, 0.0 ], [ -46.303953976710133, -23.772332099635527, 0.0 ], [ -46.303962001598364, -23.772326324139975, 0.0 ], [ -46.303969915740531, -23.772320420629544, 0.0 ], [ -46.303977716725917, -23.772314390902519, 0.0 ], [ -46.303985402178263, -23.772308236795634, 0.0 ], [ -46.303992969756486, -23.772301960183512, 0.0 ], [ -46.304000417155443, -23.772295562978073, 0.0 ], [ -46.304007742106577, -23.772289047127995, 0.0 ], [ -46.304014942378643, -23.77228241461809, 0.0 ], [ -46.304022015778358, -23.772275667468687, 0.0 ], [ -46.304028960151108, -23.772268807735067, 0.0 ], [ -46.304035773381571, -23.772261837506775, 0.0 ], [ -46.304042453394388, -23.772254758907049, 0.0 ], [ -46.304048998154748, -23.772247574092084, 0.0 ], [ -46.304055405669082, -23.772240285250483, 0.0 ], [ -46.304061673985593, -23.77223289460251, 0.0 ], [ -46.304067801194911, -23.77222540439945, 0.0 ], [ -46.304073785430646, -23.77221781692289, 0.0 ], [ -46.304079624869942, -23.772210134484087, 0.0 ], [ -46.304085317734078, -23.772202359423176, 0.0 ], [ -46.304090862288959, -23.772194494108561, 0.0 ], [ -46.304096256845682, -23.772186540936076, 0.0 ], [ -46.304101499761025, -23.77217850232838, 0.0 ], [ -46.304106589437971, -23.772170380734103, 0.0 ], [ -46.304111524326174, -23.772162178627191, 0.0 ], [ -46.304116302922438, -23.772153898506087, 0.0 ], [ -46.304120923771187, -23.772145542893018, 0.0 ], [ -46.304125385464886, -23.772137114333184, 0.0 ], [ -46.30412968664448, -23.772128615394045, 0.0 ], [ -46.304133825999813, -23.772120048664437, 0.0 ], [ -46.304137802270034, -23.772111416753919, 0.0 ], [ -46.30414161424396, -23.772102722291837, 0.0 ], [ -46.304145260760443, -23.772093967926629, 0.0 ], [ -46.304148740708754, -23.772085156324966, 0.0 ], [ -46.304152053028908, -23.772076290170965, 0.0 ], [ -46.30415519671196, -23.772067372165349, 0.0 ], [ -46.304158170800349, -23.772058405024634, 0.0 ], [ -46.304160974388168, -23.772049391480305, 0.0 ], [ -46.304163606621458, -23.772040334277992, 0.0 ], [ -46.304166066698443, -23.772031236176602, 0.0 ], [ -46.304168353869798, -23.772022099947513, 0.0 ], [ -46.304170467438865, -23.77201292837373, 0.0 ], [ -46.304172406761857, -23.772003724248989, 0.0 ], [ -46.304174171248086, -23.771994490376969, 0.0 ], [ -46.304175760360103, -23.771985229570408, 0.0 ], [ -46.30417717361388, -23.771975944650226, 0.0 ], [ -46.304178410578977, -23.771966638444727, 0.0 ], [ -46.30417947087863, -23.771957313788647, 0.0 ], [ -46.304180354189903, -23.771947973522376, 0.0 ], [ -46.304181060243756, -23.77193862049106, 0.0 ], [ -46.30418158882518, -23.771929257543714, 0.0 ], [ -46.304181939773187, -23.771919887532395, 0.0 ], [ -46.304182112980918, -23.77191051331128, 0.0 ], [ -46.304182108395644, -23.771901137735867, 0.0 ], [ -46.304181926018806, -23.771891763662026, 0.0 ], [ -46.304181565905992, -23.771882393945205, 0.0 ], [ -46.304181028166944, -23.771873031439494, 0.0 ], [ -46.304180312965485, -23.771863678996816, 0.0 ], [ -46.304179420519525, -23.771854339465992, 0.0 ], [ -46.30417835110093, -23.771845015691941, 0.0 ], [ -46.304177105035514, -23.771835710514765, 0.0 ], [ -46.304175682702862, -23.771826426768918, 0.0 ], [ -46.304174084536278, -23.77181716728229, 0.0 ], [ -46.304172311022604, -23.771807934875412, 0.0 ], [ -46.304170362702109, -23.771798732360576, 0.0 ], [ -46.304168240168309, -23.771789562540921, 0.0 ], [ -46.304165944067776, -23.771780428209674, 0.0 ], [ -46.304163475099955, -23.771771332149218, 0.0 ], [ -46.304160834016962, -23.771762277130293, 0.0 ], [ -46.304158021623323, -23.771753265911151, 0.0 ], [ -46.304155038775754, -23.771744301236673, 0.0 ], [ -46.304151886382883, -23.771735385837577, 0.0 ], [ -46.304148565404994, -23.771726522429571, 0.0 ], [ -46.304145076853729, -23.771717713712512, 0.0 ], [ -46.304141421791734, -23.771708962369615, 0.0 ], [ -46.304137601332435, -23.771700271066628, 0.0 ], [ -46.304133616639589, -23.771691642450964, 0.0 ], [ -46.304129468927002, -23.771683079150993, 0.0 ], [ -46.304125159458124, -23.771674583775134, 0.0 ], [ -46.304120689545691, -23.771666158911192, 0.0 ], [ -46.304116060551316, -23.771657807125404, 0.0 ], [ -46.304111273885034, -23.77164953096182, 0.0 ], [ -46.304106331004945, -23.77164133294141, 0.0 ], [ -46.304101233416709, -23.771633215561359, 0.0 ], [ -46.304095982673125, -23.771625181294276, 0.0 ], [ -46.304090580373632, -23.77161723258747, 0.0 ], [ -46.30408502816384, -23.77160937186218, 0.0 ], [ -46.30407932773501, -23.771601601512835, 0.0 ], [ -46.304073480823583, -23.771593923906334, 0.0 ], [ -46.304067489210567, -23.771586341381358, 0.0 ], [ -46.304061354721107, -23.771578856247579, 0.0 ], [ -46.304055079223808, -23.771571470785037, 0.0 ], [ -46.304048664630272, -23.771564187243388, 0.0 ], [ -46.304042112894443, -23.771557007841249, 0.0 ], [ -46.304035426012057, -23.771549934765527, 0.0 ], [ -46.304028606020005, -23.771542970170753, 0.0 ], [ -46.304021654995715, -23.77153611617835, 0.0 ], [ -46.304014575056549, -23.77152937487612, 0.0 ], [ -46.304007368359116, -23.771522748317505, 0.0 ], [ -46.304000037098646, -23.771516238521002, 0.0 ], [ -46.303992583508311, -23.771509847469542, 0.0 ], [ -46.30398500985855, -23.771503577109872, 0.0 ], [ -46.303977318456347, -23.771497429352014, 0.0 ], [ -46.303969511644581, -23.771491406068595, 0.0 ], [ -46.303961591801276, -23.771485509094354, 0.0 ], [ -46.303953561338879, -23.771479740225555, 0.0 ], [ -46.303945422703535, -23.771474101219432, 0.0 ], [ -46.303937178374341, -23.771468593793653, 0.0 ], [ -46.303928830862581, -23.771463219625844, 0.0 ], [ -46.303920382710984, -23.771457980352995, 0.0 ], [ -46.303911836492915, -23.771452877571015, 0.0 ], [ -46.303903194811618, -23.771447912834258, 0.0 ], [ -46.303894460299404, -23.771443087655026, 0.0 ], [ -46.303885635616894, -23.771438403503076, 0.0 ], [ -46.303876723452142, -23.771433861805257, 0.0 ], [ -46.303867726519847, -23.771429463944983, 0.0 ], [ -46.303858647560538, -23.771425211261885, 0.0 ], [ -46.303849489339747, -23.771421105051342, 0.0 ], [ -46.30384025464712, -23.771417146564158, 0.0 ], [ -46.303830946295619, -23.77141333700607, 0.0 ], [ -46.303821567120615, -23.771409677537545, 0.0 ], [ -46.303812119979078, -23.771406169273256, 0.0 ], [ -46.303802607748665, -23.771402813281835, 0.0 ], [ -46.303793033326869, -23.771399610585568, 0.0 ], [ -46.30378339963012, -23.771396562159993, 0.0 ], [ -46.303773709592903, -23.77139366893368, 0.0 ], [ -46.303763966166862, -23.771390931787938, 0.0 ], [ -46.303754172319906, -23.771388351556521, 0.0 ], [ -46.303744331035318, -23.771385929025371, 0.0 ], [ -46.303734445310788, -23.771383664932419, 0.0 ], [ -46.303724518157587, -23.771381559967313, 0.0 ], [ -46.30371455259958, -23.771379614771249, 0.0 ], [ -46.303704551672347, -23.771377829936746, 0.0 ], [ -46.303694518422219, -23.771376206007471, 0.0 ], [ -46.303684455905383, -23.771374743478095, 0.0 ], [ -46.303674367186957, -23.771373442794093, 0.0 ], [ -46.303664255340017, -23.771372304351686, 0.0 ], [ -46.303654123444687, -23.77137132849764, 0.0 ], [ -46.30364397458721, -23.771370515529224, 0.0 ], [ -46.30363381185898, -23.771369865694037, 0.0 ], [ -46.303623638355631, -23.771369379190073, 0.0 ], [ -46.303613457176077, -23.77136905616549, 0.0 ], [ -46.303603271421558, -23.771368896718705, 0.0 ], [ -46.303593084194716, -23.771368900898267, 0.0 ] ] ] ] } }
]
}
