{
"type": "FeatureCollection",
"name": "Viadutos",
"crs": { "type": "name", "properties": { "name": "urn:ogc:def:crs:OGC:1.3:CRS84" } },
"features": [
{ "type": "Feature", "properties": { "ID": 3070 }, "geometry": { "type": "MultiLineString", "coordinates": [ [ [ -46.532884152640285, -23.658268482953012 ], [ -46.532890944180807, -23.658269587262158 ], [ -46.532897636397458, -23.65827112213853 ], [ -46.532904197159446, -23.65827308020852 ], [ -46.532910594967433, -23.6582754520789 ], [ -46.532916799104221, -23.658278226355034 ], [ -46.532922779782126, -23.658281389720106 ], [ -46.532928508286837, -23.658284926986475 ], [ -46.532933957114416, -23.658288821167496 ], [ -46.532939100104024, -23.658293053570972 ], [ -46.532943912562928, -23.658297603873255 ], [ -46.532948371385572, -23.658302450231087 ], [ -46.532952455163922, -23.658307569372063 ], [ -46.532956144290921, -23.658312936716442 ] ] ] } },
{ "type": "Feature", "properties": { "ID": 3071 }, "geometry": { "type": "MultiLineString", "coordinates": [ [ [ -46.532910650602354, -23.658332396965331 ], [ -46.532904639605867, -23.658321348922591 ], [ -46.532887731085488, -23.658300565439475 ], [ -46.532872705971819, -23.658289967776835 ], [ -46.532856774289371, -23.658285700421725 ], [ -46.532841868122667, -23.658285306031466 ] ] ] } },
{ "type": "Feature", "properties": { "ID": 3072 }, "geometry": { "type": "MultiLineString", "coordinates": [ [ [ -46.532916558311328, -23.658342994504938 ], [ -46.532910650602354, -23.658332396965331 ] ] ] } },
{ "type": "Feature", "properties": { "ID": 3073 }, "geometry": { "type": "MultiLineString", "coordinates": [ [ [ -46.53304081659445, -23.658276716372885 ], [ -46.533041524109521, -23.658277969573092 ], [ -46.533042220764848, -23.658279227928311 ], [ -46.533042906516272, -23.658280491351977 ], [ -46.533043581320271, -23.658281759770258 ], [ -46.533044245133915, -23.658283033097447 ], [ -46.533044897915111, -23.658284311255375 ], [ -46.533045539622606, -23.658285594164361 ] ] ] } },
{ "type": "Feature", "properties": { "ID": 3074 }, "geometry": { "type": "MultiLineString", "coordinates": [ [ [ -46.533045539622584, -23.658285594164361 ], [ -46.533049624396916, -23.658294479665461 ], [ -46.533053178408082, -23.658303556684263 ], [ -46.533056191132168, -23.658312798337054 ], [ -46.533058653648403, -23.658322177264161 ], [ -46.533060558664573, -23.658331665692568 ], [ -46.53306190053982, -23.658341235523928 ], [ -46.533062675300599, -23.65835085842372 ] ] ] } },
{ "type": "Feature", "properties": { "ID": 3075 }, "geometry": { "type": "MultiLineString", "coordinates": [ [ [ -46.532956144292733, -23.658312936719316 ], [ -46.532957009784802, -23.658314325795061 ], [ -46.532957848802106, -23.658315728584686 ], [ -46.532958661088692, -23.658317144662437 ], [ -46.532959446396255, -23.658318573592627 ], [ -46.532960204485597, -23.658320014944852 ], [ -46.532960935125061, -23.658321468270358 ], [ -46.532961638091891, -23.658322933134947 ] ] ] } },
{ "type": "Feature", "properties": { "ID": 3076 }, "geometry": { "type": "MultiLineString", "coordinates": [ [ [ -46.533062675300613, -23.658350858423994 ], [ -46.533062723215323, -23.658351861199314 ], [ -46.533062764967255, -23.658352864209096 ], [ -46.53306280055493, -23.658353867417656 ], [ -46.533062829977155, -23.658354870798082 ], [ -46.533062853233105, -23.65835587431809 ], [ -46.533062870322077, -23.658356877940022 ], [ -46.533062881243282, -23.658357881636075 ], [ -46.533062909806276, -23.658358504220828 ], [ -46.533062984915638, -23.658359123511907 ], [ -46.533063106213632, -23.658359736554392 ], [ -46.533063273122821, -23.658360340433408 ], [ -46.5330634848481, -23.658360932270668 ], [ -46.533063740381188, -23.658361509247065 ], [ -46.533064038505458, -23.658362068616604 ], [ -46.533064377801011, -23.658362607714945 ], [ -46.533064756652159, -23.658363123976589 ], [ -46.533065173254684, -23.658363614939091 ], [ -46.533065625624658, -23.658364078266651 ], [ -46.533066111607916, -23.658364511754339 ], [ -46.533066628890033, -23.658364913336619 ], [ -46.533067175007893, -23.658365281100117 ], [ -46.533067747360455, -23.658365613292169 ], [ -46.533068343222219, -23.658365908335711 ], [ -46.533068959755695, -23.658366164822738 ], [ -46.533069594024745, -23.658366381529255 ], [ -46.533070243009057, -23.658366557427978 ], [ -46.533070903618025, -23.658366691679664 ], [ -46.533071572705516, -23.658366783643686 ], [ -46.533072247085421, -23.658366832882205 ], [ -46.533072923546378, -23.658366839162166 ], [ -46.533073598866707, -23.658366802453003 ], [ -46.5330742698306, -23.65836672293079 ], [ -46.533074933242879, -23.6583666009716 ], [ -46.533075585944076, -23.658366437158964 ], [ -46.533076224826068, -23.658366232269653 ], [ -46.533076846846576, -23.658365987282433 ] ] ] } },
{ "type": "Feature", "properties": { "ID": 3077 }, "geometry": { "type": "MultiLineString", "coordinates": [ [ [ -46.53291312310111, -23.658418342756828 ], [ -46.532922990113413, -23.658406957045678 ], [ -46.53292779993177, -23.658390654589741 ], [ -46.532927304798307, -23.658373411254932 ], [ -46.532917962245996, -23.658345689764246 ], [ -46.532916558311328, -23.658342994504938 ] ] ] } },
{ "type": "Feature", "properties": { "ID": 3078 }, "geometry": { "type": "MultiLineString", "coordinates": [ [ [ -46.532961638091464, -23.658322933133956 ], [ -46.532963963093458, -23.658328363770824 ], [ -46.532965908176713, -23.65833391969786 ], [ -46.532967465455187, -23.658339578386531 ], [ -46.532968628614874, -23.658345316895218 ], [ -46.532969392939954, -23.658351111958602 ], [ -46.532969755331457, -23.658356940081127 ], [ -46.53296971432016, -23.658362777632718 ], [ -46.532969270072151, -23.658368600945579 ], [ -46.532968424388606, -23.658374386413232 ], [ -46.532967180698222, -23.658380110574594 ], [ -46.532965544043257, -23.658385750224969 ], [ -46.532963521059344, -23.658391282496993 ], [ -46.532961119948254, -23.658396684963265 ] ] ] } },
{ "type": "Feature", "properties": { "ID": 3079 }, "geometry": { "type": "MultiLineString", "coordinates": [ [ [ -46.528579354782281, -23.65305819978596 ], [ -46.528609467563228, -23.653076505656202 ], [ -46.528625662749612, -23.65308664071371 ], [ -46.528641858987903, -23.653096866063947 ], [ -46.528658055228661, -23.65310709141233 ], [ -46.528690348646386, -23.653127452775742 ], [ -46.528706544894511, -23.653137678118728 ], [ -46.52872274114511, -23.653147903459889 ], [ -46.528738936348638, -23.653158038504369 ], [ -46.528755034582446, -23.65316826480867 ], [ -46.528771230840398, -23.653178490144324 ], [ -46.528787427100838, -23.653188715478048 ], [ -46.528803622314165, -23.653198850515299 ], [ -46.528819818579521, -23.653209075845453 ], [ -46.528836014847343, -23.653219301173756 ], [ -46.528852112046259, -23.653229437172289 ], [ -46.528868308318984, -23.653239662496855 ], [ -46.528884504594167, -23.653249887819662 ], [ -46.528900700871823, -23.653260113140551 ], [ -46.528916896102295, -23.653270248165054 ], [ -46.528933092384868, -23.653280473482184 ], [ -46.528949190648113, -23.653290699764597 ], [ -46.528965385885932, -23.653300834783419 ], [ -46.528981582175874, -23.653311060095234 ], [ -46.52899777846828, -23.653321285405205 ], [ -46.52901397476316, -23.653331510713343 ], [ -46.52903017001077, -23.653341645724829 ], [ -46.529035700172692, -23.65334511306704 ] ] ] } },
{ "type": "Feature", "properties": { "ID": 3080 }, "geometry": { "type": "MultiLineString", "coordinates": [ [ [ -46.529139198654534, -23.653410466232241 ], [ -46.529143346017712, -23.653413044161951 ], [ -46.529159542334739, -23.653423269453594 ], [ -46.529175738654203, -23.653433494743297 ], [ -46.529191934976126, -23.653443720031252 ], [ -46.529208130250687, -23.653453855022669 ], [ -46.529215340442398, -23.653458479748174 ] ] ] } },
{ "type": "Feature", "properties": { "ID": 3081 }, "geometry": { "type": "MultiLineString", "coordinates": [ [ [ -46.529215340442398, -23.653458479748174 ], [ -46.529224228555627, -23.653464081273981 ], [ -46.529240424884939, -23.653474306556451 ], [ -46.529256620166827, -23.653484441542368 ], [ -46.529272816501063, -23.653494666821068 ], [ -46.529289012837772, -23.65350489209802 ], [ -46.529305209176925, -23.653515117373146 ], [ -46.529321306446668, -23.653525253318822 ], [ -46.529337502790725, -23.653535478590271 ], [ -46.529353699137268, -23.653545703859802 ], [ -46.529369895486269, -23.653555929127496 ], [ -46.529386090787746, -23.65356606409874 ], [ -46.529402189119686, -23.653576290330005 ], [ -46.529418385476063, -23.653586515592291 ], [ -46.52943458078488, -23.653596650558125 ], [ -46.529450777146181, -23.653606875816656 ], [ -46.529465689773389, -23.653616300995711 ] ] ] } },
{ "type": "Feature", "properties": { "ID": 3082 }, "geometry": { "type": "MultiLineString", "coordinates": [ [ [ -46.549223806819811, -23.654308089370613 ], [ -46.549209090684435, -23.654308069867163 ], [ -46.549194407367104, -23.654308974897507 ], [ -46.549179825238284, -23.654310800243728 ], [ -46.549165412197858, -23.654313537408459 ], [ -46.549151235357812, -23.654317173645737 ], [ -46.549137360730697, -23.654321692025402 ], [ -46.549123852921987, -23.654327071506231 ], [ -46.549110774828641, -23.654333287042203 ], [ -46.549098187347276, -23.654340309686674 ], [ -46.549086149089845, -23.654348106745893 ], [ -46.549074716110681, -23.65435664190877 ], [ -46.549063941646331, -23.654365875436774 ], [ -46.54905387586647, -23.654375764332212 ], [ -46.549044565641459, -23.654386262547252 ], [ -46.549036054323302, -23.654397321203533 ], [ -46.54902838154382, -23.654408888805186 ], [ -46.549021583030587, -23.654420911488291 ], [ -46.549015690440378, -23.654433333270109 ], [ -46.549010731211439, -23.654446096313251 ], [ -46.549006728436218, -23.654459141187434 ], [ -46.54900370075319, -23.654472407150465 ], [ -46.549001662260835, -23.654485832429003 ], [ -46.549000622451459, -23.654499354513113 ], [ -46.54900058616694, -23.654512910435489 ], [ -46.549001553576801, -23.654526437079308 ] ] ] } },
{ "type": "Feature", "properties": { "ID": 3083 }, "geometry": { "type": "MultiLineString", "coordinates": [ [ [ -46.53136255372273, -23.655015540130492 ], [ -46.531311019047074, -23.654976134516268 ], [ -46.53130270731863, -23.654969534069799 ], [ -46.53129429861945, -23.654963024885916 ], [ -46.531286082812883, -23.654956242880846 ], [ -46.531277867007134, -23.654949460875301 ], [ -46.531269651202258, -23.654942678869247 ], [ -46.531261629341344, -23.654935714336769 ], [ -46.531253607481297, -23.654928749803727 ], [ -46.531245584570755, -23.654921694975624 ], [ -46.531237756655564, -23.654914547915634 ], [ -46.53123002571278, -23.654907309592147 ], [ -46.531222294770849, -23.654900071268226 ], [ -46.53121456277848, -23.654892742649348 ], [ -46.531207123804279, -23.654885320830136 ], [ -46.531199586808079, -23.654877899978938 ], [ -46.531193135423301, -23.65487110053698 ], [ -46.531177460682464, -23.654855181108033 ], [ -46.53117041065012, -23.654847484529526 ], [ -46.531163261544471, -23.654839698624343 ], [ -46.531156209411272, -23.654831821455957 ], [ -46.531030238773106, -23.654688939142247 ], [ -46.530985561686819, -23.654640983476057 ], [ -46.530938153892663, -23.654595306628426 ], [ -46.530888152155157, -23.654552040363445 ], [ -46.530835700721518, -23.654511309498314 ], [ -46.530780950905893, -23.654473231534471 ], [ -46.530724060651551, -23.654437916317494 ], [ -46.53066519407669, -23.654405465725041 ], [ -46.530477897506138, -23.654308340477833 ], [ -46.530460834540875, -23.65429947846674 ], [ -46.530443673555361, -23.654290617421562 ], [ -46.530426610594539, -23.65428175540643 ], [ -46.530409548686677, -23.654272983683867 ], [ -46.530392485730275, -23.654264121664724 ], [ -46.530378973648901, -23.654257120987658 ], [ -46.530362006617558, -23.654248077407754 ], [ -46.530345039588482, -23.654239033825849 ], [ -46.530328072561652, -23.654229990242062 ], [ -46.530311105537088, -23.654220946656277 ], [ -46.53029413851479, -23.654211903068504 ], [ -46.530277171494745, -23.654202859478655 ], [ -46.530260204476953, -23.654193815886902 ], [ -46.530243237461427, -23.654184772293068 ], [ -46.530226270448168, -23.654175728697247 ], [ -46.530209303437147, -23.654166685099536 ], [ -46.530192336428399, -23.654157641499832 ], [ -46.530182472207073, -23.654152410890404 ], [ -46.530165792965718, -23.654142822616542 ], [ -46.530149212799635, -23.654133323667676 ], [ -46.530132533562991, -23.654123735389863 ], [ -46.530115953401584, -23.654114236437177 ], [ -46.530099274169658, -23.654104648155613 ], [ -46.530082595990585, -23.654095150166683 ], [ -46.53006601478571, -23.654085560913572 ], [ -46.530059304096646, -23.654081744044877 ], [ -46.530043107631151, -23.654071518855964 ], [ -46.530026912218581, -23.654061383959952 ], [ -46.530010813780294, -23.654051157799714 ], [ -46.529994617322174, -23.654040932605291 ], [ -46.52997842086652, -23.654030707409117 ], [ -46.529962225463727, -23.654020572505694 ], [ -46.52994602901299, -23.654010347305757 ], [ -46.529929832564711, -23.654000122104083 ], [ -46.529913734141182, -23.653989895932991 ], [ -46.529897538748187, -23.653979761022143 ], [ -46.529881342307277, -23.653969535815058 ], [ -46.529865145868847, -23.653959310605945 ], [ -46.529848950483199, -23.653949175689686 ], [ -46.529832754049679, -23.65393895047691 ], [ -46.529816655640857, -23.653928724294882 ], [ -46.529800459212261, -23.65391849907844 ], [ -46.529784263836397, -23.65390836415494 ], [ -46.529768067412718, -23.653898138934824 ], [ -46.529751870991511, -23.653887913712882 ], [ -46.529735772594961, -23.653877687521632 ], [ -46.529719577228903, -23.6538675525908 ], [ -46.529703380815057, -23.653857327363358 ], [ -46.529687184403691, -23.653847102134076 ], [ -46.52967098904498, -23.653836967197741 ], [ -46.529654792638524, -23.653826741964778 ], [ -46.529638694256683, -23.653816515762685 ], [ -46.529622497855144, -23.653806290526173 ], [ -46.529606302506231, -23.653796155582324 ], [ -46.529590106109616, -23.653785930342121 ], [ -46.529573909715467, -23.653775705100085 ], [ -46.52955781134591, -23.65376547888879 ], [ -46.529541616006775, -23.653755343937789 ], [ -46.529525419620008, -23.653745118690161 ], [ -46.529509223235699, -23.65373489344071 ], [ -46.529493027903904, -23.65372475848411 ], [ -46.529476831524526, -23.653714533231071 ], [ -46.529460733169671, -23.653704307008827 ], [ -46.529444536795197, -23.653694081752136 ], [ -46.529428341473213, -23.653683946788195 ], [ -46.529412145103663, -23.653673721527831 ], [ -46.529395948736578, -23.653663496265537 ], [ -46.529379752371952, -23.653653271001399 ], [ -46.529363655081809, -23.653643135063 ], [ -46.5293474587221, -23.653632909795199 ], [ -46.529331262364849, -23.653622684525573 ], [ -46.529315067059997, -23.653612549548892 ], [ -46.52929887070767, -23.653602324275596 ], [ -46.529282772379815, -23.653592098033382 ], [ -46.529266576032398, -23.653581872756423 ], [ -46.529250380737352, -23.653571737772317 ], [ -46.529234184394866, -23.65356151249177 ], [ -46.529217988054839, -23.653551287209389 ], [ -46.529201791717284, -23.653541061925075 ], [ -46.529185694453986, -23.653530925966542 ], [ -46.529169498121341, -23.653520700678659 ], [ -46.529153301791155, -23.653510475388853 ], [ -46.529137106513247, -23.653500340392014 ], [ -46.529120910187984, -23.653490115098528 ], [ -46.529104811887102, -23.653479888836173 ], [ -46.529088615566756, -23.653469663539024 ], [ -46.529072420298647, -23.65345952853486 ], [ -46.529040027670241, -23.653439077931484 ], [ -46.529023831359758, -23.653428852627091 ], [ -46.529007734123319, -23.653418716648417 ], [ -46.528991537817753, -23.653408491340446 ], [ -46.528975341514624, -23.653398266030464 ], [ -46.528959145213967, -23.653388040718646 ], [ -46.528942949965433, -23.653377905699802 ], [ -46.528926753669701, -23.653367680384314 ], [ -46.528910655398271, -23.65335745410006 ], [ -46.52889446015709, -23.653347319075721 ], [ -46.528878263868734, -23.653337093754732 ], [ -46.528845871299396, -23.653316643107249 ], [ -46.528829774089814, -23.653306507108706 ], [ -46.528813577811299, -23.653296281780388 ], [ -46.528797381535227, -23.65328605645032 ], [ -46.528781185261629, -23.653275831118407 ], [ -46.528764990040052, -23.653265696079224 ], [ -46.528748793771371, -23.653255470743641 ], [ -46.528732695526934, -23.653245244439436 ], [ -46.528716500312683, -23.653235109394835 ], [ -46.528700304051391, -23.65322488405377 ], [ -46.528684107792543, -23.653214658710766 ], [ -46.528667911536161, -23.653204433365932 ], [ -46.528651814353459, -23.653194297347333 ], [ -46.528635618102001, -23.653184071998833 ], [ -46.52860322560646, -23.653163621296518 ], [ -46.528570834170196, -23.653143260881322 ], [ -46.528533503881803, -23.653119698181953 ], [ -46.528264041596131, -23.652936688057771 ], [ -46.527766724803726, -23.652565650633864 ], [ -46.527699676943961, -23.652515560014411 ], [ -46.52753963864712, -23.652376261323287 ], [ -46.527411915722197, -23.652259220290507 ], [ -46.526871696648534, -23.651764162043168 ], [ -46.526331318659302, -23.651263504357598 ], [ -46.526239851549555, -23.65117870540416 ], [ -46.526224960960363, -23.651162687397317 ], [ -46.526205184026274, -23.651147981771938 ], [ -46.526046963618775, -23.651012998128426 ], [ -46.525903119858214, -23.650891960390872 ], [ -46.525797728145591, -23.650806756391493 ], [ -46.525634964882251, -23.650685724000166 ], [ -46.525470084221105, -23.650568053552732 ], [ -46.525295419665724, -23.650452014376867 ], [ -46.525208425533222, -23.650397784200504 ] ] ] } },
{ "type": "Feature", "properties": { "ID": 3084 }, "geometry": { "type": "MultiLineString", "coordinates": [ [ [ -46.497285905521053, -23.661533061426525 ], [ -46.497280742146643, -23.661463287407202 ], [ -46.497277653134688, -23.661393409387603 ], [ -46.497276640794041, -23.661323479677105 ], [ -46.497277705879505, -23.661253550629873 ], [ -46.49728084759046, -23.661183674603194 ], [ -46.497286063571451, -23.661113903901473 ], [ -46.497293349914301, -23.66104429076244 ] ] ] } },
{ "type": "Feature", "properties": { "ID": 3085 }, "geometry": { "type": "MultiLineString", "coordinates": [ [ [ -46.497367588943156, -23.661526897643437 ], [ -46.497358747928857, -23.661350578986021 ], [ -46.497363541534405, -23.66117412760341 ], [ -46.497381945433105, -23.660998436920295 ], [ -46.497413866385507, -23.66082439652379 ], [ -46.497459142712593, -23.660652887626831 ], [ -46.497517545115095, -23.660484778630458 ], [ -46.497588777835993, -23.660320920711982 ], [ -46.497672480158677, -23.660162143523003 ], [ -46.497768228234271, -23.660009250989866 ] ] ] } },
{ "type": "Feature", "properties": { "ID": 3086 }, "geometry": { "type": "MultiLineString", "coordinates": [ [ [ -46.497361628789506, -23.661527347394603 ], [ -46.497352768150492, -23.661350637195568 ], [ -46.497357572408937, -23.661173793976044 ], [ -46.497376017184102, -23.660997713147434 ], [ -46.497408009029321, -23.660823286268901 ], [ -46.497453385906347, -23.660651396513952 ], [ -46.497511918006687, -23.660482914209013 ], [ -46.49758330891634, -23.660318692423768 ], [ -46.497667197117373, -23.660159562647578 ], [ -46.49776315781989, -23.660006330598129 ] ] ] } },
{ "type": "Feature", "properties": { "ID": 3285 }, "geometry": { "type": "MultiLineString", "coordinates": [ [ [ -46.535091916909934, -23.656421899339396 ], [ -46.535091278174967, -23.656425969383978 ], [ -46.535088958280006, -23.656437190162897 ], [ -46.535080610449853, -23.656477910026616 ], [ -46.535075943251492, -23.656498003929734 ] ] ] } },
{ "type": "Feature", "properties": { "ID": 3286 }, "geometry": { "type": "MultiLineString", "coordinates": [ [ [ -46.534496396947411, -23.656572261051632 ], [ -46.534495607236899, -23.656571816316067 ], [ -46.534494850736273, -23.656571325031383 ], [ -46.534494130674233, -23.65657078929177 ], [ -46.534493450124408, -23.656570211390989 ], [ -46.534492811991008, -23.65656959378811 ], [ -46.534492218997762, -23.656568939123794 ], [ -46.534491673675419, -23.656568250189142 ], [ -46.53449117835153, -23.656567529925827 ], [ -46.534490735139855, -23.656566781406838 ], [ -46.534490345932383, -23.656566007830083 ], [ -46.534490012389853, -23.65656521249263 ], [ -46.53448973593607, -23.656564398792934 ], [ -46.534489517750977, -23.65656357020185 ], [ -46.534489358765519, -23.656562730257296 ], [ -46.534489259658365, -23.656561882538835 ] ] ] } },
{ "type": "Feature", "properties": { "ID": 3287 }, "geometry": { "type": "MultiLineString", "coordinates": [ [ [ -46.53489821422869, -23.656574356028187 ], [ -46.534903341003286, -23.656560037087853 ], [ -46.53491153393891, -23.656531239005268 ] ] ] } },
{ "type": "Feature", "properties": { "ID": 3288 }, "geometry": { "type": "MultiLineString", "coordinates": [ [ [ -46.53491153288499, -23.656531148710833 ], [ -46.534912098896157, -23.656529246703396 ], [ -46.534919724763455, -23.656502260333379 ] ] ] } },
{ "type": "Feature", "properties": { "ID": 3289 }, "geometry": { "type": "MultiLineString", "coordinates": [ [ [ -46.534271975672041, -23.657331353351591 ], [ -46.534271159383799, -23.657332310906344 ], [ -46.534270274879631, -23.657333215593273 ], [ -46.534269326183086, -23.657334063304827 ], [ -46.534268317610213, -23.657334850182032 ], [ -46.534267253748645, -23.657335572643095 ], [ -46.534266139437996, -23.657336227406251 ], [ -46.534264979747249, -23.657336811488893 ], [ -46.534263779951765, -23.657337322233609 ], [ -46.534262545509534, -23.657337757321386 ], [ -46.534261282035878, -23.657338114769647 ], [ -46.53425999527834, -23.657338392951942 ], [ -46.534258691090571, -23.65733859060461 ], [ -46.534257375405247, -23.657338706829243 ], [ -46.53425605420712, -23.657338741095074 ], [ -46.534254733506771, -23.657338693245709 ], [ -46.534253419311746, -23.657338563501561 ], [ -46.53425211760041, -23.657338352451514 ], [ -46.534250834294241, -23.657338061053185 ], [ -46.53424957523098, -23.657337690637476 ], [ -46.534248346138043, -23.657337242883035 ], [ -46.534247152606667, -23.657336719831562 ], [ -46.534246000066268, -23.657336123862237 ], [ -46.534244893759578, -23.657335457683342 ], [ -46.534243838719235, -23.657334724326063 ], [ -46.534242839744785, -23.657333927129589 ], [ -46.534241901380263, -23.657333069715559 ], [ -46.53424102789451, -23.657332155988225 ], [ -46.534240223260845, -23.657331190100209 ], [ -46.534239491139772, -23.657330176450529 ], [ -46.534238834861412, -23.657329119645986 ], [ -46.534238257411467, -23.657328024494923 ], [ -46.534237761416506, -23.65732689597926 ], [ -46.534237349132859, -23.657325739235361 ], [ -46.534237022436088, -23.657324559521719 ], [ -46.534236782812407, -23.657323362204068 ], [ -46.534236631351654, -23.657322152733855 ], [ -46.534236568742756, -23.657320936607434 ], [ -46.534236595270912, -23.65731971936172 ], [ -46.534236710815009, -23.657318506531219 ], [ -46.534236914849686, -23.657317303632897 ], [ -46.534237206446882, -23.657316116141402 ], [ -46.534237584279929, -23.657314949457867 ], [ -46.534238046629895, -23.657313808884592 ] ] ] } },
{ "type": "Feature", "properties": { "ID": 3290 }, "geometry": { "type": "MultiLineString", "coordinates": [ [ [ -46.534238044656021, -23.657313807075372 ], [ -46.534466578892037, -23.656802405704806 ] ] ] } },
{ "type": "Feature", "properties": { "ID": 3291 }, "geometry": { "type": "MultiLineString", "coordinates": [ [ [ -46.534466592589276, -23.65680357953245 ], [ -46.534502576225051, -23.656719962174122 ] ] ] } },
{ "type": "Feature", "properties": { "ID": 3292 }, "geometry": { "type": "MultiLineString", "coordinates": [ [ [ -46.534782138976574, -23.656633029762762 ], [ -46.534740479668955, -23.65670071942581 ], [ -46.534622982026775, -23.656864341369875 ], [ -46.53450269411023, -23.657024107752918 ], [ -46.534340572348704, -23.65724506339707 ], [ -46.534271973698409, -23.657331351542016 ] ] ] } },
{ "type": "Feature", "properties": { "ID": 3293 }, "geometry": { "type": "MultiLineString", "coordinates": [ [ [ -46.534843455875212, -23.656477278796135 ], [ -46.534840346497617, -23.656488055866546 ], [ -46.534836936724574, -23.656498294082738 ], [ -46.534820642535522, -23.656546949153324 ] ] ] } },
{ "type": "Feature", "properties": { "ID": 3294 }, "geometry": { "type": "MultiLineString", "coordinates": [ [ [ -46.534854176389025, -23.656429852885477 ], [ -46.534850419826526, -23.65645237599578 ], [ -46.534849542138417, -23.656456904013936 ], [ -46.534848614477944, -23.656460835248101 ], [ -46.534846713007681, -23.656467661074156 ], [ -46.534840149395926, -23.65648796751368 ], [ -46.534831117555484, -23.656516317168702 ], [ -46.534826413231002, -23.656530434322466 ], [ -46.534821496296743, -23.656544502467462 ], [ -46.534816432211379, -23.656558254888981 ], [ -46.534812449815369, -23.656568506144165 ], [ -46.534809330006766, -23.65657614590182 ], [ -46.534804392580327, -23.656587507497633 ], [ -46.534799090871068, -23.656598726653176 ], [ -46.534782138976574, -23.656633029762762 ] ] ] } },
{ "type": "Feature", "properties": { "ID": 3295 }, "geometry": { "type": "MultiLineString", "coordinates": [ [ [ -46.529465689773389, -23.653616300995711 ], [ -46.52946697350994, -23.653617101073351 ], [ -46.529483169876158, -23.653627326328287 ], [ -46.529499267172746, -23.653637462254004 ], [ -46.529515463543888, -23.653647687505188 ], [ -46.529531659917502, -23.653657912754547 ], [ -46.52954785524345, -23.653668047707544 ], [ -46.529564051621968, -23.653678272953236 ], [ -46.529580248002958, -23.653688498197088 ], [ -46.529596346364329, -23.653698724406542 ], [ -46.529612541700082, -23.653708859352136 ], [ -46.529628738088441, -23.653719084590477 ], [ -46.529644934479272, -23.653729309827085 ], [ -46.52966113087254, -23.653739535061849 ], [ -46.529677326218099, -23.65374967 ], [ -46.5296934245942, -23.653759896198526 ], [ -46.529709620994865, -23.653770121427709 ], [ -46.529725816347764, -23.653780256360463 ], [ -46.529742012753331, -23.653790481586054 ], [ -46.529758209161379, -23.653800706809811 ], [ -46.529774307549751, -23.653810932999125 ], [ -46.529790502912448, -23.653821067924547 ], [ -46.529806699327871, -23.653831293142719 ], [ -46.529822895745745, -23.653841518359055 ], [ -46.52983909111579, -23.653851653279055 ], [ -46.529855287538595, -23.653861878491725 ], [ -46.529871385941668, -23.653872104670093 ], [ -46.529887582369398, -23.653882329879185 ], [ -46.529903777749219, -23.65389246479177 ], [ -46.529919974181865, -23.653902689997089 ], [ -46.529936170616963, -23.653912915200685 ], [ -46.529952367054548, -23.653923140402426 ], [ -46.529968464421948, -23.65393327627519 ], [ -46.529984660864422, -23.653943501473279 ], [ -46.530000857309382, -23.653953726669432 ], [ -46.530017052706356, -23.653963861569185 ], [ -46.530033249156219, -23.653974086761753 ], [ -46.53003394056423, -23.653974531461536 ] ] ] } },
{ "type": "Feature", "properties": { "ID": 3296 }, "geometry": { "type": "MultiLineString", "coordinates": [ [ [ -46.530724302009432, -23.654363617784732 ], [ -46.53078384493795, -23.654396011714571 ], [ -46.530841748093387, -23.65443083676081 ], [ -46.530897894577777, -23.654468022615077 ], [ -46.530952171039566, -23.654507494210417 ], [ -46.531004467901873, -23.654549171855653 ], [ -46.531054679584365, -23.654592971409713 ], [ -46.531102704715948, -23.6546388044524 ] ] ] } },
{ "type": "Feature", "properties": { "ID": 3297 }, "geometry": { "type": "MultiLineString", "coordinates": [ [ [ -46.530724311402082, -23.654363611937196 ], [ -46.530623807496312, -23.654311414859329 ] ] ] } },
{ "type": "Feature", "properties": { "ID": 3298 }, "geometry": { "type": "MultiLineString", "coordinates": [ [ [ -46.530540457737921, -23.65419233867518 ], [ -46.530477294826049, -23.654176333273174 ], [ -46.530414968509902, -23.65415775223055 ], [ -46.530353602499005, -23.65413663242304 ], [ -46.530293318597323, -23.654113015771113 ], [ -46.530234236460252, -23.6540869491525 ], [ -46.530176473358011, -23.654058484305406 ], [ -46.530120143942582, -23.654027677729871 ] ] ] } },
{ "type": "Feature", "properties": { "ID": 3299 }, "geometry": { "type": "MultiLineString", "coordinates": [ [ [ -46.53054044278538, -23.654192354029369 ], [ -46.530552940164533, -23.654195327314383 ], [ -46.530565393961687, -23.6541984519213 ], [ -46.530577802017639, -23.65420172730397 ], [ -46.530590162181078, -23.654205152896946 ], [ -46.530602472309297, -23.654208728107761 ], [ -46.530614730267992, -23.654212452312692 ], [ -46.530626933932062, -23.654216324870813 ] ] ] } },
{ "type": "Feature", "properties": { "ID": 3300 }, "geometry": { "type": "MultiLineString", "coordinates": [ [ [ -46.53003394056423, -23.653974531461536 ], [ -46.530049445608554, -23.653984311952403 ], [ -46.530065544041079, -23.653994538108901 ], [ -46.530081739447844, -23.6540046730013 ], [ -46.530097935907548, -23.654014898186553 ], [ -46.53010464659409, -23.654018715053812 ], [ -46.530121227792812, -23.654028304303154 ], [ -46.530130405846265, -23.654033541691 ] ] ] } },
{ "type": "Feature", "properties": { "ID": 3301 }, "geometry": { "type": "MultiLineString", "coordinates": [ [ [ -46.530637678245768, -23.654213664290577 ], [ -46.530638038084895, -23.654213251476104 ], [ -46.530638371042741, -23.654212819949869 ], [ -46.530638675974551, -23.654212371187608 ], [ -46.530638951832202, -23.654211906735856 ], [ -46.530639197667682, -23.654211428192923 ], [ -46.530639412635558, -23.654210937198087 ], [ -46.530639595997414, -23.654210435444647 ] ] ] } },
{ "type": "Feature", "properties": { "ID": 3302 }, "geometry": { "type": "MultiLineString", "coordinates": [ [ [ -46.530626964043549, -23.654216324693824 ], [ -46.530627625944483, -23.654216515278478 ], [ -46.530628300816822, -23.654216662283467 ], [ -46.530628985282739, -23.654216764966019 ], [ -46.53062967591697, -23.65421682281632 ], [ -46.53063036926293, -23.654216835544467 ], [ -46.530631061850862, -23.654216803085696 ], [ -46.530631750214688, -23.654216725603419 ], [ -46.530632430909087, -23.654216603486898 ], [ -46.530633100527773, -23.654216437342495 ], [ -46.530633755719286, -23.654216228006383 ], [ -46.530634393204735, -23.654215976525041 ], [ -46.530635009793727, -23.65421568415503 ], [ -46.530635602400672, -23.654215352360762 ], [ -46.530636168059452, -23.654214982803524 ], [ -46.530636703939336, -23.654214577333821 ], [ -46.530637207358495, -23.654214137977242 ], [ -46.530637675797379, -23.654213666935583 ] ] ] } },
{ "type": "Feature", "properties": { "ID": 3303 }, "geometry": { "type": "MultiLineString", "coordinates": [ [ [ -46.530618912271756, -23.654291851185917 ], [ -46.530618378509082, -23.654292608409047 ], [ -46.530617900694935, -23.654293396707374 ], [ -46.530617480952202, -23.654294212574548 ], [ -46.530617121145831, -23.65429505238907 ], [ -46.530616822874329, -23.654295912417904 ], [ -46.530616587462873, -23.654296788839261 ], [ -46.530616415957667, -23.654297677758723 ], [ -46.530616309120475, -23.654298575230865 ], [ -46.530616267425941, -23.654299477265734 ], [ -46.530616291059509, -23.654300379852533 ], [ -46.530616379916125, -23.654301278985493 ], [ -46.530616533601012, -23.654302170668181 ], [ -46.530616751431175, -23.654303050939291 ], [ -46.530617032439011, -23.654303915887695 ], [ -46.530617375375783, -23.654304761669632 ], [ -46.530617778718103, -23.654305584528032 ], [ -46.530618240673654, -23.654306380805359 ], [ -46.530618759190169, -23.65430714696506 ], [ -46.530619331963763, -23.654307879604403 ], [ -46.530619956449662, -23.654308575467294 ], [ -46.530620629873262, -23.654309231461372 ], [ -46.530621349242487, -23.654309844670852 ], [ -46.530622111361247, -23.654310412374617 ], [ -46.530622912843498, -23.654310932047228 ], [ -46.530623750128264, -23.654311401382191 ] ] ] } },
{ "type": "Feature", "properties": { "ID": 3304 }, "geometry": { "type": "MultiLineString", "coordinates": [ [ [ -46.533760851611071, -23.655502138108755 ], [ -46.533695553040687, -23.655535113450366 ] ] ] } },
{ "type": "Feature", "properties": { "ID": 3305 }, "geometry": { "type": "MultiLineString", "coordinates": [ [ [ -46.533695553040687, -23.655535113450366 ], [ -46.533692435251467, -23.655536769791308 ] ] ] } },
{ "type": "Feature", "properties": { "ID": 3306 }, "geometry": { "type": "MultiLineString", "coordinates": [ [ [ -46.533692435251467, -23.655536769791308 ], [ -46.533689709555148, -23.655538422252008 ] ] ] } },
{ "type": "Feature", "properties": { "ID": 3307 }, "geometry": { "type": "MultiLineString", "coordinates": [ [ [ -46.533689709555148, -23.655538422252008 ], [ -46.533681336419299, -23.655543381573867 ] ] ] } },
{ "type": "Feature", "properties": { "ID": 3308 }, "geometry": { "type": "MultiLineString", "coordinates": [ [ [ -46.533681336419299, -23.655543381573867 ], [ -46.533678805716164, -23.655544941800049 ] ] ] } },
{ "type": "Feature", "properties": { "ID": 3309 }, "geometry": { "type": "MultiLineString", "coordinates": [ [ [ -46.533678805716164, -23.655544941800049 ], [ -46.533678610722696, -23.655545034034478 ] ] ] } },
{ "type": "Feature", "properties": { "ID": 3310 }, "geometry": { "type": "MultiLineString", "coordinates": [ [ [ -46.533678610722696, -23.655545034034478 ], [ -46.533669062359863, -23.655550095290327 ] ] ] } },
{ "type": "Feature", "properties": { "ID": 3311 }, "geometry": { "type": "MultiLineString", "coordinates": [ [ [ -46.533669062359863, -23.655550095290327 ], [ -46.533664383568883, -23.655552399211835 ] ] ] } },
{ "type": "Feature", "properties": { "ID": 3312 }, "geometry": { "type": "MultiLineString", "coordinates": [ [ [ -46.533664383568883, -23.655552399211835 ], [ -46.533659315843742, -23.655554977896639 ] ] ] } },
{ "type": "Feature", "properties": { "ID": 3313 }, "geometry": { "type": "MultiLineString", "coordinates": [ [ [ -46.533659315843742, -23.655554977896639 ], [ -46.533649467091529, -23.655559500294476 ] ] ] } },
{ "type": "Feature", "properties": { "ID": 3314 }, "geometry": { "type": "MultiLineString", "coordinates": [ [ [ -46.533649467091529, -23.655559500294476 ], [ -46.533646931122661, -23.655560609047672 ] ] ] } },
{ "type": "Feature", "properties": { "ID": 3315 }, "geometry": { "type": "MultiLineString", "coordinates": [ [ [ -46.533646931122661, -23.655560609047672 ], [ -46.533639617285615, -23.655563932397218 ] ] ] } },
{ "type": "Feature", "properties": { "ID": 3316 }, "geometry": { "type": "MultiLineString", "coordinates": [ [ [ -46.533639617285615, -23.655563932397218 ], [ -46.533629468144191, -23.655567915936924 ] ] ] } },
{ "type": "Feature", "properties": { "ID": 3317 }, "geometry": { "type": "MultiLineString", "coordinates": [ [ [ -46.533629468144191, -23.655567915936924 ], [ -46.533629078157084, -23.655568100405773 ] ] ] } },
{ "type": "Feature", "properties": { "ID": 3318 }, "geometry": { "type": "MultiLineString", "coordinates": [ [ [ -46.533629078157084, -23.655568100405773 ], [ -46.533619317949132, -23.655571809181598 ] ] ] } },
{ "type": "Feature", "properties": { "ID": 3319 }, "geometry": { "type": "MultiLineString", "coordinates": [ [ [ -46.533619317949132, -23.655571809181598 ], [ -46.533610822566409, -23.655574692697027 ] ] ] } },
{ "type": "Feature", "properties": { "ID": 3320 }, "geometry": { "type": "MultiLineString", "coordinates": [ [ [ -46.533772673519636, -23.655389410919359 ], [ -46.53387719598549, -23.655357311628723 ] ] ] } },
{ "type": "Feature", "properties": { "ID": 3321 }, "geometry": { "type": "MultiLineString", "coordinates": [ [ [ -46.53387719598549, -23.655357311628723 ], [ -46.533967177130116, -23.655339263144107 ] ] ] } },
{ "type": "Feature", "properties": { "ID": 3322 }, "geometry": { "type": "MultiLineString", "coordinates": [ [ [ -46.533967177130116, -23.655339263144107 ], [ -46.534090079186512, -23.655328022839178 ] ] ] } },
{ "type": "Feature", "properties": { "ID": 3323 }, "geometry": { "type": "MultiLineString", "coordinates": [ [ [ -46.534090079186512, -23.655328022839178 ], [ -46.534213445875494, -23.655339805581992 ] ] ] } },
{ "type": "Feature", "properties": { "ID": 3324 }, "geometry": { "type": "MultiLineString", "coordinates": [ [ [ -46.534213445875494, -23.655339805581992 ], [ -46.534310604548445, -23.655357175665724 ] ] ] } },
{ "type": "Feature", "properties": { "ID": 3325 }, "geometry": { "type": "MultiLineString", "coordinates": [ [ [ -46.534310604548445, -23.655357175665724 ], [ -46.5343894065401, -23.655380868153973 ] ] ] } },
{ "type": "Feature", "properties": { "ID": 3326 }, "geometry": { "type": "MultiLineString", "coordinates": [ [ [ -46.5343894065401, -23.655380868153973 ], [ -46.534458555893934, -23.655409081106992 ] ] ] } },
{ "type": "Feature", "properties": { "ID": 3327 }, "geometry": { "type": "MultiLineString", "coordinates": [ [ [ -46.534458555893934, -23.655409081106992 ], [ -46.534527542907426, -23.655448583743514 ] ] ] } },
{ "type": "Feature", "properties": { "ID": 3328 }, "geometry": { "type": "MultiLineString", "coordinates": [ [ [ -46.534527542907426, -23.655448583743514 ], [ -46.534591124955909, -23.655495364254104 ] ] ] } },
{ "type": "Feature", "properties": { "ID": 3329 }, "geometry": { "type": "MultiLineString", "coordinates": [ [ [ -46.534591124955909, -23.655495364254104 ], [ -46.534690103803584, -23.655593087397317 ] ] ] } },
{ "type": "Feature", "properties": { "ID": 3330 }, "geometry": { "type": "MultiLineString", "coordinates": [ [ [ -46.534690103803584, -23.655593087397317 ], [ -46.534768641281779, -23.655678099301564 ] ] ] } },
{ "type": "Feature", "properties": { "ID": 3331 }, "geometry": { "type": "MultiLineString", "coordinates": [ [ [ -46.534768641281779, -23.655678099301564 ], [ -46.53483901657728, -23.655760934371227 ] ] ] } },
{ "type": "Feature", "properties": { "ID": 3332 }, "geometry": { "type": "MultiLineString", "coordinates": [ [ [ -46.53483901657728, -23.655760934371227 ], [ -46.534845799142417, -23.655770891041104 ] ] ] } },
{ "type": "Feature", "properties": { "ID": 3333 }, "geometry": { "type": "MultiLineString", "coordinates": [ [ [ -46.533608967494956, -23.655575343187582 ], [ -46.533607404387354, -23.655575810179201 ] ] ] } },
{ "type": "Feature", "properties": { "ID": 3334 }, "geometry": { "type": "MultiLineString", "coordinates": [ [ [ -46.533594741885196, -23.655448334660981 ], [ -46.533772673519636, -23.655389410919359 ] ] ] } },
{ "type": "Feature", "properties": { "ID": 3335 }, "geometry": { "type": "MultiLineString", "coordinates": [ [ [ -46.533864465528076, -23.655656140197042 ], [ -46.533869542920328, -23.65564413436071 ], [ -46.53387524881186, -23.655632370458449 ], [ -46.533881569670555, -23.655620876385299 ], [ -46.53388849050657, -23.655609679403803 ], [ -46.533895994906487, -23.65559880606606 ], [ -46.533904065073514, -23.65558828215741 ], [ -46.533912681869126, -23.655578132637242 ] ] ] } },
{ "type": "Feature", "properties": { "ID": 3336 }, "geometry": { "type": "MultiLineString", "coordinates": [ [ [ -46.533912681870902, -23.655578132635238 ], [ -46.533913485764856, -23.655577167305516 ], [ -46.533914217277008, -23.655576154308743 ], [ -46.533914873087284, -23.655575098240508 ], [ -46.533915450219787, -23.655574003895989 ], [ -46.533915946055359, -23.655572876241251 ], [ -46.533916358343504, -23.655571720392658 ], [ -46.533916685213356, -23.655570541598443 ], [ -46.533916925181309, -23.655569345206363 ], [ -46.533917077158392, -23.655568136646373 ], [ -46.533917140454925, -23.655566921402624 ], [ -46.533917114783485, -23.655565704989733 ], [ -46.5339170002608, -23.65556449293123 ], [ -46.533916797406611, -23.655563290725134 ], [ -46.5339165071412, -23.655562103826721 ], [ -46.533916130782281, -23.655560937624927 ], [ -46.533915670037636, -23.655559797412227 ], [ -46.533915126998444, -23.655558688361044 ], [ -46.533914504128973, -23.655557615504467 ], [ -46.533913804256201, -23.655556583714823 ], [ -46.533913030556235, -23.655555597671512 ], [ -46.53391218654037, -23.655554661852541 ], [ -46.533911276039028, -23.655553780500234 ], [ -46.533910303184264, -23.655552957619246 ], [ -46.533909272391263, -23.65555219694015 ], [ -46.53390818833801, -23.655551501917468 ], [ -46.533907055944418, -23.655550875706236 ], [ -46.533905880349465, -23.65555032114495 ], [ -46.53390466688829, -23.6555498407537 ], [ -46.533903421068068, -23.655549436712811 ], [ -46.533902148542801, -23.655549110852391 ], [ -46.533900855087346, -23.655548864654705 ], [ -46.533899546571888, -23.655548699235048 ], [ -46.533898228934838, -23.655548615344198 ], [ -46.533896908156017, -23.655548613364346 ], [ -46.533895590229896, -23.65554869330612 ], [ -46.533894281136945, -23.655548854803545 ], [ -46.533892986818458, -23.655549097121327 ], [ -46.533879310600646, -23.655552229200929 ], [ -46.533865698945128, -23.655555591468953 ], [ -46.533852156417204, -23.655559182793375 ], [ -46.533838687559118, -23.655563001972009 ], [ -46.533825296888566, -23.655567047726482 ], [ -46.533811988896787, -23.655571318691486 ], [ -46.53379876804749, -23.655575813442411 ] ] ] } },
{ "type": "Feature", "properties": { "ID": 3337 }, "geometry": { "type": "MultiLineString", "coordinates": [ [ [ -46.533798767939345, -23.655575812886664 ], [ -46.533724801082627, -23.655613660185534 ], [ -46.533721881444727, -23.65561549517583 ], [ -46.533718375773041, -23.655617516575258 ], [ -46.533713507252394, -23.655620364205173 ] ] ] } },
{ "type": "Feature", "properties": { "ID": 3338 }, "geometry": { "type": "MultiLineString", "coordinates": [ [ [ -46.533883770520617, -23.65587512432716 ], [ -46.533875098338918, -23.655859638495976 ], [ -46.533867551531692, -23.655843660436069 ], [ -46.5338611628314, -23.655827259443093 ], [ -46.53385595994704, -23.655810506658053 ], [ -46.533851965444875, -23.655793474739035 ], [ -46.533849196649818, -23.65577623755971 ], [ -46.5338476655702, -23.655758869881709 ], [ -46.533847378846431, -23.655741447036487 ], [ -46.53384833772153, -23.655724044589743 ], [ -46.533850538036241, -23.655706738020665 ], [ -46.533853970246739, -23.655689602397732 ], [ -46.533858619465725, -23.655672712034882 ], [ -46.533864465528076, -23.655656140197042 ] ] ] } },
{ "type": "Feature", "properties": { "ID": 3339 }, "geometry": { "type": "MultiLineString", "coordinates": [ [ [ -46.533607404387354, -23.655575810179201 ], [ -46.533598516910935, -23.655578697573883 ], [ -46.533592264480156, -23.655580565540212 ], [ -46.533588063167421, -23.655581781076091 ], [ -46.533577410217937, -23.655584595634206 ], [ -46.533573401792644, -23.655585538346379 ], [ -46.53356978440749, -23.655586386884242 ] ] ] } },
{ "type": "Feature", "properties": { "ID": 3340 }, "geometry": { "type": "MultiLineString", "coordinates": [ [ [ -46.533559224558736, -23.655588329425076 ], [ -46.533551076990292, -23.655589637591323 ], [ -46.533542852183523, -23.655590436520534 ], [ -46.533534587605729, -23.65559072256362 ], [ -46.533526320905132, -23.655590494425475 ], [ -46.533518089740035, -23.65558975314049 ], [ -46.533509931606751, -23.655588502088222 ], [ -46.533501883668563, -23.655586746969309 ], [ -46.533493982587331, -23.655584495771546 ], [ -46.533486264355481, -23.655581758759581 ] ] ] } },
{ "type": "Feature", "properties": { "ID": 3341 }, "geometry": { "type": "MultiLineString", "coordinates": [ [ [ -46.533708685879688, -23.655623061011749 ], [ -46.533690169609237, -23.655632334907825 ], [ -46.533671070116412, -23.65564054404846 ], [ -46.53365145947366, -23.655647657458562 ], [ -46.533631411681675, -23.655653648292581 ], [ -46.533611002391758, -23.655658493945186 ], [ -46.533590308618336, -23.655662176132743 ], [ -46.533569408450205, -23.655664680958598 ], [ -46.533548380754624, -23.655665998968747 ], [ -46.533527304880145, -23.655666125193896 ] ] ] } },
{ "type": "Feature", "properties": { "ID": 3342 }, "geometry": { "type": "MultiLineString", "coordinates": [ [ [ -46.533527254531023, -23.65566615799521 ], [ -46.533514129711186, -23.655665467303038 ], [ -46.533501081999511, -23.655663987618937 ], [ -46.533488167232534, -23.655661725273308 ], [ -46.533475440678465, -23.655658689949455 ], [ -46.533462956799553, -23.655654894637152 ], [ -46.533450769019737, -23.655650355575673 ], [ -46.533438929496015, -23.655645092192607 ], [ -46.533427488894738, -23.65563912701127 ], [ -46.533416496175242, -23.65563248555814 ], [ -46.533405998380097, -23.655625196257297 ], [ -46.533396040433587, -23.655617290298903 ], [ -46.533386664950342, -23.655608801520522 ], [ -46.533377912051762, -23.655599766245313 ], [ -46.533369819195322, -23.655590223141623 ], [ -46.533362421013656, -23.655580213048005 ], [ -46.53335574916666, -23.655569778802445 ], [ -46.53334983220568, -23.655558965055345 ], [ -46.533344695451952, -23.655547818084429 ], [ -46.5333403608876, -23.655536385596005 ] ] ] } },
{ "type": "Feature", "properties": { "ID": 3343 }, "geometry": { "type": "MultiLineString", "coordinates": [ [ [ -46.533594741885196, -23.655448334660981 ], [ -46.533594741885196, -23.655448334660981 ] ] ] } },
{ "type": "Feature", "properties": { "ID": 3344 }, "geometry": { "type": "MultiLineString", "coordinates": [ [ [ -46.533610822566409, -23.655574692697027 ], [ -46.533609455505392, -23.655575157748807 ] ] ] } },
{ "type": "Feature", "properties": { "ID": 3345 }, "geometry": { "type": "MultiLineString", "coordinates": [ [ [ -46.533477835598312, -23.655486155200183 ], [ -46.533508698274588, -23.655476187208002 ] ] ] } },
{ "type": "Feature", "properties": { "ID": 3346 }, "geometry": { "type": "MultiLineString", "coordinates": [ [ [ -46.533508698274588, -23.655476187208002 ], [ -46.533586733466727, -23.655450942441629 ], [ -46.533594741885196, -23.655448334660981 ] ] ] } },
{ "type": "Feature", "properties": { "ID": 3347 }, "geometry": { "type": "MultiLineString", "coordinates": [ [ [ -46.533477817734777, -23.655486121647176 ], [ -46.533477077142209, -23.655486560887628 ], [ -46.533476343773174, -23.655487010294408 ], [ -46.533475617792334, -23.655487469766747 ], [ -46.533474899362702, -23.655487939202875 ], [ -46.53347418864535, -23.655488418497857 ], [ -46.533473485799384, -23.655488907541422 ], [ -46.533472790982586, -23.655489406225875 ] ] ] } },
{ "type": "Feature", "properties": { "ID": 3348 }, "geometry": { "type": "MultiLineString", "coordinates": [ [ [ -46.533472751451306, -23.655489435064474 ], [ -46.533469757800098, -23.655491774921749 ], [ -46.533466940279176, -23.655494293532602 ], [ -46.533464311442586, -23.655496979679445 ], [ -46.533461883003795, -23.655499821394987 ], [ -46.533459665782829, -23.655502806012471 ], [ -46.533457669658979, -23.655505920238195 ], [ -46.533455903526274, -23.655509150196139 ], [ -46.533454375253882, -23.655512481490767 ], [ -46.53345309165141, -23.655515899282722 ], [ -46.533452058438037, -23.655519388340842 ], [ -46.533451280217641, -23.65552293312204 ], [ -46.533450760457512, -23.655526517829628 ], [ -46.533450501473553, -23.655530126493179 ], [ -46.533450504419754, -23.655533743031015 ], [ -46.5334507692831, -23.655537351329944 ], [ -46.533451294883548, -23.655540935316314 ], [ -46.533452078878824, -23.655544479016271 ], [ -46.53345311777624, -23.655547966643837 ], [ -46.53345440694649, -23.655551382654696 ], [ -46.533455940645531, -23.655554711834199 ], [ -46.533457712040025, -23.65555793934449 ], [ -46.533459713237022, -23.655561050808178 ], [ -46.533461935319785, -23.655564032357503 ], [ -46.533464368387705, -23.655566870711453 ], [ -46.533467001599881, -23.655569553222715 ], [ -46.533469823223491, -23.655572067935296 ], [ -46.533472820686619, -23.655574403648611 ], [ -46.533475980633227, -23.655576549953548 ], [ -46.533479288984104, -23.655578497288889 ], [ -46.533482730997932, -23.655580236978452 ], [ -46.533486291338434, -23.655581761264234 ] ] ] } },
{ "type": "Feature", "properties": { "ID": 3349 }, "geometry": { "type": "MultiLineString", "coordinates": [ [ [ -46.53356978440749, -23.655586386884242 ], [ -46.533559218950948, -23.655588297526386 ] ] ] } },
{ "type": "Feature", "properties": { "ID": 3350 }, "geometry": { "type": "MultiLineString", "coordinates": [ [ [ -46.53399820906094, -23.655863360772102 ], [ -46.533990487673599, -23.655855329657935 ], [ -46.533983238573981, -23.655846933343966 ], [ -46.533976482084398, -23.655838195361117 ], [ -46.5339702371462, -23.65582914021406 ], [ -46.533964521266441, -23.65581979328179 ], [ -46.533959350469274, -23.655810180770747 ], [ -46.533954739250674, -23.655800329629972 ] ] ] } },
{ "type": "Feature", "properties": { "ID": 3351 }, "geometry": { "type": "MultiLineString", "coordinates": [ [ [ -46.533883770523545, -23.655875124332283 ], [ -46.533883918990412, -23.655876351945498 ], [ -46.533883976013648, -23.655877586037743 ], [ -46.533883941326494, -23.655878820833124 ], [ -46.53388381509108, -23.655880050556679 ], [ -46.533883597898125, -23.65588126945504 ], [ -46.533883290763576, -23.655882471827667 ], [ -46.533882895124002, -23.65588365204739 ], [ -46.533882412830323, -23.65588480459704 ], [ -46.533881846138563, -23.655885924083538 ], [ -46.533881197699642, -23.655887005267076 ], [ -46.533880470547075, -23.655888043096137 ] ] ] } },
{ "type": "Feature", "properties": { "ID": 3352 }, "geometry": { "type": "MultiLineString", "coordinates": [ [ [ -46.498743222703581, -23.657025745795519 ], [ -46.49874373164517, -23.657032666970402 ], [ -46.498744798102365, -23.657039534096384 ], [ -46.498746416165666, -23.657046309119661 ], [ -46.498748576868991, -23.65705295449899 ], [ -46.49875126823968, -23.657059433414442 ], [ -46.498754475364407, -23.657065709960467 ], [ -46.498758180471803, -23.657071749359737 ] ] ] } },
{ "type": "Feature", "properties": { "ID": 3353 }, "geometry": { "type": "MultiLineString", "coordinates": [ [ [ -46.498743224088983, -23.657025742063688 ], [ -46.498772639602478, -23.656871305475544 ], [ -46.498786870072614, -23.656795220618594 ] ] ] } },
{ "type": "Feature", "properties": { "ID": 3354 }, "geometry": { "type": "MultiLineString", "coordinates": [ [ [ -46.498786870072614, -23.656795220618594 ], [ -46.498791401384786, -23.656779915104828 ] ] ] } },
{ "type": "Feature", "properties": { "ID": 3355 }, "geometry": { "type": "MultiLineString", "coordinates": [ [ [ -46.498605911207463, -23.657132185934 ], [ -46.498622256442438, -23.657043799041546 ], [ -46.498651307783142, -23.656891804250868 ], [ -46.498665993466709, -23.656812644600546 ] ] ] } },
{ "type": "Feature", "properties": { "ID": 3356 }, "geometry": { "type": "MultiLineString", "coordinates": [ [ [ -46.498665993466709, -23.656812644600546 ], [ -46.49866738076522, -23.656796737351414 ] ] ] } },
{ "type": "Feature", "properties": { "ID": 3357 }, "geometry": { "type": "MultiLineString", "coordinates": [ [ [ -46.498791401384786, -23.656779915104828 ], [ -46.498811324792648, -23.656730234810688 ] ] ] } },
{ "type": "Feature", "properties": { "ID": 3358 }, "geometry": { "type": "MultiLineString", "coordinates": [ [ [ -46.498885417826635, -23.656647070437636 ], [ -46.498872221621724, -23.656656727533765 ], [ -46.498859797721231, -23.656667217939159 ], [ -46.498848208007971, -23.656678489399773 ], [ -46.498837510209739, -23.656690485773066 ], [ -46.498827757611821, -23.656703147308942 ], [ -46.498818998791513, -23.656716410934383 ], [ -46.498811277376596, -23.656730210592468 ] ] ] } },
{ "type": "Feature", "properties": { "ID": 3359 }, "geometry": { "type": "MultiLineString", "coordinates": [ [ [ -46.498885417828191, -23.65664707043663 ], [ -46.498892148580204, -23.656642598292812 ], [ -46.498898986087589, -23.656638265743954 ], [ -46.498905926939294, -23.656634074945195 ], [ -46.498912967672254, -23.656630027989436 ], [ -46.498920104774136, -23.656626126900054 ], [ -46.498927334683842, -23.6566223736137 ], [ -46.498934653794663, -23.656618770013011 ] ] ] } },
{ "type": "Feature", "properties": { "ID": 3360 }, "geometry": { "type": "MultiLineString", "coordinates": [ [ [ -46.49866738076522, -23.656796737351414 ], [ -46.498674899203181, -23.656751060181012 ] ] ] } },
{ "type": "Feature", "properties": { "ID": 3361 }, "geometry": { "type": "MultiLineString", "coordinates": [ [ [ -46.498717108421211, -23.656650472795679 ], [ -46.498708699669088, -23.656663889891504 ], [ -46.498701054818973, -23.656677689315721 ], [ -46.498694194297819, -23.656691834191871 ], [ -46.498688136437515, -23.656706286727772 ], [ -46.498682897424914, -23.656721008306896 ], [ -46.498678491258985, -23.656735959592137 ], [ -46.498674929713204, -23.656751100633766 ] ] ] } },
{ "type": "Feature", "properties": { "ID": 3362 }, "geometry": { "type": "MultiLineString", "coordinates": [ [ [ -46.498798321989845, -23.656563966161283 ], [ -46.498784801433899, -23.656574663906451 ], [ -46.498771870490295, -23.656585963255086 ], [ -46.498759560672113, -23.65659783666651 ], [ -46.498747901978476, -23.656610255211842 ], [ -46.498736922821749, -23.656623188624359 ], [ -46.498726649958549, -23.656636605379823 ], [ -46.49871710842433, -23.656650472791039 ] ] ] } },
{ "type": "Feature", "properties": { "ID": 3363 }, "geometry": { "type": "MultiLineString", "coordinates": [ [ [ -46.498798321995075, -23.656563966157258 ], [ -46.498800074209086, -23.656562549483535 ], [ -46.498801713292579, -23.65656102222929 ], [ -46.49880323104064, -23.65655939204164 ], [ -46.498804619855875, -23.656557667079856 ], [ -46.498805872785887, -23.656555855977128 ], [ -46.498806983558879, -23.656553967804676 ], [ -46.498807946614427, -23.656552012010053 ], [ -46.498808757131521, -23.656549998382491 ], [ -46.49880941105323, -23.656547937008447 ], [ -46.498809905105595, -23.656545838201545 ], [ -46.498810236815665, -23.656543712465957 ] ] ] } },
{ "type": "Feature", "properties": { "ID": 3087 }, "geometry": { "type": "MultiLineString", "coordinates": [ [ [ -46.497454760327919, -23.661623104991474 ], [ -46.497452838003603, -23.661608569976423 ], [ -46.497451011567641, -23.661594024475882 ], [ -46.497449281087185, -23.661579469022367 ], [ -46.497447646626227, -23.661564904156752 ], [ -46.497446108244915, -23.661550330416738 ], [ -46.497444665999978, -23.661535748334643 ], [ -46.497443319944644, -23.661521158453795 ] ] ] } },
{ "type": "Feature", "properties": { "ID": 3088 }, "geometry": { "type": "MultiLineString", "coordinates": [ [ [ -46.497298043940809, -23.661641135274227 ], [ -46.497296005623113, -23.661625723076384 ], [ -46.497294068980445, -23.661610299757818 ], [ -46.497292234084334, -23.661594865887839 ], [ -46.497290501002468, -23.66157942203743 ], [ -46.497288869798687, -23.661563968774391 ], [ -46.497287340533234, -23.661548506669778 ], [ -46.497285913262346, -23.661533036294387 ] ] ] } },
{ "type": "Feature", "properties": { "ID": 3089 }, "geometry": { "type": "MultiLineString", "coordinates": [ [ [ -46.497379369148852, -23.661631778796949 ], [ -46.497377391023576, -23.661616821798471 ], [ -46.49737551157061, -23.661601854008754 ], [ -46.497373730858783, -23.661586875976511 ], [ -46.497372048954325, -23.661571888259829 ], [ -46.497370465918827, -23.661556891409301 ], [ -46.497368981810858, -23.661541885976614 ], [ -46.497367596685088, -23.661526872518522 ] ] ] } },
{ "type": "Feature", "properties": { "ID": 3090 }, "geometry": { "type": "MultiLineString", "coordinates": [ [ [ -46.49737343513295, -23.661632461507899 ], [ -46.497371452615695, -23.661617471293457 ], [ -46.497369568989683, -23.661602470266306 ], [ -46.497367784324283, -23.661587458975138 ], [ -46.497366098685383, -23.661572437973721 ], [ -46.497364512135277, -23.661557407821263 ], [ -46.497363024732337, -23.66154236906732 ], [ -46.497361636531387, -23.661527322269237 ] ] ] } },
{ "type": "Feature", "properties": { "ID": 3091 }, "geometry": { "type": "MultiLineString", "coordinates": [ [ [ -46.498600528768208, -23.65714162979161 ], [ -46.498601259058262, -23.657141105206133 ], [ -46.498601947340809, -23.657140534456822 ], [ -46.49860259018439, -23.657139920390307 ], [ -46.49860318438418, -23.657139266072296 ], [ -46.498603726977564, -23.657138574759944 ], [ -46.498604215259334, -23.657137849902792 ], [ -46.498604646794945, -23.657137095113519 ], [ -46.498605019433057, -23.65713631415494 ], [ -46.498605331315744, -23.657135510922696 ], [ -46.498605580887947, -23.657134689419266 ], [ -46.498605766905698, -23.657133853742113 ], [ -46.498605888441212, -23.65713300805886 ], [ -46.498605944888496, -23.65713215657933 ] ] ] } },
{ "type": "Feature", "properties": { "ID": 3092 }, "geometry": { "type": "MultiLineString", "coordinates": [ [ [ -46.497440367257155, -23.660757854813887 ], [ -46.497441653273832, -23.660750256693976 ] ] ] } },
{ "type": "Feature", "properties": { "ID": 3093 }, "geometry": { "type": "MultiLineString", "coordinates": [ [ [ -46.497335304771902, -23.660821271386247 ], [ -46.49733401874856, -23.660828869505629 ] ] ] } },
{ "type": "Feature", "properties": { "ID": 3094 }, "geometry": { "type": "MultiLineString", "coordinates": [ [ [ -46.497347574769144, -23.660745115283586 ], [ -46.497348762762392, -23.660737518111318 ] ] ] } },
{ "type": "Feature", "properties": { "ID": 3095 }, "geometry": { "type": "MultiLineString", "coordinates": [ [ [ -46.497698738048875, -23.65996924533831 ], [ -46.498158664443949, -23.659291750021932 ] ] ] } },
{ "type": "Feature", "properties": { "ID": 3096 }, "geometry": { "type": "MultiLineString", "coordinates": [ [ [ -46.497763180407176, -23.660006370357564 ], [ -46.498223104519433, -23.65932869427153 ] ] ] } },
{ "type": "Feature", "properties": { "ID": 3097 }, "geometry": { "type": "MultiLineString", "coordinates": [ [ [ -46.497298073170988, -23.661641156864292 ], [ -46.497362182696008, -23.662113830374235 ] ] ] } },
{ "type": "Feature", "properties": { "ID": 3098 }, "geometry": { "type": "MultiLineString", "coordinates": [ [ [ -46.497379339917153, -23.661631792532013 ], [ -46.497443559068884, -23.66210545830209 ] ] ] } },
{ "type": "Feature", "properties": { "ID": 3099 }, "geometry": { "type": "MultiLineString", "coordinates": [ [ [ -46.497373465349369, -23.661632481439991 ], [ -46.497437585422318, -23.662106057864928 ] ] ] } },
{ "type": "Feature", "properties": { "ID": 3101 }, "geometry": { "type": "MultiLineString", "coordinates": [ [ [ -46.497832655157687, -23.660046336495007 ], [ -46.498292773024573, -23.659368477729785 ] ] ] } },
{ "type": "Feature", "properties": { "ID": 3104 }, "geometry": { "type": "MultiLineString", "coordinates": [ [ [ -46.497768212761216, -23.660009211506729 ], [ -46.498228234883371, -23.659331534458975 ] ] ] } },
{ "type": "Feature", "properties": { "ID": 3106 }, "geometry": { "type": "MultiLineString", "coordinates": [ [ [ -46.497454732082467, -23.661623117068842 ], [ -46.497519157842817, -23.662097683858935 ] ] ] } },
{ "type": "Feature", "properties": { "ID": 3107 }, "geometry": { "type": "MultiLineString", "coordinates": [ [ [ -46.498758180474852, -23.657071749364313 ], [ -46.498761171757955, -23.657075905511078 ], [ -46.498764400103667, -23.657079908321265 ], [ -46.498767856268266, -23.65708374633137 ], [ -46.49877153035608, -23.657087408558507 ], [ -46.498775411847191, -23.657090884511359 ], [ -46.498779489627907, -23.657094164237225 ], [ -46.498783752022661, -23.657097238348651 ] ] ] } },
{ "type": "Feature", "properties": { "ID": 3108 }, "geometry": { "type": "MultiLineString", "coordinates": [ [ [ -46.508591794658003, -23.653531174886673 ], [ -46.508511177704811, -23.653365887456065 ] ] ] } },
{ "type": "Feature", "properties": { "ID": 3109 }, "geometry": { "type": "MultiLineString", "coordinates": [ [ [ -46.508406793188009, -23.653427588729745 ], [ -46.508485602145733, -23.653589100976941 ] ] ] } },
{ "type": "Feature", "properties": { "ID": 3110 }, "geometry": { "type": "MultiLineString", "coordinates": [ [ [ -46.501677246278078, -23.655925049615814 ], [ -46.501834099960099, -23.656027742640838 ] ] ] } },
{ "type": "Feature", "properties": { "ID": 3111 }, "geometry": { "type": "MultiLineString", "coordinates": [ [ [ -46.501738810783841, -23.655839023809381 ], [ -46.50189892397816, -23.655943852527674 ] ] ] } },
{ "type": "Feature", "properties": { "ID": 3112 }, "geometry": { "type": "MultiLineString", "coordinates": [ [ [ -46.501898884429721, -23.655943875887772 ], [ -46.501908855485247, -23.655950850792085 ], [ -46.501918333177251, -23.655958386781197 ], [ -46.501927280357044, -23.655966454313724 ], [ -46.501935661955066, -23.655975021766427 ], [ -46.501943445118592, -23.655984055563291 ], [ -46.501950599340887, -23.655993520289453 ], [ -46.501957096579787, -23.65600337885369 ], [ -46.501962911368736, -23.656013592606875 ], [ -46.501968020916095, -23.656024121522446 ] ] ] } },
{ "type": "Feature", "properties": { "ID": 3113 }, "geometry": { "type": "MultiLineString", "coordinates": [ [ [ -46.501968020916095, -23.656024121522446 ], [ -46.501972117954061, -23.656034148501959 ], [ -46.501975575253162, -23.65604437791896 ], [ -46.501978381119223, -23.656054775175676 ], [ -46.501980526061338, -23.656065305104601 ], [ -46.501982002824398, -23.656075932089163 ], [ -46.501982806412641, -23.656086620181938 ], [ -46.501982934107964, -23.656097333229916 ] ] ] } },
{ "type": "Feature", "properties": { "ID": 3114 }, "geometry": { "type": "MultiLineString", "coordinates": [ [ [ -46.508511157575271, -23.653365846184752 ], [ -46.508509029303163, -23.653361084552447 ], [ -46.508507232662993, -23.653356208323356 ], [ -46.50850577486748, -23.653351237067746 ], [ -46.508504661769287, -23.653346190748827 ], [ -46.50850389783691, -23.653341089623179 ], [ -46.508503486137592, -23.653335954170924 ], [ -46.508503428323891, -23.653330805010846 ], [ -46.508503724628042, -23.653325662814286 ], [ -46.508504373860312, -23.653320548226624 ], [ -46.508505373414259, -23.653315481777799 ], [ -46.50850671927703, -23.653310483813723 ] ] ] } },
{ "type": "Feature", "properties": { "ID": 3115 }, "geometry": { "type": "MultiLineString", "coordinates": [ [ [ -46.508643832474256, -23.653571593969112 ], [ -46.50863863616803, -23.653570189673626 ], [ -46.508633557457046, -23.653568458394087 ], [ -46.508628620558113, -23.653566408378435 ], [ -46.50862384901189, -23.653564049406032 ], [ -46.508619265570502, -23.653561392723642 ], [ -46.508614892089071, -23.653558451000279 ], [ -46.508610749421884, -23.653555238262509 ], [ -46.508606857322221, -23.653551769828663 ], [ -46.508603234348861, -23.653548062238745 ], [ -46.50859989777728, -23.653544133169106 ], [ -46.508596863516992, -23.653540001359033 ], [ -46.508594146036472, -23.65353568650702 ], [ -46.508591758293555, -23.65353120918828 ] ] ] } },
{ "type": "Feature", "properties": { "ID": 3116 }, "geometry": { "type": "MultiLineString", "coordinates": [ [ [ -46.508485637389583, -23.653589138992754 ], [ -46.508487676434775, -23.653593737914289 ], [ -46.508489367547035, -23.653598455050059 ], [ -46.508490702729276, -23.653603268093381 ], [ -46.508491675667955, -23.653608154284438 ], [ -46.508492281761697, -23.653613090515165 ], [ -46.508492518144863, -23.653618053446383 ], [ -46.508492383699497, -23.653623019611022 ], [ -46.508491879060969, -23.653627965518453 ], [ -46.508491006616069, -23.65363286778588 ] ] ] } },
{ "type": "Feature", "properties": { "ID": 3117 }, "geometry": { "type": "MultiLineString", "coordinates": [ [ [ -46.508406838483829, -23.653427552009024 ], [ -46.508404145355811, -23.653422503409573 ], [ -46.508401079559391, -23.653417638509993 ], [ -46.508397655782005, -23.653412980620093 ], [ -46.508393890426731, -23.653408552054852 ], [ -46.508389801532566, -23.653404374030348 ], [ -46.508385408688682, -23.653400466564456 ], [ -46.508380732940417, -23.653396848375547 ], [ -46.508375796688291, -23.653393536795111 ], [ -46.508370623580987, -23.653390547693512 ], [ -46.508365238401964, -23.653387895388494 ], [ -46.508359666950724, -23.653385592587096 ], [ -46.50835393591867, -23.653383650319096 ], [ -46.50834807276231, -23.653382077892093 ] ] ] } },
{ "type": "Feature", "properties": { "ID": 3118 }, "geometry": { "type": "MultiLineString", "coordinates": [ [ [ -46.501582420187958, -23.655892440187355 ], [ -46.501596918758445, -23.655894228526016 ], [ -46.501611232228676, -23.655897007629626 ], [ -46.501625280922134, -23.655900762026711 ], [ -46.501638986636266, -23.655905470818517 ], [ -46.501652273077632, -23.655911107794537 ], [ -46.50166506628657, -23.655917641572632 ], [ -46.501677295049298, -23.655925035787764 ] ] ] } },
{ "type": "Feature", "properties": { "ID": 3119 }, "geometry": { "type": "MultiLineString", "coordinates": [ [ [ -46.501834116901378, -23.65602776778783 ], [ -46.501839020302377, -23.656031224142865 ], [ -46.501843649269418, -23.656034987934191 ], [ -46.501847981132123, -23.656039040726252 ], [ -46.501851994675079, -23.656043362672175 ], [ -46.501855670242186, -23.656047932605219 ], [ -46.501858989832158, -23.656052728144417 ], [ -46.501861937187499, -23.656057725804651 ], [ -46.501864497873441, -23.656062901107756 ], [ -46.501866659348956, -23.656068228708939 ], [ -46.501868411028276, -23.656073682516727 ], [ -46.501869744332637, -23.656079235819476 ], [ -46.501870652731853, -23.65608486142278 ], [ -46.501871131777122, -23.656090531771898 ], [ -46.501871179122418, -23.656096219097911 ], [ -46.501870794535648, -23.656101895548989 ], [ -46.501869979900277, -23.656107533321673 ], [ -46.501868739206081, -23.656113104807428 ], [ -46.501867078529038, -23.656118582717649 ], [ -46.501865006002355, -23.656123940226099 ], [ -46.501862531776212, -23.656129151094134 ], [ -46.501859667968127, -23.656134189800412 ], [ -46.501856428603404, -23.656139031670619 ], [ -46.501852829546948, -23.656143652987932 ], [ -46.501848888424902, -23.656148031123003 ], [ -46.501844624538954, -23.656152144632713 ], [ -46.501840058771329, -23.656155973367685 ], [ -46.501835213483176, -23.656159498583786 ] ] ] } },
{ "type": "Feature", "properties": { "ID": 3120 }, "geometry": { "type": "MultiLineString", "coordinates": [ [ [ -46.501738860224705, -23.655839046088534 ], [ -46.501738300810096, -23.655838651012804 ], [ -46.501737773662391, -23.655838219927617 ], [ -46.501737281506962, -23.655837755062095 ], [ -46.501736826888887, -23.65583725881913 ], [ -46.501736412158934, -23.655836733769316 ], [ -46.501736039461164, -23.655836182621957 ], [ -46.501735710722876, -23.65583560823055 ], [ -46.501735427643879, -23.655835013560605 ], [ -46.501735191687771, -23.655834401691898 ], [ -46.501735004074668, -23.655833775786196 ], [ -46.501734865774701, -23.655833139079824 ], [ -46.501734777502584, -23.655832494865443 ], [ -46.50173473971514, -23.655831846472068 ] ] ] } },
{ "type": "Feature", "properties": { "ID": 3121 }, "geometry": { "type": "MultiLineString", "coordinates": [ [ [ -46.501982934107929, -23.656097333231731 ], [ -46.501982946934675, -23.65609798653929 ], [ -46.501983011013721, -23.65609863727915 ], [ -46.501983126009492, -23.656099282048192 ], [ -46.501983291320137, -23.656099917470847 ], [ -46.501983506080215, -23.656100540217217 ], [ -46.501983769164887, -23.656101147027695 ], [ -46.501984079196824, -23.656101734726963 ], [ -46.501984434552753, -23.656102300234647 ], [ -46.501984833372106, -23.65610284059326 ], [ -46.501985273566547, -23.656103352970238 ], [ -46.501985752831509, -23.656103834686903 ], [ -46.501986268657326, -23.656104283217292 ], [ -46.50198681834312, -23.656104696211678 ] ] ] } },
{ "type": "Feature", "properties": { "ID": 3122 }, "geometry": { "type": "MultiLineString", "coordinates": [ [ [ -46.557980817410382, -23.659990151529676 ], [ -46.55836261639962, -23.659977191755541 ] ] ] } },
{ "type": "Feature", "properties": { "ID": 3123 }, "geometry": { "type": "MultiLineString", "coordinates": [ [ [ -46.557981500126431, -23.660006399410534 ], [ -46.558363299162608, -23.659993439632252 ] ] ] } },
{ "type": "Feature", "properties": { "ID": 3124 }, "geometry": { "type": "MultiLineString", "coordinates": [ [ [ -46.556341896179326, -23.66006179634784 ], [ -46.557981500126431, -23.660006399410534 ] ] ] } },
{ "type": "Feature", "properties": { "ID": 3125 }, "geometry": { "type": "MultiLineString", "coordinates": [ [ [ -46.556341223220102, -23.660045564562125 ], [ -46.556175928746107, -23.660047186761286 ], [ -46.556010766395964, -23.660040887650915 ], [ -46.555846183283322, -23.660026684275476 ], [ -46.555682624953029, -23.660004615090543 ], [ -46.555520534175905, -23.659974739834929 ], [ -46.555360349749158, -23.659937139379082 ], [ -46.555202505308316, -23.659891915518443 ] ] ] } },
{ "type": "Feature", "properties": { "ID": 3126 }, "geometry": { "type": "MultiLineString", "coordinates": [ [ [ -46.556345968064605, -23.6601656052643 ], [ -46.557985572229711, -23.660110117923246 ] ] ] } },
{ "type": "Feature", "properties": { "ID": 3127 }, "geometry": { "type": "MultiLineString", "coordinates": [ [ [ -46.55797664622515, -23.659886343707136 ], [ -46.558194532811321, -23.659879000767805 ], [ -46.558358544010041, -23.659873473266643 ] ] ] } },
{ "type": "Feature", "properties": { "ID": 3035 }, "geometry": { "type": "MultiLineString", "coordinates": [ [ [ -46.531356007142179, -23.656726432181653 ], [ -46.531363968605426, -23.656711362893198 ], [ -46.531477650862783, -23.65649757140876 ], [ -46.531579859318036, -23.656300328738855 ], [ -46.53169790696171, -23.65607421249976 ], [ -46.531781102624002, -23.655911202579169 ], [ -46.531862404934536, -23.655753990849405 ], [ -46.531922745869601, -23.65564042294913 ], [ -46.531982797694418, -23.655535707770031 ], [ -46.532047366056055, -23.655423181699287 ], [ -46.532129146986421, -23.655281858784505 ], [ -46.532274768178233, -23.65504129170057 ], [ -46.532642768379439, -23.654433874301013 ], [ -46.53264285297184, -23.654433743711884 ], [ -46.532642947080703, -23.654433618765328 ], [ -46.532643050263523, -23.654433500056818 ], [ -46.532643162035313, -23.654433388139083 ], [ -46.53264328187052, -23.654433283541607 ], [ -46.532643409205733, -23.654433186756521 ], [ -46.532643543441878, -23.654433098235451 ], [ -46.532643683948251, -23.654433018398006 ], [ -46.53264383006379, -23.654432947616737 ], [ -46.532643981101707, -23.65443288622571 ], [ -46.532644136351621, -23.654432834513987 ], [ -46.532644295083777, -23.654432792725611 ], [ -46.532644456551779, -23.654432761055286 ], [ -46.532644619996134, -23.654432739652627 ], [ -46.532644784648596, -23.654432728617802 ], [ -46.532644949734973, -23.654432728003695 ], [ -46.532645114478846, -23.654432737811501 ], [ -46.532645278105768, -23.654432757997228 ], [ -46.532645439846235, -23.654432788465133 ], [ -46.532645598939801, -23.654432829069869 ], [ -46.532645754638565, -23.654432879626125 ], [ -46.532645906210149, -23.654432939890331 ], [ -46.532646052941971, -23.654433009579609 ], [ -46.532646197673927, -23.654433088605526 ], [ -46.532646336163225, -23.654433176616088 ], [ -46.532646467754141, -23.654433273188598 ], [ -46.532646591823472, -23.65443337787169 ], [ -46.53264670778367, -23.654433490164138 ], [ -46.532646815085627, -23.65443360953957 ], [ -46.532646913221484, -23.65443373542815 ], [ -46.532647001726211, -23.654433867235937 ], [ -46.532647080181022, -23.654434004338373 ], [ -46.532647148214174, -23.654434146086778 ], [ -46.532647205503743, -23.654434291808276 ], [ -46.532647251778187, -23.65443444081442 ], [ -46.532647286818651, -23.654434592401195 ], [ -46.532647310459083, -23.654434745846807 ], [ -46.532647322587493, -23.654434900426807 ], [ -46.532647323146549, -23.654435055409714 ], [ -46.532647312133541, -23.654435210061379 ], [ -46.532647289600703, -23.654435363649252 ], [ -46.53264725565468, -23.654435515446689 ], [ -46.532647210456091, -23.654435664733025 ], [ -46.532647154219205, -23.654435810803136 ], [ -46.532647087210165, -23.654435952964366 ], [ -46.532647009746256, -23.65443609054444 ], [ -46.532279106436867, -23.655043416129143 ], [ -46.53213348525113, -23.655283983216794 ], [ -46.532051704324381, -23.65542530613385 ], [ -46.531987135965643, -23.655537832206218 ], [ -46.531927084143497, -23.655642547386758 ], [ -46.531866741107841, -23.655755934699506 ], [ -46.531785438801577, -23.655913146431203 ], [ -46.531702243143705, -23.656076156353873 ], [ -46.531584387347472, -23.656301909480451 ], [ -46.531483365702627, -23.656500043474626 ], [ -46.531373436764419, -23.656716236109457 ] ] ] } },
{ "type": "Feature", "properties": { "ID": 3036 }, "geometry": { "type": "MultiLineString", "coordinates": [ [ [ -46.531373436764419, -23.656716236109457 ], [ -46.531365573326276, -23.656731304429755 ], [ -46.531356007142179, -23.656726432181653 ] ] ] } },
{ "type": "Feature", "properties": { "ID": 3037 }, "geometry": { "type": "MultiLineString", "coordinates": [ [ [ -46.532715521607649, -23.654468228241278 ], [ -46.532715301801161, -23.654468125690155 ], [ -46.532715074943539, -23.654468037121784 ], [ -46.532714842081269, -23.65446796294556 ], [ -46.532714604289538, -23.654467903502855 ], [ -46.532714362665423, -23.654467859070259 ], [ -46.532714118324023, -23.654467829852049 ], [ -46.532713872392875, -23.654467815981327 ], [ -46.532713626006768, -23.654467817522228 ], [ -46.53271338030288, -23.654467834469965 ], [ -46.532713136415047, -23.654467866744429 ], [ -46.53271289546857, -23.65446791419885 ], [ -46.532712658575626, -23.654467976611233 ], [ -46.532712426829185, -23.654468053693019 ], [ -46.53271220129885, -23.654468145093471 ], [ -46.53271198302533, -23.654468250386742 ], [ -46.532711773015876, -23.654468369087059 ], [ -46.532711572239677, -23.654468500648722 ], [ -46.532711381623216, -23.65446864446189 ], [ -46.532711202046102, -23.654468799865469 ], [ -46.532711034337147, -23.654468966140783 ], [ -46.53271087927029, -23.654469142523379 ], [ -46.532710737561025, -23.654469328195567 ], [ -46.532710609863237, -23.654469522299433 ], [ -46.532187346351257, -23.655329506277443 ], [ -46.532036073673318, -23.655589905937539 ], [ -46.531953242409372, -23.655742075785014 ], [ -46.531852825839238, -23.655933160226233 ], [ -46.53164582288337, -23.65630753338159 ] ] ] } },
{ "type": "Feature", "properties": { "ID": 3038 }, "geometry": { "type": "MultiLineString", "coordinates": [ [ [ -46.531647366025894, -23.656305350812392 ], [ -46.53164582288337, -23.65630753338159 ] ] ] } },
{ "type": "Feature", "properties": { "ID": 3039 }, "geometry": { "type": "MultiLineString", "coordinates": [ [ [ -46.531895282016556, -23.655874855119006 ], [ -46.531817855819298, -23.656011348723375 ], [ -46.531810179052165, -23.656025602474269 ] ] ] } },
{ "type": "Feature", "properties": { "ID": 3040 }, "geometry": { "type": "MultiLineString", "coordinates": [ [ [ -46.53164582288337, -23.65630753338159 ], [ -46.531419882732905, -23.656739527364415 ], [ -46.531415183646679, -23.656748513987448 ] ] ] } },
{ "type": "Feature", "properties": { "ID": 3041 }, "geometry": { "type": "MultiLineString", "coordinates": [ [ [ -46.531810179052165, -23.656025602474269 ], [ -46.531423944840327, -23.656743189727557 ], [ -46.531420971283978, -23.656748818017093 ] ] ] } },
{ "type": "Feature", "properties": { "ID": 3042 }, "geometry": { "type": "MultiLineString", "coordinates": [ [ [ -46.531417050082432, -23.656757255123921 ], [ -46.531365573326276, -23.656731304429755 ] ] ] } },
{ "type": "Feature", "properties": { "ID": 3043 }, "geometry": { "type": "MultiLineString", "coordinates": [ [ [ -46.531420971283978, -23.656748818017093 ], [ -46.531417050082432, -23.656757255123921 ] ] ] } },
{ "type": "Feature", "properties": { "ID": 3044 }, "geometry": { "type": "MultiLineString", "coordinates": [ [ [ -46.531454819461125, -23.656776297466887 ], [ -46.531417050082432, -23.656757255123921 ] ] ] } },
{ "type": "Feature", "properties": { "ID": 3045 }, "geometry": { "type": "MultiLineString", "coordinates": [ [ [ -46.531068000039092, -23.656702998974421 ], [ -46.531023126732492, -23.656680053294444 ] ] ] } },
{ "type": "Feature", "properties": { "ID": 3046 }, "geometry": { "type": "MultiLineString", "coordinates": [ [ [ -46.53130361412164, -23.656823847076527 ], [ -46.531068000039092, -23.656702998974421 ] ] ] } },
{ "type": "Feature", "properties": { "ID": 3047 }, "geometry": { "type": "MultiLineString", "coordinates": [ [ [ -46.531461229947084, -23.656779575403274 ], [ -46.531454819461125, -23.656776297466887 ] ] ] } },
{ "type": "Feature", "properties": { "ID": 3048 }, "geometry": { "type": "MultiLineString", "coordinates": [ [ [ -46.531313377411415, -23.656828807684974 ], [ -46.53130361412164, -23.656823847076527 ] ] ] } },
{ "type": "Feature", "properties": { "ID": 3049 }, "geometry": { "type": "MultiLineString", "coordinates": [ [ [ -46.531369890241798, -23.656857869305888 ], [ -46.531313377411415, -23.656828807684974 ] ] ] } },
{ "type": "Feature", "properties": { "ID": 3050 }, "geometry": { "type": "MultiLineString", "coordinates": [ [ [ -46.531584203427514, -23.656841663927878 ], [ -46.531461229947084, -23.656779575403274 ] ] ] } },
{ "type": "Feature", "properties": { "ID": 3051 }, "geometry": { "type": "MultiLineString", "coordinates": [ [ [ -46.535040018010022, -23.656620180994182 ], [ -46.535035756600458, -23.656633046489851 ], [ -46.53501408169037, -23.656682657920538 ], [ -46.535005735940317, -23.656698363319268 ], [ -46.534995086094398, -23.656718245561184 ], [ -46.53498584652943, -23.656732966458367 ] ] ] } },
{ "type": "Feature", "properties": { "ID": 3052 }, "geometry": { "type": "MultiLineString", "coordinates": [ [ [ -46.531654319398818, -23.656877092963537 ], [ -46.531584203427514, -23.656841663927878 ] ] ] } },
{ "type": "Feature", "properties": { "ID": 3053 }, "geometry": { "type": "MultiLineString", "coordinates": [ [ [ -46.531384486171831, -23.656865310695984 ], [ -46.531369890241798, -23.656857869305888 ] ] ] } },
{ "type": "Feature", "properties": { "ID": 3054 }, "geometry": { "type": "MultiLineString", "coordinates": [ [ [ -46.531532619974257, -23.656941238211679 ], [ -46.531384486171831, -23.656865310695984 ] ] ] } },
{ "type": "Feature", "properties": { "ID": 3055 }, "geometry": { "type": "MultiLineString", "coordinates": [ [ [ -46.531743171523352, -23.656921909109535 ], [ -46.531654319398818, -23.656877092963537 ] ] ] } },
{ "type": "Feature", "properties": { "ID": 3056 }, "geometry": { "type": "MultiLineString", "coordinates": [ [ [ -46.531597909654529, -23.656974728256618 ], [ -46.531532619974257, -23.656941238211679 ] ] ] } },
{ "type": "Feature", "properties": { "ID": 3057 }, "geometry": { "type": "MultiLineString", "coordinates": [ [ [ -46.53189760333396, -23.656999851030442 ], [ -46.531743171523352, -23.656921909109535 ] ] ] } },
{ "type": "Feature", "properties": { "ID": 3058 }, "geometry": { "type": "MultiLineString", "coordinates": [ [ [ -46.531682332850288, -23.657018053020728 ], [ -46.531597909654529, -23.656974728256618 ] ] ] } },
{ "type": "Feature", "properties": { "ID": 3059 }, "geometry": { "type": "MultiLineString", "coordinates": [ [ [ -46.531728390035191, -23.657041618932798 ], [ -46.531682332850288, -23.657018053020728 ] ] ] } },
{ "type": "Feature", "properties": { "ID": 3060 }, "geometry": { "type": "MultiLineString", "coordinates": [ [ [ -46.534485823767582, -23.657191429071979 ], [ -46.534578326594087, -23.657061738426282 ], [ -46.534608038639114, -23.657020355511012 ], [ -46.534612957794465, -23.657013443632458 ], [ -46.534705467752993, -23.656884384981858 ], [ -46.534792974073824, -23.656763412965059 ], [ -46.534833192519166, -23.656698266093827 ], [ -46.534873312901986, -23.656633120184587 ], [ -46.534885870545061, -23.656608703813756 ], [ -46.53489821422869, -23.656574356028187 ] ] ] } },
{ "type": "Feature", "properties": { "ID": 3061 }, "geometry": { "type": "MultiLineString", "coordinates": [ [ [ -46.534953410117168, -23.656624921908936 ], [ -46.534949976109189, -23.656633083355853 ], [ -46.534942158416428, -23.656652034495725 ], [ -46.53492264738199, -23.656693858267285 ], [ -46.534849917591977, -23.656804118344667 ], [ -46.534749432003053, -23.656946982393787 ], [ -46.534701669790266, -23.657012565169403 ], [ -46.53469665261548, -23.657019478021258 ], [ -46.534641460497603, -23.657095248498639 ], [ -46.534544957707311, -23.657218205923019 ] ] ] } },
{ "type": "Feature", "properties": { "ID": 3062 }, "geometry": { "type": "MultiLineString", "coordinates": [ [ [ -46.53498584652943, -23.656732966458367 ], [ -46.5349046150044, -23.656862365086265 ], [ -46.534805792701555, -23.65699654343226 ], [ -46.53479518497236, -23.657011639088136 ], [ -46.534790363851336, -23.657018550001208 ], [ -46.534713894103341, -23.657127582792643 ], [ -46.534608027350906, -23.657263004747676 ], [ -46.534606673975539, -23.657264643636278 ] ] ] } },
{ "type": "Feature", "properties": { "ID": 3063 }, "geometry": { "type": "MultiLineString", "coordinates": [ [ [ -46.553842071944551, -23.656828704635732 ], [ -46.553768068326569, -23.656945939133585 ], [ -46.553752069424732, -23.656970292176879 ], [ -46.553735154460355, -23.656994114169606 ], [ -46.55371734418474, -23.657017375886696 ], [ -46.553698660447999, -23.657040048791185 ], [ -46.553679126171488, -23.657062105068476 ], [ -46.553658765319774, -23.657083517656762 ], [ -46.553637602872136, -23.657104260285173 ], [ -46.553614551294714, -23.657125288373628 ], [ -46.553590676017876, -23.657145521589257 ], [ -46.553566009323525, -23.657164932571323 ], [ -46.553540584563592, -23.657183495074587 ], [ -46.55351443611525, -23.657201184002925 ], [ -46.553487599334233, -23.657217975433529 ], [ -46.553460110506869, -23.657233846667104 ], [ -46.552415321365949, -23.657812781157805 ], [ -46.55227584518051, -23.657889943602608 ], [ -46.552219677613124, -23.657918527997083 ], [ -46.552161402948606, -23.657943275980717 ], [ -46.552101329502712, -23.657964056612858 ], [ -46.552039775108518, -23.657980759951631 ], [ -46.551977065435011, -23.657993297623563 ], [ -46.55191353226401, -23.658001603292 ], [ -46.551849511734488, -23.658005633017023 ], [ -46.551785342563967, -23.65800536547242 ], [ -46.551721364256565, -23.658000802078131 ] ] ] } },
{ "type": "Feature", "properties": { "ID": 3064 }, "geometry": { "type": "MultiLineString", "coordinates": [ [ [ -46.533153550399469, -23.658228491435494 ], [ -46.533143988009122, -23.658165101707546 ] ] ] } },
{ "type": "Feature", "properties": { "ID": 3065 }, "geometry": { "type": "MultiLineString", "coordinates": [ [ [ -46.533153557654536, -23.658237521851415 ], [ -46.533153550399469, -23.658228491435494 ] ] ] } },
{ "type": "Feature", "properties": { "ID": 3066 }, "geometry": { "type": "MultiLineString", "coordinates": [ [ [ -46.532990707813255, -23.658204467411224 ], [ -46.532990117583822, -23.658204771510736 ], [ -46.53298955152075, -23.658205112375501 ], [ -46.532989012317742, -23.658205488374762 ], [ -46.532988502541166, -23.658205897725164 ], [ -46.532988024616991, -23.65820633847683 ], [ -46.532987580819849, -23.65820680853173 ], [ -46.532987173261773, -23.658207305653505 ], [ -46.532986803882508, -23.658207827473998 ], [ -46.532986474440044, -23.65820837151276 ], [ -46.532986186502221, -23.658208935179236 ], [ -46.532985941439314, -23.658209515792272 ], [ -46.532985740417551, -23.658210110584442 ], [ -46.532985584393884, -23.658210716730125 ], [ -46.532985474110774, -23.658211331341185 ], [ -46.532985410092913, -23.658211951492948 ], [ -46.532985392645116, -23.658212574234884 ], [ -46.532985421850569, -23.65821319660359 ], [ -46.532985497570017, -23.658213815637875 ], [ -46.532985619443139, -23.658214428387328 ], [ -46.532985786890073, -23.658215031940337 ], [ -46.532985999113734, -23.65821562342402 ], [ -46.532986255104255, -23.658216200021432 ], [ -46.532986553643141, -23.65821675898874 ], [ -46.532986893309818, -23.658217297665932 ], [ -46.53298727248761, -23.658217813489653 ], [ -46.532987689371915, -23.658218304003938 ], [ -46.532988141978763, -23.658218766878356 ], [ -46.532988628154065, -23.658219199904764 ], [ -46.532989145584118, -23.658219601025046 ], [ -46.53299004036942, -23.658220251090619 ], [ -46.532990930961326, -23.658220906027907 ], [ -46.532991817328643, -23.658221565806102 ], [ -46.532992699440499, -23.658222230409347 ], [ -46.5329935772656, -23.658222899809978 ], [ -46.53299445077343, -23.658223573983523 ], [ -46.532995319933377, -23.658224252911086 ] ] ] } },
{ "type": "Feature", "properties": { "ID": 3067 }, "geometry": { "type": "MultiLineString", "coordinates": [ [ [ -46.532995319936227, -23.658224252913318 ], [ -46.533003101592264, -23.658230713067962 ], [ -46.533010490228428, -23.658237553570601 ], [ -46.533017463965308, -23.65824475416424 ], [ -46.533024002152551, -23.658252293528236 ], [ -46.533030085429168, -23.658260149339892 ], [ -46.533035695781145, -23.658268298332008 ], [ -46.533040816594813, -23.658276716373507 ] ] ] } },
{ "type": "Feature", "properties": { "ID": 3068 }, "geometry": { "type": "MultiLineString", "coordinates": [ [ [ -46.533205303809886, -23.658286496984971 ], [ -46.533162975337781, -23.658246459168847 ], [ -46.533153557654536, -23.658237521851415 ] ] ] } },
{ "type": "Feature", "properties": { "ID": 3069 }, "geometry": { "type": "MultiLineString", "coordinates": [ [ [ -46.532843254743582, -23.658271023459321 ], [ -46.532848975639347, -23.658269705293744 ], [ -46.532854771244317, -23.65826870153554 ], [ -46.53286062121235, -23.658268015705524 ], [ -46.53286650500695, -23.658267650214761 ], [ -46.53287240197313, -23.658267606346225 ], [ -46.532878291408949, -23.658267884247621 ], [ -46.532884152639781, -23.658268482953019 ] ] ] } },
{ "type": "Feature", "properties": { "ID": 3128 }, "geometry": { "type": "MultiLineString", "coordinates": [ [ [ -46.55797664622515, -23.659886343707136 ], [ -46.557777417347701, -23.659893132723365 ] ] ] } },
{ "type": "Feature", "properties": { "ID": 3129 }, "geometry": { "type": "MultiLineString", "coordinates": [ [ [ -46.557777417347701, -23.659893132723365 ], [ -46.557618269052554, -23.659898525270474 ] ] ] } },
{ "type": "Feature", "properties": { "ID": 3130 }, "geometry": { "type": "MultiLineString", "coordinates": [ [ [ -46.557618269052554, -23.659898525270474 ], [ -46.557483521571903, -23.659903040281943 ] ] ] } },
{ "type": "Feature", "properties": { "ID": 3131 }, "geometry": { "type": "MultiLineString", "coordinates": [ [ [ -46.557432758318377, -23.659904724434327 ], [ -46.557135726705965, -23.659914753155366 ] ] ] } },
{ "type": "Feature", "properties": { "ID": 3132 }, "geometry": { "type": "MultiLineString", "coordinates": [ [ [ -46.557483521571903, -23.659903040281943 ], [ -46.557432758318377, -23.659904724434327 ] ] ] } },
{ "type": "Feature", "properties": { "ID": 3133 }, "geometry": { "type": "MultiLineString", "coordinates": [ [ [ -46.490521361135912, -23.743749278902673 ], [ -46.490424857266149, -23.743495613207564 ], [ -46.490334853382265, -23.743239930733186 ], [ -46.490251399119359, -23.742982372587004 ], [ -46.490174540497115, -23.742723080914814 ], [ -46.490104319894058, -23.742462198817275 ], [ -46.490040776024983, -23.742199870268244 ], [ -46.489983943918581, -23.7419362400442 ] ] ] } },
{ "type": "Feature", "properties": { "ID": 3134 }, "geometry": { "type": "MultiLineString", "coordinates": [ [ [ -46.490824513451763, -23.743602377523377 ], [ -46.490730202121696, -23.743351233540853 ], [ -46.490642431891288, -23.743098088306894 ], [ -46.490561252766888, -23.74284308615146 ], [ -46.490486710995903, -23.742586372468917 ], [ -46.490418849040772, -23.742328093627101 ], [ -46.49035770555416, -23.742068396885664 ], [ -46.490303315357885, -23.741807430311862 ] ] ] } },
{ "type": "Feature", "properties": { "ID": 3135 }, "geometry": { "type": "MultiLineString", "coordinates": [ [ [ -46.490255865412649, -23.736055339632287 ], [ -46.490203368914116, -23.737347571889572 ] ] ] } },
{ "type": "Feature", "properties": { "ID": 3136 }, "geometry": { "type": "MultiLineString", "coordinates": [ [ [ -46.49015007906921, -23.736051934434872 ], [ -46.490097578442821, -23.737343895823091 ] ] ] } },
{ "type": "Feature", "properties": { "ID": 3137 }, "geometry": { "type": "MultiLineString", "coordinates": [ [ [ -46.490022604565368, -23.736047744852851 ], [ -46.48997010062407, -23.737339525670698 ] ] ] } },
{ "type": "Feature", "properties": { "ID": 3138 }, "geometry": { "type": "MultiLineString", "coordinates": [ [ [ -46.489916720139327, -23.736044340440582 ], [ -46.489864311183318, -23.737335939739054 ] ] ] } },
{ "type": "Feature", "properties": { "ID": 3139 }, "geometry": { "type": "MultiLineString", "coordinates": [ [ [ -46.560241689305862, -23.660761718929194 ], [ -46.559955507710704, -23.660479961729514 ] ] ] } },
{ "type": "Feature", "properties": { "ID": 3140 }, "geometry": { "type": "MultiLineString", "coordinates": [ [ [ -46.560209886843957, -23.66088241445523 ], [ -46.559873213203268, -23.66055086611815 ] ] ] } },
{ "type": "Feature", "properties": { "ID": 3141 }, "geometry": { "type": "MultiLineString", "coordinates": [ [ [ -46.558362652333763, -23.65997723891072 ], [ -46.558492226548353, -23.659976787279117 ], [ -46.558621552565967, -23.659984184856192 ], [ -46.558750070600475, -23.659999399621075 ], [ -46.558877224362192, -23.660022365715623 ], [ -46.559002463466769, -23.660052983729603 ], [ -46.559125245816233, -23.660091121132094 ], [ -46.559245039945623, -23.660136612843061 ], [ -46.559361327323217, -23.660189261952873 ], [ -46.559473604594508, -23.660248840567274 ], [ -46.559581385761064, -23.660315090797191 ], [ -46.559684204284288, -23.660387725881698 ], [ -46.559781615103724, -23.660466431408732 ], [ -46.559873196564716, -23.6605508667061 ] ] ] } },
{ "type": "Feature", "properties": { "ID": 3142 }, "geometry": { "type": "MultiLineString", "coordinates": [ [ [ -46.558363299531791, -23.659993481748614 ], [ -46.558491712818451, -23.659993034160852 ], [ -46.558619880132291, -23.660000365461599 ], [ -46.558747246701621, -23.660015443906225 ], [ -46.558873261221258, -23.660038204234475 ], [ -46.558997378237578, -23.660068547923021 ], [ -46.559119060509325, -23.660106343629973 ], [ -46.559237781333437, -23.660151427755906 ], [ -46.559353026823501, -23.660203605150688 ], [ -46.559464298135012, -23.660262649965105 ], [ -46.559571113623605, -23.660328306621487 ], [ -46.55967301093051, -23.660400290923938 ], [ -46.559769548982999, -23.660478291281432 ], [ -46.559860309904259, -23.660561970073001 ] ] ] } },
{ "type": "Feature", "properties": { "ID": 3143 }, "geometry": { "type": "MultiLineString", "coordinates": [ [ [ -46.560193606507681, -23.660890163916452 ], [ -46.559860305397727, -23.660561922845307 ] ] ] } },
{ "type": "Feature", "properties": { "ID": 3144 }, "geometry": { "type": "MultiLineString", "coordinates": [ [ [ -46.560100698817159, -23.660950700015427 ], [ -46.55977801185842, -23.660632917481369 ] ] ] } },
{ "type": "Feature", "properties": { "ID": 3145 }, "geometry": { "type": "MultiLineString", "coordinates": [ [ [ -46.558367434414805, -23.660097255433982 ], [ -46.558489334820145, -23.660096858156781 ], [ -46.558610996010977, -23.660103900295514 ], [ -46.558731883477968, -23.660118350903531 ], [ -46.55885146611039, -23.660140146498037 ], [ -46.558969218530031, -23.660169191316033 ], [ -46.559084623398725, -23.660205357752837 ], [ -46.559197173691437, -23.660248486912916 ], [ -46.559306374922649, -23.660298389308615 ], [ -46.559411747319764, -23.660354845695114 ], [ -46.559512827930334, -23.660417608035079 ], [ -46.559609172655769, -23.66048640058581 ], [ -46.559700358202434, -23.6605609211034 ], [ -46.559785983941623, -23.660640842190993 ] ] ] } },
{ "type": "Feature", "properties": { "ID": 3146 }, "geometry": { "type": "MultiLineString", "coordinates": [ [ [ -46.558358517464164, -23.659873465223288 ], [ -46.55849550871077, -23.659872987745239 ], [ -46.558632237553233, -23.659880808777597 ], [ -46.558768112163364, -23.65989689446603 ], [ -46.558902544410209, -23.659921175180006 ], [ -46.559034952405902, -23.659953545824042 ], [ -46.559164763023034, -23.659993866278395 ], [ -46.559291414375735, -23.660041962014549 ], [ -46.559414358252027, -23.660097624849996 ], [ -46.559533062485244, -23.660160613847832 ], [ -46.559647013258306, -23.660230656359158 ], [ -46.559755717327235, -23.660307449202925 ], [ -46.559858704156518, -23.660390659978031 ], [ -46.559955527954919, -23.660479928505424 ] ] ] } },
{ "type": "Feature", "properties": { "ID": 3147 }, "geometry": { "type": "MultiLineString", "coordinates": [ [ [ -46.557985572229711, -23.660110117923246 ], [ -46.558253499101383, -23.66010110266123 ] ] ] } },
{ "type": "Feature", "properties": { "ID": 3148 }, "geometry": { "type": "MultiLineString", "coordinates": [ [ [ -46.560337640902482, -23.661032026176358 ], [ -46.560198269448371, -23.660894812778764 ] ] ] } },
{ "type": "Feature", "properties": { "ID": 3149 }, "geometry": { "type": "MultiLineString", "coordinates": [ [ [ -46.558253499101383, -23.66010110266123 ], [ -46.558367470661224, -23.660097247426759 ] ] ] } },
{ "type": "Feature", "properties": { "ID": 3150 }, "geometry": { "type": "MultiLineString", "coordinates": [ [ [ -46.560198269448371, -23.660894812778764 ], [ -46.560193606507681, -23.660890163916452 ] ] ] } },
{ "type": "Feature", "properties": { "ID": 3151 }, "geometry": { "type": "MultiLineString", "coordinates": [ [ [ -46.491042237316712, -23.650347576465389 ], [ -46.491140534732899, -23.650380550815971 ], [ -46.491237891013469, -23.650415815080468 ], [ -46.491334243307591, -23.650453346489464 ], [ -46.491429529412741, -23.650493120812889 ], [ -46.491523687814464, -23.650535112379185 ], [ -46.491616657725977, -23.650579294070592 ], [ -46.491708379127985, -23.650625637372553 ] ] ] } },
{ "type": "Feature", "properties": { "ID": 3152 }, "geometry": { "type": "MultiLineString", "coordinates": [ [ [ -46.490986911443869, -23.650328590354974 ], [ -46.490959361805999, -23.65031825337768 ], [ -46.490932044814237, -23.650307405115445 ], [ -46.490904971649144, -23.650296050001142 ], [ -46.490878153391641, -23.650284192685508 ], [ -46.490851601018171, -23.650271838025912 ], [ -46.490825325396486, -23.650258991071308 ], [ -46.490799337280976, -23.650245657085179 ] ] ] } },
{ "type": "Feature", "properties": { "ID": 3153 }, "geometry": { "type": "MultiLineString", "coordinates": [ [ [ -46.491042237351216, -23.650347576476538 ], [ -46.491034283628245, -23.650344989697782 ], [ -46.491026346144899, -23.65034236093107 ], [ -46.491018425162288, -23.650339690261593 ], [ -46.491010520941039, -23.650336977780505 ], [ -46.491002633741282, -23.65033422357574 ], [ -46.490994763822599, -23.650331427736305 ], [ -46.490986911443869, -23.650328590354974 ] ] ] } },
{ "type": "Feature", "properties": { "ID": 3154 }, "geometry": { "type": "MultiLineString", "coordinates": [ [ [ -46.490804332481069, -23.650248257763838 ], [ -46.490580282688299, -23.650131659722661 ] ] ] } },
{ "type": "Feature", "properties": { "ID": 3155 }, "geometry": { "type": "MultiLineString", "coordinates": [ [ [ -46.489104461466574, -23.650975311976747 ], [ -46.489103125931194, -23.650912409475662 ], [ -46.489106502083708, -23.650849571863255 ], [ -46.489114573845718, -23.650787098269259 ], [ -46.489127302785725, -23.650725286091909 ], [ -46.489144628302355, -23.650664429583202 ], [ -46.489166467913392, -23.650604818441316 ], [ -46.489192717647875, -23.65054673643855 ], [ -46.489223252541613, -23.650490460064511 ], [ -46.489257927232181, -23.650436257217802 ], [ -46.489296576650538, -23.650384385920567 ], [ -46.489339016807278, -23.650335093096626 ], [ -46.489385045668691, -23.65028861340047 ], [ -46.489434444118025, -23.650245168090677 ], [ -46.489486976998975, -23.650204963977849 ], [ -46.489542394235023, -23.650168192447211 ], [ -46.489600432019778, -23.650135028545137 ], [ -46.489660814073254, -23.65010563014031 ], [ -46.48972325295609, -23.650080137177042 ], [ -46.489787451438879, -23.650058671011895 ], [ -46.489853103916211, -23.650041333829623 ], [ -46.489919897861725, -23.650028208159842 ], [ -46.489987515315768, -23.650019356486009 ], [ -46.490055634398495, -23.650014820940253 ], [ -46.490123930842891, -23.650014623116398 ], [ -46.490192079537529, -23.650018763954012 ], [ -46.490259756074089, -23.650027223740665 ], [ -46.490326638292075, -23.650039962207003 ], [ -46.490392407811974, -23.650056918714267 ], [ -46.490456751550532, -23.650078012542313 ], [ -46.490519363211568, -23.650103143276702 ], [ -46.490579944743487, -23.650132191289135 ] ] ] } },
{ "type": "Feature", "properties": { "ID": 3156 }, "geometry": { "type": "MultiLineString", "coordinates": [ [ [ -46.489104454001556, -23.650975306444256 ], [ -46.489131906228778, -23.651443190078869 ] ] ] } },
{ "type": "Feature", "properties": { "ID": 3157 }, "geometry": { "type": "MultiLineString", "coordinates": [ [ [ -46.490835062317686, -23.650191677100278 ], [ -46.490835617674719, -23.650192047994054 ], [ -46.490836199829104, -23.650192382205891 ], [ -46.490836805930137, -23.650192678093241 ], [ -46.490837433009759, -23.650192934210867 ], [ -46.490838077997644, -23.650193149303995 ], [ -46.490838737735309, -23.65019332232001 ], [ -46.4908394089924, -23.650193452409379 ], [ -46.490840088481924, -23.650193538936264 ], [ -46.490840772876844, -23.650193581478369 ], [ -46.490841458825642, -23.65019357982678 ], [ -46.490842142969441, -23.650193533987959 ], [ -46.490842821958594, -23.650193444187909 ], [ -46.490843492467924, -23.650193310865532 ], [ -46.490844151214546, -23.650193134674652 ], [ -46.490844794972588, -23.650192916477351 ], [ -46.490845420589679, -23.650192657343897 ], [ -46.490846025002718, -23.650192358539613 ], [ -46.490846605251804, -23.650192021529048 ], [ -46.490847158495995, -23.650191647962938 ], [ -46.49084768202583, -23.650191239671624 ], [ -46.49084817327806, -23.650190798651948 ], [ -46.490848629847143, -23.650190327065058 ], [ -46.490849049497392, -23.650189827221148 ], [ -46.490849430173995, -23.650189301564346 ], [ -46.490849770012836, -23.650188752670413 ], [ -46.490850067349726, -23.650188183229456 ], [ -46.49085032072901, -23.650187596026491 ], [ -46.49085052890976, -23.65018699393702 ], [ -46.490850690872641, -23.650186379911922 ], [ -46.490850805824586, -23.650185756955899 ], [ -46.490850873202731, -23.65018512811881 ], [ -46.490850892677059, -23.650184496480549 ], [ -46.490850864152314, -23.650183865133823 ], [ -46.49085078776816, -23.650183237171269 ], [ -46.490850663898634, -23.65018261566815 ], [ -46.490850493150234, -23.650182003665233 ], [ -46.490850276358934, -23.650181404160151 ], [ -46.490850014586691, -23.650180820090238 ], [ -46.490849709114876, -23.650180254313206 ], [ -46.490849361439487, -23.650179709600739 ], [ -46.490848973262928, -23.650179188621319 ], [ -46.490848546485935, -23.650178693923138 ], [ -46.490848083198465, -23.650178227929811 ], [ -46.490847585668696, -23.650177792923316 ], [ -46.490847056333251, -23.650177391034347 ], [ -46.490846497783956, -23.650177024228494 ], [ -46.490845912755731, -23.650176694304829 ] ] ] } },
{ "type": "Feature", "properties": { "ID": 3158 }, "geometry": { "type": "MultiLineString", "coordinates": [ [ [ -46.490838117782921, -23.650193207302472 ], [ -46.490614067036582, -23.650076519009762 ] ] ] } },
{ "type": "Feature", "properties": { "ID": 3159 }, "geometry": { "type": "MultiLineString", "coordinates": [ [ [ -46.489035942669304, -23.650978727520808 ], [ -46.489034514588589, -23.650911464574069 ], [ -46.48903812481354, -23.65084427101737 ], [ -46.489046756149868, -23.650777466714469 ], [ -46.489060367501622, -23.650711369681041 ], [ -46.489078894066083, -23.650646294566553 ], [ -46.489102247642357, -23.650582551149551 ], [ -46.489130317051774, -23.650520442872839 ], [ -46.489162968667046, -23.650460265395825 ], [ -46.489200047048627, -23.650402305184727 ], [ -46.489241375684401, -23.650346838149048 ], [ -46.489286757830719, -23.650294128330991 ], [ -46.489335977448135, -23.650244426645585 ], [ -46.489388800230749, -23.650197969693181 ], [ -46.489444974720911, -23.650154978620577 ], [ -46.489504233506963, -23.650115658080477 ], [ -46.489566294495248, -23.650080195248282 ], [ -46.489630862254245, -23.650048758941576 ], [ -46.489697629419439, -23.650021498803621 ], [ -46.489766278157589, -23.649998544602525 ], [ -46.489836481679085, -23.649980005605311 ], [ -46.489907905793523, -23.649965970063487 ], [ -46.489980210500669, -23.649956504788783 ], [ -46.490053051608669, -23.64995165484045 ], [ -46.490126082372434, -23.649951443305028 ], [ -46.490198955144365, -23.649955871187945 ], [ -46.490271323028672, -23.649964917412643 ], [ -46.490342841533021, -23.649978538912368 ], [ -46.4904131702081, -23.649996670846964 ], [ -46.490481974268526, -23.650019226904771 ], [ -46.490548926185731, -23.650046099708259 ], [ -46.490613707247697, -23.65007716133638 ] ] ] } },
{ "type": "Feature", "properties": { "ID": 3160 }, "geometry": { "type": "MultiLineString", "coordinates": [ [ [ -46.489035968398511, -23.650978763827499 ], [ -46.489063169140742, -23.65144177336493 ] ] ] } },
{ "type": "Feature", "properties": { "ID": 3161 }, "geometry": { "type": "MultiLineString", "coordinates": [ [ [ -46.496151437598087, -23.655420266185377 ], [ -46.496150878520908, -23.655419911157761 ], [ -46.496150294103352, -23.655419592633589 ], [ -46.496149687149341, -23.655419312141188 ], [ -46.496149060571774, -23.655419071027122 ], [ -46.496148417376808, -23.655418870449815 ], [ -46.496147760650885, -23.655418711369883 ], [ -46.496147093544948, -23.655418594549218 ], [ -46.496146419260121, -23.655418520551166 ], [ -46.496145741031832, -23.6554184897299 ], [ -46.496145062114316, -23.65541850223271 ], [ -46.496144385765298, -23.655418558000143 ], [ -46.496143715230097, -23.655418656766209 ], [ -46.496143053726023, -23.655418798051993 ], [ -46.496142404427445, -23.65541898118525 ], [ -46.496141770449647, -23.655419205283287 ], [ -46.49614115483476, -23.655419469274673 ], [ -46.496140560536631, -23.65541977188856 ], [ -46.496139990406824, -23.65542011167426 ], [ -46.496139447181235, -23.655420487003482 ], [ -46.496138933466071, -23.655420896072624 ], [ -46.496138451726573, -23.65542133692016 ], [ -46.496138004274101, -23.655421807430987 ], [ -46.496137593255824, -23.655422305345205 ], [ -46.49613722064376, -23.655422828277558 ], [ -46.496136888225884, -23.655423373715387 ], [ -46.496136597597328, -23.6554239390424 ], [ -46.496136350152447, -23.655424521547353 ], [ -46.496136147078808, -23.65542511843487 ], [ -46.496135989350485, -23.655425726840598 ], [ -46.496135877724583, -23.655426343844137 ], [ -46.496135812736576, -23.655426966486313 ], [ -46.496135794698233, -23.655427591777826 ], [ -46.496135823696413, -23.655428216720779 ], [ -46.496135899591629, -23.655428838312996 ], [ -46.496136022019854, -23.655429453575998 ], [ -46.496136190393663, -23.655430059555016 ], [ -46.49613640390514, -23.655430653342574 ], [ -46.496136661529853, -23.655431232091484 ], [ -46.496136962031414, -23.65543179302329 ], [ -46.496137303968176, -23.655432333445521 ], [ -46.496137685699324, -23.65543285076452 ], [ -46.496138105393221, -23.655433342500391 ], [ -46.496138561035991, -23.655433806293466 ], [ -46.496139050441414, -23.655434239917046 ], [ -46.496139571261232, -23.655434641293471 ], [ -46.496140120996159, -23.655435008492994 ], [ -46.496140697008478, -23.655435339752401 ] ] ] } },
{ "type": "Feature", "properties": { "ID": 3162 }, "geometry": { "type": "MultiLineString", "coordinates": [ [ [ -46.496140683813977, -23.655435314794239 ], [ -46.496229371747752, -23.655492615676092 ] ] ] } },
{ "type": "Feature", "properties": { "ID": 3163 }, "geometry": { "type": "MultiLineString", "coordinates": [ [ [ -46.496229369693104, -23.655492435084049 ], [ -46.496820549329399, -23.655856348992277 ] ] ] } },
{ "type": "Feature", "properties": { "ID": 3164 }, "geometry": { "type": "MultiLineString", "coordinates": [ [ [ -46.496820544916979, -23.655856479330357 ], [ -46.496848556672425, -23.655875326803454 ], [ -46.49687507949406, -23.65589592112126 ], [ -46.49689998524989, -23.655918162787586 ], [ -46.496923153619576, -23.655941944355291 ], [ -46.496944472676141, -23.655967150939215 ], [ -46.496963839426456, -23.655993660761006 ], [ -46.496981160308479, -23.656021345754699 ], [ -46.496996351643965, -23.656050072175955 ], [ -46.497009340042247, -23.656079701244071 ], [ -46.497020062754657, -23.656110089821023 ], [ -46.497028467978232, -23.656141091101855 ], [ -46.497034515105668, -23.656172555318395 ], [ -46.497038174921492, -23.65620433046514 ], [ -46.497039429743268, -23.656236263034209 ], [ -46.497038273507272, -23.656268198763751 ], [ -46.497034711797603, -23.656299983367592 ], [ -46.497028761819074, -23.65633146329548 ], [ -46.497020452314608, -23.656362486465962 ], [ -46.497009823426112, -23.656392903006218 ], [ -46.496996926500245, -23.656422565968764 ], [ -46.496981823841324, -23.656451332055109 ], [ -46.496964588409504, -23.65647906229476 ], [ -46.496945303468394, -23.656505622718242 ], [ -46.496924062183396, -23.65653088501551 ], [ -46.496900967171136, -23.656554727136733 ], [ -46.49687613000394, -23.65657703390638 ], [ -46.496849670670748, -23.656597697553842 ], [ -46.496821716997204, -23.656616618252972 ], [ -46.496792404028966, -23.65663370459745 ], [ -46.496761873378297, -23.656648874042013 ], [ -46.496730272540333, -23.656662053300941 ], [ -46.49669775418063, -23.656673178705905 ], [ -46.496664475397459, -23.656682196508097 ], [ -46.496630596962795, -23.656689063141734 ], [ -46.496596282545902, -23.656693745434005 ], [ -46.496561697922118, -23.656696220763422 ], [ -46.496527010172393, -23.656696477170893 ], [ -46.496492386875921, -23.656694513421368 ], [ -46.496457995300275, -23.656690338996576 ], [ -46.496424001593944, -23.656683974068351 ], [ -46.496390569982928, -23.656675449381588 ], [ -46.496357861977714, -23.656664806121849 ], [ -46.496326035592972, -23.656652095708708 ], [ -46.496295244584005, -23.656637379543678 ], [ -46.496265637704134, -23.656620728725375 ] ] ] } },
{ "type": "Feature", "properties": { "ID": 3165 }, "geometry": { "type": "MultiLineString", "coordinates": [ [ [ -46.496265637765298, -23.656620728758639 ], [ -46.496172865508846, -23.656568478393226 ], [ -46.496081908010346, -23.656513587503454 ], [ -46.495992853813007, -23.656456109514956 ], [ -46.495905789607349, -23.656396100390751 ], [ -46.495820800145751, -23.656333618542426 ], [ -46.495737968160853, -23.656268724794323 ], [ -46.495657374284988, -23.656201482324224 ] ] ] } },
{ "type": "Feature", "properties": { "ID": 3166 }, "geometry": { "type": "MultiLineString", "coordinates": [ [ [ -46.495643261238293, -23.656214018887169 ], [ -46.495642808067331, -23.656213554957162 ], [ -46.495642390765362, -23.65621306330566 ], [ -46.495642011325529, -23.65621254627667 ], [ -46.495641671560357, -23.65621200634056 ], [ -46.495641373092539, -23.656211446077176 ], [ -46.495641117347752, -23.656210868161949 ], [ -46.495640905547575, -23.656210275356216 ], [ -46.495640738703543, -23.656209670490117 ], [ -46.495640617612828, -23.656209056451811 ], [ -46.49564054285355, -23.656208436176811 ], [ -46.495640514782842, -23.656207812626427 ], [ -46.495640533534782, -23.656207188779202 ], [ -46.495640599019978, -23.65620656761584 ], [ -46.49564071092535, -23.656205952101978 ], [ -46.495640868716649, -23.656205345177373 ], [ -46.49564107164003, -23.656204749740873 ], [ -46.495641318726442, -23.656204168639572 ], [ -46.49564160879536, -23.656203604645064 ], [ -46.495641940461574, -23.656203060453453 ], [ -46.495642312140838, -23.656202538663678 ], [ -46.495642722057781, -23.656202041766754 ], [ -46.49564316825456, -23.656201572139182 ], [ -46.495643648599838, -23.656201132019163 ], [ -46.49564416079933, -23.656200723513006 ], [ -46.49564470240653, -23.656200348571311 ], [ -46.49564527083448, -23.656200008984566 ], [ -46.49564586336821, -23.656199706374373 ], [ -46.495646477177417, -23.65619944218691 ], [ -46.495647109330321, -23.65619921768204 ], [ -46.4956477568076, -23.656199033935266 ], [ -46.495648416516332, -23.656198891820445 ], [ -46.495649085305786, -23.656198792020366 ], [ -46.495649759981198, -23.656198735009372 ], [ -46.495650437320414, -23.656198721059727 ], [ -46.495651114087813, -23.656198750239241 ], [ -46.495651787051131, -23.656198822406868 ], [ -46.495652452995799, -23.656198937218996 ], [ -46.495653108741131, -23.65619909412715 ], [ -46.495653751154883, -23.656199292382137 ], [ -46.495654377168719, -23.656199531038251 ], [ -46.495654983792427, -23.656199808950916 ], [ -46.495655568128541, -23.656200124798136 ], [ -46.495656127386027, -23.656200477069554 ], [ -46.495656658893679, -23.65620086407927 ], [ -46.495657160112749, -23.656201283984011 ], [ -46.49565762864912, -23.656201734773298 ], [ -46.495658062265022, -23.65620221429878 ] ] ] } },
{ "type": "Feature", "properties": { "ID": 3167 }, "geometry": { "type": "MultiLineString", "coordinates": [ [ [ -46.49672709076173, -23.655879768544146 ], [ -46.496752044859242, -23.655894613542866 ], [ -46.496775823792355, -23.655911013796604 ], [ -46.496798313529574, -23.65592889065109 ], [ -46.496819406221512, -23.655948158385545 ], [ -46.496839000718126, -23.655968724598175 ], [ -46.496857003053911, -23.655990490663275 ], [ -46.496873326898417, -23.656013352205957 ], [ -46.49688789397004, -23.656037199591172 ], [ -46.496900634411858, -23.656061918462626 ], [ -46.496911487126134, -23.656087390275669 ], [ -46.496920400067943, -23.656113492886504 ], [ -46.496927330494096, -23.656140101116105 ], [ -46.496932245168615, -23.65616708736604 ], [ -46.496935120521975, -23.656194322226337 ], [ -46.496935942764239, -23.65622167509013 ], [ -46.496934707950977, -23.656249014785974 ], [ -46.496931422002646, -23.656276210208581 ], [ -46.496926100675559, -23.656303130941275 ], [ -46.496918769487039, -23.656329647885425 ], [ -46.496909463592424, -23.656355633877421 ], [ -46.496898227617393, -23.656380964303921 ], [ -46.496885115443064, -23.656405517689556 ], [ -46.496870189947906, -23.656429176289372 ], [ -46.496853522706765, -23.656451826647238 ], [ -46.49683519364649, -23.656473360143931 ], [ -46.496815290664152, -23.656493673515364 ], [ -46.496793909204058, -23.656512669345485 ], [ -46.496771151801369, -23.656530256542162 ], [ -46.496747127589117, -23.656546350764032 ], [ -46.496721951775925, -23.656560874830273 ], [ -46.496695745092929, -23.656573759091984 ], [ -46.496668633215002, -23.656584941758627 ], [ -46.496640746158207, -23.656594369207415 ], [ -46.496612217655766, -23.65660199622619 ], [ -46.496583184517121, -23.656607786237092 ], [ -46.496553785972168, -23.656611711479425 ], [ -46.496524163002846, -23.656613753123811 ], [ -46.496494457667289, -23.65661390138418 ], [ -46.4964648124189, -23.656612155543758 ], [ -46.496435369422933, -23.656608523981028 ], [ -46.496406269874527, -23.656603024107426 ], [ -46.496377653321723, -23.656595682298512 ], [ -46.496349656996571, -23.656586533763704 ], [ -46.496322415156477, -23.656575622370703 ], [ -46.496296058440826, -23.656563000451957 ] ] ] } },
{ "type": "Feature", "properties": { "ID": 3168 }, "geometry": { "type": "MultiLineString", "coordinates": [ [ [ -46.496190750419508, -23.655544733830748 ], [ -46.496705380665745, -23.655867033655152 ] ] ] } },
{ "type": "Feature", "properties": { "ID": 3169 }, "geometry": { "type": "MultiLineString", "coordinates": [ [ [ -46.496190750419508, -23.655544733830748 ], [ -46.496084869508067, -23.655475588198545 ] ] ] } },
{ "type": "Feature", "properties": { "ID": 3170 }, "geometry": { "type": "MultiLineString", "coordinates": [ [ [ -46.496727093162832, -23.655879737724035 ], [ -46.496705380665745, -23.655867033655152 ] ] ] } },
{ "type": "Feature", "properties": { "ID": 3171 }, "geometry": { "type": "MultiLineString", "coordinates": [ [ [ -46.528407761961525, -23.660418758520798 ], [ -46.52843792751959, -23.660395071998082 ], [ -46.528468093066685, -23.660371385470061 ] ] ] } },
{ "type": "Feature", "properties": { "ID": 3172 }, "geometry": { "type": "MultiLineString", "coordinates": [ [ [ -46.528431989671517, -23.660630645974983 ], [ -46.528458782777776, -23.660607805455715 ] ] ] } },
{ "type": "Feature", "properties": { "ID": 3173 }, "geometry": { "type": "MultiLineString", "coordinates": [ [ [ -46.52845936280292, -23.660581792461244 ], [ -46.528460294364322, -23.660582718318082 ], [ -46.528461153540313, -23.660583701778847 ], [ -46.5284619361449, -23.660584738048854 ], [ -46.528462638365063, -23.660585822079181 ], [ -46.528463256779681, -23.66058694859095 ], [ -46.528463788376001, -23.660588112095642 ], [ -46.528464230563827, -23.660589306921864 ], [ -46.528464581188778, -23.660590527251841 ], [ -46.528464838542874, -23.660591767136349 ], [ -46.528465001372034, -23.660593020537728 ], [ -46.528465068883122, -23.660594281349169 ], [ -46.528465040747172, -23.660595543427007 ], [ -46.528464917101154, -23.660596800620809 ], [ -46.528464698547623, -23.660598046807863 ], [ -46.528464386151271, -23.660599275916844 ], [ -46.528463981434115, -23.660600481960245 ], [ -46.528463486367926, -23.660601659058031 ], [ -46.528462903364748, -23.66060280147871 ], [ -46.528462235264861, -23.660603903656657 ], [ -46.528461485323334, -23.66060496022023 ], [ -46.528460657193939, -23.660605966025308 ], [ -46.52845975491114, -23.660606916165154 ], [ -46.528458782871112, -23.660607806017932 ] ] ] } },
{ "type": "Feature", "properties": { "ID": 3174 }, "geometry": { "type": "MultiLineString", "coordinates": [ [ [ -46.528432307360674, -23.660556773361613 ], [ -46.528459362710016, -23.660581791899201 ] ] ] } },
{ "type": "Feature", "properties": { "ID": 3175 }, "geometry": { "type": "MultiLineString", "coordinates": [ [ [ -46.528424002768347, -23.660560661083171 ], [ -46.52842395988705, -23.660560355978458 ], [ -46.528423939662403, -23.660560048888946 ], [ -46.528423942188418, -23.660559741245631 ], [ -46.528423967453605, -23.660559434472834 ], [ -46.52842401534047, -23.660559130000276 ], [ -46.528424085626675, -23.660558829236077 ], [ -46.528424177986068, -23.660558533580769 ], [ -46.528424291989467, -23.660558244405763 ], [ -46.528424427107829, -23.660557963051176 ], [ -46.528424582713754, -23.660557690827922 ], [ -46.528424758084569, -23.660557428996203 ], [ -46.52842495240612, -23.660557178774049 ], [ -46.528425164776202, -23.660556941320099 ], [ -46.528425394208725, -23.6605567177421 ], [ -46.528425639638442, -23.660556509073277 ], [ -46.528425899925622, -23.66055631628511 ], [ -46.528426173862002, -23.660556140272273 ], [ -46.528426460175559, -23.66055598185039 ], [ -46.528426757536863, -23.660555841758146 ], [ -46.528427064565292, -23.660555720642151 ], [ -46.528427379835321, -23.660555619067647 ], [ -46.528427701883054, -23.66055553750552 ], [ -46.528428029213153, -23.660555476334366 ], [ -46.528428360305966, -23.660555435840482 ], [ -46.528428693624157, -23.660555416206943 ], [ -46.528429027619822, -23.660555417528702 ], [ -46.528429360742606, -23.660555439797342 ], [ -46.528429691445552, -23.660555482911882 ], [ -46.528430018193248, -23.660555546669993 ], [ -46.528430339468365, -23.660555630776617 ], [ -46.528430653779608, -23.66055573484168 ], [ -46.528430959667219, -23.660555858382235 ], [ -46.528431255711219, -23.660556000822353 ], [ -46.52843154053685, -23.660556161501702 ], [ -46.528431812821992, -23.66055633967866 ], [ -46.528432071301793, -23.660556534520659 ], [ -46.528432314776481, -23.660556745121191 ] ] ] } },
{ "type": "Feature", "properties": { "ID": 3176 }, "geometry": { "type": "MultiLineString", "coordinates": [ [ [ -46.528424002768482, -23.660560661083981 ], [ -46.528425430066179, -23.660569985006102 ], [ -46.528426395695149, -23.660579359055856 ], [ -46.528426897658626, -23.660588763851273 ], [ -46.528426934918613, -23.660598179944497 ], [ -46.528426507398073, -23.660607587862089 ], [ -46.528425615980566, -23.660616968148041 ], [ -46.528424262509631, -23.66062630140442 ] ] ] } },
{ "type": "Feature", "properties": { "ID": 3177 }, "geometry": { "type": "MultiLineString", "coordinates": [ [ [ -46.557135726705965, -23.659914753155366 ], [ -46.556962172855265, -23.659920651000043 ] ] ] } },
{ "type": "Feature", "properties": { "ID": 3178 }, "geometry": { "type": "MultiLineString", "coordinates": [ [ [ -46.556962172855265, -23.659920651000043 ], [ -46.556768431079696, -23.659927202982793 ] ] ] } },
{ "type": "Feature", "properties": { "ID": 3179 }, "geometry": { "type": "MultiLineString", "coordinates": [ [ [ -46.556768431079696, -23.659927202982793 ], [ -46.556609968815955, -23.659932587604935 ] ] ] } },
{ "type": "Feature", "properties": { "ID": 3180 }, "geometry": { "type": "MultiLineString", "coordinates": [ [ [ -46.556609968815955, -23.659932587604935 ], [ -46.556490802985813, -23.659936584018745 ] ] ] } },
{ "type": "Feature", "properties": { "ID": 3181 }, "geometry": { "type": "MultiLineString", "coordinates": [ [ [ -46.556490802985813, -23.659936584018745 ], [ -46.556392805302004, -23.659939916215713 ] ] ] } },
{ "type": "Feature", "properties": { "ID": 3182 }, "geometry": { "type": "MultiLineString", "coordinates": [ [ [ -46.556392805302004, -23.659939916215713 ], [ -46.556309113986252, -23.65994265314977 ] ] ] } },
{ "type": "Feature", "properties": { "ID": 3183 }, "geometry": { "type": "MultiLineString", "coordinates": [ [ [ -46.556346003465485, -23.660165581243735 ], [ -46.556272307238238, -23.660167314476109 ], [ -46.556198587376755, -23.660167534345529 ], [ -46.556124880505216, -23.660166240731726 ], [ -46.556051223241212, -23.660163434286353 ], [ -46.555977652177766, -23.660159116400973 ], [ -46.555904203865097, -23.660153289217931 ], [ -46.555830914792345, -23.660145955634867 ] ] ] } },
{ "type": "Feature", "properties": { "ID": 3184 }, "geometry": { "type": "MultiLineString", "coordinates": [ [ [ -46.556337089937742, -23.659941790737765 ], [ -46.556270596029947, -23.659943372432434 ], [ -46.556204080514256, -23.659943624356007 ], [ -46.556137574730499, -23.659942546384674 ], [ -46.556071110013733, -23.659940139031537 ], [ -46.556004717680082, -23.659936403431082 ], [ -46.555938429011086, -23.659931341339366 ], [ -46.555872275239977, -23.659924955143151 ] ] ] } },
{ "type": "Feature", "properties": { "ID": 3185 }, "geometry": { "type": "MultiLineString", "coordinates": [ [ [ -46.556341214733614, -23.660045638742705 ], [ -46.557980817410382, -23.659990151529676 ] ] ] } },
{ "type": "Feature", "properties": { "ID": 3186 }, "geometry": { "type": "MultiLineString", "coordinates": [ [ [ -46.556341896111931, -23.660061796350146 ], [ -46.556175684447624, -23.660063430209615 ], [ -46.556009605490338, -23.660057098800145 ], [ -46.555844108834748, -23.660042819259591 ], [ -46.555679642499605, -23.660020630240464 ], [ -46.55551665171344, -23.659990591814335 ], [ -46.555355577710195, -23.659952785290134 ], [ -46.555196856533726, -23.659907313020149 ] ] ] } },
{ "type": "Feature", "properties": { "ID": 3187 }, "geometry": { "type": "MultiLineString", "coordinates": [ [ [ -46.557711445082575, -23.660679803159308 ], [ -46.557677615425654, -23.660679240184599 ] ] ] } },
{ "type": "Feature", "properties": { "ID": 3188 }, "geometry": { "type": "MultiLineString", "coordinates": [ [ [ -46.555821725457378, -23.660149731143107 ], [ -46.555822150681827, -23.660149214039691 ], [ -46.555822615112547, -23.660148726386872 ], [ -46.555823116352769, -23.660148270707126 ], [ -46.555823651815622, -23.660147849350594 ], [ -46.555824218737882, -23.66014746449051 ], [ -46.55582481419345, -23.6601471181155 ], [ -46.555825435109178, -23.660146812011114 ], [ -46.555826078280951, -23.660146547757563 ], [ -46.555826740389008, -23.660146326718738 ], [ -46.555827418016598, -23.66014615003558 ], [ -46.555828107666251, -23.660146018621649 ], [ -46.5558288057791, -23.66014593315213 ], [ -46.555829508752161, -23.660145894069014 ], [ -46.555830212957197, -23.660145901577771 ], [ -46.555830914760023, -23.660145955631311 ] ] ] } },
{ "type": "Feature", "properties": { "ID": 3189 }, "geometry": { "type": "MultiLineString", "coordinates": [ [ [ -46.557755075451738, -23.660617199176556 ], [ -46.557751794921593, -23.660617049433363 ], [ -46.557748532644318, -23.660616697653325 ], [ -46.557745303268639, -23.660616145410941 ], [ -46.557742121295597, -23.660615395194647 ], [ -46.557739001013552, -23.660614450366989 ], [ -46.557735956433298, -23.660613315170682 ], [ -46.557733001226246, -23.660611994706578 ], [ -46.55773014866233, -23.66061049489986 ], [ -46.557727411550403, -23.66060882248776 ], [ -46.557724802181255, -23.660606984981314 ], [ -46.55772233227183, -23.66060499062937 ], [ -46.557720012912668, -23.660602848386805 ], [ -46.557717854518671, -23.660600567874102 ], [ -46.55771586678177, -23.660598159330469 ], [ -46.557714058627646, -23.660595633574449 ], [ -46.55771243817518, -23.660593001942956 ], [ -46.557711012701262, -23.660590276255856 ] ] ] } },
{ "type": "Feature", "properties": { "ID": 3190 }, "geometry": { "type": "MultiLineString", "coordinates": [ [ [ -46.557636658125013, -23.660686856344448 ], [ -46.557642231422427, -23.660684791869372 ], [ -46.557647931529871, -23.660683045700388 ], [ -46.557653737044099, -23.660681624386704 ], [ -46.557659626166497, -23.660680533270565 ], [ -46.557665576784267, -23.660679776445338 ], [ -46.557671566553793, -23.660679356754788 ], [ -46.557677572984645, -23.660679275775824 ] ] ] } },
{ "type": "Feature", "properties": { "ID": 3191 }, "geometry": { "type": "MultiLineString", "coordinates": [ [ [ -46.558813136045373, -23.659401474408778 ], [ -46.558690574173163, -23.659392063457396 ] ] ] } },
{ "type": "Feature", "properties": { "ID": 3192 }, "geometry": { "type": "MultiLineString", "coordinates": [ [ [ -46.55845697645691, -23.659509911016059 ], [ -46.558772568087363, -23.659492149324876 ] ] ] } },
{ "type": "Feature", "properties": { "ID": 3193 }, "geometry": { "type": "MultiLineString", "coordinates": [ [ [ -46.558358517464164, -23.659873465223288 ], [ -46.558367053868601, -23.659873192777876 ], [ -46.558375591414659, -23.659872952594309 ], [ -46.558384129958483, -23.659872744669659 ], [ -46.558392669356401, -23.659872569010744 ], [ -46.558401209464705, -23.659872425619007 ], [ -46.558409750139553, -23.659872314499129 ], [ -46.558418291237615, -23.659872235652081 ] ] ] } },
{ "type": "Feature", "properties": { "ID": 3194 }, "geometry": { "type": "MultiLineString", "coordinates": [ [ [ -46.557985572229711, -23.660110117923246 ], [ -46.558253499101383, -23.66010110266123 ] ] ] } },
{ "type": "Feature", "properties": { "ID": 3195 }, "geometry": { "type": "MultiLineString", "coordinates": [ [ [ -46.557755114113704, -23.660617234074845 ], [ -46.55795185517696, -23.660620076579566 ] ] ] } },
{ "type": "Feature", "properties": { "ID": 3196 }, "geometry": { "type": "MultiLineString", "coordinates": [ [ [ -46.557711444384068, -23.660679802314402 ], [ -46.557893357133658, -23.660682479986747 ] ] ] } },
{ "type": "Feature", "properties": { "ID": 3197 }, "geometry": { "type": "MultiLineString", "coordinates": [ [ [ -46.558690579260769, -23.659392074746062 ], [ -46.55868473276351, -23.659390996166476 ], [ -46.558678978706702, -23.659389556307016 ], [ -46.558673343370934, -23.659387761740795 ], [ -46.558667852494438, -23.659385620664917 ], [ -46.558662531155996, -23.659383142856981 ], [ -46.558657403659915, -23.659380339636382 ], [ -46.558652493425036, -23.6593772238041 ], [ -46.55864782287793, -23.65937380959425 ], [ -46.55864341335068, -23.659370112597582 ], [ -46.55863928498286, -23.659366149700048 ], [ -46.558635456630178, -23.659361939001883 ], [ -46.558631945777883, -23.659357499734543 ], [ -46.558628768461126, -23.659352852175342 ], [ -46.55862593919165, -23.659348017547046 ], [ -46.558623470891646, -23.659343017936667 ], [ -46.558621374834587, -23.659337876173385 ], [ -46.558619660594033, -23.659332615746145 ], [ -46.558618335999036, -23.659327260678161 ], [ -46.558617407099725, -23.659321835428081 ] ] ] } },
{ "type": "Feature", "properties": { "ID": 3198 }, "geometry": { "type": "MultiLineString", "coordinates": [ [ [ -46.55775511481221, -23.660617234919751 ], [ -46.557768939676272, -23.660617366854456 ] ] ] } },
{ "type": "Feature", "properties": { "ID": 3199 }, "geometry": { "type": "MultiLineString", "coordinates": [ [ [ -46.489223230449923, -23.725632629428659 ], [ -46.489233734207886, -23.725650573888299 ], [ -46.489244196712079, -23.725668538761706 ], [ -46.489254617915662, -23.725686523973533 ], [ -46.489264997772189, -23.725704529439167 ], [ -46.489275336235352, -23.725722555083699 ], [ -46.489285633258405, -23.725740600820426 ], [ -46.489295888795375, -23.725758666569781 ] ] ] } },
{ "type": "Feature", "properties": { "ID": 3200 }, "geometry": { "type": "MultiLineString", "coordinates": [ [ [ -46.489018194488487, -23.72573527399738 ], [ -46.489030634175137, -23.725756540374711 ], [ -46.489043014600753, -23.72577783604158 ], [ -46.48905533568378, -23.725799160860387 ], [ -46.489067597343599, -23.725820514695176 ], [ -46.489079799499436, -23.725841897400329 ], [ -46.489091942070942, -23.725863308837788 ], [ -46.489104024978246, -23.72588474886274 ] ] ] } },
{ "type": "Feature", "properties": { "ID": 3201 }, "geometry": { "type": "MultiLineString", "coordinates": [ [ [ -46.488921934832533, -23.725776371602315 ], [ -46.488934217424365, -23.725797337098502 ], [ -46.488946441797481, -23.725818331415564 ], [ -46.488958607872291, -23.725839354415893 ], [ -46.488970715569472, -23.725860405965687 ], [ -46.488982764810011, -23.725881485927932 ], [ -46.488994755515087, -23.725902594160221 ], [ -46.489006687606178, -23.725923730526691 ] ] ] } },
{ "type": "Feature", "properties": { "ID": 3202 }, "geometry": { "type": "MultiLineString", "coordinates": [ [ [ -46.490480021712791, -23.730062687865811 ], [ -46.490480528533581, -23.730115872805992 ] ] ] } },
{ "type": "Feature", "properties": { "ID": 3203 }, "geometry": { "type": "MultiLineString", "coordinates": [ [ [ -46.490374076921427, -23.730062173921045 ], [ -46.490374586779993, -23.730115629750031 ] ] ] } },
{ "type": "Feature", "properties": { "ID": 3204 }, "geometry": { "type": "MultiLineString", "coordinates": [ [ [ -46.490246552281313, -23.730061687286277 ], [ -46.490247067222043, -23.730115594595333 ] ] ] } },
{ "type": "Feature", "properties": { "ID": 3205 }, "geometry": { "type": "MultiLineString", "coordinates": [ [ [ -46.490140608508987, -23.73006126347682 ], [ -46.490141125459651, -23.730115351379222 ] ] ] } },
{ "type": "Feature", "properties": { "ID": 3206 }, "geometry": { "type": "MultiLineString", "coordinates": [ [ [ -46.489129716546671, -23.725678402669203 ], [ -46.489141087927528, -23.725697830819005 ], [ -46.489152410454473, -23.725717283138543 ], [ -46.489163684066867, -23.725736759523372 ], [ -46.489174908704626, -23.725756259869637 ], [ -46.489186084307796, -23.725775784074585 ], [ -46.489197210816151, -23.725795332034387 ], [ -46.489208288169962, -23.725814903639105 ] ] ] } },
{ "type": "Feature", "properties": { "ID": 3207 }, "geometry": { "type": "MultiLineString", "coordinates": [ [ [ -46.490480539830571, -23.730116866055472 ], [ -46.490481462585343, -23.730223868948027 ] ] ] } },
{ "type": "Feature", "properties": { "ID": 3208 }, "geometry": { "type": "MultiLineString", "coordinates": [ [ [ -46.490141126486414, -23.730115441674677 ], [ -46.490142298518101, -23.730227138054481 ] ] ] } },
{ "type": "Feature", "properties": { "ID": 3209 }, "geometry": { "type": "MultiLineString", "coordinates": [ [ [ -46.490374596022342, -23.730116442408693 ], [ -46.490375731283464, -23.730224888142061 ] ] ] } },
{ "type": "Feature", "properties": { "ID": 3210 }, "geometry": { "type": "MultiLineString", "coordinates": [ [ [ -46.490247070302551, -23.730115865481661 ], [ -46.490248225995032, -23.730226117129433 ] ] ] } },
{ "type": "Feature", "properties": { "ID": 3211 }, "geometry": { "type": "MultiLineString", "coordinates": [ [ [ -46.490197761072885, -23.727985463388428 ], [ -46.490267909915787, -23.728277335911105 ], [ -46.490328191027892, -23.728571071227886 ], [ -46.490378546328671, -23.728866386644608 ], [ -46.490418927288914, -23.729162997949455 ], [ -46.490449294978077, -23.729460619676921 ], [ -46.49046962010128, -23.729758965389422 ], [ -46.490479883029053, -23.730057747950422 ] ] ] } },
{ "type": "Feature", "properties": { "ID": 3212 }, "geometry": { "type": "MultiLineString", "coordinates": [ [ [ -46.490093353243552, -23.728002709527743 ], [ -46.490163203416223, -23.728292632827401 ], [ -46.490223216370438, -23.728584417488086 ], [ -46.490273333868963, -23.728877780671024 ], [ -46.490313507265078, -23.729172438012512 ], [ -46.490343697550415, -23.729468103888365 ], [ -46.490363875392774, -23.729764491691128 ], [ -46.490374021165223, -23.730061314125553 ] ] ] } },
{ "type": "Feature", "properties": { "ID": 3213 }, "geometry": { "type": "MultiLineString", "coordinates": [ [ [ -46.489967588561022, -23.728023143193198 ], [ -46.490036978710343, -23.728310212175003 ], [ -46.49009660252554, -23.728599135241144 ], [ -46.490146401841429, -23.728889630839667 ], [ -46.490186328065171, -23.729181415895862 ], [ -46.490216342224151, -23.729474206072485 ], [ -46.490236415003771, -23.729767716047146 ], [ -46.490246526776922, -23.730061659802331 ] ] ] } },
{ "type": "Feature", "properties": { "ID": 3214 }, "geometry": { "type": "MultiLineString", "coordinates": [ [ [ -46.489862549592942, -23.728037999635038 ], [ -46.489931677864654, -23.728322891530944 ], [ -46.489991084790915, -23.728609636129843 ], [ -46.490040712073032, -23.728897952338251 ], [ -46.490080510998546, -23.729187557528089 ], [ -46.490110442488195, -23.729478167806569 ], [ -46.490130477134983, -23.729769498287009 ], [ -46.490140595233228, -23.73006126337928 ] ] ] } },
{ "type": "Feature", "properties": { "ID": 3278 }, "geometry": { "type": "MultiLineString", "coordinates": [ [ [ -46.534194214765854, -23.657187091736414 ], [ -46.534207413456762, -23.657158785959751 ] ] ] } },
{ "type": "Feature", "properties": { "ID": 3279 }, "geometry": { "type": "MultiLineString", "coordinates": [ [ [ -46.534207412403298, -23.657158695665299 ], [ -46.534391605366423, -23.656762420517754 ] ] ] } },
{ "type": "Feature", "properties": { "ID": 3280 }, "geometry": { "type": "MultiLineString", "coordinates": [ [ [ -46.534391620661374, -23.656762313499357 ], [ -46.534400876558372, -23.656738270621773 ], [ -46.534408497571768, -23.656713745703662 ], [ -46.53441445442126, -23.656688832967376 ], [ -46.534418724220885, -23.65666362813424 ], [ -46.534421290566272, -23.656638228044478 ], [ -46.53442214359805, -23.656612730288337 ], [ -46.534421280040021, -23.656587232834887 ] ] ] } },
{ "type": "Feature", "properties": { "ID": 3281 }, "geometry": { "type": "MultiLineString", "coordinates": [ [ [ -46.534489325876272, -23.65656185147721 ], [ -46.534486017506531, -23.656548190740477 ], [ -46.534482660677533, -23.656534540039257 ], [ -46.53447925542504, -23.656520899518927 ], [ -46.53447580178554, -23.656507269324479 ], [ -46.534472299795667, -23.65649364960408 ], [ -46.534468749493151, -23.656480040496231 ], [ -46.534465150915899, -23.656466442156493 ] ] ] } },
{ "type": "Feature", "properties": { "ID": 3282 }, "geometry": { "type": "MultiLineString", "coordinates": [ [ [ -46.534465150943753, -23.656466442258171 ], [ -46.534454754992417, -23.656440629178409 ], [ -46.534442760943065, -23.656415411049561 ], [ -46.534429208686078, -23.656390871737887 ], [ -46.534414143293731, -23.656367092860684 ], [ -46.534397614871075, -23.656344153495397 ], [ -46.534379678388262, -23.656322129935869 ], [ -46.534360393498616, -23.656301095429246 ] ] ] } },
{ "type": "Feature", "properties": { "ID": 3283 }, "geometry": { "type": "MultiLineString", "coordinates": [ [ [ -46.53436043927816, -23.65630109062829 ], [ -46.534327815454759, -23.656269355382673 ] ] ] } },
{ "type": "Feature", "properties": { "ID": 3284 }, "geometry": { "type": "MultiLineString", "coordinates": [ [ [ -46.534325523487844, -23.65626194882724 ], [ -46.534325455274953, -23.656262554965757 ], [ -46.534325429423788, -23.656263163887687 ], [ -46.534325446040839, -23.656263773082443 ], [ -46.53432550505751, -23.656264380039211 ], [ -46.534325606230773, -23.656264982259625 ], [ -46.534325749143491, -23.656265577256764 ], [ -46.534325933206851, -23.656266162582003 ], [ -46.534326157662143, -23.656266735822832 ], [ -46.534326421584403, -23.656267294615766 ], [ -46.534326723886068, -23.656267836659222 ], [ -46.534327063321108, -23.65626835971884 ], [ -46.534327438490891, -23.65626886163713 ], [ -46.53432784784912, -23.656269340348242 ] ] ] } },
{ "type": "Feature", "properties": { "ID": 2922 }, "geometry": { "type": "MultiLineString", "coordinates": [ [ [ -46.531313752781031, -23.6590245684392 ], [ -46.531286367067707, -23.658971197923595 ] ] ] } },
{ "type": "Feature", "properties": { "ID": 2923 }, "geometry": { "type": "MultiLineString", "coordinates": [ [ [ -46.531472817615146, -23.658969806966759 ], [ -46.531501412316182, -23.659025964950562 ] ] ] } },
{ "type": "Feature", "properties": { "ID": 2924 }, "geometry": { "type": "MultiLineString", "coordinates": [ [ [ -46.531501412316182, -23.659025964950562 ], [ -46.531506830871308, -23.659036657685693 ] ] ] } },
{ "type": "Feature", "properties": { "ID": 2925 }, "geometry": { "type": "MultiLineString", "coordinates": [ [ [ -46.531506811194554, -23.659036685010719 ], [ -46.531507114365546, -23.659037233837175 ], [ -46.531507457488246, -23.659037762328779 ], [ -46.531507838962689, -23.659038268019646 ], [ -46.531508257010586, -23.659038748555773 ], [ -46.531508709683017, -23.659039201692519 ], [ -46.531509194869578, -23.659039625321384 ], [ -46.531509710308313, -23.659040017464545 ], [ -46.531510253596288, -23.659040376294143 ], [ -46.531510822200595, -23.659040700138629 ], [ -46.531511413470575, -23.659040987486915 ], [ -46.531512024649594, -23.659041236999077 ], [ -46.531512652888438, -23.659041447514792 ], [ -46.531513295258144, -23.659041618048935 ], [ -46.531513948764207, -23.65904174781079 ], [ -46.531514610359622, -23.659041836191012 ], [ -46.531515276960363, -23.659041882778716 ], [ -46.531515945458736, -23.659041887359162 ], [ -46.53151661273796, -23.659041849907183 ], [ -46.531517275687456, -23.659041770602077 ], [ -46.531517931216328, -23.659041649808106 ], [ -46.531518576268617, -23.659041488092658 ], [ -46.531519207836979, -23.659041286207803 ], [ -46.531519822977373, -23.659041045096373 ], [ -46.531550552765367, -23.659028007840991 ], [ -46.53155113396032, -23.65902773940569 ], [ -46.531551694487348, -23.659027435962244 ], [ -46.531552231864069, -23.659027098850217 ], [ -46.531552743711352, -23.659026729564694 ], [ -46.53155322776243, -23.65902632974181 ], [ -46.531553681873909, -23.659025901148834 ], [ -46.531554104035109, -23.659025445685256 ], [ -46.531554492376713, -23.65902496536971 ], [ -46.531554845178889, -23.659024462327022 ], [ -46.531555160879613, -23.659023938783786 ], [ -46.531555438080836, -23.659023397059741 ], [ -46.531555675555154, -23.659022839552566 ], [ -46.531555872250912, -23.659022268733573 ], [ -46.531556027297313, -23.65902168712827 ], [ -46.531556140007837, -23.659021097312017 ], [ -46.531556209883163, -23.659020501897075 ], [ -46.531556236614058, -23.659019903517507 ], [ -46.531556220081981, -23.659019304827016 ], [ -46.531556160360296, -23.659018708475273 ], [ -46.531556057713502, -23.659018117101446 ], [ -46.531555912596041, -23.659017533325581 ], [ -46.531555725650449, -23.659016959733577 ], [ -46.531555497704488, -23.659016398862153 ], [ -46.531555229767648, -23.659015853198849 ], [ -46.531554923026384, -23.659015325156265 ], [ -46.531554578838929, -23.65901481707423 ], [ -46.531554198729175, -23.659014331202677 ], [ -46.531553784380556, -23.659013869693087 ], [ -46.531553337627628, -23.659013434588854 ], [ -46.531552860448777, -23.659013027815689 ], [ -46.531552354956844, -23.659012651176877 ], [ -46.531551541509344, -23.659012097074363 ], [ -46.531550731744261, -23.659011538416781 ], [ -46.531549925691969, -23.659010975218344 ], [ -46.531549123382149, -23.659010407505686 ], [ -46.531548324844842, -23.659009835300026 ], [ -46.531547530109599, -23.659009258617225 ], [ -46.531546739206043, -23.659008677484245 ] ] ] } },
{ "type": "Feature", "properties": { "ID": 2926 }, "geometry": { "type": "MultiLineString", "coordinates": [ [ [ -46.552520215264323, -23.659767346408454 ], [ -46.552520463077279, -23.659766800427132 ], [ -46.552520671534133, -23.659766240670756 ], [ -46.552520839739493, -23.659765669536316 ], [ -46.552520966971059, -23.659765089480121 ], [ -46.552521052682209, -23.659764502993312 ], [ -46.552521096505068, -23.659763912596432 ], [ -46.552521098251134, -23.659763320821195 ], [ -46.552521057913189, -23.659762730212531 ], [ -46.55252097566423, -23.659762143307123 ], [ -46.5525208518577, -23.659761562622609 ], [ -46.552520687025343, -23.659760990656554 ], [ -46.552520481874978, -23.659760429861702 ], [ -46.552520237287723, -23.659759882649485 ], [ -46.552497583106557, -23.659722720205721 ], [ -46.55247769998644, -23.659684235677858 ], [ -46.552460678371993, -23.659644604124871 ], [ -46.552446595690867, -23.659604005833614 ], [ -46.552435516001417, -23.659562625479104 ], [ -46.552427489701557, -23.659520651297466 ], [ -46.552422553299515, -23.659478274228068 ], [ -46.552420729247267, -23.659435687036716 ], [ -46.552422025839334, -23.659393083453359 ], [ -46.552426437174809, -23.659350657276725 ], [ -46.552433943183836, -23.659308601495699 ], [ -46.552444509719294, -23.659267107422863 ], [ -46.552458088712363, -23.659226363809104 ], [ -46.552474618390782, -23.659186555987791 ], [ -46.552494023560243, -23.659147865046815 ], [ -46.552791789309431, -23.658660488827056 ] ] ] } },
{ "type": "Feature", "properties": { "ID": 2927 }, "geometry": { "type": "MultiLineString", "coordinates": [ [ [ -46.55277680958384, -23.6586538661006 ], [ -46.552475772623211, -23.659138204148842 ], [ -46.552464398532337, -23.659160308921464 ], [ -46.552453915828877, -23.659182784503649 ], [ -46.552444338732371, -23.659205600407137 ], [ -46.552435680233906, -23.659228725686827 ], [ -46.552427952078894, -23.659252128971925 ], [ -46.552421164750363, -23.659275778515681 ], [ -46.552415327455641, -23.659299642242701 ], [ -46.552412050531352, -23.65931461660432 ], [ -46.552409154886924, -23.659329657496084 ], [ -46.552406642108011, -23.659344756677719 ], [ -46.552404513570842, -23.659359905883974 ], [ -46.55240277044085, -23.659375096820526 ], [ -46.552401413672769, -23.659390321168217 ], [ -46.552400444009834, -23.659405570590252 ], [ -46.552375624943757, -23.659789759638603 ], [ -46.55237558885306, -23.659791023664084 ], [ -46.552375649468118, -23.659792286894071 ], [ -46.552375806487923, -23.659793543056622 ], [ -46.552376059133294, -23.659794785921171 ], [ -46.552376406150117, -23.659796009315734 ], [ -46.552376845816354, -23.659797207168804 ], [ -46.552377375949575, -23.659798373536244 ], [ -46.552377993918739, -23.659799502626932 ], [ -46.552378696656831, -23.659800588841446 ], [ -46.552379480676002, -23.659801626782652 ], [ -46.552380342084824, -23.659802611305061 ], [ -46.552381276608173, -23.659803537518933 ], [ -46.55238227960772, -23.659804400826662 ], [ -46.552383346105231, -23.659805196944088 ], [ -46.552384470807823, -23.659805921922835 ], [ -46.55238564813309, -23.659806572161934 ], [ -46.552386872237996, -23.659807144433767 ] ] ] } },
{ "type": "Feature", "properties": { "ID": 2928 }, "geometry": { "type": "MultiLineString", "coordinates": [ [ [ -46.552661213692822, -23.659835629780272 ], [ -46.552662122695857, -23.659834795363203 ], [ -46.55266308901269, -23.659834017512296 ], [ -46.552664108503244, -23.659833299555277 ], [ -46.552665176799785, -23.659832644568429 ], [ -46.552666289325572, -23.659832055361022 ], [ -46.55266744131422, -23.659831534454629 ], [ -46.552668627830542, -23.659831084081855 ], [ -46.552669843790859, -23.659830706171078 ], [ -46.552671083986155, -23.659830402341886 ], [ -46.552672343102877, -23.659830173898424 ], [ -46.552673615746755, -23.659830021816237 ], [ -46.552674896465376, -23.659829946748495 ], [ -46.552676179772149, -23.659829949016068 ], [ -46.552677460168852, -23.659830028608383 ], [ -46.552678732170101, -23.659830185186166 ], [ -46.552678742686879, -23.659830159167271 ], [ -46.552695635221205, -23.659832270892679 ], [ -46.552712645337948, -23.65983330872568 ], [ -46.55272969267083, -23.65983326776173 ], [ -46.552746696677438, -23.659832148195356 ], [ -46.552763577020286, -23.659829955315253 ], [ -46.552780253946246, -23.659826699480067 ], [ -46.552796648662955, -23.659822396076898 ], [ -46.552812683711934, -23.659817065435767 ], [ -46.552828283333355, -23.659810732739835 ], [ -46.552843373825212, -23.659803427909846 ], [ -46.55285788389078, -23.659795185460677 ], [ -46.552871744975562, -23.659786044332215 ], [ -46.552884891591383, -23.659776047712732 ], [ -46.552897261625787, -23.659765242834531 ], [ -46.552908796635393, -23.65975368074448 ], [ -46.552908815362734, -23.659753713925124 ], [ -46.552997654148776, -23.659655565918502 ], [ -46.553028678423644, -23.659618898772919 ], [ -46.553057299137507, -23.659580608880905 ], [ -46.553083416503604, -23.659540829735885 ], [ -46.553106939463667, -23.659499700037447 ], [ -46.553127786005504, -23.659457363187055 ], [ -46.553145883448373, -23.659413966793196 ], [ -46.55316116869713, -23.659369662162849 ], [ -46.553173588461263, -23.659324603764283 ], [ -46.55318309944154, -23.659278948704191 ], [ -46.553184436381933, -23.659272549921415 ], [ -46.553186188458696, -23.659266236734041 ], [ -46.55318834933567, -23.659260031966127 ], [ -46.553190911198655, -23.659253958062621 ], [ -46.553193864783069, -23.659248036983527 ], [ -46.553197199407755, -23.659242290144306 ], [ -46.553200903013909, -23.659236738325138 ], [ -46.55320496220812, -23.659231401602568 ], [ -46.553209362311307, -23.659226299278266 ] ] ] } },
{ "type": "Feature", "properties": { "ID": 2929 }, "geometry": { "type": "MultiLineString", "coordinates": [ [ [ -46.528772332828687, -23.660103881003749 ], [ -46.528847459694248, -23.660072707050023 ], [ -46.528887282455152, -23.660057504141594 ], [ -46.528966709843722, -23.660025204042746 ], [ -46.529052727037367, -23.659994735286574 ], [ -46.52911260464775, -23.659967414179349 ], [ -46.529299974434529, -23.659876343873599 ] ] ] } },
{ "type": "Feature", "properties": { "ID": 2930 }, "geometry": { "type": "MultiLineString", "coordinates": [ [ [ -46.530193710318969, -23.659676074765454 ], [ -46.529874899290029, -23.659828406305571 ] ] ] } },
{ "type": "Feature", "properties": { "ID": 2931 }, "geometry": { "type": "MultiLineString", "coordinates": [ [ [ -46.529874899290029, -23.659828406305571 ], [ -46.529158399644068, -23.660170690305705 ], [ -46.529095819204713, -23.660201650302565 ], [ -46.529052049410694, -23.660231521617373 ], [ -46.529001851445663, -23.66027346690861 ] ] ] } },
{ "type": "Feature", "properties": { "ID": 2932 }, "geometry": { "type": "MultiLineString", "coordinates": [ [ [ -46.52849972763935, -23.660452980062352 ], [ -46.528465816232568, -23.66039479691981 ], [ -46.528502813955363, -23.660364270121754 ], [ -46.528545282280867, -23.660332063863784 ], [ -46.528605034581233, -23.660285509217164 ], [ -46.528649836606995, -23.660251654422094 ], [ -46.528696379998316, -23.660215795726668 ], [ -46.528749367556387, -23.660186104488623 ], [ -46.528815908386612, -23.660150048477611 ], [ -46.528860498125759, -23.660123239508042 ], [ -46.528952248970512, -23.660079981234237 ], [ -46.529078229698598, -23.660021123612935 ], [ -46.529074809629627, -23.66001366204695 ], [ -46.529010938463763, -23.660034791501328 ], [ -46.528949829877497, -23.660057428857741 ], [ -46.52890771852924, -23.660078162965604 ], [ -46.528817311313816, -23.660127368086521 ], [ -46.528767637812621, -23.660155401162143 ] ] ] } },
{ "type": "Feature", "properties": { "ID": 2933 }, "geometry": { "type": "MultiLineString", "coordinates": [ [ [ -46.52849972763935, -23.660452980062352 ], [ -46.528620834759138, -23.660354346366162 ], [ -46.528681969917471, -23.660308681099337 ], [ -46.528733799427947, -23.660272138110596 ], [ -46.528790728411749, -23.660235725406398 ], [ -46.528853555779335, -23.660200699368954 ], [ -46.528912592612251, -23.6601685101603 ], [ -46.528969112216906, -23.660139054916389 ], [ -46.529039469705424, -23.660102419325064 ], [ -46.531104433620861, -23.659122193915898 ], [ -46.531279120763145, -23.659039269133185 ], [ -46.531226980531308, -23.658998514984731 ], [ -46.530695561431159, -23.659246233732969 ], [ -46.530648147765987, -23.659266207923224 ], [ -46.530680922948676, -23.659243578871539 ], [ -46.530711168361663, -23.659222600290388 ], [ -46.530755374734277, -23.659196607332479 ], [ -46.530846527692169, -23.659152631450816 ] ] ] } },
{ "type": "Feature", "properties": { "ID": 2934 }, "geometry": { "type": "MultiLineString", "coordinates": [ [ [ -46.52849972763935, -23.660452980062352 ], [ -46.528468163779884, -23.660478667098953 ] ] ] } },
{ "type": "Feature", "properties": { "ID": 2935 }, "geometry": { "type": "MultiLineString", "coordinates": [ [ [ -46.528956481821353, -23.660250074047614 ], [ -46.529078093182619, -23.660177984700493 ], [ -46.529073582211787, -23.660169450239511 ], [ -46.528985060989832, -23.660212225194698 ], [ -46.528860059926508, -23.660279471445964 ], [ -46.528810846067067, -23.660304881157813 ], [ -46.528759930307508, -23.66034412430675 ], [ -46.528701197546496, -23.66038561187484 ], [ -46.528633597424879, -23.66044019081291 ], [ -46.528578246843139, -23.660485889307658 ], [ -46.528509534150757, -23.660461642916687 ] ] ] } },
{ "type": "Feature", "properties": { "ID": 2936 }, "geometry": { "type": "MultiLineString", "coordinates": [ [ [ -46.530846830554538, -23.659347054979332 ], [ -46.530822593380918, -23.659362014109696 ], [ -46.530802588410431, -23.659369977949858 ], [ -46.530743706699269, -23.659390155759375 ], [ -46.530697508467441, -23.659405060883895 ], [ -46.53068055728086, -23.659405860454793 ], [ -46.530684396340696, -23.659398778749427 ], [ -46.531295857178002, -23.659104213604266 ], [ -46.531284060738571, -23.659050959959931 ], [ -46.529032043074004, -23.660121366344313 ], [ -46.52890229482837, -23.660185047267447 ], [ -46.528801669251294, -23.660240764852304 ], [ -46.528743673520218, -23.6602781814391 ], [ -46.52869561982186, -23.660310623458564 ], [ -46.52863253567412, -23.660357301311425 ], [ -46.528576299731846, -23.660402737623144 ], [ -46.528522632401192, -23.660449864374126 ], [ -46.528518750155321, -23.660453243952645 ], [ -46.528509534150757, -23.660461642916687 ] ] ] } },
{ "type": "Feature", "properties": { "ID": 2937 }, "geometry": { "type": "MultiLineString", "coordinates": [ [ [ -46.528509534150757, -23.660461642916687 ], [ -46.52847780992699, -23.660490401906578 ] ] ] } },
{ "type": "Feature", "properties": { "ID": 2900 }, "geometry": { "type": "MultiLineString", "coordinates": [ [ [ -46.552897583954966, -23.658487308727835 ], [ -46.552951827925973, -23.658398537856165 ] ] ] } },
{ "type": "Feature", "properties": { "ID": 2901 }, "geometry": { "type": "MultiLineString", "coordinates": [ [ [ -46.552751499706176, -23.658494732601557 ], [ -46.552784114784615, -23.65844230022002 ] ] ] } },
{ "type": "Feature", "properties": { "ID": 2902 }, "geometry": { "type": "MultiLineString", "coordinates": [ [ [ -46.531574424240887, -23.658838583119827 ], [ -46.53158114721586, -23.658826596426888 ] ] ] } },
{ "type": "Feature", "properties": { "ID": 2903 }, "geometry": { "type": "MultiLineString", "coordinates": [ [ [ -46.552883794402298, -23.65848184804058 ], [ -46.552850312063491, -23.658535553392053 ] ] ] } },
{ "type": "Feature", "properties": { "ID": 2904 }, "geometry": { "type": "MultiLineString", "coordinates": [ [ [ -46.55286449905087, -23.658541461621084 ], [ -46.552897583954966, -23.658487308727835 ] ] ] } },
{ "type": "Feature", "properties": { "ID": 2905 }, "geometry": { "type": "MultiLineString", "coordinates": [ [ [ -46.531604588002658, -23.658827448415686 ], [ -46.531600028119669, -23.658831557203456 ], [ -46.531593999741006, -23.658844259471614 ], [ -46.531592293963215, -23.658857731762616 ], [ -46.531596061643604, -23.658878193741504 ], [ -46.531603022107532, -23.658895011968468 ], [ -46.531605536911947, -23.658900495713659 ] ] ] } },
{ "type": "Feature", "properties": { "ID": 2906 }, "geometry": { "type": "MultiLineString", "coordinates": [ [ [ -46.531605536911947, -23.658900495713659 ], [ -46.531610361003679, -23.658910652491016 ] ] ] } },
{ "type": "Feature", "properties": { "ID": 2907 }, "geometry": { "type": "MultiLineString", "coordinates": [ [ [ -46.531568173911047, -23.658916397424946 ], [ -46.531563260637498, -23.658890167252682 ], [ -46.531562901779211, -23.658867775180092 ], [ -46.531568950358448, -23.658848390149505 ], [ -46.531574424240887, -23.658838583119827 ] ] ] } },
{ "type": "Feature", "properties": { "ID": 3215 }, "geometry": { "type": "MultiLineString", "coordinates": [ [ [ -46.49575387961427, -23.749254250313744 ], [ -46.495532484554502, -23.749122609896911 ], [ -46.495314260035784, -23.748986558028079 ], [ -46.495099309781359, -23.748846159371379 ], [ -46.494887735957363, -23.748701480667691 ], [ -46.494679639124257, -23.748552590690153 ], [ -46.494475118188248, -23.748399560205858 ], [ -46.494274270355461, -23.748242461961638 ] ] ] } },
{ "type": "Feature", "properties": { "ID": 3216 }, "geometry": { "type": "MultiLineString", "coordinates": [ [ [ -46.495742392280903, -23.749362727455487 ], [ -46.495515288678106, -23.749228934871262 ], [ -46.495291454261739, -23.749090553312357 ], [ -46.495070998449592, -23.748947650422082 ], [ -46.494854029007165, -23.748800296065806 ], [ -46.494640651994423, -23.748648562279939 ], [ -46.494430971713662, -23.748492523240134 ], [ -46.494225090659562, -23.748332255228181 ] ] ] } },
{ "type": "Feature", "properties": { "ID": 3217 }, "geometry": { "type": "MultiLineString", "coordinates": [ [ [ -46.495727831433257, -23.749492559463089 ], [ -46.495556721679129, -23.749393502630269 ], [ -46.495387400256021, -23.749291875583143 ], [ -46.49521991272352, -23.749187705666433 ], [ -46.495054304147978, -23.749081020911856 ], [ -46.49489061908973, -23.748971850031094 ], [ -46.494728901591046, -23.748860222394484 ], [ -46.49456919516436, -23.748746168046797 ] ] ] } },
{ "type": "Feature", "properties": { "ID": 3218 }, "geometry": { "type": "MultiLineString", "coordinates": [ [ [ -46.495715761586112, -23.749600180451495 ], [ -46.495537838312806, -23.749498064549439 ], [ -46.495361811966575, -23.749393200331379 ], [ -46.495187732645192, -23.749285617638488 ], [ -46.495015649892089, -23.749175347092919 ], [ -46.494845612682212, -23.749062420083536 ], [ -46.494677669407388, -23.748946868744625 ], [ -46.494511867863963, -23.748828725972466 ] ] ] } },
{ "type": "Feature", "properties": { "ID": 3219 }, "geometry": { "type": "MultiLineString", "coordinates": [ [ [ -46.490716188968428, -23.743613119858296 ], [ -46.490622922955509, -23.743363195934347 ], [ -46.49053607358583, -23.743111320396707 ], [ -46.490455688949247, -23.742857632819263 ], [ -46.490381813552652, -23.742602273779283 ], [ -46.490314488294828, -23.742345384778474 ], [ -46.490253750444637, -23.742087108163449 ], [ -46.490199633619945, -23.741827587056353 ] ] ] } },
{ "type": "Feature", "properties": { "ID": 3220 }, "geometry": { "type": "MultiLineString", "coordinates": [ [ [ -46.490620166333265, -23.743714085690602 ], [ -46.490524516444381, -23.743462520735104 ], [ -46.490435313857077, -23.743208956538368 ], [ -46.490352607782491, -23.742953533092205 ], [ -46.490276443844515, -23.742696391411336 ], [ -46.49020686405391, -23.742437673462934 ], [ -46.490143906786166, -23.742177522078521 ], [ -46.490087606759651, -23.741916080883023 ] ] ] } },
{ "type": "Feature", "properties": { "ID": 3221 }, "geometry": { "type": "MultiLineString", "coordinates": [ [ [ -46.513889124457187, -23.664138996579798 ], [ -46.513812827383752, -23.664111657058555 ], [ -46.513716283023172, -23.664079909730606 ], [ -46.513618751123204, -23.664047539849825 ], [ -46.5135406916826, -23.664020398016518 ], [ -46.513469326413151, -23.663995629000347 ], [ -46.513385332187383, -23.663963939481498 ], [ -46.51330422797961, -23.663927796725364 ], [ -46.513222601441043, -23.663888859558959 ], [ -46.513159282394604, -23.66385615524413 ], [ -46.513096005286293, -23.66381857400134 ], [ -46.513029274287682, -23.663779039739243 ], [ -46.512967925642343, -23.663738640142192 ], [ -46.512889309505141, -23.663688656136593 ], [ -46.512832701725358, -23.663651280575699 ], [ -46.512779602283658, -23.66361206463198 ], [ -46.512724495512444, -23.663568804522708 ], [ -46.512668803713218, -23.663525821019537 ], [ -46.51262334656488, -23.663486169187756 ], [ -46.512570901254961, -23.663444147312898 ], [ -46.512509122717965, -23.663391921707557 ], [ -46.512459220690275, -23.663357912147021 ], [ -46.512413821454949, -23.663331805494934 ], [ -46.512366004727845, -23.663308612197941 ], [ -46.512311824376802, -23.663286203438741 ], [ -46.512248483236824, -23.66326857994844 ], [ -46.512195744534644, -23.663260696249814 ], [ -46.51213797994351, -23.663259092654954 ], [ -46.512086826982596, -23.663261217345756 ], [ -46.512022042249683, -23.663271512225588 ], [ -46.511964856702967, -23.663286157892895 ], [ -46.51191664691428, -23.663305502145981 ], [ -46.511870524818129, -23.663327354566384 ], [ -46.511821047457452, -23.663355832007404 ], [ -46.511778247543759, -23.663385237643357 ], [ -46.511739234442956, -23.663411445632104 ], [ -46.511698431436727, -23.663443992454738 ], [ -46.511657132029406, -23.663476002277591 ], [ -46.511617135027876, -23.663510437630947 ], [ -46.511583111619707, -23.663544272866911 ], [ -46.511549411355411, -23.663580633495691 ], [ -46.511513044090542, -23.66362379304249 ], [ -46.511482258301442, -23.663666356302294 ], [ -46.511456592314786, -23.663702277317274 ], [ -46.51143198655673, -23.663745141505157 ], [ -46.511408759437955, -23.663788534074278 ], [ -46.511387802576913, -23.663833259077105 ], [ -46.511368114461327, -23.663886008885935 ], [ -46.51135333304827, -23.663939162359103 ], [ -46.511342296958354, -23.663985506391054 ], [ -46.511334149874195, -23.664027306970745 ], [ -46.51132851064731, -23.664074049887514 ], [ -46.51132575375491, -23.66412419629625 ], [ -46.511326209626361, -23.664180903664295 ], [ -46.511326673968838, -23.664195709226675 ] ] ] } },
{ "type": "Feature", "properties": { "ID": 3222 }, "geometry": { "type": "MultiLineString", "coordinates": [ [ [ -46.511252444532332, -23.664203206154571 ], [ -46.511252441418129, -23.664202935268637 ], [ -46.511251712510521, -23.664182172127123 ], [ -46.511251322522085, -23.664122664646435 ], [ -46.511254229829753, -23.664068543331361 ], [ -46.51126040743992, -23.66401746050396 ], [ -46.511269199238797, -23.663972041421044 ], [ -46.511280796547396, -23.663923343977888 ], [ -46.511296709717364, -23.663866296337577 ], [ -46.511318300335567, -23.663808470875207 ], [ -46.511341074118604, -23.663759754719148 ], [ -46.511365645651843, -23.663713910798744 ], [ -46.511392364492707, -23.663667233180512 ], [ -46.511420154975276, -23.663628491983516 ], [ -46.511452581337402, -23.663583655096193 ], [ -46.511491657122328, -23.663537308451382 ], [ -46.511527488101919, -23.663498669413393 ], [ -46.511564323241785, -23.663462097596899 ], [ -46.51160761900595, -23.663424649996088 ], [ -46.511650085427419, -23.663391816052204 ], [ -46.511692831381197, -23.6633577150942 ], [ -46.511733984524447, -23.663330041351092 ], [ -46.511778923439927, -23.663299079665649 ], [ -46.511833759211328, -23.663267660182381 ], [ -46.511884755793808, -23.663243412270131 ], [ -46.511939895577576, -23.66322138154953 ], [ -46.512005780841363, -23.663204483669404 ], [ -46.512078786557034, -23.663192934601934 ], [ -46.512137386651226, -23.663190466322472 ], [ -46.512202800663253, -23.663192266181568 ], [ -46.512265261960145, -23.663201590180805 ], [ -46.512337947077292, -23.663221831628658 ], [ -46.512398727615675, -23.663246975425608 ], [ -46.512450980606289, -23.663272292740839 ], [ -46.512498650100234, -23.663299731803342 ], [ -46.512541437851596, -23.663328934306733 ], [ -46.512583004586993, -23.663354265584221 ], [ -46.512623075952071, -23.663377444118044 ], [ -46.512662446574538, -23.663399365206221 ], [ -46.512706293344998, -23.663418352811377 ], [ -46.512755242887756, -23.663437742112158 ], [ -46.512815277119998, -23.663457655310378 ], [ -46.513211461313865, -23.663568384226881 ], [ -46.513306233368667, -23.663599517064011 ] ] ] } },
{ "type": "Feature", "properties": { "ID": 3223 }, "geometry": { "type": "MultiLineString", "coordinates": [ [ [ -46.511460107196307, -23.664297897680036 ], [ -46.51145355838235, -23.664248474186376 ], [ -46.511450454586431, -23.664191702346244 ], [ -46.511450557210139, -23.664183573856164 ] ] ] } },
{ "type": "Feature", "properties": { "ID": 3224 }, "geometry": { "type": "MultiLineString", "coordinates": [ [ [ -46.511380535844964, -23.664190397657709 ], [ -46.511382449745568, -23.664246007136551 ], [ -46.511389200379611, -23.664304459209195 ] ] ] } },
{ "type": "Feature", "properties": { "ID": 3225 }, "geometry": { "type": "MultiLineString", "coordinates": [ [ [ -46.511326673968838, -23.664195709226675 ], [ -46.511328468015691, -23.664249423462032 ], [ -46.511335432335841, -23.664309408646002 ] ] ] } },
{ "type": "Feature", "properties": { "ID": 3226 }, "geometry": { "type": "MultiLineString", "coordinates": [ [ [ -46.511261294638622, -23.664316362853217 ], [ -46.511254108338385, -23.664254122193778 ], [ -46.511252444532332, -23.664203206154571 ] ] ] } },
{ "type": "Feature", "properties": { "ID": 3227 }, "geometry": { "type": "MultiLineString", "coordinates": [ [ [ -46.511468751439772, -23.664341972711568 ], [ -46.511461180943137, -23.66430601469456 ], [ -46.511460107196307, -23.664297897680036 ] ] ] } },
{ "type": "Feature", "properties": { "ID": 3228 }, "geometry": { "type": "MultiLineString", "coordinates": [ [ [ -46.511389200379611, -23.664304459209195 ], [ -46.511389852930414, -23.664310051780792 ], [ -46.51139694571188, -23.664347098127173 ] ] ] } },
{ "type": "Feature", "properties": { "ID": 3229 }, "geometry": { "type": "MultiLineString", "coordinates": [ [ [ -46.511335432335841, -23.664309408646002 ], [ -46.511336304822905, -23.664317076097625 ], [ -46.511342774108421, -23.664351058143946 ] ] ] } },
{ "type": "Feature", "properties": { "ID": 3230 }, "geometry": { "type": "MultiLineString", "coordinates": [ [ [ -46.511268617702996, -23.664356387040314 ], [ -46.511261294638622, -23.664316362853217 ] ] ] } },
{ "type": "Feature", "properties": { "ID": 3231 }, "geometry": { "type": "MultiLineString", "coordinates": [ [ [ -46.51139694571188, -23.664347098127173 ], [ -46.511404869462751, -23.664388200111588 ], [ -46.511413184746424, -23.664420719259912 ] ] ] } },
{ "type": "Feature", "properties": { "ID": 3232 }, "geometry": { "type": "MultiLineString", "coordinates": [ [ [ -46.511492137151983, -23.664440267805919 ], [ -46.51147705280075, -23.664381806731917 ], [ -46.511468751439772, -23.664341972711568 ] ] ] } },
{ "type": "Feature", "properties": { "ID": 3233 }, "geometry": { "type": "MultiLineString", "coordinates": [ [ [ -46.511342774108421, -23.664351058143946 ], [ -46.511351845737742, -23.664398199399212 ], [ -46.511358415584915, -23.664423872363482 ] ] ] } },
{ "type": "Feature", "properties": { "ID": 3234 }, "geometry": { "type": "MultiLineString", "coordinates": [ [ [ -46.511413184746424, -23.664420719259912 ], [ -46.511432586746707, -23.664496567171199 ], [ -46.511468690869968, -23.664626616016488 ] ] ] } },
{ "type": "Feature", "properties": { "ID": 3235 }, "geometry": { "type": "MultiLineString", "coordinates": [ [ [ -46.511358415584915, -23.664423872363482 ], [ -46.511379976906397, -23.664508458846747 ], [ -46.511409944762484, -23.66461644273355 ] ] ] } },
{ "type": "Feature", "properties": { "ID": 3236 }, "geometry": { "type": "MultiLineString", "coordinates": [ [ [ -46.511324999317779, -23.664587289925791 ], [ -46.511307614629644, -23.664524877832729 ], [ -46.511295499893102, -23.664477405035861 ], [ -46.511278866264689, -23.664412095837744 ], [ -46.511268617702996, -23.664356387040314 ] ] ] } },
{ "type": "Feature", "properties": { "ID": 3237 }, "geometry": { "type": "MultiLineString", "coordinates": [ [ [ -46.511546140149008, -23.664634800708509 ], [ -46.511542450097807, -23.664620839366073 ], [ -46.511506604261442, -23.664496206346982 ], [ -46.511492137151983, -23.664440267805919 ] ] ] } },
{ "type": "Feature", "properties": { "ID": 3238 }, "geometry": { "type": "MultiLineString", "coordinates": [ [ [ -46.511468690869968, -23.664626616016488 ], [ -46.511471657319859, -23.664637333424338 ], [ -46.511496301327703, -23.664725682640526 ] ] ] } },
{ "type": "Feature", "properties": { "ID": 3239 }, "geometry": { "type": "MultiLineString", "coordinates": [ [ [ -46.51157136677044, -23.664731181409653 ], [ -46.511546140149008, -23.664634800708509 ] ] ] } },
{ "type": "Feature", "properties": { "ID": 3240 }, "geometry": { "type": "MultiLineString", "coordinates": [ [ [ -46.511409944762484, -23.66461644273355 ], [ -46.511419249719609, -23.664649764974854 ], [ -46.511438271499955, -23.664718121240323 ] ] ] } },
{ "type": "Feature", "properties": { "ID": 3241 }, "geometry": { "type": "MultiLineString", "coordinates": [ [ [ -46.511357213116902, -23.664703018182635 ], [ -46.511347090701285, -23.664666814137259 ], [ -46.511324999317779, -23.664587289925791 ] ] ] } },
{ "type": "Feature", "properties": { "ID": 3242 }, "geometry": { "type": "MultiLineString", "coordinates": [ [ [ -46.511496301327703, -23.664725682640526 ], [ -46.511501311465672, -23.664743604544615 ], [ -46.51175359378518, -23.665648983561237 ], [ -46.511775429970378, -23.66573185147335 ], [ -46.511788249937275, -23.66578094282956 ], [ -46.511799732150266, -23.665824538607531 ], [ -46.511811541290086, -23.665879509675072 ], [ -46.511827039528498, -23.665948351775501 ], [ -46.511842528661305, -23.666033448934545 ], [ -46.511854276160619, -23.666091581286441 ], [ -46.511865018651385, -23.666164623834586 ], [ -46.511872366784267, -23.666232371485339 ], [ -46.511878261869079, -23.666284600785517 ], [ -46.511883275707746, -23.666336928989882 ] ] ] } },
{ "type": "Feature", "properties": { "ID": 3243 }, "geometry": { "type": "MultiLineString", "coordinates": [ [ [ -46.511959306823094, -23.666341063526875 ], [ -46.51195519665653, -23.666299111628209 ], [ -46.51194516293809, -23.666210981171883 ], [ -46.511935588875822, -23.666128716078745 ], [ -46.511922429186214, -23.666050098190002 ], [ -46.511906110045125, -23.665961035703308 ], [ -46.511887869756755, -23.665875423565343 ], [ -46.51186360114518, -23.665777137185884 ], [ -46.51184272922697, -23.665701394007176 ], [ -46.511819589731594, -23.665633077993522 ], [ -46.511575979602696, -23.664748655659917 ], [ -46.51157136677044, -23.664731181409653 ] ] ] } },
{ "type": "Feature", "properties": { "ID": 3244 }, "geometry": { "type": "MultiLineString", "coordinates": [ [ [ -46.511438271499955, -23.664718121240323 ], [ -46.511448903827045, -23.664756036107189 ], [ -46.511700571667795, -23.665659163581804 ], [ -46.511716379283889, -23.66571228953887 ], [ -46.511734836474368, -23.665774149265733 ], [ -46.511749050271852, -23.665833612147267 ], [ -46.511764660830053, -23.665886649713972 ], [ -46.511781126903301, -23.665954398711481 ], [ -46.511794408608232, -23.666009536021487 ], [ -46.511807442143812, -23.666085716909908 ], [ -46.511818834075328, -23.66616408114411 ], [ -46.511828890329333, -23.666237130390922 ], [ -46.511839143293209, -23.666318756729488 ], [ -46.51184105453806, -23.666348538861143 ] ] ] } },
{ "type": "Feature", "properties": { "ID": 3245 }, "geometry": { "type": "MultiLineString", "coordinates": [ [ [ -46.511771371918059, -23.666487205462982 ], [ -46.511757929354147, -23.666307267661313 ], [ -46.51173914596712, -23.666174431080663 ], [ -46.511715807664238, -23.66605473322085 ], [ -46.511686861653416, -23.665916306543469 ], [ -46.511659215863986, -23.66580568123609 ], [ -46.511628412147431, -23.665676212899658 ], [ -46.511376744755886, -23.664773085285958 ], [ -46.511357213116902, -23.664703018182635 ] ] ] } },
{ "type": "Feature", "properties": { "ID": 3246 }, "geometry": { "type": "MultiLineString", "coordinates": [ [ [ -46.537090449885397, -23.639002959793274 ], [ -46.537533688654982, -23.639228030504 ], [ -46.538269337442024, -23.639604711144624 ], [ -46.538283393144283, -23.639608003296274 ], [ -46.538295031144195, -23.639605720525225 ], [ -46.538300726204731, -23.639598168718955 ], [ -46.538301200288139, -23.639588411083423 ], [ -46.538291189289232, -23.639578938073285 ], [ -46.537469277905998, -23.639160037374861 ], [ -46.537191018567967, -23.639019572353863 ], [ -46.537150523108728, -23.639001732177743 ], [ -46.537131273977892, -23.638998581705025 ], [ -46.53711696229599, -23.638998542961051 ], [ -46.53711725738286, -23.638998630340936 ], [ -46.537090449885397, -23.639002959793274 ] ] ] } },
{ "type": "Feature", "properties": { "ID": 3247 }, "geometry": { "type": "MultiLineString", "coordinates": [ [ [ -46.549619439272782, -23.654450523852635 ], [ -46.549615810880304, -23.654434157308241 ], [ -46.54961101720815, -23.65441804718154 ], [ -46.549605079180658, -23.654402263791457 ], [ -46.549598022717312, -23.65438687603276 ], [ -46.549589878619024, -23.654371951072019 ], [ -46.549580682434581, -23.654357554052943 ], [ -46.549570474304353, -23.654343747816959 ], [ -46.54955929878642, -23.654330592627176 ], [ -46.549547204660804, -23.654318145905599 ], [ -46.549534244717428, -23.654306461981118 ], [ -46.549520475525306, -23.654295591850747 ], [ -46.549505957185431, -23.654285582962459 ], [ -46.549490753069314, -23.654276479006803 ], [ -46.549474929540992, -23.654268319717318 ], [ -46.549458555668799, -23.654261140709782 ], [ -46.549441702922891, -23.654254973321606 ], [ -46.549424444863405, -23.654249844470723 ], [ -46.549406856820312, -23.654245776544645 ], [ -46.549389015563108, -23.654242787301527 ], [ -46.549370998967063, -23.654240889784152 ], [ -46.54935288567264, -23.654240092279149 ] ] ] } },
{ "type": "Feature", "properties": { "ID": 3248 }, "geometry": { "type": "MultiLineString", "coordinates": [ [ [ -46.549352944153654, -23.654240100237786 ], [ -46.549226627500225, -23.65423585432589 ] ] ] } },
{ "type": "Feature", "properties": { "ID": 3249 }, "geometry": { "type": "MultiLineString", "coordinates": [ [ [ -46.549226539947071, -23.654235850985916 ], [ -46.549206114940809, -23.65423583572537 ], [ -46.549185738047257, -23.654237126462156 ], [ -46.549165507559373, -23.654239716967062 ], [ -46.549145521064069, -23.654243594747175 ], [ -46.549125874971466, -23.654248741096978 ], [ -46.549106664049539, -23.65425513118808 ], [ -46.549087980966988, -23.654262734199698 ], [ -46.549069915846665, -23.654271513456628 ], [ -46.549052555830663, -23.65428142661013 ], [ -46.549035984659326, -23.654292425838047 ], [ -46.5490202822686, -23.654304458085672 ], [ -46.549005524403171, -23.654317465312879 ], [ -46.548991782251939, -23.654331384773354 ], [ -46.548979122103859, -23.654346149325917 ], [ -46.548967605029119, -23.654361687748818 ], [ -46.548957286583864, -23.654377925086074 ], [ -46.548948216542463, -23.654394783016542 ] ] ] } },
{ "type": "Feature", "properties": { "ID": 3250 }, "geometry": { "type": "MultiLineString", "coordinates": [ [ [ -46.549482032517808, -23.654625459320105 ], [ -46.549491421313427, -23.654616895236543 ], [ -46.549500162570254, -23.65460776806847 ], [ -46.549508216585423, -23.654598119265774 ], [ -46.549515546777236, -23.654587992656317 ], [ -46.549522119852043, -23.654577434237599 ], [ -46.549527905954939, -23.654566491963255 ], [ -46.549532878805223, -23.654555215536 ], [ -46.549537015816433, -23.654543656169633 ], [ -46.549540298198423, -23.654531866372718 ], [ -46.549542711042669, -23.654519899691497 ], [ -46.549544243390088, -23.654507810476723 ], [ -46.549544888281098, -23.654495653644105 ], [ -46.549544642786749, -23.654483484404949 ], [ -46.549543508022403, -23.654471358035597 ], [ -46.549541489142484, -23.654459329610511 ], [ -46.549538595316854, -23.654447453767855 ], [ -46.549534839689713, -23.654435784445035 ], [ -46.549530239319409, -23.654424374644687 ], [ -46.549524815100909, -23.65441327618996 ], [ -46.549518591671621, -23.6544025394908 ], [ -46.549511597298483, -23.654392213314686 ], [ -46.549503863750338, -23.654382344561888 ], [ -46.549495426153129, -23.654372978055878 ], [ -46.549486322830631, -23.654364156340385 ], [ -46.5494765951304, -23.654355919485244 ], [ -46.54946628723598, -23.654348304898786 ], [ -46.549455445966117, -23.654341347168383 ], [ -46.549444120561731, -23.654335077896807 ], [ -46.549432362463193, -23.654329525560147 ], [ -46.549420225075963, -23.654324715374607 ], [ -46.549407763528095, -23.654320669189048 ], [ -46.549395034420122, -23.654317405379896 ], [ -46.549382095567921, -23.654314938777222 ], [ -46.549369005739521, -23.654313280575945 ], [ -46.549355824389401, -23.654312438313376 ] ] ] } },
{ "type": "Feature", "properties": { "ID": 3251 }, "geometry": { "type": "MultiLineString", "coordinates": [ [ [ -46.549355854651552, -23.654312405008667 ], [ -46.549223850547619, -23.654308035342737 ] ] ] } },
{ "type": "Feature", "properties": { "ID": 3252 }, "geometry": { "type": "MultiLineString", "coordinates": [ [ [ -46.549001534944402, -23.654526446235195 ], [ -46.549012214137377, -23.654717333432266 ] ] ] } },
{ "type": "Feature", "properties": { "ID": 3253 }, "geometry": { "type": "MultiLineString", "coordinates": [ [ [ -46.548156203478229, -23.655644060550237 ], [ -46.548130051697882, -23.6556511745523 ], [ -46.54810425058681, -23.655659302760558 ], [ -46.548078846475654, -23.655668430573488 ], [ -46.548053884982302, -23.655678541604363 ], [ -46.548029410929892, -23.655689617697057 ], [ -46.548005468266332, -23.655701638959197 ], [ -46.547982099985298, -23.655714583807192 ] ] ] } },
{ "type": "Feature", "properties": { "ID": 3254 }, "geometry": { "type": "MultiLineString", "coordinates": [ [ [ -46.548444150812919, -23.655637555529459 ], [ -46.548403085530616, -23.655633310303333 ], [ -46.548361853466375, -23.655630785364409 ], [ -46.548320539505532, -23.655629985908753 ], [ -46.548279228702917, -23.655630913583085 ], [ -46.548238006105819, -23.655633566476435 ], [ -46.548196956580973, -23.655637939128301 ], [ -46.548156164638236, -23.655644022539345 ] ] ] } },
{ "type": "Feature", "properties": { "ID": 3255 }, "geometry": { "type": "MultiLineString", "coordinates": [ [ [ -46.511761097835375, -23.666497510223614 ], [ -46.511771600177347, -23.666490002703103 ], [ -46.511771371918059, -23.666487205462982 ] ] ] } },
{ "type": "Feature", "properties": { "ID": 3256 }, "geometry": { "type": "MultiLineString", "coordinates": [ [ [ -46.549636544971492, -23.654465385856934 ], [ -46.549635233860229, -23.65446520237013 ], [ -46.549633939214523, -23.654464937655192 ], [ -46.549632666957855, -23.654464592923169 ], [ -46.549631422911311, -23.654464169753226 ], [ -46.549630212766814, -23.654463670081082 ], [ -46.549629042061568, -23.654463096189556 ], [ -46.549627916151934, -23.654462450707754 ], [ -46.549626840189646, -23.654461736589802 ], [ -46.549625819097379, -23.654460957099978 ], [ -46.549624857547357, -23.654460115806504 ], [ -46.549623959938863, -23.654459216558049 ], [ -46.549623130379118, -23.654458263471057 ], [ -46.549622372663649, -23.654457260901889 ], [ -46.549621690259166, -23.654456213442735 ], [ -46.549621086288198, -23.654455125885146 ], [ -46.549620563514047, -23.654454003202982 ], [ -46.549620124328712, -23.654452850534192 ], [ -46.549619770741579, -23.654451673151897 ], [ -46.549619504370533, -23.654450476446129 ] ] ] } },
{ "type": "Feature", "properties": { "ID": 3257 }, "geometry": { "type": "MultiLineString", "coordinates": [ [ [ -46.548948269018979, -23.654394800529584 ], [ -46.548947648392691, -23.654395951572958 ], [ -46.548946940471389, -23.654397059044783 ], [ -46.548946148840308, -23.654398117331983 ], [ -46.548945277508246, -23.654399121081891 ], [ -46.548944330888126, -23.65440006520695 ], [ -46.548943313773393, -23.654400944926923 ], [ -46.54894223131538, -23.654401755785202 ], [ -46.548941088995825, -23.654402493679353 ], [ -46.548939892599556, -23.654403154867715 ], [ -46.548938648185462, -23.65440373600422 ], [ -46.548937362055597, -23.654404234147297 ], [ -46.548936040723319, -23.654404646770939 ], [ -46.54893469088011, -23.654404971788729 ], [ -46.548933319361694, -23.654405207552045 ], [ -46.548931933114069, -23.65440535286973 ], [ -46.54893053915734, -23.654405407002042 ], [ -46.54892914455106, -23.654405369679274 ], [ -46.548927756357486, -23.654405241085978 ], [ -46.548926381607167, -23.654405021877903 ] ] ] } },
{ "type": "Feature", "properties": { "ID": 3258 }, "geometry": { "type": "MultiLineString", "coordinates": [ [ [ -46.548997326130049, -23.65478502996103 ], [ -46.548988636909513, -23.654804712870334 ] ] ] } },
{ "type": "Feature", "properties": { "ID": 3260 }, "geometry": { "type": "MultiLineString", "coordinates": [ [ [ -46.548444150835778, -23.65563755553293 ], [ -46.54849547525064, -23.655647615057273 ], [ -46.548546002977631, -23.65566065526896 ], [ -46.548595530228738, -23.65567662357526 ], [ -46.54864385725066, -23.655695455572687 ], [ -46.548690789130617, -23.655717075305962 ], [ -46.548736136582484, -23.655741395579955 ], [ -46.548779716710342, -23.655768318306137 ], [ -46.548821353745716, -23.655797734899984 ], [ -46.548860879756639, -23.655829526718428 ], [ -46.548898135325409, -23.655863565536468 ], [ -46.54893297019089, -23.655899714069491 ], [ -46.549155240908995, -23.656148403311636 ] ] ] } },
{ "type": "Feature", "properties": { "ID": 3261 }, "geometry": { "type": "MultiLineString", "coordinates": [ [ [ -46.547982058749788, -23.655714614994533 ], [ -46.547981766217781, -23.65571476878074 ], [ -46.547981462910847, -23.655714903699145 ], [ -46.54798115026091, -23.655715019107578 ], [ -46.547980829744652, -23.655715114467025 ], [ -46.547980502875532, -23.655715189322084 ], [ -46.547980171197032, -23.655715243323606 ], [ -46.547979836275644, -23.655715276214817 ], [ -46.547979499692779, -23.655715287839964 ], [ -46.54797916303788, -23.655715278144431 ], [ -46.54797882790087, -23.655715247172619 ], [ -46.547978495864115, -23.655715195074492 ], [ -46.547978168495746, -23.655715122092769 ], [ -46.547977847341549, -23.655715028571549 ], [ -46.547977533918313, -23.655714914956445 ], [ -46.547977229705808, -23.655714781779533 ], [ -46.547976936140898, -23.655714629672381 ], [ -46.547976654609585, -23.655714459353156 ], [ -46.547976386441619, -23.655714271624593 ], [ -46.547976132903194, -23.655714067377229 ], [ -46.547975895191477, -23.65571384756689 ], [ -46.547975674429402, -23.655713613242384 ] ] ] } },
{ "type": "Feature", "properties": { "ID": 3262 }, "geometry": { "type": "MultiLineString", "coordinates": [ [ [ -46.548839343428874, -23.655971042026945 ], [ -46.54883845058847, -23.655970147905261 ] ] ] } },
{ "type": "Feature", "properties": { "ID": 3263 }, "geometry": { "type": "MultiLineString", "coordinates": [ [ [ -46.549118695639123, -23.656221231986784 ], [ -46.549118777093234, -23.656221329765 ], [ -46.549118851117669, -23.656221432433739 ], [ -46.549118917367814, -23.656221539512082 ], [ -46.549118975535144, -23.656221650504673 ], [ -46.549119025348837, -23.656221764892113 ], [ -46.549119066576814, -23.656221882144923 ], [ -46.549119099027088, -23.656222001713854 ], [ -46.549119122548611, -23.656222123042781 ], [ -46.54911913703161, -23.656222245566561 ], [ -46.549119142408749, -23.656222368715305 ], [ -46.549119138655001, -23.656222491916562 ], [ -46.54911912578784, -23.656222614593151 ], [ -46.549119103867191, -23.656222736178222 ], [ -46.549119072995154, -23.656222856100207 ], [ -46.549119033315371, -23.656222973804354 ], [ -46.549118985012889, -23.656223088741925 ], [ -46.549118928312637, -23.656223200376726 ], [ -46.549118863478469, -23.656223308189411 ], [ -46.549118790812543, -23.656223411677434 ], [ -46.549118710653211, -23.656223510359457 ], [ -46.549118623373865, -23.656223603776372 ], [ -46.549118529380891, -23.656223691492446 ], [ -46.549118429112049, -23.65622377309613 ] ] ] } },
{ "type": "Feature", "properties": { "ID": 3264 }, "geometry": { "type": "MultiLineString", "coordinates": [ [ [ -46.548871778912655, -23.655944890803138 ], [ -46.549118649182162, -23.656221193227445 ] ] ] } },
{ "type": "Feature", "properties": { "ID": 3265 }, "geometry": { "type": "MultiLineString", "coordinates": [ [ [ -46.529910325118266, -23.652383303573696 ], [ -46.529910639413913, -23.652383184177811 ], [ -46.529910961938462, -23.652383085140006 ], [ -46.529911291140124, -23.65238300693369 ], [ -46.529911625434856, -23.652382949939422 ], [ -46.529911963214573, -23.652382914430376 ], [ -46.529912302853923, -23.652382900575457 ], [ -46.52991264271877, -23.652382908442462 ], [ -46.529912981174164, -23.652382937991561 ], [ -46.529913316591468, -23.652382989083801 ], [ -46.529913647357127, -23.652383061472449 ], [ -46.529913971879502, -23.652383154809339 ], [ -46.52991428859746, -23.652383268642676 ], [ -46.529914595987051, -23.652383402429869 ], [ -46.52991489256943, -23.65238355552237 ], [ -46.529915176917633, -23.652383727186088 ], [ -46.529915447663477, -23.652383916593774 ], [ -46.529915703504678, -23.652384122835731 ] ] ] } },
{ "type": "Feature", "properties": { "ID": 3266 }, "geometry": { "type": "MultiLineString", "coordinates": [ [ [ -46.528975414307673, -23.652013076036475 ], [ -46.529040394219649, -23.6520454867042 ], [ -46.529603454506905, -23.652328997776465 ], [ -46.529731655832222, -23.652394287407756 ], [ -46.529747728735707, -23.652398234835399 ], [ -46.529764047160036, -23.652401207002171 ], [ -46.529780541446712, -23.652403191219385 ], [ -46.5297971411863, -23.652404179017509 ], [ -46.529813775519408, -23.652404166179434 ], [ -46.529830373438841, -23.65240315276224 ], [ -46.529846864092775, -23.652401143088831 ], [ -46.529863177087691, -23.652398145740637 ], [ -46.529879242787864, -23.652394173512651 ], [ -46.529894992613727, -23.652389243355611 ], [ -46.529910359333925, -23.652383376322767 ] ] ] } },
{ "type": "Feature", "properties": { "ID": 3267 }, "geometry": { "type": "MultiLineString", "coordinates": [ [ [ -46.529035700172692, -23.65334511306704 ], [ -46.529046268288745, -23.6533518719963 ], [ -46.529062464590979, -23.653362097298924 ], [ -46.529078660895706, -23.653372322599555 ], [ -46.529094856153101, -23.653382457603897 ], [ -46.529111052462731, -23.653392682900936 ], [ -46.529123002340604, -23.653400240938296 ] ] ] } },
{ "type": "Feature", "properties": { "ID": 3268 }, "geometry": { "type": "MultiLineString", "coordinates": [ [ [ -46.529123002340604, -23.653400240938296 ], [ -46.529127150752977, -23.653402909163198 ], [ -46.529139198654534, -23.653410466232241 ] ] ] } },
{ "type": "Feature", "properties": { "ID": 3269 }, "geometry": { "type": "MultiLineString", "coordinates": [ [ [ -46.529729156979634, -23.652415443448383 ], [ -46.52936074319102, -23.652229257723302 ], [ -46.52896354982429, -23.652029718896028 ] ] ] } },
{ "type": "Feature", "properties": { "ID": 3270 }, "geometry": { "type": "MultiLineString", "coordinates": [ [ [ -46.529739362371124, -23.652424734453533 ], [ -46.529729156979634, -23.652415443448383 ] ] ] } },
{ "type": "Feature", "properties": { "ID": 3271 }, "geometry": { "type": "MultiLineString", "coordinates": [ [ [ -46.529769738708971, -23.652480792991643 ], [ -46.529767867741008, -23.652473801767805 ], [ -46.529765651833593, -23.6524668966257 ], [ -46.529763095618392, -23.652460092000251 ], [ -46.5297602044391, -23.652453402114386 ], [ -46.529756984338874, -23.652446840954873 ], [ -46.529753442048467, -23.652440422233642 ], [ -46.52974958497223, -23.652434159364873 ], [ -46.529739461442404, -23.652424823780919 ] ] ] } },
{ "type": "Feature", "properties": { "ID": 3272 }, "geometry": { "type": "MultiLineString", "coordinates": [ [ [ -46.541997267477868, -23.624502374989348 ], [ -46.541996740911472, -23.624502163762649 ], [ -46.541996200542606, -23.624501984557035 ], [ -46.541995648662102, -23.624501838131721 ], [ -46.541995087609273, -23.624501725106125 ], [ -46.541994519763058, -23.624501645961505 ], [ -46.541993947530415, -23.62450160103133 ], [ -46.541993373337263, -23.624501590506799 ], [ -46.541992799618185, -23.624501614434763 ], [ -46.541992228804965, -23.624501672711379 ], [ -46.541991663317781, -23.624501765088684 ], [ -46.541991105553834, -23.624501891176831 ], [ -46.541990557877661, -23.624502050442054 ], [ -46.541990022611238, -23.624502242206738 ], [ -46.541989502023569, -23.624502465660335 ], [ -46.54198899832155, -23.624502719852938 ], [ -46.541988513640959, -23.624503003708334 ], [ -46.541988050036039, -23.624503316024096 ], [ -46.541987609472571, -23.624503655475934 ], [ -46.541987193818152, -23.624504020623206 ], [ -46.541986804834835, -23.624504409918671 ], [ -46.541986444171783, -23.624504821713753 ] ] ] } },
{ "type": "Feature", "properties": { "ID": 3273 }, "geometry": { "type": "MultiLineString", "coordinates": [ [ [ -46.542763576247665, -23.624975914437872 ], [ -46.542762287438457, -23.624974662985039 ], [ -46.542585506501446, -23.624843491972271 ], [ -46.542552978959755, -23.62481943305928 ], [ -46.542520063660213, -23.624795739214079 ], [ -46.542497928716443, -23.624780336537736 ], [ -46.542467801849924, -23.624760407764775 ], [ -46.542450227789452, -23.624749474982838 ], [ -46.542376091603614, -23.624704246825868 ], [ -46.54237599360372, -23.624704247800189 ], [ -46.542327495326113, -23.624680618530057 ], [ -46.542147841746619, -23.624580269535624 ], [ -46.541997266766707, -23.624502388155729 ] ] ] } },
{ "type": "Feature", "properties": { "ID": 3274 }, "geometry": { "type": "MultiLineString", "coordinates": [ [ [ -46.534137569601931, -23.657298005022451 ], [ -46.534194214765854, -23.657187091736414 ] ] ] } },
{ "type": "Feature", "properties": { "ID": 3275 }, "geometry": { "type": "MultiLineString", "coordinates": [ [ [ -46.534421158184713, -23.656586968293233 ], [ -46.534418826615131, -23.656565418582431 ], [ -46.534415318255824, -23.656544004600232 ], [ -46.534410642035084, -23.65652278083294 ], [ -46.534404809853015, -23.656501801293125 ], [ -46.53439783655125, -23.656481119366731 ], [ -46.534389739874953, -23.65646078767783 ], [ -46.534380540428593, -23.65644085797145 ] ] ] } },
{ "type": "Feature", "properties": { "ID": 3276 }, "geometry": { "type": "MultiLineString", "coordinates": [ [ [ -46.534307599375687, -23.656341998860142 ], [ -46.534316348902173, -23.656350950883382 ], [ -46.534324799284356, -23.656360143520196 ], [ -46.534332942727914, -23.65636956828887 ], [ -46.534340771722064, -23.656379216499879 ], [ -46.534348279045766, -23.65638907925522 ], [ -46.534355457774765, -23.65639914745266 ], [ -46.534362301288098, -23.656409411811435 ] ] ] } },
{ "type": "Feature", "properties": { "ID": 3277 }, "geometry": { "type": "MultiLineString", "coordinates": [ [ [ -46.534362316638692, -23.656409435641162 ], [ -46.53436510199198, -23.656413823696571 ], [ -46.534367826067623, -23.656418244272075 ], [ -46.534370488418169, -23.656422696641027 ], [ -46.534373088606806, -23.656427180074648 ], [ -46.534375626206078, -23.65643169383435 ], [ -46.534378100799238, -23.656436237182589 ], [ -46.534380511979776, -23.65644080936616 ] ] ] } },
{ "type": "Feature", "properties": { "ID": 2938 }, "geometry": { "type": "MultiLineString", "coordinates": [ [ [ -46.511450557210139, -23.664183573856164 ], [ -46.511451152188876, -23.66413299700945 ], [ -46.511453683462179, -23.664088812960003 ], [ -46.511458939865918, -23.66404288652388 ], [ -46.511471727850676, -23.663978374003481 ], [ -46.511491495716797, -23.663915509196507 ], [ -46.511514911457191, -23.663854414910499 ], [ -46.511546089230251, -23.663794780092676 ], [ -46.511586019107391, -23.663728919118313 ], [ -46.511617282567315, -23.663685267513713 ], [ -46.511656543997184, -23.663638015963468 ], [ -46.511698797185517, -23.663595160182144 ], [ -46.511762385015011, -23.663540446835928 ], [ -46.511832562619844, -23.663487565582667 ], [ -46.511892979316883, -23.66344697077443 ], [ -46.511943247165618, -23.663419027429057 ], [ -46.511995432606362, -23.66339585154379 ], [ -46.512043806912537, -23.663382285207309 ], [ -46.512106237936855, -23.663371922980232 ], [ -46.512158487966396, -23.6633714130725 ], [ -46.512205896734152, -23.663376188109712 ], [ -46.51226095665298, -23.663389828694942 ], [ -46.512303512357875, -23.663407384130615 ], [ -46.512354581764932, -23.663432080890125 ], [ -46.512398959828673, -23.663463164323499 ], [ -46.512436884544499, -23.663495755621057 ], [ -46.512468563774163, -23.663522357409491 ], [ -46.512493392330995, -23.663550019422665 ], [ -46.512516105789722, -23.663581314294216 ], [ -46.51253499192466, -23.663612285301287 ], [ -46.512545037312314, -23.663650296123549 ], [ -46.512551803032899, -23.663684455827603 ], [ -46.512553169446939, -23.663726524808737 ], [ -46.512550282117097, -23.663765294013889 ], [ -46.512537178848461, -23.663802356836424 ], [ -46.512520172018341, -23.663840992955159 ], [ -46.512497130925539, -23.663883480803033 ], [ -46.51247654303301, -23.66391763660377 ], [ -46.512453506445588, -23.663951996915184 ], [ -46.51242914662334, -23.66398212578563 ], [ -46.512406468232243, -23.664005013807557 ], [ -46.512373620626441, -23.664030258721237 ], [ -46.512333088187582, -23.664052237336332 ], [ -46.512295666744365, -23.664071927941912 ], [ -46.512247492435492, -23.664085853634973 ], [ -46.51219959662685, -23.664098422014295 ], [ -46.512106204211456, -23.664110531335638 ] ] ] } },
{ "type": "Feature", "properties": { "ID": 2939 }, "geometry": { "type": "MultiLineString", "coordinates": [ [ [ -46.512330586568574, -23.664116017372354 ], [ -46.51237094997515, -23.664096388347797 ], [ -46.512404275943851, -23.664078634113729 ], [ -46.512444678141904, -23.664053857283996 ], [ -46.512488178197515, -23.664017129890965 ], [ -46.51252255515768, -23.663979949711411 ], [ -46.51254677329139, -23.663946029383272 ], [ -46.512576710492752, -23.663889386565593 ], [ -46.512600772751156, -23.663841921940904 ], [ -46.512619496677011, -23.663790626294976 ], [ -46.512628503119281, -23.663738341847633 ], [ -46.512628784860162, -23.663686142573091 ], [ -46.512618806673174, -23.663636933231217 ], [ -46.512600900514897, -23.663588884946801 ], [ -46.512575057042881, -23.663541185059241 ], [ -46.512548936789635, -23.663503511768571 ], [ -46.512508072554944, -23.663462550790523 ], [ -46.512462839584558, -23.663425334966256 ], [ -46.512430588821367, -23.66340018364059 ], [ -46.51238686751401, -23.663375053962557 ], [ -46.512342304464426, -23.663353454398298 ], [ -46.512292754361859, -23.663332987159436 ], [ -46.512236199085486, -23.663317193848631 ], [ -46.512190532028541, -23.6633104151027 ], [ -46.512138455234272, -23.663308936610456 ], [ -46.512092692867149, -23.66331091839147 ], [ -46.512033975587578, -23.663320251012347 ], [ -46.511982948260112, -23.663333301400627 ], [ -46.511939812135807, -23.663350519127473 ], [ -46.511897298449384, -23.663370710848401 ], [ -46.511851619331082, -23.663396983907891 ], [ -46.511810376471487, -23.66342538100065 ], [ -46.511773017418115, -23.663450489194368 ], [ -46.511733574371412, -23.663481939092279 ], [ -46.51169305193514, -23.663513309206248 ], [ -46.511655579837672, -23.663545642910901 ], [ -46.51162359118608, -23.663577381279453 ], [ -46.511591343729251, -23.663612192551582 ], [ -46.5115570070746, -23.663652894051573 ], [ -46.511527380008296, -23.663693910823721 ], [ -46.511503159568001, -23.663727650414025 ], [ -46.511480189192234, -23.663767789492638 ], [ -46.511457824634668, -23.663809457851009 ], [ -46.511438305023297, -23.663851279065838 ], [ -46.511419946788529, -23.663900313384971 ], [ -46.511405918495171, -23.663950750352743 ], [ -46.511395350775011, -23.663995193404737 ], [ -46.51138776282302, -23.664034459980396 ], [ -46.511382382410147, -23.66407812998883 ], [ -46.511379885371603, -23.664125293783599 ], [ -46.511380219358294, -23.664179925314311 ], [ -46.511380535844964, -23.664190397657709 ] ] ] } },
{ "type": "Feature", "properties": { "ID": 2940 }, "geometry": { "type": "MultiLineString", "coordinates": [ [ [ -46.514183537003142, -23.664146956361503 ], [ -46.514128702320882, -23.664118865424363 ], [ -46.514064436203128, -23.664080571817191 ], [ -46.513984627505259, -23.664029245468495 ], [ -46.513933333727934, -23.663993624513918 ], [ -46.513843228065085, -23.663933548770704 ], [ -46.51375314639764, -23.663875549760238 ], [ -46.513686711358915, -23.663836193510623 ], [ -46.513591845052815, -23.663779866638695 ], [ -46.513521720303757, -23.663743616739694 ], [ -46.51345291884428, -23.663711598234787 ], [ -46.513449074872916, -23.663709829673575 ], [ -46.513377430570259, -23.663677838901208 ], [ -46.513303445009413, -23.66364686431962 ], [ -46.513232076867013, -23.663621824294626 ], [ -46.513166301336298, -23.663605669853322 ], [ -46.513089806232507, -23.663586639985105 ], [ -46.51301368248469, -23.663565800343914 ], [ -46.512931548782483, -23.66354240049035 ], [ -46.512853637677573, -23.663519591501622 ], [ -46.512784882885413, -23.663500124682749 ], [ -46.512707443275211, -23.663475685517461 ], [ -46.512757954012628, -23.663519983866248 ], [ -46.512830197683279, -23.663578518871635 ], [ -46.512886583040846, -23.663622127679176 ], [ -46.512951950501744, -23.663670976778413 ], [ -46.512993971896847, -23.663701721821045 ], [ -46.513043489342152, -23.663736367089832 ], [ -46.513097909368867, -23.663771054771686 ], [ -46.513152889543441, -23.663803298717287 ], [ -46.513199955597329, -23.663829388860162 ], [ -46.513256454414048, -23.663857283277078 ], [ -46.513326450984657, -23.66389091569199 ], [ -46.513388428121843, -23.663917763192948 ], [ -46.513452252268173, -23.663943238046233 ], [ -46.513525420519649, -23.663971330758869 ], [ -46.51359825104344, -23.663995633908868 ], [ -46.513669098108956, -23.664017969681908 ], [ -46.513741758614692, -23.664044532057357 ], [ -46.513808200593125, -23.664067452632512 ], [ -46.513876801344665, -23.664090532696786 ], [ -46.513951424618291, -23.664117256403632 ], [ -46.51402887936716, -23.664142959046536 ], [ -46.514092226330632, -23.664161033249005 ], [ -46.514161126466362, -23.664184561784062 ], [ -46.514176676663297, -23.664189737837344 ] ] ] } },
{ "type": "Feature", "properties": { "ID": 2941 }, "geometry": { "type": "MultiLineString", "coordinates": [ [ [ -46.531401508765995, -23.659000402587086 ], [ -46.531395990091696, -23.658989530227295 ] ] ] } },
{ "type": "Feature", "properties": { "ID": 2942 }, "geometry": { "type": "MultiLineString", "coordinates": [ [ [ -46.531386137847839, -23.658993781613091 ], [ -46.531391656521542, -23.659004653973088 ] ] ] } },
{ "type": "Feature", "properties": { "ID": 2943 }, "geometry": { "type": "MultiLineString", "coordinates": [ [ [ -46.531428501376055, -23.659053686659583 ], [ -46.531401508765995, -23.659000402587086 ] ] ] } },
{ "type": "Feature", "properties": { "ID": 2944 }, "geometry": { "type": "MultiLineString", "coordinates": [ [ [ -46.531391656521542, -23.659004653973088 ], [ -46.531418448870127, -23.659057578806948 ] ] ] } },
{ "type": "Feature", "properties": { "ID": 2945 }, "geometry": { "type": "MultiLineString", "coordinates": [ [ [ -46.531319470657039, -23.659035709748316 ], [ -46.531313752781031, -23.6590245684392 ] ] ] } },
{ "type": "Feature", "properties": { "ID": 2946 }, "geometry": { "type": "MultiLineString", "coordinates": [ [ [ -46.531418448870127, -23.659057578806948 ], [ -46.531429486229705, -23.65907932352383 ] ] ] } },
{ "type": "Feature", "properties": { "ID": 2947 }, "geometry": { "type": "MultiLineString", "coordinates": [ [ [ -46.531429486229705, -23.65907932352383 ], [ -46.531439338478243, -23.65907507213505 ], [ -46.531428501376055, -23.659053686659583 ] ] ] } },
{ "type": "Feature", "properties": { "ID": 2948 }, "geometry": { "type": "MultiLineString", "coordinates": [ [ [ -46.531344951840204, -23.659085486879622 ], [ -46.531319470657039, -23.659035709748316 ] ] ] } },
{ "type": "Feature", "properties": { "ID": 2949 }, "geometry": { "type": "MultiLineString", "coordinates": [ [ [ -46.53135809400797, -23.659111184219253 ], [ -46.531344951840204, -23.659085486879622 ] ] ] } },
{ "type": "Feature", "properties": { "ID": 2950 }, "geometry": { "type": "MultiLineString", "coordinates": [ [ [ -46.553543191683886, -23.658689802649722 ], [ -46.553542782339676, -23.658687526469684 ], [ -46.553542541590438, -23.658685229953804 ], [ -46.553542470545494, -23.658682923682179 ], [ -46.55354256953229, -23.658680618284226 ], [ -46.553542838094529, -23.65867832438644 ], [ -46.553543274994674, -23.658676052557489 ], [ -46.553543878219187, -23.658673813266162 ], [ -46.553544644988463, -23.658671616833914 ], [ -46.55354557176863, -23.658669473383075 ], [ -46.553546654288851, -23.658667392789294 ], [ -46.553547887560661, -23.658665384640457 ], [ -46.553549265900394, -23.658663458191246 ], [ -46.553550782956442, -23.658661622323034 ], [ -46.553552431737579, -23.658659885490835 ], [ -46.553554204645614, -23.658658255702186 ], [ -46.553582807940273, -23.658654918921499 ], [ -46.553611105326915, -23.658649829418387 ], [ -46.553638970369335, -23.658643009928792 ], [ -46.553666278563156, -23.658634490927408 ], [ -46.553692907892298, -23.658624310475002 ], [ -46.553718739373544, -23.658612514061137 ], [ -46.553743657589266, -23.658599154391041 ], [ -46.553767551202199, -23.658584291160881 ], [ -46.553790313453312, -23.658567990779261 ], [ -46.55381184263863, -23.658550326078288 ], [ -46.553832042563712, -23.658531375986009 ], [ -46.553850822974042, -23.658511225173317 ], [ -46.553868099957015, -23.658489963677422 ], [ -46.553883796318239, -23.658467686495474 ], [ -46.553897841925433, -23.658444493163401 ], [ -46.553910174022519, -23.658420487315663 ], [ -46.553920737509145, -23.658395776208842 ], [ -46.553929485187787, -23.658370470256173 ], [ -46.55393637797409, -23.658344682526014 ], [ -46.553941385071511, -23.658318528240496 ], [ -46.553944484109024, -23.658292124262886 ], [ -46.553945661241031, -23.65826558856147 ], [ -46.553944911209335, -23.658239039707002 ], [ -46.553926924122138, -23.65796135324446 ], [ -46.553924946119551, -23.657941600755137 ], [ -46.553921501474797, -23.657922019831151 ], [ -46.553916606424004, -23.657902702755166 ], [ -46.553910284039439, -23.657883740580509 ], [ -46.553902564120612, -23.657865222676094 ], [ -46.55389348305409, -23.657847236324145 ], [ -46.553883083641651, -23.657829866298847 ], [ -46.553871414898801, -23.657813194465799 ], [ -46.553858531823614, -23.657797299407505 ], [ -46.553844495137518, -23.657782256038477 ], [ -46.55382937099909, -23.657768135265744 ], [ -46.553813230692519, -23.657755003638936 ], [ -46.553796150291049, -23.657742923052201 ], [ -46.553778210298887, -23.657731950446387 ], [ -46.553759495271521, -23.657722137535146 ], [ -46.553740093417488, -23.657713530569907 ], [ -46.553720096182388, -23.657706170118004 ], [ -46.553699597817946, -23.657700090871089 ], [ -46.55367869493768, -23.65769532148164 ], [ -46.55365748606183, -23.657691884429727 ], [ -46.553636071152447, -23.65768979591358 ], [ -46.553614551143319, -23.6576890657768 ], [ -46.553593027462881, -23.65768969746145 ], [ -46.55357160155755, -23.657691687991321 ], [ -46.553550374412247, -23.657695027983188 ], [ -46.553529446075608, -23.657699701694629 ], [ -46.553508915187933, -23.657705687100872 ], [ -46.553488878515758, -23.657712955984536 ], [ -46.553469430497152, -23.657721474093371 ], [ -46.5534688125285, -23.657721744607535 ], [ -46.553468175626662, -23.657721974864149 ], [ -46.553467522877789, -23.657722163750009 ], [ -46.553466857445173, -23.657722310349577 ], [ -46.553466182552967, -23.657722413951255 ], [ -46.553465501471472, -23.65772247405291 ], [ -46.553464817500966, -23.657722490365238 ], [ -46.553464133955444, -23.657722462807669 ], [ -46.553463454147348, -23.65772239151492 ], [ -46.553462781370563, -23.657722276830768 ], [ -46.553462118885257, -23.657722119312446 ], [ -46.553461469901293, -23.657721919722245 ], [ -46.553460837563613, -23.657721679027638 ], [ -46.553460224936082, -23.657721398395001 ], [ -46.553459634987433, -23.657721079185418 ], [ -46.553459070576082, -23.657720722941946 ], [ -46.553458534436992, -23.657720331394032 ], [ -46.553458029168176, -23.657719906438288 ], [ -46.553457557217797, -23.657719450134277 ], [ -46.553457120872743, -23.657718964689629 ], [ -46.55345672224739, -23.657718452462223 ], [ -46.553456363273462, -23.657717915930203 ], [ -46.553456045690147, -23.65771735769421 ], [ -46.553455771036418, -23.657716780460234 ], [ -46.553455540643121, -23.657716187024619 ], [ -46.553455355626696, -23.657715580261236 ], [ -46.553455216883506, -23.657714963112888 ], [ -46.553455125086103, -23.657714338569829 ], [ -46.553455080678944, -23.657713709654754 ], [ -46.553455083877473, -23.657713079420645 ], [ -46.553455134666166, -23.657712450916328 ], [ -46.553455232798925, -23.657711827190802 ], [ -46.553455377799992, -23.657711211263052 ], [ -46.553455568967067, -23.657710606119913 ], [ -46.553455805373879, -23.657710014695525 ], [ -46.553456085874615, -23.657709439853079 ], [ -46.553456409110034, -23.657708884375694 ], [ -46.553746467446672, -23.657250119947268 ], [ -46.553748813247999, -23.657248408699122 ], [ -46.553751271343621, -23.657246836873494 ], [ -46.553753831982675, -23.657245410700718 ], [ -46.553756485007959, -23.657244135840656 ], [ -46.553759219895277, -23.657243017348591 ], [ -46.553762025796324, -23.65724205966195 ], [ -46.553764891580563, -23.657241266581103 ], [ -46.553766258609194, -23.657241406259018 ], [ -46.55376761158788, -23.657241634158524 ], [ -46.553768943815378, -23.657241949142591 ], [ -46.553770248693702, -23.657242349657238 ], [ -46.55377151976019, -23.657242833718662 ], [ -46.553772750719652, -23.657243398926905 ], [ -46.553773935475391, -23.657244042486052 ], [ -46.553775068159794, -23.657244761203874 ], [ -46.553776143163162, -23.657245551525993 ], [ -46.553777155160894, -23.657246409533474 ], [ -46.553778099141248, -23.657247330981289 ], [ -46.553778970428873, -23.657248311300233 ], [ -46.55377976470858, -23.657249345641926 ], [ -46.553780478046356, -23.657250428878548 ], [ -46.553781106909341, -23.657251555646834 ], [ -46.553781648183119, -23.657252720366145 ], [ -46.553782099186755, -23.657253917268676 ], [ -46.553913232653265, -23.657648947415591 ], [ -46.553922331443793, -23.657690027455125 ], [ -46.553930392493385, -23.657731290988764 ], [ -46.553937411456211, -23.657772715774868 ], [ -46.553943384548489, -23.657814279491362 ], [ -46.553948308549927, -23.657855959731894 ], [ -46.55395218080514, -23.657897734031749 ], [ -46.553954999226306, -23.657939579876931 ], [ -46.554014886455207, -23.658867577610934 ], [ -46.554016333964583, -23.65888471769409 ], [ -46.55401839944026, -23.658901803956947 ], [ -46.554021080597778, -23.658918817502165 ], [ -46.554024374471936, -23.658935739515123 ], [ -46.554028277419832, -23.658952551277345 ], [ -46.554032785124186, -23.658969234192309 ], [ -46.554037892599553, -23.658985769803419 ], [ -46.554038065396732, -23.658986370048709 ], [ -46.554038192953954, -23.658986979823471 ], [ -46.554038274666716, -23.658987596235001 ], [ -46.554038310147718, -23.658988216364438 ], [ -46.554038299228857, -23.658988837273533 ], [ -46.554038241962004, -23.658989456020731 ], [ -46.55403813861836, -23.65899006967091 ], [ -46.55403798968775, -23.658990675319032 ], [ -46.554037795875871, -23.658991270094511 ], [ -46.554037558101044, -23.658991851180595 ], [ -46.554037277490004, -23.658992415820876 ], [ -46.554036955372517, -23.65899296133875 ], [ -46.554036593274759, -23.65899348515465 ], [ -46.554036192912783, -23.658993984781862 ], [ -46.554035756183723, -23.658994457853492 ], [ -46.55403528515685, -23.658994902127944 ], [ -46.554034782064505, -23.658995315503642 ] ] ] } },
{ "type": "Feature", "properties": { "ID": 2951 }, "geometry": { "type": "MultiLineString", "coordinates": [ [ [ -46.554093437967765, -23.658507771363798 ], [ -46.554089668348389, -23.658510757804727 ], [ -46.554086111815664, -23.658513958334293 ], [ -46.554082782673341, -23.658517360084705 ], [ -46.554079694310843, -23.658520949371667 ], [ -46.55407685914912, -23.658524711762723 ], [ -46.554074288590499, -23.658528632124096 ], [ -46.554071992973491, -23.658532694688887 ], [ -46.554069981530724, -23.658536883117826 ], [ -46.55406826235199, -23.658541180566402 ], [ -46.554066842351304, -23.658545569749716 ], [ -46.554065727239916, -23.658550033018184 ], [ -46.554064921502736, -23.658554552418021 ], [ -46.554064428380336, -23.658559109774298 ], [ -46.55406424985572, -23.658563686758935 ], [ -46.554064386646914, -23.658568264961751 ], [ -46.554083467521856, -23.658863819521077 ], [ -46.554086714040857, -23.658895364520191 ], [ -46.554092354509287, -23.658926622091613 ], [ -46.554100361147135, -23.65895743827296 ], [ -46.554110694520105, -23.658987661287082 ], [ -46.554123303733725, -23.659017142271651 ], [ -46.554138126683682, -23.659045736017354 ], [ -46.554155090362684, -23.659073301694225 ] ] ] } },
{ "type": "Feature", "properties": { "ID": 2952 }, "geometry": { "type": "MultiLineString", "coordinates": [ [ [ -46.552678476616286, -23.658612137420324 ], [ -46.552751499706176, -23.658494732601557 ] ] ] } },
{ "type": "Feature", "properties": { "ID": 2953 }, "geometry": { "type": "MultiLineString", "coordinates": [ [ [ -46.553192738268606, -23.659113455089077 ], [ -46.553192181039741, -23.659113100331396 ], [ -46.55319165173723, -23.659112710971748 ], [ -46.553191152888054, -23.659112288875928 ], [ -46.553190686874359, -23.659111836053576 ], [ -46.55319025592091, -23.659111354670948 ], [ -46.553189862085425, -23.659110847024056 ], [ -46.553189507248042, -23.659110315537745 ], [ -46.553189193103215, -23.659109762748525 ], [ -46.553188921150593, -23.659109191296022 ], [ -46.553188692688828, -23.65910860391017 ], [ -46.553188508808695, -23.659108003392955 ], [ -46.553188370387886, -23.659107392615258 ], [ -46.553188278087447, -23.659106774486293 ], [ -46.553181508174305, -23.659060974248849 ], [ -46.553171454950352, -23.659015688541157 ], [ -46.553158162702765, -23.658971116840959 ], [ -46.55314168998683, -23.658927455489678 ], [ -46.553122109367237, -23.658884896808434 ], [ -46.553099507098878, -23.658843628271256 ], [ -46.553073982746497, -23.658803831662837 ], [ -46.553045648745901, -23.658765682283061 ], [ -46.553014629909477, -23.658729348183535 ], [ -46.553014198915172, -23.658728840738231 ], [ -46.553013808299518, -23.658728306273876 ], [ -46.553013460051524, -23.658727747514391 ], [ -46.553013155944065, -23.658727167304441 ], [ -46.553012897525342, -23.658726568598613 ], [ -46.553012686110733, -23.658725954441003 ], [ -46.553012522776903, -23.658725327962088 ], [ -46.553012408355016, -23.658724692348613 ], [ -46.553012343427937, -23.65872405083935 ], [ -46.553012328325934, -23.658723406697117 ], [ -46.553012363126037, -23.658722763202338 ], [ -46.553012447651014, -23.658722123631545 ], [ -46.553012581470419, -23.658721491242257 ], [ -46.553012763903325, -23.658720869249304 ], [ -46.553012994020868, -23.658720260825845 ], [ -46.553013270651277, -23.658719669063547 ], [ -46.553013592386236, -23.65871909697637 ] ] ] } },
{ "type": "Feature", "properties": { "ID": 2954 }, "geometry": { "type": "MultiLineString", "coordinates": [ [ [ -46.552850312063491, -23.658535553392053 ], [ -46.55277680958384, -23.6586538661006 ] ] ] } },
{ "type": "Feature", "properties": { "ID": 2955 }, "geometry": { "type": "MultiLineString", "coordinates": [ [ [ -46.552791789309431, -23.658660488827056 ], [ -46.55286449905087, -23.658541461621084 ] ] ] } },
{ "type": "Feature", "properties": { "ID": 2956 }, "geometry": { "type": "MultiLineString", "coordinates": [ [ [ -46.553361140033104, -23.658565472496292 ], [ -46.553383376279001, -23.658574199965145 ], [ -46.553406194194849, -23.658581543867847 ], [ -46.553429492449261, -23.658587471582564 ], [ -46.553453167577871, -23.658591956788939 ], [ -46.553477114442408, -23.658594979571454 ], [ -46.553501226698017, -23.658596526501956 ], [ -46.553525397265524, -23.65859659071354 ], [ -46.553549518806342, -23.658595171919401 ], [ -46.553573484200122, -23.658592276421047 ], [ -46.553597187019491, -23.658587917077643 ], [ -46.553620522003413, -23.658582113247459 ], [ -46.553643385524573, -23.658574890705669 ], [ -46.553665676049079, -23.65856628152563 ], [ -46.553687294587917, -23.658556323938694 ], [ -46.553708145136213, -23.658545062168354 ], [ -46.553728135099725, -23.658532546223544 ], [ -46.553747175705986, -23.658518831685683 ], [ -46.553765182398976, -23.658503979463575 ], [ -46.553782075213512, -23.658488055507579 ], [ -46.553797779131671, -23.658471130539088 ], [ -46.55381222441504, -23.658453279717733 ], [ -46.55382534691477, -23.658434582313223 ], [ -46.553837088356282, -23.658415121362232 ], [ -46.553847396598513, -23.658394983286907 ], [ -46.553856225864571, -23.658374257517924 ], [ -46.553863536945897, -23.658353036091949 ], [ -46.553869297375783, -23.658331413253755 ], [ -46.553873481573845, -23.658309485024159 ], [ -46.553876070959689, -23.65828734878659 ], [ -46.553877054034899, -23.658265102839483 ], [ -46.553876426434783, -23.658242845977504 ], [ -46.553858435138075, -23.657964568496514 ], [ -46.553856834014489, -23.657948963751522 ], [ -46.553854061260026, -23.657933498958897 ], [ -46.553850130240924, -23.657918248661066 ], [ -46.553845059907509, -23.657903286377639 ], [ -46.553838874701874, -23.657888684233988 ], [ -46.553831604440418, -23.657874512618957 ], [ -46.553823284169951, -23.657860839847245 ], [ -46.553813953999118, -23.657847731831733 ], [ -46.553803658904549, -23.657835251755934 ], [ -46.553792448514393, -23.657823459785558 ], [ -46.553780376869028, -23.657812412758741 ], [ -46.553767502160419, -23.657802163934551 ], [ -46.553753886451666, -23.657792762711694 ], [ -46.553739595377728, -23.657784254411808 ], [ -46.553724697829523, -23.657776680048034 ], [ -46.553709265621066, -23.657770076136703 ], [ -46.553693373143851, -23.657764474507037 ], [ -46.553677097008141, -23.657759902164806 ], [ -46.553660515673542, -23.657756381151788 ], [ -46.553643709070826, -23.65775392843976 ], [ -46.553626758216637, -23.657752555850365 ], [ -46.553609744823198, -23.65775227000524 ], [ -46.553592750903846, -23.657753072276115 ], [ -46.553575858378402, -23.657754958801721 ], [ -46.553559148677813, -23.657757920483093 ], [ -46.553542702351486, -23.657761943045681 ], [ -46.553526598679582, -23.657767007099192 ], [ -46.553510915290218, -23.657773088231856 ], [ -46.553495727785965, -23.657780157126112 ], [ -46.553481109378751, -23.65778817971086 ], [ -46.553467130536873, -23.65779711731134 ], [ -46.553453858646407, -23.657806926844202 ], [ -46.553441357684719, -23.65781756101882 ], [ -46.553429687913592, -23.657828968577189 ], [ -46.553418905587819, -23.657841094528322 ], [ -46.553409062684118, -23.657853880414677 ], [ -46.553400206651006, -23.657867264605319 ], [ -46.552883484471977, -23.658712939854606 ] ] ] } },
{ "type": "Feature", "properties": { "ID": 2987 }, "geometry": { "type": "MultiLineString", "coordinates": [ [ [ -46.549091972353935, -23.655213210763531 ], [ -46.549241050667256, -23.655143992316827 ], [ -46.549255509456657, -23.65513539816482 ], [ -46.549270566777558, -23.65512772554883 ], [ -46.549286153518523, -23.65512100968569 ], [ -46.549302198138491, -23.655115281399379 ], [ -46.54931862699474, -23.655110566981236 ], [ -46.549335364680928, -23.655106888073572 ], [ -46.549352334373175, -23.655104261557508 ], [ -46.549369458183023, -23.655102699491287 ], [ -46.549386657514503, -23.655102209045374 ], [ -46.549403853424863, -23.655102792465424 ], [ -46.54942096698727, -23.655104447079506 ], [ -46.549437387876964, -23.65510731150253 ], [ -46.549453558665562, -23.655111200136339 ], [ -46.549469404158785, -23.655116094899181 ], [ -46.549484850675228, -23.655121973030752 ], [ -46.549499826388534, -23.655128807196448 ], [ -46.549514261661727, -23.655136565620698 ], [ -46.549528089370362, -23.655145212222632 ], [ -46.549541245215664, -23.655154706798093 ], [ -46.549553668022831, -23.655165005195354 ], [ -46.549565300025648, -23.655176059529744 ], [ -46.549576087135002, -23.655187818394058 ], [ -46.549585979190468, -23.655200227114459 ], [ -46.549594930193862, -23.655213227987094 ], [ -46.549602898522679, -23.655226760560144 ], [ -46.549609847123698, -23.655240761905336 ], [ -46.549615743685486, -23.655255166915506 ], [ -46.549620560788952, -23.655269908608755 ], [ -46.549624276033711, -23.655284918437289 ], [ -46.549626872143868, -23.655300126600672 ], [ -46.549628337046713, -23.655315462385186 ], [ -46.549628663930278, -23.655330854477643 ], [ -46.549627851274145, -23.655346231305217 ], [ -46.549625902856612, -23.655361521362661 ], [ -46.549622827737579, -23.655376653552647 ], [ -46.549618640216053, -23.655391557511255 ], [ -46.549613359763597, -23.655406163933829 ], [ -46.549607010934253, -23.655420404900919 ], [ -46.549599623249875, -23.655434214189476 ], [ -46.549591231063033, -23.65544752758645 ], [ -46.549581873397315, -23.655460283185324 ], [ -46.549571593766053, -23.655472421672105 ], [ -46.549560439969348, -23.655483886600866 ], [ -46.549548463872924, -23.655494624660697 ], [ -46.549535721165476, -23.655504585919324 ], [ -46.549522271101061, -23.655513724053915 ], [ -46.549508176223, -23.65552199657559 ], [ -46.549493502072643, -23.655529365015326 ], [ -46.549478316885406, -23.655535795107877 ], [ -46.549462691273007, -23.655541256956447 ], [ -46.549446697895064, -23.655545725158646 ], [ -46.549430411121598, -23.655549178941271 ], [ -46.549413906686674, -23.655551602243374 ], [ -46.549397261336445, -23.655552983793012 ], [ -46.549380552472925, -23.655553317171101 ], [ -46.549363857792834, -23.655552600823619 ], [ -46.549347254927177, -23.655550838082462 ], [ -46.54933082107997, -23.65554803714317 ], [ -46.549314632669422, -23.655544211034151 ], [ -46.549298764972342, -23.655539377542613 ], [ -46.549283291774202, -23.655533559147116 ], [ -46.549268285025967, -23.655526782902523 ], [ -46.549253814509576, -23.655519080320616 ], [ -46.549239947513271, -23.65551048721408 ], [ -46.54922674851943, -23.655501043546661 ], [ -46.549214278903499, -23.655490793227401 ], [ -46.549202596649565, -23.655479783921823 ], [ -46.549191756080226, -23.655468066826433 ], [ -46.549181807604583, -23.655455696421445 ], [ -46.549172797483081, -23.655442730235258 ], [ -46.549164767612695, -23.655429228554844 ], [ -46.549157755332573, -23.655415254168787 ] ] ] } },
{ "type": "Feature", "properties": { "ID": 2988 }, "geometry": { "type": "MultiLineString", "coordinates": [ [ [ -46.531931013552402, -23.655466504215788 ], [ -46.531931205391651, -23.655466141099783 ], [ -46.532007882560421, -23.655341123579799 ] ] ] } },
{ "type": "Feature", "properties": { "ID": 2989 }, "geometry": { "type": "MultiLineString", "coordinates": [ [ [ -46.531790397212781, -23.655732848758785 ], [ -46.531931013552402, -23.655466504215788 ] ] ] } },
{ "type": "Feature", "properties": { "ID": 2990 }, "geometry": { "type": "MultiLineString", "coordinates": [ [ [ -46.5319450992504, -23.655472234808791 ], [ -46.531903263551364, -23.655550129965629 ], [ -46.531832778475064, -23.655676531118118 ], [ -46.531804292146468, -23.655739032773578 ] ] ] } },
{ "type": "Feature", "properties": { "ID": 2991 }, "geometry": { "type": "MultiLineString", "coordinates": [ [ [ -46.534480886815928, -23.655281259233316 ], [ -46.534648115616399, -23.655439352763548 ], [ -46.534784820642031, -23.655577610383233 ], [ -46.534855122120589, -23.655654124839536 ], [ -46.534903254624481, -23.65571270753825 ], [ -46.534912129405896, -23.65572553323986 ] ] ] } },
{ "type": "Feature", "properties": { "ID": 2992 }, "geometry": { "type": "MultiLineString", "coordinates": [ [ [ -46.549829081135734, -23.654755041876523 ], [ -46.549747707920829, -23.654829453671557 ], [ -46.549592791843359, -23.654943973472474 ], [ -46.549480862215752, -23.65501264024466 ], [ -46.549479816775616, -23.655013331017919 ], [ -46.549478822704955, -23.655014083395375 ], [ -46.549477884273863, -23.655014894138382 ], [ -46.549477005514106, -23.65501575976932 ], [ -46.549476190200281, -23.655016676567701 ], [ -46.549475441834886, -23.655017640595084 ], [ -46.549474763633015, -23.655018647709202 ], [ -46.549474158507834, -23.65501969358349 ], [ -46.549473629059001, -23.655020773728747 ], [ -46.549473177560742, -23.655021883499693 ], [ -46.54947280595303, -23.655023018133814 ], [ -46.549472515831731, -23.655024172753642 ], [ -46.549472308443512, -23.655025342399053 ], [ -46.549472184679175, -23.6550265220489 ], [ -46.549472145070311, -23.655027706632886 ], [ -46.54947218978716, -23.655028891058478 ], [ -46.549472318637648, -23.65503007024671 ], [ -46.549472377186191, -23.65503052609899 ], [ -46.549472452940996, -23.655030979794404 ], [ -46.549472545809863, -23.655031430780323 ], [ -46.549472655680397, -23.655031878516343 ], [ -46.549472782419038, -23.655032322452652 ], [ -46.549472925871754, -23.655032762053608 ], [ -46.549473085864484, -23.655033196780607 ], [ -46.549473567698094, -23.655034423033459 ], [ -46.549474144339555, -23.655035614055929 ], [ -46.549474812781853, -23.655036763642851 ], [ -46.549475569540135, -23.65503786579951 ], [ -46.549476410668078, -23.655038914779116 ], [ -46.549477331779677, -23.655039905109472 ], [ -46.54947832807219, -23.655040831630416 ], [ -46.549479394350371, -23.655041689506536 ], [ -46.549480525054577, -23.655042474267749 ], [ -46.549481714288625, -23.655043181819817 ], [ -46.549482955851914, -23.655043808477387 ], [ -46.549484243270264, -23.655044350969092 ], [ -46.549485569830352, -23.655044806464325 ], [ -46.549506525057112, -23.655051967513078 ], [ -46.549526893469761, -23.655060444360327 ], [ -46.549546577835606, -23.655070196536766 ], [ -46.549565484187468, -23.655081177491802 ], [ -46.54958352227225, -23.655093334805226 ], [ -46.549600605981269, -23.655106610442299 ], [ -46.549616653762016, -23.655120941026322 ], [ -46.549631589006765, -23.655136258149085 ], [ -46.549645340419048, -23.655152488692277 ], [ -46.549657842353312, -23.655169555175046 ], [ -46.549669035128638, -23.655187376129792 ], [ -46.549678865313439, -23.655205866478227 ], [ -46.549687285980667, -23.655224937959428 ], [ -46.549694256932241, -23.655244499530205 ], [ -46.549699744890013, -23.655264457806702 ], [ -46.549703723655604, -23.655284717514938 ], [ -46.549706174234565, -23.655305181943834 ], [ -46.549707084928009, -23.655325753398611 ], [ -46.549706451387706, -23.655346333678175 ], [ -46.549704276637378, -23.655366824537797 ], [ -46.549700571058104, -23.655387128160825 ], [ -46.549695352338254, -23.655407147622029 ], [ -46.549688645389956, -23.655426787355658 ], [ -46.549680482229803, -23.655445953606662 ], [ -46.549670901825785, -23.655464554877828 ], [ -46.5496599499116, -23.655482502375218 ], [ -46.549647678768075, -23.655499710421555 ], [ -46.549634146973965, -23.655516096867842 ], [ -46.549619419126103, -23.655531583494422 ], [ -46.549603565530717, -23.65554609636505 ], [ -46.549586661868638, -23.655559566204861 ], [ -46.549568788833042, -23.655571928711893 ], [ -46.549550031745, -23.655583124866641 ], [ -46.549530480145933, -23.655593101224696 ], [ -46.549510227369886, -23.655601810162089 ], [ -46.549489370098293, -23.655609210101606 ], [ -46.549468007898604, -23.655615265721863 ], [ -46.549446242748402, -23.655619948110687 ], [ -46.549424178548982, -23.655623234916327 ], [ -46.549401920629364, -23.655625110449389 ], [ -46.549379575243286, -23.655625565758839 ], [ -46.549357249062105, -23.655624598665089 ], [ -46.549335048665299, -23.655622213790952 ], [ -46.549313080032057, -23.655618422517172 ], [ -46.54929144803539, -23.655613242944444 ], [ -46.549270255940549, -23.655606699797222 ], [ -46.549249604913683, -23.655598824313429 ], [ -46.549229593537305, -23.655589654082473 ], [ -46.549210317340666, -23.655579232889007 ], [ -46.549209216398978, -23.655578635022589 ], [ -46.54920807551072, -23.655578104503267 ], [ -46.549206899523469, -23.655577643576031 ], [ -46.549205693434516, -23.655577254207255 ], [ -46.549204462368714, -23.655576938047655 ], [ -46.54920321155705, -23.655576696442278 ], [ -46.549201946314646, -23.655576530416631 ], [ -46.549200672017641, -23.655576440677024 ], [ -46.549199394080766, -23.655576427602064 ], [ -46.549198117934459, -23.65557649125158 ], [ -46.549196849001127, -23.655576631351778 ], [ -46.549195592672987, -23.655576847310485 ], [ -46.549194354288133, -23.655577138207757 ], [ -46.549193139109057, -23.655577502805755 ], [ -46.549191952299168, -23.655577939559738 ] ] ] } },
{ "type": "Feature", "properties": { "ID": 2993 }, "geometry": { "type": "MultiLineString", "coordinates": [ [ [ -46.531760571340143, -23.655789764740124 ], [ -46.531783396104082, -23.655746192780871 ], [ -46.531790397212781, -23.655732848758785 ] ] ] } },
{ "type": "Feature", "properties": { "ID": 2994 }, "geometry": { "type": "MultiLineString", "coordinates": [ [ [ -46.531804292146468, -23.655739032773578 ], [ -46.531800469019778, -23.655747468919508 ], [ -46.531799509819848, -23.655749284498697 ], [ -46.53177338170952, -23.655795417646832 ] ] ] } },
{ "type": "Feature", "properties": { "ID": 2995 }, "geometry": { "type": "MultiLineString", "coordinates": [ [ [ -46.532090994791353, -23.65551603542136 ], [ -46.532075041656476, -23.655543555519397 ], [ -46.531939277485129, -23.655797209529453 ], [ -46.531938701966155, -23.655798298877354 ] ] ] } },
{ "type": "Feature", "properties": { "ID": 2996 }, "geometry": { "type": "MultiLineString", "coordinates": [ [ [ -46.534790556034864, -23.655808643717819 ], [ -46.534754911475858, -23.655761676952469 ], [ -46.534703146884198, -23.655702678647696 ], [ -46.534641509383903, -23.655646126010399 ], [ -46.534599070697979, -23.655613404342308 ], [ -46.5345431227733, -23.655573953250208 ], [ -46.534504785228293, -23.65555663307995 ], [ -46.53443665714989, -23.655523533577668 ], [ -46.534349959529735, -23.655486915382845 ], [ -46.534287611623625, -23.655470284380154 ], [ -46.534215137793538, -23.655459623406276 ] ] ] } },
{ "type": "Feature", "properties": { "ID": 2997 }, "geometry": { "type": "MultiLineString", "coordinates": [ [ [ -46.534215180737363, -23.65545960009548 ], [ -46.534164317884596, -23.655453080836196 ], [ -46.534113122627005, -23.655449377496659 ], [ -46.534061778523906, -23.655448503350893 ], [ -46.534010469669234, -23.655450461536237 ], [ -46.533959380029785, -23.655455245029248 ], [ -46.5339086927872, -23.655462836681206 ], [ -46.533858589679632, -23.655473209272035 ], [ -46.533809250351467, -23.655486325610354 ], [ -46.533760851708834, -23.65550213866803 ] ] ] } },
{ "type": "Feature", "properties": { "ID": 2998 }, "geometry": { "type": "MultiLineString", "coordinates": [ [ [ -46.531938701966155, -23.655798298877354 ], [ -46.531906808184928, -23.655854422580045 ] ] ] } },
{ "type": "Feature", "properties": { "ID": 2999 }, "geometry": { "type": "MultiLineString", "coordinates": [ [ [ -46.53177338170952, -23.655795417646832 ], [ -46.531761757500867, -23.655815851145629 ] ] ] } },
{ "type": "Feature", "properties": { "ID": 3000 }, "geometry": { "type": "MultiLineString", "coordinates": [ [ [ -46.533954739253211, -23.655800329635817 ], [ -46.533951127387724, -23.655788848784255 ], [ -46.533948378336071, -23.65577716688373 ], [ -46.533946505029128, -23.655765338880716 ], [ -46.533945516278813, -23.655753420416101 ], [ -46.533945416735811, -23.655741467553032 ], [ -46.533946206868158, -23.6557295365177 ], [ -46.533947882959033, -23.655717683433451 ], [ -46.533950437123679, -23.655705964057915 ], [ -46.533953857347207, -23.655694433515723 ], [ -46.533958127540878, -23.65568314604813 ], [ -46.533963227617569, -23.655672154749652 ], [ -46.533969133586602, -23.655661511325956 ], [ -46.533975817666139, -23.655651265840859 ], [ -46.533983248414515, -23.655641466486816 ], [ -46.533991390877517, -23.655632159363819 ], [ -46.534000206753291, -23.655623388251747 ], [ -46.534009654572138, -23.655615194406174 ], [ -46.534019689891863, -23.655607616373427 ], [ -46.534030265506608, -23.655600689799069 ], [ -46.534041331669052, -23.655594447264232 ], [ -46.534052836324456, -23.655588918137944 ], [ -46.534064725355428, -23.655584128420784 ], [ -46.534076942836549, -23.655580100653275 ], [ -46.53410754102503, -23.655572110369228 ], [ -46.534138639312452, -23.655565973279774 ], [ -46.53417010557235, -23.655561715454279 ], [ -46.534201806114531, -23.655559354984788 ], [ -46.53423360625424, -23.655558901901582 ], [ -46.534265370882885, -23.655560358129843 ], [ -46.534296965042969, -23.655563717480714 ], [ -46.534328254501432, -23.655568965682281 ], [ -46.534359106319606, -23.65557608043629 ], [ -46.53438938941818, -23.655585031513802 ], [ -46.534418975134059, -23.655595780884227 ], [ -46.534447737767039, -23.655608282878894 ], [ -46.534475555113872, -23.655622484380025 ], [ -46.534531832875892, -23.655656603681226 ], [ -46.534613481818333, -23.655722620837757 ], [ -46.534660467525228, -23.65576694680227 ], [ -46.534704077239425, -23.65581600203387 ], [ -46.534728603020262, -23.6558510683689 ] ] ] } },
{ "type": "Feature", "properties": { "ID": 3001 }, "geometry": { "type": "MultiLineString", "coordinates": [ [ [ -46.531749637501548, -23.655810552634524 ], [ -46.531760571340143, -23.655789764740124 ] ] ] } },
{ "type": "Feature", "properties": { "ID": 3002 }, "geometry": { "type": "MultiLineString", "coordinates": [ [ [ -46.531906808184928, -23.655854422580045 ], [ -46.531895282016556, -23.655874855119006 ] ] ] } },
{ "type": "Feature", "properties": { "ID": 3003 }, "geometry": { "type": "MultiLineString", "coordinates": [ [ [ -46.531671187391098, -23.65596015050814 ], [ -46.531749637501548, -23.655810552634524 ] ] ] } },
{ "type": "Feature", "properties": { "ID": 3004 }, "geometry": { "type": "MultiLineString", "coordinates": [ [ [ -46.531761757500867, -23.655815851145629 ], [ -46.531724871581936, -23.65588105464748 ], [ -46.531684264501393, -23.655963452856906 ] ] ] } },
{ "type": "Feature", "properties": { "ID": 3005 }, "geometry": { "type": "MultiLineString", "coordinates": [ [ [ -46.534942727992259, -23.656188494082436 ], [ -46.534926080914637, -23.656114518673188 ], [ -46.534904832031188, -23.656032642008778 ], [ -46.534878394241474, -23.655959756908491 ], [ -46.534855511064663, -23.65591571789049 ], [ -46.534843895359501, -23.655893363277684 ], [ -46.534800910648194, -23.65582226751502 ], [ -46.534790556034856, -23.655808643717819 ] ] ] } },
{ "type": "Feature", "properties": { "ID": 3006 }, "geometry": { "type": "MultiLineString", "coordinates": [ [ [ -46.534845799142417, -23.655770891041104 ], [ -46.534887984930222, -23.65583233208427 ], [ -46.534937031307962, -23.655927208267492 ], [ -46.534968860409101, -23.656008438311975 ], [ -46.534986718568781, -23.656068585080611 ], [ -46.535005667640775, -23.656154999751493 ], [ -46.535011822028061, -23.656203522803189 ] ] ] } },
{ "type": "Feature", "properties": { "ID": 3007 }, "geometry": { "type": "MultiLineString", "coordinates": [ [ [ -46.534728603020262, -23.6558510683689 ], [ -46.53474515100023, -23.655874564374063 ], [ -46.534776508900627, -23.655923831211336 ], [ -46.534810090752792, -23.655995652230757 ], [ -46.534829322238878, -23.656047477374049 ], [ -46.534847792722616, -23.656109695108313 ], [ -46.534859570215382, -23.656169631196953 ] ] ] } },
{ "type": "Feature", "properties": { "ID": 3008 }, "geometry": { "type": "MultiLineString", "coordinates": [ [ [ -46.534859570215382, -23.656169631196953 ], [ -46.534868799104025, -23.656229592524234 ] ] ] } },
{ "type": "Feature", "properties": { "ID": 3009 }, "geometry": { "type": "MultiLineString", "coordinates": [ [ [ -46.534912129405896, -23.65572553323986 ], [ -46.534937059962139, -23.655761679190164 ], [ -46.534964958627775, -23.655808542016761 ], [ -46.535000749772074, -23.655868059652118 ], [ -46.535029162835919, -23.655933791083196 ], [ -46.53504904050687, -23.655990576562807 ], [ -46.53506955060552, -23.656059546928894 ], [ -46.535079118971538, -23.656098192934724 ], [ -46.535094398022437, -23.656206136495616 ], [ -46.53509506732685, -23.656221481689595 ] ] ] } },
{ "type": "Feature", "properties": { "ID": 3010 }, "geometry": { "type": "MultiLineString", "coordinates": [ [ [ -46.535011822028061, -23.656203522803189 ], [ -46.53501462465308, -23.656225258512496 ], [ -46.53501484176649, -23.656260655861448 ] ] ] } },
{ "type": "Feature", "properties": { "ID": 3011 }, "geometry": { "type": "MultiLineString", "coordinates": [ [ [ -46.534946331626585, -23.65624526014118 ], [ -46.534945579070552, -23.65623118003835 ], [ -46.534943140111629, -23.656190205792971 ], [ -46.534942727992259, -23.656188494082436 ] ] ] } },
{ "type": "Feature", "properties": { "ID": 3012 }, "geometry": { "type": "MultiLineString", "coordinates": [ [ [ -46.53509506732685, -23.656221481689595 ], [ -46.53509720594068, -23.656270315426614 ], [ -46.53509711635126, -23.656279437103105 ] ] ] } },
{ "type": "Feature", "properties": { "ID": 3013 }, "geometry": { "type": "MultiLineString", "coordinates": [ [ [ -46.534868799104025, -23.656229592524234 ], [ -46.534872518673275, -23.656271095917969 ], [ -46.5348713634042, -23.656314905211051 ], [ -46.534868237157333, -23.656332635922411 ] ] ] } },
{ "type": "Feature", "properties": { "ID": 3014 }, "geometry": { "type": "MultiLineString", "coordinates": [ [ [ -46.534868237157333, -23.656332635922411 ], [ -46.534865946753058, -23.656346384942516 ] ] ] } },
{ "type": "Feature", "properties": { "ID": 3015 }, "geometry": { "type": "MultiLineString", "coordinates": [ [ [ -46.53494756367278, -23.656359212655378 ], [ -46.534947837726563, -23.656349095798429 ], [ -46.534947870413326, -23.656335098223469 ], [ -46.534947954735884, -23.656333923425354 ], [ -46.534948957143179, -23.656293818145596 ], [ -46.534946331626585, -23.65624526014118 ] ] ] } },
{ "type": "Feature", "properties": { "ID": 3016 }, "geometry": { "type": "MultiLineString", "coordinates": [ [ [ -46.547942829793783, -23.655780426536243 ], [ -46.54799139472334, -23.65575952080917 ], [ -46.548041421801109, -23.655741780204274 ], [ -46.548092668270343, -23.655727290799113 ], [ -46.548144885458342, -23.655716122906359 ], [ -46.548197819981766, -23.65570833072114 ], [ -46.548251214976773, -23.655703952049322 ], [ -46.548304811345346, -23.655703008141121 ], [ -46.548358349012361, -23.655705503577401 ], [ -46.548411568187234, -23.655711426246285 ], [ -46.548464210625241, -23.655720747408076 ], [ -46.548516020879845, -23.655733421833414 ], [ -46.548566747542864, -23.655749388019164 ], [ -46.548616144463615, -23.655768568490497 ], [ -46.548663971943981, -23.655790870172172 ], [ -46.548709997900964, -23.655816184848419 ], [ -46.548753998993405, -23.655844389674822 ], [ -46.54879576170498, -23.655875347795078 ], [ -46.548835083381157, -23.655908908977544 ], [ -46.548871773211758, -23.655944910370387 ] ] ] } },
{ "type": "Feature", "properties": { "ID": 3017 }, "geometry": { "type": "MultiLineString", "coordinates": [ [ [ -46.534945861419466, -23.656372955851289 ], [ -46.534946578157744, -23.656367169242532 ], [ -46.534947571050367, -23.656359844716235 ], [ -46.53494756367278, -23.656359212655378 ] ] ] } },
{ "type": "Feature", "properties": { "ID": 3018 }, "geometry": { "type": "MultiLineString", "coordinates": [ [ [ -46.53501484176649, -23.656260655861448 ], [ -46.535014951374201, -23.656286843180958 ], [ -46.535018699446994, -23.656339182867896 ], [ -46.535016823273658, -23.656396815941029 ] ] ] } },
{ "type": "Feature", "properties": { "ID": 3019 }, "geometry": { "type": "MultiLineString", "coordinates": [ [ [ -46.53509711635126, -23.656279437103105 ], [ -46.53509688869071, -23.656310323614246 ], [ -46.535096824400547, -23.65633001070665 ], [ -46.535096841267418, -23.656339853767264 ], [ -46.535096066574773, -23.656382665935592 ], [ -46.535095985415673, -23.656384111616994 ], [ -46.535094278963925, -23.656405891986285 ], [ -46.535094009135442, -23.656407971670358 ] ] ] } },
{ "type": "Feature", "properties": { "ID": 2957 }, "geometry": { "type": "MultiLineString", "coordinates": [ [ [ -46.552378841957456, -23.658496702491078 ], [ -46.552359012891692, -23.65848965902471 ], [ -46.552338683391959, -23.658483953009547 ], [ -46.552317959621021, -23.658479614242697 ], [ -46.552296949800926, -23.658476665380281 ], [ -46.55227576364716, -23.658475121820732 ], [ -46.552254511796306, -23.658474991627674 ], [ -46.552233305227986, -23.658476275480794 ], [ -46.552212254685195, -23.658478966673048 ], [ -46.552191470096297, -23.658483051153016 ], [ -46.552171060000873, -23.658488507590999 ], [ -46.552151130982587, -23.658495307491208 ], [ -46.55213178711346, -23.658503415344828 ], [ -46.552113129409506, -23.658512788813628 ], [ -46.552092342407732, -23.658525018135574 ], [ -46.552072479698943, -23.658538487951699 ], [ -46.552053628389508, -23.658553139184647 ], [ -46.552035871150572, -23.65856890758851 ], [ -46.552019285855849, -23.658585724007008 ], [ -46.552003945239086, -23.658603514698815 ], [ -46.551989916575977, -23.658622201638913 ], [ -46.551977261388792, -23.658641702881138 ], [ -46.551966035176498, -23.658661932900987 ], [ -46.55195628717172, -23.658682802983492 ], [ -46.551948060124346, -23.658704221602129 ], [ -46.551941390114074, -23.658726094829785 ], [ -46.551936306392996, -23.658748326740774 ], [ -46.551932831255989, -23.658770819838434 ], [ -46.551930979943997, -23.658793475482383 ], [ -46.55193076057661, -23.65881619431552 ], [ -46.551932174116679, -23.658838876705722 ], [ -46.551935214366232, -23.658861423182955 ], [ -46.551939867993134, -23.658883734867462 ], [ -46.551946114589917, -23.658905713914848 ], [ -46.551953926763218, -23.65892726393826 ], [ -46.551963270253786, -23.658948290425965 ], [ -46.551974104086909, -23.658968701172935 ], [ -46.552056250759875, -23.659111341719605 ], [ -46.552062297929112, -23.659121039599786 ], [ -46.552069055044683, -23.659130331313943 ], [ -46.552076490090862, -23.659139172836007 ], [ -46.552084567839778, -23.659147522273205 ], [ -46.552093250018025, -23.659155340064856 ], [ -46.552102495488775, -23.659162589168908 ], [ -46.552112260446201, -23.659169235241983 ], [ -46.55212249862263, -23.65917524679011 ], [ -46.552133161508742, -23.659180595332312 ], [ -46.552144198582639, -23.659185255525379 ], [ -46.552155557549305, -23.659189205288467 ], [ -46.552167184588868, -23.659192425908277 ], [ -46.552179024611078, -23.659194902124778 ], [ -46.552191021516521, -23.659196622206085 ], [ -46.552203118462558, -23.659197578001816 ], [ -46.552215258132414, -23.659197764981251 ], [ -46.552227383007121, -23.65919718226295 ], [ -46.552239435637681, -23.659195832603395 ], [ -46.55225135891726, -23.659193722398559 ], [ -46.552263096351901, -23.659190861648916 ], [ -46.552274592328729, -23.659187263907224 ], [ -46.552285792378214, -23.659182946222064 ], [ -46.552296643433337, -23.659177929047001 ], [ -46.552307094080973, -23.659172236158376 ], [ -46.552317094804422, -23.659165894525827 ], [ -46.552326598219551, -23.659158934200157 ], [ -46.552335559298122, -23.659151388158218 ], [ -46.552343935581817, -23.65914329215434 ], [ -46.552351687382803, -23.659134684551489 ], [ -46.552358777972586, -23.659125606126665 ], [ -46.55236517375522, -23.659116099899016 ], [ -46.552678476616286, -23.658612137420324 ] ] ] } },
{ "type": "Feature", "properties": { "ID": 2958 }, "geometry": { "type": "MultiLineString", "coordinates": [ [ [ -46.530169578081633, -23.659464186731274 ], [ -46.530592930652688, -23.659264315073109 ], [ -46.530594002633961, -23.659263762655677 ], [ -46.530596048570317, -23.659262658788901 ], [ -46.53059770345309, -23.659261649089437 ], [ -46.53059916228348, -23.659260641326298 ], [ -46.530609080017143, -23.659253589888873 ], [ -46.530625130301665, -23.659242775376629 ], [ -46.530805008258838, -23.659139947379096 ], [ -46.530806221625959, -23.659134697706939 ] ] ] } },
{ "type": "Feature", "properties": { "ID": 2959 }, "geometry": { "type": "MultiLineString", "coordinates": [ [ [ -46.529994462405284, -23.659538250031993 ], [ -46.529993122607337, -23.659541062713526 ] ] ] } },
{ "type": "Feature", "properties": { "ID": 2960 }, "geometry": { "type": "MultiLineString", "coordinates": [ [ [ -46.530100936358593, -23.659496561537747 ], [ -46.530169578081633, -23.659464186731274 ] ] ] } },
{ "type": "Feature", "properties": { "ID": 2961 }, "geometry": { "type": "MultiLineString", "coordinates": [ [ [ -46.529988516105384, -23.659549596859708 ], [ -46.530100936358593, -23.659496561537747 ] ] ] } },
{ "type": "Feature", "properties": { "ID": 2962 }, "geometry": { "type": "MultiLineString", "coordinates": [ [ [ -46.529882835418761, -23.659600488553785 ], [ -46.529913732244658, -23.659584921986855 ], [ -46.529988516105384, -23.659549596859708 ] ] ] } },
{ "type": "Feature", "properties": { "ID": 2963 }, "geometry": { "type": "MultiLineString", "coordinates": [ [ [ -46.530729111615194, -23.657959598724847 ], [ -46.529861687558686, -23.659586067929737 ], [ -46.529862299561842, -23.659596537262843 ], [ -46.52986454964838, -23.659604552190601 ], [ -46.52987299148046, -23.659605462204617 ], [ -46.529882835418761, -23.659600488553785 ] ] ] } },
{ "type": "Feature", "properties": { "ID": 2964 }, "geometry": { "type": "MultiLineString", "coordinates": [ [ [ -46.52973359936675, -23.659649100991452 ], [ -46.529748586191296, -23.659639561332966 ], [ -46.529753548773293, -23.659636351670951 ], [ -46.529762107869111, -23.659630487661399 ], [ -46.529768427062898, -23.659625910032421 ], [ -46.529773092412803, -23.659622432389 ], [ -46.529779892283152, -23.659617037269904 ], [ -46.529786492948325, -23.659611373202214 ], [ -46.52979493405379, -23.659603794561409 ], [ -46.529801140510685, -23.659597953774796 ], [ -46.529810252040939, -23.659589013940543 ], [ -46.529819067389489, -23.659579896419778 ], [ -46.529847344411785, -23.659549816630324 ], [ -46.529861527683373, -23.659521772378003 ], [ -46.529998539790363, -23.659273616255874 ], [ -46.530290329325886, -23.658720236141626 ], [ -46.53028750894218, -23.658713762035493 ] ] ] } },
{ "type": "Feature", "properties": { "ID": 2965 }, "geometry": { "type": "MultiLineString", "coordinates": [ [ [ -46.530851664091621, -23.65939170817186 ], [ -46.530731153023353, -23.65942342167385 ], [ -46.530681945395919, -23.659440885058682 ], [ -46.530654279366786, -23.659456058642597 ], [ -46.530257765881451, -23.659645551302212 ] ] ] } },
{ "type": "Feature", "properties": { "ID": 2966 }, "geometry": { "type": "MultiLineString", "coordinates": [ [ [ -46.52963879700458, -23.65970810289199 ], [ -46.529647556365347, -23.659702598131439 ], [ -46.529700215793206, -23.659670020063928 ], [ -46.52972445105889, -23.659654880510978 ], [ -46.52973359936675, -23.659649100991452 ] ] ] } },
{ "type": "Feature", "properties": { "ID": 2967 }, "geometry": { "type": "MultiLineString", "coordinates": [ [ [ -46.530257765881451, -23.659645551302212 ], [ -46.530193710318969, -23.659676074765454 ] ] ] } },
{ "type": "Feature", "properties": { "ID": 2968 }, "geometry": { "type": "MultiLineString", "coordinates": [ [ [ -46.552291867852958, -23.659662367115949 ], [ -46.552293939778515, -23.659662075701423 ], [ -46.552295984985832, -23.65966165349797 ], [ -46.552297993756227, -23.65966110250838 ], [ -46.552299956543948, -23.659660425354851 ], [ -46.552301864022205, -23.659659625251614 ], [ -46.552303707126711, -23.65965870600558 ], [ -46.552305477099239, -23.659657671978231 ], [ -46.552307165529058, -23.659656528089521 ], [ -46.552308764392961, -23.659655279770071 ], [ -46.552310266093095, -23.659653932956516 ], [ -46.552311663493697, -23.659652494043772 ], [ -46.552312949954398, -23.659650969873915 ], [ -46.55231411936208, -23.659649367687422 ], [ -46.552315166159659, -23.659647695096005 ], [ -46.552316085373157, -23.659645960053176 ], [ -46.552331816889797, -23.659400716011383 ], [ -46.552333409630506, -23.659376584113108 ], [ -46.552335886056404, -23.65935251551408 ], [ -46.5523392433428, -23.659328537659601 ], [ -46.552343477660337, -23.659304677897989 ], [ -46.552348584179654, -23.65928096343794 ], [ -46.552354557076669, -23.659257421322614 ], [ -46.552361389539392, -23.659234078402761 ], [ -46.552361555434473, -23.659233469808488 ], [ -46.552361675044097, -23.659232852067973 ], [ -46.552361747790698, -23.659232228169923 ], [ -46.552361773323391, -23.659231601122379 ], [ -46.55236175151844, -23.659230973956955 ], [ -46.552361682481433, -23.659230349701907 ], [ -46.55236156654567, -23.659229731370267 ], [ -46.552361404270833, -23.659229121946993 ], [ -46.552361196440664, -23.659228524376001 ], [ -46.552360944058641, -23.659227941540916 ], [ -46.552360648343686, -23.659227376260738 ], [ -46.552360310723543, -23.659226831261972 ], [ -46.552359932828487, -23.659226309176493 ], [ -46.552359516483527, -23.659225812524433 ], [ -46.552359063699122, -23.659225343707803 ], [ -46.552358576661504, -23.659224904984747 ], [ -46.552358057722763, -23.65922449847827 ], [ -46.5523575093885, -23.659224126150495 ], [ -46.552356934306701, -23.659223789798531 ], [ -46.552356335254217, -23.659223491048056 ], [ -46.552355715124051, -23.659223231338462 ], [ -46.552355076910459, -23.659223011927249 ], [ -46.552354423695363, -23.659222833872985 ], [ -46.552353758632954, -23.659222698033265 ], [ -46.552353084934808, -23.65922260506704 ], [ -46.552352405854151, -23.659222555421838 ], [ -46.552351724670231, -23.659222549338246 ], [ -46.552351044672065, -23.659222586843594 ], [ -46.55235036914361, -23.659222667760755 ], [ -46.552349701346529, -23.659222791693164 ], [ -46.552349044505959, -23.659222958046598 ], [ -46.552348401793296, -23.659223166018496 ], [ -46.552347776312367, -23.659223414601367 ], [ -46.552347171083383, -23.659223702596954 ], [ -46.552346589028723, -23.659224028613046 ], [ -46.552332659870459, -23.65923184893904 ], [ -46.552318196939112, -23.659238798684296 ], [ -46.55230326427008, -23.659244847075719 ], [ -46.552287927979009, -23.659249967333686 ], [ -46.552272255968283, -23.659254136787986 ], [ -46.552256317627034, -23.659257336978868 ], [ -46.552240183523175, -23.659259553736543 ], [ -46.552223925092079, -23.659260777246711 ], [ -46.552207614318945, -23.659261002092535 ], [ -46.552191323420949, -23.659260227277194 ], [ -46.552175124527444, -23.65925845622921 ], [ -46.552159089360188, -23.659255696794947 ], [ -46.552143288916206, -23.659251961190055 ], [ -46.552127793153119, -23.65924726595097 ], [ -46.552112670679563, -23.659241631871289 ], [ -46.552097988451358, -23.65923508389282 ], [ -46.552083811475256, -23.659227651009534 ], [ -46.552070202520547, -23.659219366128333 ], [ -46.552057221842041, -23.659210265931893 ], [ -46.552044926912444, -23.659200390715551 ], [ -46.552033372168218, -23.659189784198222 ], [ -46.552022608768802, -23.659178493341798 ], [ -46.552012684369508, -23.659166568139213 ], [ -46.552003642911188, -23.659154061387234 ], [ -46.551995524425479, -23.659141028464948 ], [ -46.551913451381182, -23.658998446572994 ], [ -46.551899887702071, -23.658972762351247 ], [ -46.551888315954997, -23.658946264036089 ], [ -46.551878793294492, -23.658919082501683 ], [ -46.55187136675432, -23.658891352012429 ], [ -46.551866073014729, -23.658863209530754 ], [ -46.551862938221525, -23.658834794065434 ], [ -46.551861977856909, -23.658806245961344 ], [ -46.551863196662929, -23.658777706228435 ], [ -46.551866588618111, -23.658749315831511 ], [ -46.55187213696739, -23.658721214996632 ], [ -46.55187981430489, -23.65869354251917 ], [ -46.55188958270876, -23.65866643508426 ], [ -46.551901393929484, -23.658640026578112 ], [ -46.551915189627309, -23.658614447439742 ], [ -46.551930901661088, -23.658589824012161 ], [ -46.551948452424561, -23.658566277912513 ], [ -46.551967755229207, -23.658543925442618 ], [ -46.551988714733703, -23.658522877005527 ], [ -46.552011227413487, -23.65850323656257 ], [ -46.552035182072935, -23.658485101126622 ], [ -46.552060460394223, -23.658468560267842 ], [ -46.552086937521715, -23.658453695685864 ], [ -46.552114482679315, -23.65844058080209 ], [ -46.552142959815193, -23.658429280390475 ], [ -46.552172228274678, -23.658419850269478 ], [ -46.552173469338214, -23.658419451197027 ], [ -46.552174678613, -23.658418976487724 ], [ -46.552175850673038, -23.658418428270231 ], [ -46.55217698025907, -23.658417809003225 ], [ -46.552178062302609, -23.658417121466435 ], [ -46.552179091948737, -23.658416368746405 ], [ -46.552180064577158, -23.658415554217974 ], [ -46.552180975823674, -23.658414681537629 ], [ -46.552181821599667, -23.658413754619616 ], [ -46.552182598109908, -23.658412777624978 ], [ -46.552183301870123, -23.658411754935575 ], [ -46.552183929722688, -23.658410691143107 ], [ -46.552184478850414, -23.658409591016778 ], [ -46.552184946789168, -23.658408459496609 ], [ -46.552185331439595, -23.658407301659985 ], [ -46.552185631075339, -23.658406122696842 ], [ -46.552185844352366, -23.658404927903103 ] ] ] } },
{ "type": "Feature", "properties": { "ID": 2969 }, "geometry": { "type": "MultiLineString", "coordinates": [ [ [ -46.529299974434529, -23.659876343873599 ], [ -46.529603743797423, -23.659728767510437 ], [ -46.529609493750279, -23.659725820995774 ], [ -46.52961436461522, -23.659723154072953 ], [ -46.529622738174567, -23.659718194951683 ], [ -46.52963879700458, -23.65970810289199 ] ] ] } },
{ "type": "Feature", "properties": { "ID": 2970 }, "geometry": { "type": "MultiLineString", "coordinates": [ [ [ -46.552883484471977, -23.658712939854606 ], [ -46.552601588082325, -23.659174329643925 ], [ -46.552584491075045, -23.659202677796305 ], [ -46.552569232785686, -23.659231902713913 ], [ -46.552555865989817, -23.65926190330795 ], [ -46.55254443692094, -23.659292575821254 ], [ -46.552534985110398, -23.659323814162047 ], [ -46.552527543251124, -23.659355510286385 ], [ -46.552522137083898, -23.659387554566361 ], [ -46.552518022029091, -23.659426444666629 ], [ -46.552516578707987, -23.659465496430872 ], [ -46.552517812872686, -23.659504554276889 ], [ -46.552521719608912, -23.659543462604343 ], [ -46.552528283354768, -23.659582066402795 ], [ -46.552537477963156, -23.659620211877602 ], [ -46.552549266805755, -23.659657747060898 ], [ -46.552552878013728, -23.659667214310169 ], [ -46.552557128408452, -23.659676453640156 ], [ -46.552562001164709, -23.659685428477562 ], [ -46.552567476993794, -23.659694103293727 ], [ -46.552573534219675, -23.659702443750845 ], [ -46.552580148864649, -23.659710416831388 ], [ -46.552587294744647, -23.65971799097597 ], [ -46.552594943572558, -23.659725136200766 ], [ -46.552603065070571, -23.659731824221275 ], [ -46.552611627089263, -23.659738028563019 ], [ -46.552620595735874, -23.659743724666921 ], [ -46.552629935507959, -23.659748889981575 ], [ -46.552639609433591, -23.659753504062937 ], [ -46.552650414029678, -23.659757846413545 ], [ -46.552661513668227, -23.659761503276918 ], [ -46.552672857160147, -23.659764457785712 ], [ -46.552684392191608, -23.659766696315486 ], [ -46.552696065565655, -23.659768208542626 ], [ -46.5527078234473, -23.659768987492487 ], [ -46.552719611611906, -23.659769029574605 ], [ -46.552731375694762, -23.659768334593078 ], [ -46.552743061442648, -23.659766905752676 ], [ -46.55275461496354, -23.659764749643436 ], [ -46.55276598297511, -23.659761876210155 ], [ -46.552777113050517, -23.659758298702556 ], [ -46.552787953860502, -23.65975403362124 ], [ -46.5527984554097, -23.65974910063343 ], [ -46.552808569267157, -23.659743522491052 ], [ -46.55281824879021, -23.659737324918652 ], [ -46.552827449338935, -23.659730536497172 ], [ -46.552836128482916, -23.659723188534795 ], [ -46.552844246195711, -23.659715314919723 ], [ -46.552851765040494, -23.659706951957869 ], [ -46.552858650342145, -23.659698138224144 ], [ -46.552975666749283, -23.659570268106375 ], [ -46.553003728806701, -23.659535112320558 ], [ -46.553029095604956, -23.659498259743348 ], [ -46.553051646675776, -23.659459885385957 ], [ -46.553071274923717, -23.659420171496301 ], [ -46.553087887134325, -23.659379306680865 ], [ -46.553101404417099, -23.659337485014262 ], [ -46.553111762579839, -23.659294905108631 ], [ -46.553118912433561, -23.659251769182557 ], [ -46.553122820025855, -23.659208282094198 ], [ -46.553123466802518, -23.659164650366492 ], [ -46.553120849695098, -23.65912108121525 ], [ -46.553114981135835, -23.659077781550018 ], [ -46.553105888998005, -23.659034957006895 ], [ -46.553093616464373, -23.658992810962715 ], [ -46.553078221821117, -23.658951543575242 ], [ -46.553064138855135, -23.658920549645856 ], [ -46.553047997327376, -23.658890419396766 ], [ -46.553029859316084, -23.658861268699187 ], [ -46.553009794577392, -23.658833209661925 ], [ -46.552987880277456, -23.658806350194276 ], [ -46.552964200694831, -23.658780793592481 ], [ -46.552938846897092, -23.658756638142481 ], [ -46.552911916390144, -23.658733976734826 ], [ -46.552883512743698, -23.658712896530041 ] ] ] } },
{ "type": "Feature", "properties": { "ID": 2971 }, "geometry": { "type": "MultiLineString", "coordinates": [ [ [ -46.548934747102606, -23.655148408380494 ], [ -46.548909000033341, -23.655159773142262 ] ] ] } },
{ "type": "Feature", "properties": { "ID": 2972 }, "geometry": { "type": "MultiLineString", "coordinates": [ [ [ -46.548749088888577, -23.655050025784661 ], [ -46.54872948531856, -23.655058619992126 ], [ -46.54859452008138, -23.65511920832046 ], [ -46.548299992871975, -23.655207940141395 ] ] ] } },
{ "type": "Feature", "properties": { "ID": 2973 }, "geometry": { "type": "MultiLineString", "coordinates": [ [ [ -46.532239279062175, -23.655259999894422 ], [ -46.53217268190982, -23.655375074631646 ] ] ] } },
{ "type": "Feature", "properties": { "ID": 2974 }, "geometry": { "type": "MultiLineString", "coordinates": [ [ [ -46.532027103914494, -23.655324859300141 ], [ -46.532016152271446, -23.655344112203249 ] ] ] } },
{ "type": "Feature", "properties": { "ID": 2975 }, "geometry": { "type": "MultiLineString", "coordinates": [ [ [ -46.534429082939113, -23.655336496873325 ], [ -46.534385953937424, -23.655320217460517 ], [ -46.534323998200186, -23.655303582586615 ], [ -46.534273278202043, -23.655292074143485 ], [ -46.534215698706227, -23.655280814195546 ], [ -46.534147201733397, -23.655274899976583 ], [ -46.534087201103262, -23.655274590836633 ], [ -46.534022896937593, -23.655275137012818 ], [ -46.53393334066331, -23.655287582419803 ], [ -46.533933144617208, -23.655287584360043 ], [ -46.533586037558088, -23.655382859436425 ], [ -46.533575586988391, -23.655386213820588 ], [ -46.533557029979335, -23.655392176952887 ], [ -46.533538569938685, -23.655398048818714 ], [ -46.533520012926054, -23.655404011946668 ], [ -46.533501552881859, -23.655409883808332 ], [ -46.533482995865619, -23.655415846932009 ], [ -46.533479093890833, -23.655417511027597 ], [ -46.533474888370463, -23.655418365382278 ], [ -46.533470675479869, -23.655418587675577 ], [ -46.533466454166238, -23.655418087612809 ], [ -46.533463995163963, -23.655417389503512 ], [ -46.533462323505688, -23.65541695451877 ], [ -46.533458575462014, -23.655415004894849 ], [ -46.533455214246779, -23.655412599918982 ], [ -46.533452433800598, -23.655409557062548 ], [ -46.533450034918523, -23.655405607381702 ] ] ] } },
{ "type": "Feature", "properties": { "ID": 2976 }, "geometry": { "type": "MultiLineString", "coordinates": [ [ [ -46.548964626304304, -23.655271465647417 ], [ -46.548999834760558, -23.655256032919034 ], [ -46.549049852197463, -23.655232776293172 ], [ -46.549091972353935, -23.655213210763531 ] ] ] } },
{ "type": "Feature", "properties": { "ID": 2977 }, "geometry": { "type": "MultiLineString", "coordinates": [ [ [ -46.548784748206351, -23.655164446412979 ], [ -46.548697079154827, -23.655203792167402 ], [ -46.548661178421973, -23.655219073476214 ], [ -46.548624638525204, -23.655233010141696 ], [ -46.548587518789319, -23.655245579531265 ], [ -46.548549879480497, -23.655256761244164 ], [ -46.548511781708633, -23.655266537124408 ], [ -46.548473287328385, -23.655274891298351 ], [ -46.548434458837868, -23.65528181020321 ] ] ] } },
{ "type": "Feature", "properties": { "ID": 2978 }, "geometry": { "type": "MultiLineString", "coordinates": [ [ [ -46.532007882560421, -23.655341123579799 ], [ -46.53201952457416, -23.655322225072776 ] ] ] } },
{ "type": "Feature", "properties": { "ID": 2979 }, "geometry": { "type": "MultiLineString", "coordinates": [ [ [ -46.548939952142916, -23.655282368169821 ], [ -46.548964626304304, -23.655271465647417 ] ] ] } },
{ "type": "Feature", "properties": { "ID": 2980 }, "geometry": { "type": "MultiLineString", "coordinates": [ [ [ -46.53217268190982, -23.655375074631646 ], [ -46.532160092293815, -23.655396781970264 ] ] ] } },
{ "type": "Feature", "properties": { "ID": 2981 }, "geometry": { "type": "MultiLineString", "coordinates": [ [ [ -46.548909000033341, -23.655159773142262 ], [ -46.548806790571163, -23.655204772842893 ], [ -46.548798404252167, -23.65520855913147 ] ] ] } },
{ "type": "Feature", "properties": { "ID": 2982 }, "geometry": { "type": "MultiLineString", "coordinates": [ [ [ -46.548798404252167, -23.65520855913147 ], [ -46.548460014658353, -23.655360400875228 ] ] ] } },
{ "type": "Feature", "properties": { "ID": 2983 }, "geometry": { "type": "MultiLineString", "coordinates": [ [ [ -46.532160092293815, -23.655396781970264 ], [ -46.532090994791353, -23.65551603542136 ] ] ] } },
{ "type": "Feature", "properties": { "ID": 2984 }, "geometry": { "type": "MultiLineString", "coordinates": [ [ [ -46.532016152271446, -23.655344112203249 ], [ -46.531976476519468, -23.65541385858219 ], [ -46.5319450992504, -23.655472234808791 ] ] ] } },
{ "type": "Feature", "properties": { "ID": 2985 }, "geometry": { "type": "MultiLineString", "coordinates": [ [ [ -46.548835692637013, -23.655328110816452 ], [ -46.548939952142916, -23.655282368169821 ] ] ] } },
{ "type": "Feature", "properties": { "ID": 2986 }, "geometry": { "type": "MultiLineString", "coordinates": [ [ [ -46.548541045975412, -23.655447250638364 ], [ -46.548560073912661, -23.655441596184701 ], [ -46.548578972744174, -23.655435585557431 ], [ -46.548597734613487, -23.65542922124979 ], [ -46.548616351721265, -23.655422505913695 ], [ -46.548634816328061, -23.655415442335062 ], [ -46.548653120758146, -23.655408033453078 ], [ -46.548671257401985, -23.655400282348189 ], [ -46.548835692637013, -23.655328110816452 ] ] ] } },
{ "type": "Feature", "properties": { "ID": 2787 }, "geometry": { "type": "MultiLineString", "coordinates": [ [ [ -46.529539492741435, -23.652603343545447 ], [ -46.529557804229881, -23.652567853575441 ], [ -46.529563147858042, -23.65256338077176 ], [ -46.529568143053382, -23.652558578396746 ], [ -46.529572765917564, -23.652553469423669 ], [ -46.529576994333418, -23.652548078295712 ], [ -46.529580808070889, -23.652542430806808 ], [ -46.529584188884229, -23.652536553974649 ], [ -46.529587120598599, -23.652530475918244 ], [ -46.529589589188056, -23.652524225715023 ], [ -46.529591582841917, -23.652517833266685 ], [ -46.529593092022367, -23.652511329156553 ], [ -46.529594109508849, -23.652504744504853 ], [ -46.529594630433749, -23.652498110813372 ], [ -46.529594652304688, -23.652491459818815 ], [ -46.529594175017337, -23.652484823341947 ], [ -46.529593200854926, -23.652478233132634 ], [ -46.529591734478373, -23.652471720721312 ], [ -46.529589782903429, -23.652465317264262 ], [ -46.52958735546683, -23.652459053397486 ], [ -46.529584463782214, -23.652452959090748 ], [ -46.529581121684416, -23.65244706349959 ], [ -46.529577345162977, -23.652441394829239 ], [ -46.529573152285792, -23.652435980202966 ], [ -46.529568563112846, -23.652430845523291 ], [ -46.529495119441144, -23.652370342872938 ], [ -46.529485276880422, -23.65236251691179 ], [ -46.529475159085621, -23.652354994689809 ], [ -46.529464777097424, -23.652347784414026 ], [ -46.529454142245193, -23.652340893952832 ], [ -46.529443266134116, -23.652334330828495 ], [ -46.529432160632624, -23.652328102197892 ], [ -46.529420837859348, -23.652322214863855 ], [ -46.528930081328234, -23.652076917357476 ] ] ] } },
{ "type": "Feature", "properties": { "ID": 2788 }, "geometry": { "type": "MultiLineString", "coordinates": [ [ [ -46.527555015360939, -23.65221464426148 ], [ -46.527787918360374, -23.652364693513309 ], [ -46.527735247847282, -23.652446758158433 ], [ -46.527812169701072, -23.65251138086321 ], [ -46.528004719718083, -23.652672935022956 ], [ -46.528129238552708, -23.652767250230706 ] ] ] } },
{ "type": "Feature", "properties": { "ID": 2789 }, "geometry": { "type": "MultiLineString", "coordinates": [ [ [ -46.528129238552708, -23.652767250230706 ], [ -46.528161381926289, -23.652791586614988 ], [ -46.528183127095559, -23.652806904698309 ], [ -46.528187377688894, -23.652809933163123 ] ] ] } },
{ "type": "Feature", "properties": { "ID": 2790 }, "geometry": { "type": "MultiLineString", "coordinates": [ [ [ -46.528187377688894, -23.652809933163123 ], [ -46.528230176648187, -23.652840124609906 ] ] ] } },
{ "type": "Feature", "properties": { "ID": 2791 }, "geometry": { "type": "MultiLineString", "coordinates": [ [ [ -46.528230176648187, -23.652840124609906 ], [ -46.528292941745534, -23.652884387380695 ], [ -46.528482205778062, -23.652999285571767 ] ] ] } },
{ "type": "Feature", "properties": { "ID": 2792 }, "geometry": { "type": "MultiLineString", "coordinates": [ [ [ -46.528482205778062, -23.652999285571767 ], [ -46.528579354782281, -23.65305819978596 ] ] ] } },
{ "type": "Feature", "properties": { "ID": 2805 }, "geometry": { "type": "MultiLineString", "coordinates": [ [ [ -46.536046584393539, -23.638748619512729 ], [ -46.535424751792199, -23.638430944054679 ], [ -46.535417851034246, -23.638427580791102 ], [ -46.535411839744008, -23.638424840855389 ], [ -46.535406421783321, -23.638422546569842 ], [ -46.535396870531471, -23.638418848328524 ], [ -46.535389587213274, -23.638416301596724 ], [ -46.535378468848982, -23.638412709175579 ], [ -46.535367157624421, -23.638409389578317 ], [ -46.53536027582885, -23.638407651614806 ], [ -46.535354280340435, -23.638406266095743 ], [ -46.535348974084982, -23.638405144667434 ], [ -46.535339643082835, -23.638403521257526 ], [ -46.53533267170392, -23.638402506619887 ], [ -46.535322167737078, -23.638401165737331 ], [ -46.5353115678666, -23.638400006413605 ], [ -46.535304404680325, -23.638399354893867 ], [ -46.535291748698036, -23.638398396535791 ], [ -46.535282333379016, -23.638397947922449 ], [ -46.535275273469672, -23.638397746904033 ], [ -46.535264589281653, -23.638397762377227 ], [ -46.535254007317022, -23.638398138057738 ], [ -46.535245680645019, -23.638398581714583 ], [ -46.535238433140712, -23.638399104992033 ], [ -46.535232068783301, -23.638399709830825 ], [ -46.535226488509117, -23.638400306906767 ], [ -46.535216801276491, -23.638401757387136 ], [ -46.535209662314479, -23.638403182638953 ], [ -46.535204285433352, -23.638404409835704 ], [ -46.535200376602013, -23.638405441888608 ], [ -46.535194515987889, -23.638407215704213 ], [ -46.535188855607281, -23.638409348757424 ], [ -46.535139583616392, -23.638428981205994 ] ] ] } },
{ "type": "Feature", "properties": { "ID": 2806 }, "geometry": { "type": "MultiLineString", "coordinates": [ [ [ -46.536149532449272, -23.638801150585259 ], [ -46.536046584393539, -23.638748619512729 ] ] ] } },
{ "type": "Feature", "properties": { "ID": 2807 }, "geometry": { "type": "MultiLineString", "coordinates": [ [ [ -46.536504686739946, -23.638987633629974 ], [ -46.536149532449272, -23.638801150585259 ] ] ] } },
{ "type": "Feature", "properties": { "ID": 2808 }, "geometry": { "type": "MultiLineString", "coordinates": [ [ [ -46.535409429759966, -23.638201450078427 ], [ -46.536447955783821, -23.638729381636871 ], [ -46.53654153392467, -23.638776948201933 ], [ -46.536583260185374, -23.638799472207388 ], [ -46.536627867743704, -23.638816910570085 ], [ -46.536642142542945, -23.638822187414792 ], [ -46.536656510082778, -23.638827011814055 ], [ -46.536685632990988, -23.638836295545424 ], [ -46.536704920044315, -23.638842696678839 ], [ -46.536715845617543, -23.638846561826973 ], [ -46.536801599858194, -23.638878853914036 ], [ -46.536887068541574, -23.63891187122162 ], [ -46.536929609513081, -23.638928607536037 ], [ -46.536952260588521, -23.638937684444823 ], [ -46.536972055647453, -23.638945615693213 ], [ -46.536979345348456, -23.638948704114586 ], [ -46.536985550604768, -23.638951261454359 ], [ -46.53699894966141, -23.638957088774841 ], [ -46.537007819134928, -23.638961154891199 ], [ -46.537019452945408, -23.638966909401557 ], [ -46.537090449885397, -23.639002959793274 ] ] ] } },
{ "type": "Feature", "properties": { "ID": 2809 }, "geometry": { "type": "MultiLineString", "coordinates": [ [ [ -46.53680033044288, -23.639181478482609 ], [ -46.536600342352948, -23.639053601781569 ], [ -46.536504686739946, -23.638987633629974 ] ] ] } },
{ "type": "Feature", "properties": { "ID": 2810 }, "geometry": { "type": "MultiLineString", "coordinates": [ [ [ -46.537011406753578, -23.639301930298679 ], [ -46.536896126477387, -23.639242658882655 ], [ -46.53680033044288, -23.639181478482609 ] ] ] } },
{ "type": "Feature", "properties": { "ID": 2811 }, "geometry": { "type": "MultiLineString", "coordinates": [ [ [ -46.537075998361068, -23.639335064113382 ], [ -46.537011406753578, -23.639301930298679 ] ] ] } },
{ "type": "Feature", "properties": { "ID": 2812 }, "geometry": { "type": "MultiLineString", "coordinates": [ [ [ -46.537302790606624, -23.639449851122684 ], [ -46.537075998361068, -23.639335064113382 ] ] ] } },
{ "type": "Feature", "properties": { "ID": 2813 }, "geometry": { "type": "MultiLineString", "coordinates": [ [ [ -46.537534678944645, -23.639581293668055 ], [ -46.538049616114463, -23.639868594370345 ], [ -46.538097159277733, -23.639885551641711 ], [ -46.538096955609142, -23.639868124809837 ], [ -46.537963223498892, -23.639773366807908 ], [ -46.537648829769331, -23.6396193541188 ], [ -46.537302790606624, -23.639449851122684 ] ] ] } },
{ "type": "Feature", "properties": { "ID": 2814 }, "geometry": { "type": "MultiLineString", "coordinates": [ [ [ -46.5398174543718, -23.64272518241593 ], [ -46.53981764722883, -23.642724909586146 ], [ -46.54021428609844, -23.642065898645257 ], [ -46.540217505455409, -23.642056204046913 ], [ -46.540214611296022, -23.642051807858589 ], [ -46.540208906467747, -23.642050148735311 ], [ -46.540201767378342, -23.642051574223892 ], [ -46.539794685673179, -23.642722879998221 ] ] ] } },
{ "type": "Feature", "properties": { "ID": 2815 }, "geometry": { "type": "MultiLineString", "coordinates": [ [ [ -46.539794685673179, -23.642722879998221 ], [ -46.539741504877462, -23.642810642618283 ] ] ] } },
{ "type": "Feature", "properties": { "ID": 2816 }, "geometry": { "type": "MultiLineString", "coordinates": [ [ [ -46.539762055203909, -23.642816037438521 ], [ -46.5398174543718, -23.64272518241593 ] ] ] } },
{ "type": "Feature", "properties": { "ID": 2817 }, "geometry": { "type": "MultiLineString", "coordinates": [ [ [ -46.539741504877462, -23.642810642618283 ], [ -46.539695341654685, -23.642886595903622 ] ] ] } },
{ "type": "Feature", "properties": { "ID": 2818 }, "geometry": { "type": "MultiLineString", "coordinates": [ [ [ -46.539713291056884, -23.642895899666883 ], [ -46.539762055203909, -23.642816037438521 ] ] ] } },
{ "type": "Feature", "properties": { "ID": 2819 }, "geometry": { "type": "MultiLineString", "coordinates": [ [ [ -46.539695341654685, -23.642886595903622 ], [ -46.539662258895667, -23.642941107339301 ] ] ] } },
{ "type": "Feature", "properties": { "ID": 2820 }, "geometry": { "type": "MultiLineString", "coordinates": [ [ [ -46.539476274606756, -23.642988738659884 ], [ -46.53932297353613, -23.64285552585963 ], [ -46.539222602787412, -23.642747163113263 ], [ -46.539150024065464, -23.642651528310893 ], [ -46.539061399827787, -23.642516589510183 ], [ -46.539007144550531, -23.642420321220271 ], [ -46.538945681016322, -23.642294414145741 ], [ -46.538906489313547, -23.642195377456613 ], [ -46.538861644532005, -23.642048806183986 ], [ -46.538837195904243, -23.641944746682473 ], [ -46.538821245742561, -23.641829766244857 ], [ -46.538812081212392, -23.641741809927822 ], [ -46.53881068162103, -23.641546674942663 ], [ -46.538823570570116, -23.641341193696018 ], [ -46.538842463042606, -23.641112625114893 ], [ -46.538864541630161, -23.640846367763967 ], [ -46.538867704630235, -23.640664191386406 ], [ -46.538842227414477, -23.6404469900199 ], [ -46.538793961456818, -23.640301175060234 ], [ -46.538769267286725, -23.640226376737978 ], [ -46.53867684426406, -23.640059778265243 ], [ -46.538555914216225, -23.639911433256184 ], [ -46.538377267410212, -23.639764654107466 ], [ -46.538245729739117, -23.639689922276222 ], [ -46.537826037419968, -23.639475276200557 ], [ -46.537217797798867, -23.63916388514065 ], [ -46.536756419274809, -23.638929872459158 ], [ -46.536609036113731, -23.638849516668571 ], [ -46.536753553688726, -23.638911117421305 ], [ -46.536906147288562, -23.63897597927442 ], [ -46.537146935396244, -23.639097400705037 ], [ -46.537545903926841, -23.639300333959955 ], [ -46.537956366387284, -23.639513717810907 ], [ -46.538176374705543, -23.63962667437389 ] ] ] } },
{ "type": "Feature", "properties": { "ID": 2821 }, "geometry": { "type": "MultiLineString", "coordinates": [ [ [ -46.539680109233323, -23.642950321785101 ], [ -46.539713291056884, -23.642895899666883 ] ] ] } },
{ "type": "Feature", "properties": { "ID": 2879 }, "geometry": { "type": "MultiLineString", "coordinates": [ [ [ -46.531344955742462, -23.655133778554244 ], [ -46.531345331808353, -23.655133230053234 ], [ -46.531345664153172, -23.655132658097617 ], [ -46.531345951061468, -23.655132065637591 ], [ -46.5313461910524, -23.655131455733251 ], [ -46.531346382887271, -23.655130831528432 ], [ -46.531346525575955, -23.655130196249555 ], [ -46.531346618382216, -23.655129553172205 ], [ -46.531346660826721, -23.655128905616788 ], [ -46.531346652690551, -23.655128256926982 ], [ -46.531346594015737, -23.655127610448201 ], [ -46.531346485105111, -23.655126969516793 ], [ -46.53134632652079, -23.655126337445051 ], [ -46.531346119081242, -23.655125717491032 ], [ -46.531345863856956, -23.655125112854343 ], [ -46.531345562165619, -23.655124526660011 ], [ -46.531345215564144, -23.655123961929515 ], [ -46.531344825841494, -23.655123421580704 ], [ -46.53132912923197, -23.655110878488436 ], [ -46.531313446503468, -23.655098320677851 ], [ -46.531297777672016, -23.655085748152178 ], [ -46.531282122754092, -23.655073160933853 ], [ -46.531266481765698, -23.655060559029184 ], [ -46.531250854723218, -23.655047942454157 ], [ -46.531235241642847, -23.655035311222619 ], [ -46.531225344441474, -23.655027280839082 ], [ -46.531217128634019, -23.655020498830435 ], [ -46.531208913878721, -23.655013807115914 ], [ -46.53120089306757, -23.65500693287493 ], [ -46.53119287120596, -23.654999968338856 ], [ -46.53118475132225, -23.654993004770748 ], [ -46.531176827485297, -23.654986039265342 ], [ -46.531168998518289, -23.654978801907323 ], [ -46.53116126862637, -23.65497165387508 ], [ -46.531153439661082, -23.654964416516272 ], [ -46.531145905816722, -23.654957266546354 ], [ -46.531138269745227, -23.654949756366047 ], [ -46.531130732748778, -23.654942335511564 ], [ -46.531123293776112, -23.654934913688372 ], [ -46.531115854804284, -23.654927491864665 ], [ -46.531108609776645, -23.654919887514698 ], [ -46.531102457719015, -23.654913536636727 ], [ -46.53094092846537, -23.654722511749764 ], [ -46.530933715354784, -23.654713712504893 ], [ -46.530926383774691, -23.654704996739188 ], [ -46.530918934863557, -23.654696365803371 ], [ -46.530911369777932, -23.654687821041335 ], [ -46.530903689692529, -23.654679363776339 ], [ -46.530895895800057, -23.654670995321784 ], [ -46.530887989310713, -23.654662716980692 ], [ -46.530851009519978, -23.654629251839761 ], [ -46.530812437755237, -23.654597347976576 ], [ -46.530772351626382, -23.654567069581066 ], [ -46.530730831790372, -23.654538477579841 ], [ -46.530687961788296, -23.654511629498348 ], [ -46.53064382787808, -23.65448657935702 ], [ -46.530598518860408, -23.654463377561697 ], [ -46.530430252997732, -23.654375726943339 ], [ -46.530413190026337, -23.654366864927361 ], [ -46.530396126006437, -23.65435791261481 ], [ -46.53037906303949, -23.654349050594821 ], [ -46.530362000074774, -23.654340188572725 ], [ -46.530344936061596, -23.654331236254141 ], [ -46.530327873101335, -23.654322374228119 ], [ -46.530310809092633, -23.654313421905435 ], [ -46.53029374613682, -23.654304559875392 ], [ -46.530286643340247, -23.654300746888801 ], [ -46.530269675258211, -23.654291613004148 ], [ -46.530252806251525, -23.654282568444433 ], [ -46.530235838174029, -23.654273434555897 ], [ -46.530218870098828, -23.654264300665368 ], [ -46.530202001098914, -23.654255256099646 ], [ -46.530185033028246, -23.654246122205141 ], [ -46.530168064959859, -23.654236988308643 ], [ -46.530151195966752, -23.654227943737087 ], [ -46.530134227902913, -23.654218809836539 ], [ -46.530120905580432, -23.654211265432732 ], [ -46.530104227385948, -23.654201767447049 ], [ -46.530087452221899, -23.65419236072178 ], [ -46.530070774032083, -23.654182862732309 ], [ -46.530054096895093, -23.654173455035476 ], [ -46.530037418709952, -23.654163957042048 ], [ -46.530020643555225, -23.654154550309002 ], [ -46.530003965374775, -23.654145052311705 ], [ -46.530000015067323, -23.654142562766719 ], [ -46.529983818598289, -23.65413233757182 ], [ -46.5299676221317, -23.654122112375084 ], [ -46.529951425667583, -23.654111887176608 ], [ -46.529935328278668, -23.654101751303273 ], [ -46.529919131819469, -23.654091526101141 ], [ -46.529902935362728, -23.654081300897161 ], [ -46.529886738908452, -23.654071075691249 ], [ -46.529870543506981, -23.654060940778088 ], [ -46.529854445079948, -23.654050714601151 ], [ -46.529838248633055, -23.654040489389757 ], [ -46.529822052188621, -23.654030264176512 ], [ -46.529805855746645, -23.654020038961434 ], [ -46.529789758379721, -23.654009903071792 ], [ -46.529773561942655, -23.653999677853061 ], [ -46.529757365508061, -23.653989452632576 ], [ -46.529741169075933, -23.65397922741025 ], [ -46.529724973696489, -23.653969092480594 ], [ -46.529708875291547, -23.653958866287159 ], [ -46.529692678866795, -23.653948641059344 ], [ -46.529676482444494, -23.653938415829597 ], [ -46.529660286024672, -23.653928190598105 ], [ -46.529644090657484, -23.653918055659378 ], [ -46.529627992264793, -23.653907829456731 ], [ -46.529611795852361, -23.653897604219743 ], [ -46.529595599442359, -23.653887378980922 ], [ -46.528872345950866, -23.653418336371299 ], [ -46.528815548834018, -23.653381510311345 ], [ -46.528737218210736, -23.653330718722124 ], [ -46.528694743477836, -23.653303143077686 ], [ -46.528425123986878, -23.653131964777238 ], [ -46.528146468768384, -23.652950851195239 ], [ -46.528123342883617, -23.652934824279544 ], [ -46.527917381327669, -23.652791824737871 ], [ -46.527714704613601, -23.652627751438065 ], [ -46.527660869203821, -23.652584213154817 ], [ -46.527520680487292, -23.652465850205921 ], [ -46.527422171524961, -23.652374167933299 ], [ -46.527351906984478, -23.652308756981999 ], [ -46.527249335358853, -23.65221332180564 ], [ -46.526894985512925, -23.651895597509245 ], [ -46.526624844162932, -23.651645223363275 ], [ -46.526330367728612, -23.651358966263132 ], [ -46.526279445617369, -23.651312960526234 ] ] ] } },
{ "type": "Feature", "properties": { "ID": 2880 }, "geometry": { "type": "MultiLineString", "coordinates": [ [ [ -46.5494820838056, -23.65462539359919 ], [ -46.549435932016543, -23.654663515814349 ], [ -46.549388494905131, -23.654700274930018 ], [ -46.549339819895685, -23.654735634195262 ], [ -46.549289955650174, -23.654769558257488 ], [ -46.549238952019877, -23.654802013204431 ], [ -46.549186859995089, -23.654832966586216 ], [ -46.549133731654372, -23.654862387459243 ], [ -46.548987198800567, -23.654940635448753 ] ] ] } },
{ "type": "Feature", "properties": { "ID": 2881 }, "geometry": { "type": "MultiLineString", "coordinates": [ [ [ -46.548987198800567, -23.654940635448753 ], [ -46.548939072593349, -23.65496631137033 ], [ -46.548895185963062, -23.654985713901201 ] ] ] } },
{ "type": "Feature", "properties": { "ID": 2882 }, "geometry": { "type": "MultiLineString", "coordinates": [ [ [ -46.548895185963062, -23.654985713901201 ], [ -46.54886807299151, -23.654997634132318 ] ] ] } },
{ "type": "Feature", "properties": { "ID": 2883 }, "geometry": { "type": "MultiLineString", "coordinates": [ [ [ -46.54886807299151, -23.654997634132318 ], [ -46.548749088888577, -23.655050025784661 ] ] ] } },
{ "type": "Feature", "properties": { "ID": 2884 }, "geometry": { "type": "MultiLineString", "coordinates": [ [ [ -46.549748100131708, -23.654527389767093 ], [ -46.549681041568633, -23.654600700305338 ], [ -46.549609854353228, -23.654670629715252 ], [ -46.549534739069344, -23.65473698094252 ], [ -46.549455907370145, -23.654799567029482 ], [ -46.549373581381971, -23.654858211619782 ], [ -46.549287993078345, -23.654912749462039 ], [ -46.54919938362611, -23.654963026879685 ], [ -46.549030483809425, -23.655053264016043 ] ] ] } },
{ "type": "Feature", "properties": { "ID": 2885 }, "geometry": { "type": "MultiLineString", "coordinates": [ [ [ -46.549809997224436, -23.654583112456603 ], [ -46.54972471280044, -23.654658376087067 ], [ -46.549374795462626, -23.65492159007546 ], [ -46.549204016858738, -23.655012788921741 ], [ -46.549047169039071, -23.655096533694572 ] ] ] } },
{ "type": "Feature", "properties": { "ID": 2886 }, "geometry": { "type": "MultiLineString", "coordinates": [ [ [ -46.549030483809425, -23.655053264016043 ], [ -46.548998919247524, -23.655070105202263 ], [ -46.548923725921092, -23.655103275993863 ] ] ] } },
{ "type": "Feature", "properties": { "ID": 2887 }, "geometry": { "type": "MultiLineString", "coordinates": [ [ [ -46.549047169039071, -23.655096533694572 ], [ -46.5490218396044, -23.655110061607047 ], [ -46.548934747102606, -23.655148408380494 ] ] ] } },
{ "type": "Feature", "properties": { "ID": 2888 }, "geometry": { "type": "MultiLineString", "coordinates": [ [ [ -46.548923725921092, -23.655103275993863 ], [ -46.548897587833871, -23.655114734965714 ] ] ] } },
{ "type": "Feature", "properties": { "ID": 2889 }, "geometry": { "type": "MultiLineString", "coordinates": [ [ [ -46.53201952457416, -23.655322225072776 ], [ -46.532091777725277, -23.655204565946825 ] ] ] } },
{ "type": "Feature", "properties": { "ID": 2890 }, "geometry": { "type": "MultiLineString", "coordinates": [ [ [ -46.532585147609268, -23.654402205216815 ], [ -46.532585738900664, -23.654402470284783 ], [ -46.532586102219554, -23.654402673056275 ], [ -46.532586449659355, -23.654402898205248 ], [ -46.532586779598063, -23.654403144683016 ], [ -46.532587090495895, -23.654403411341079 ], [ -46.532587380901148, -23.654403696931031 ], [ -46.532587649458449, -23.654404000120639 ], [ -46.532587894913839, -23.654404319494841 ], [ -46.532588116121772, -23.654404653564288 ], [ -46.532588312049377, -23.654405000767486 ], [ -46.532588481782142, -23.654405359483619 ], [ -46.532588624527776, -23.65440572803902 ], [ -46.532588739619833, -23.65440610471353 ], [ -46.532588826521, -23.654406487749117 ], [ -46.53258888482577, -23.654406875356333 ], [ -46.532588914261943, -23.654407265725006 ], [ -46.532588914692028, -23.654407657035023 ], [ -46.532588886114006, -23.654408047458475 ], [ -46.53258882866119, -23.654408435172584 ], [ -46.53258874260203, -23.654408818368296 ], [ -46.532588628338146, -23.654409195256772 ], [ -46.532588486403128, -23.654409564079064 ], [ -46.532588317459094, -23.654409923111618 ], [ -46.532588122294911, -23.654410270679417 ], [ -46.532298023062467, -23.654883208760797 ], [ -46.532133643143212, -23.655154484372805 ], [ -46.53205505852457, -23.655275637691144 ], [ -46.532027103914494, -23.655324859300141 ] ] ] } },
{ "type": "Feature", "properties": { "ID": 2891 }, "geometry": { "type": "MultiLineString", "coordinates": [ [ [ -46.548897587833871, -23.655114734965714 ], [ -46.548784748206351, -23.655164446412979 ] ] ] } },
{ "type": "Feature", "properties": { "ID": 2892 }, "geometry": { "type": "MultiLineString", "coordinates": [ [ [ -46.552038803200041, -23.658106609919738 ], [ -46.55241530901138, -23.657886469609565 ], [ -46.553549899306262, -23.657257779731804 ], [ -46.553550436846585, -23.65725749753674 ], [ -46.553550992621837, -23.657257247103349 ], [ -46.553551564423309, -23.657257029420371 ], [ -46.553552149978444, -23.657256845359939 ], [ -46.553552746960271, -23.657256695650528 ], [ -46.553553352996424, -23.657256580888603 ], [ -46.553553965678532, -23.657256501528909 ], [ -46.553554582571721, -23.657256457884376 ], [ -46.553555201224334, -23.657256450134582 ], [ -46.553555819177937, -23.65725647830417 ], [ -46.553556433976887, -23.657256542284287 ], [ -46.553557043177541, -23.657256641819519 ], [ -46.553557644359344, -23.657256776517539 ], [ -46.553558235132975, -23.657256945837116 ], [ -46.553558813150673, -23.657257149111263 ], [ -46.553559545075863, -23.657257809949321 ], [ -46.553560226857861, -23.657258514829024 ], [ -46.553560855380695, -23.657259260527802 ], [ -46.553561427772308, -23.65726004364144 ], [ -46.553561941416511, -23.657260860586653 ], [ -46.553562393966082, -23.657261707634238 ], [ -46.553562783353023, -23.657262580910114 ], [ -46.553563107797466, -23.657263476423207 ], [ -46.553563365816991, -23.65726439008256 ], [ -46.553563556232298, -23.657265317712383 ], [ -46.55356367817317, -23.657266255073466 ], [ -46.553563731082377, -23.657267197880454 ], [ -46.553563714718116, -23.657268141828634 ], [ -46.553563629155128, -23.657269082597228 ], [ -46.55356347478466, -23.657270015894898 ], [ -46.553524017854322, -23.657332449918037 ], [ -46.553520541275574, -23.657337855178195 ], [ -46.553516665066965, -23.657343024664929 ], [ -46.553512407993964, -23.657347933352515 ], [ -46.553507790666821, -23.657352557477036 ], [ -46.553502835439069, -23.657356874652255 ], [ -46.553497566300692, -23.657360863977289 ], [ -46.553492008760884, -23.657364506138912 ], [ -46.553486189725376, -23.657367783502213 ], [ -46.553480137365845, -23.657370680201044 ], [ -46.553474338403639, -23.657373447103421 ], [ -46.55346875231686, -23.657376563541632 ], [ -46.553463403898981, -23.657380015677465 ], [ -46.553458316888793, -23.657383788194299 ], [ -46.553453513864689, -23.657387864344628 ], [ -46.553449016144974, -23.657392226038265 ], [ -46.553444843692546, -23.657396853916467 ], [ -46.553441015026671, -23.65740172743358 ], [ -46.553437547140902, -23.657406824966454 ], [ -46.553286939699994, -23.657645382778046 ], [ -46.553283845791078, -23.657650690063178 ], [ -46.553281143291336, -23.657656175709231 ], [ -46.5532788442504, -23.65766181525699 ], [ -46.553276958919049, -23.657667583565154 ], [ -46.553275495703431, -23.657673454908089 ], [ -46.553274461127657, -23.657679403112891 ], [ -46.553273859804889, -23.65768540165654 ], [ -46.553273694415971, -23.657691423789966 ], [ -46.553273965698651, -23.657697442666656 ], [ -46.553274228693311, -23.657702942786266 ], [ -46.55327412732111, -23.657708447449721 ], [ -46.553273661958798, -23.657713936188326 ], [ -46.553272834336205, -23.657719388605322 ], [ -46.553271647529499, -23.65772478442825 ], [ -46.553270105950695, -23.65773010360056 ], [ -46.55326821532983, -23.657735326352825 ], [ -46.553265982694917, -23.657740433264316 ], [ -46.553263416345196, -23.657745405358984 ], [ -46.553251098490136, -23.657764943683254 ], [ -46.553250398578811, -23.65776597250224 ], [ -46.553249625144666, -23.657766955638312 ], [ -46.553248781689071, -23.657767888639061 ], [ -46.553247872030603, -23.657768767281826 ], [ -46.55324690028732, -23.657769587590682 ], [ -46.553245870858461, -23.65777034584849 ], [ -46.553244788404335, -23.657771038623981 ], [ -46.553243657825583, -23.657771662782768 ], [ -46.55324248424045, -23.657772215496138 ], [ -46.553241272961841, -23.657772694262867 ], [ -46.553240029473585, -23.657773096915875 ], [ -46.553238759404998, -23.657773421633262 ], [ -46.553237468505806, -23.65777366694287 ], [ -46.553236162620315, -23.657773831735437 ], [ -46.553234847660484, -23.657773915262748 ], [ -46.553233529579209, -23.657773917150802 ], [ -46.55323221434378, -23.657773837389303 ], [ -46.553230907908322, -23.657773676338415 ], [ -46.553229616187345, -23.657773434726874 ], [ -46.553228345028828, -23.657773113650066 ], [ -46.553227100187243, -23.657772714559599 ], [ -46.553225887298403, -23.657772239263501 ], [ -46.553224711853197, -23.657771689913581 ], [ -46.55322357917305, -23.657771068997082 ], [ -46.553222494385714, -23.657770379326113 ], [ -46.553221462402284, -23.657769624018552 ], [ -46.553220487894656, -23.65776880649825 ], [ -46.553219575274611, -23.657767930465084 ], [ -46.553218728673606, -23.65776699988227 ], [ -46.553217951924495, -23.657766018967923 ], [ -46.55321724854376, -23.657764992158608 ], [ -46.553216621715748, -23.657763924103094 ], [ -46.553216074278012, -23.657762819639839 ], [ -46.553215608708875, -23.65776168376377 ], [ -46.553215227116389, -23.657760521623569 ], [ -46.553210941115324, -23.65774748179998 ], [ -46.553205694827042, -23.657734743275171 ], [ -46.553199512931393, -23.657722365969601 ], [ -46.553192424509753, -23.657710408111868 ], [ -46.553184462908391, -23.657698925952236 ], [ -46.553175665580454, -23.657687973506984 ], [ -46.553166073911278, -23.657677602300648 ], [ -46.553155733022621, -23.657667861120451 ], [ -46.553144691560426, -23.657658795792344 ], [ -46.553133001466776, -23.657650448959373 ], [ -46.553120717734821, -23.657642859888224 ], [ -46.553107898150337, -23.657636064282343 ], [ -46.553094603019836, -23.657630094105986 ], [ -46.553080894886726, -23.657624977447071 ], [ -46.553066838237584, -23.657620738373783 ], [ -46.553052499198238, -23.657617396829906 ], [ -46.553037945222883, -23.657614968532506 ], [ -46.553023244777179, -23.657613464906138 ], [ -46.553008467015296, -23.657612893023735 ], [ -46.552993681455533, -23.657613255577473 ], [ -46.55297895765262, -23.65761455085844 ], [ -46.552964364871009, -23.6576167727771 ], [ -46.552949971758665, -23.657619910877337 ], [ -46.552935846023985, -23.657623950399962 ], [ -46.552922054118326, -23.657628872340819 ], [ -46.552908660921709, -23.657634653545419 ], [ -46.552895729439577, -23.657641266818548 ], [ -46.552551913792335, -23.65783182158464 ], [ -46.552534819323036, -23.657841999174398 ], [ -46.552518477340833, -23.657853176468162 ], [ -46.55250295664149, -23.657865306410962 ], [ -46.552488322563455, -23.657878337943025 ], [ -46.552474636712724, -23.657892216200988 ], [ -46.552461956703837, -23.657906882762706 ], [ -46.55245033591666, -23.657922275885436 ], [ -46.552439823272451, -23.657938330766424 ], [ -46.552430463027058, -23.65795497982166 ], [ -46.552422294585433, -23.65797215295791 ], [ -46.55241535233521, -23.657989777884765 ], [ -46.552409240185909, -23.658009249960244 ], [ -46.552404628345634, -23.658029069477383 ], [ -46.552401539608262, -23.658049138483054 ], [ -46.552399989240527, -23.658069357792929 ], [ -46.552399984905499, -23.658089627472069 ], [ -46.552401526625339, -23.658109847342288 ], [ -46.552404606781053, -23.658129917468763 ], [ -46.552409210149747, -23.658149738660256 ], [ -46.552415313980823, -23.658169212948845 ], [ -46.552417903597707, -23.658176211811114 ], [ -46.552420686856259, -23.658183147322191 ], [ -46.552423661932792, -23.658190014934455 ], [ -46.552426826877436, -23.65819681014931 ], [ -46.552430179616287, -23.658203528515692 ], [ -46.552433717952056, -23.658210165623615 ], [ -46.552437439566347, -23.658216717130852 ], [ -46.552437736435294, -23.658217264189393 ], [ -46.552437992466679, -23.658217828490255 ], [ -46.552438206488326, -23.658218407443428 ], [ -46.552438377520772, -23.658218998405125 ], [ -46.552438504780859, -23.658219598665003 ], [ -46.552438587686304, -23.658220205477338 ], [ -46.552438625857647, -23.65822081606423 ], [ -46.552438619119911, -23.658221427632807 ], [ -46.552438567504019, -23.65822203738167 ], [ -46.552438471246397, -23.658222642520297 ], [ -46.552438330787496, -23.658223240277646 ], [ -46.552438146770214, -23.65822382791724 ], [ -46.55243792003715, -23.658224402752278 ], [ -46.552437651625823, -23.658224962150001 ], [ -46.552437342765067, -23.658225503546753 ], [ -46.552436994868728, -23.658226024469609 ], [ -46.552436609528975, -23.658226522531095 ], [ -46.552436188510029, -23.65822699544962 ], [ -46.552435733738889, -23.658227441065353 ] ] ] } },
{ "type": "Feature", "properties": { "ID": 2893 }, "geometry": { "type": "MultiLineString", "coordinates": [ [ [ -46.532961119946236, -23.658396684967443 ], [ -46.532958614496572, -23.658401469935523 ], [ -46.532955812374787, -23.658406113197348 ], [ -46.532952722989101, -23.658410599160192 ], [ -46.532949356713154, -23.658414912769654 ], [ -46.532945724849398, -23.658419039535964 ], [ -46.53294183959197, -23.658422965605347 ], [ -46.532937713986271, -23.65842667779129 ] ] ] } },
{ "type": "Feature", "properties": { "ID": 2894 }, "geometry": { "type": "MultiLineString", "coordinates": [ [ [ -46.554099736992022, -23.658407258177803 ], [ -46.554094900432148, -23.658405343728621 ], [ -46.554090214217382, -23.658403134681198 ], [ -46.554085699467315, -23.6584006409879 ], [ -46.554081376528629, -23.658397873891222 ], [ -46.554077264883631, -23.658394845858798 ], [ -46.554073383062494, -23.658391570537958 ], [ -46.554069748559549, -23.658388062690953 ], [ -46.554066377754438, -23.658384338126776 ], [ -46.554063285838502, -23.658380413628766 ], [ -46.554060486746046, -23.658376306884204 ], [ -46.554057993092002, -23.658372036400998 ], [ -46.554055816114563, -23.65836762142856 ], [ -46.554053965624689, -23.65836308185931 ], [ -46.554052449961951, -23.658358438153758 ], [ -46.55405127595715, -23.658353711240729 ], [ -46.554050448901052, -23.658348922421915 ], [ -46.554049972520986, -23.65834409327945 ], [ -46.554023683795144, -23.657936361630856 ], [ -46.554020716756412, -23.657892705430331 ], [ -46.554016640016812, -23.657849125258117 ], [ -46.554011455815733, -23.65780564503952 ], [ -46.55400516700125, -23.657762288654038 ], [ -46.553997777027448, -23.65771907990937 ], [ -46.553989289953613, -23.65767604253077 ], [ -46.553979710441133, -23.657633200152102 ], [ -46.553899909484237, -23.65739261641432 ], [ -46.553893650623102, -23.657372030028796 ], [ -46.553888456735187, -23.657351193803656 ], [ -46.553884339465853, -23.657330154456016 ], [ -46.553881308046087, -23.657308959161927 ], [ -46.553879369272408, -23.657287655443699 ], [ -46.553878527491143, -23.657266291066684 ], [ -46.553878784589514, -23.657244913935891 ], [ -46.553880447674594, -23.657220275686225 ], [ -46.553883570196241, -23.65719575799535 ], [ -46.553888142818693, -23.657171434159725 ], [ -46.553894151871006, -23.657147376897868 ], [ -46.553901579388068, -23.657123658132754 ], [ -46.553910403164075, -23.657100348765127 ], [ -46.55392059681936, -23.65707751848738 ], [ -46.554006335368896, -23.656899752135971 ], [ -46.554045942897851, -23.656883280811744 ], [ -46.554047698780778, -23.656882540770233 ] ] ] } },
{ "type": "Feature", "properties": { "ID": 2895 }, "geometry": { "type": "MultiLineString", "coordinates": [ [ [ -46.552835970053167, -23.658358790970301 ], [ -46.553134408577428, -23.6578788129566 ], [ -46.553139043832694, -23.657870731178811 ], [ -46.553143076843206, -23.657862379856859 ], [ -46.55314648924562, -23.657853797011665 ], [ -46.553149265502547, -23.657845021726679 ], [ -46.553151392973191, -23.657836093956252 ], [ -46.553152861970794, -23.657827054349656 ], [ -46.553153665806896, -23.65781794406864 ], [ -46.553153800821292, -23.657808804591237 ], [ -46.553153266399576, -23.657799677535035 ], [ -46.553152064975208, -23.657790604456913 ], [ -46.553150202018792, -23.657781626668022 ], [ -46.553147686012871, -23.657772785046689 ], [ -46.553144528413348, -23.657764119849347 ], [ -46.553140743597872, -23.657755670534545 ], [ -46.553136348799569, -23.657747475569774 ], [ -46.553131364029305, -23.65773957227081 ], [ -46.553125811983612, -23.657731996621788 ], [ -46.553119717942579, -23.657724783116908 ], [ -46.553113109653879, -23.657717964602224 ], [ -46.553106017206531, -23.657711572124114 ], [ -46.553098472894227, -23.657705634786357 ], [ -46.553090511067779, -23.657700179624605 ], [ -46.553082167979603, -23.657695231478744 ], [ -46.553073481617304, -23.657690812876151 ], [ -46.553064491532048, -23.657686943936543 ], [ -46.553055238657798, -23.657683642279054 ], [ -46.553045765124992, -23.657680922931508 ], [ -46.553036114068618, -23.657678798280671 ], [ -46.553026329432306, -23.657677277998893 ], [ -46.553016455767583, -23.657676369007319 ], [ -46.553006538031433, -23.657676075445654 ], [ -46.552996621381673, -23.657676398648377 ], [ -46.552986750970845, -23.657677337148932 ], [ -46.552976971741344, -23.657678886668901 ], [ -46.552967328219957, -23.657681040156628 ], [ -46.55295786431612, -23.657683787804338 ], [ -46.552948623120933, -23.657687117105045 ], [ -46.552939646711785, -23.657691012892172 ], [ -46.552930975960287, -23.657695457436621 ], [ -46.552587160234552, -23.657886012283029 ], [ -46.552572981069567, -23.657894494834164 ], [ -46.552559470592492, -23.65790385775195 ], [ -46.552546693109676, -23.657914056463397 ], [ -46.552534709438994, -23.657925042432076 ], [ -46.5525235766194, -23.657936763365793 ], [ -46.552513347640918, -23.657949163474417 ], [ -46.552504071190732, -23.657962183738338 ], [ -46.552495791422956, -23.657975762184176 ], [ -46.552488547747409, -23.657989834179748 ], [ -46.552482374642345, -23.658004332748071 ], [ -46.552477301490612, -23.658019188881237 ], [ -46.552473352439719, -23.658034331862591 ], [ -46.552470546286344, -23.658049689620977 ], [ -46.552468896387509, -23.658065189054586 ], [ -46.552468410596774, -23.658080756388994 ], [ -46.552469091226889, -23.658096317530646 ], [ -46.552470935038471, -23.658111798409283 ], [ -46.552473933255982, -23.658127125339472 ], [ -46.552478071608931, -23.658142225371186 ], [ -46.552483330400207, -23.658157026631415 ], [ -46.552489684599351, -23.658171458667727 ], [ -46.552497103962438, -23.65818545278724 ], [ -46.552505553175386, -23.658198942382477 ], [ -46.552514992021884, -23.658211863246134 ], [ -46.552525375575769, -23.658224153877086 ], [ -46.552536654413935, -23.658235755775355 ], [ -46.552548774851793, -23.658246613719633 ], [ -46.552561679198845, -23.658256676025278 ], [ -46.552575306033759, -23.658265894799879 ], [ -46.552589590495764, -23.658274226164309 ], [ -46.552604464594403, -23.65828163046595 ], [ -46.552619857531958, -23.658288072455282 ], [ -46.552635696041946, -23.658293521476793 ] ] ] } },
{ "type": "Feature", "properties": { "ID": 2896 }, "geometry": { "type": "MultiLineString", "coordinates": [ [ [ -46.553924652216736, -23.656823361432153 ], [ -46.553679738349658, -23.65721141626867 ], [ -46.553258523074987, -23.657878923598641 ], [ -46.552938440076382, -23.658393885886774 ] ] ] } },
{ "type": "Feature", "properties": { "ID": 2897 }, "geometry": { "type": "MultiLineString", "coordinates": [ [ [ -46.552951827925973, -23.658398537856165 ], [ -46.553269981227338, -23.65787790571277 ], [ -46.553688998439874, -23.657215206517975 ], [ -46.553933919754066, -23.656827783723202 ] ] ] } },
{ "type": "Feature", "properties": { "ID": 2898 }, "geometry": { "type": "MultiLineString", "coordinates": [ [ [ -46.552784114784615, -23.65844230022002 ], [ -46.552835970053167, -23.658358790970301 ] ] ] } },
{ "type": "Feature", "properties": { "ID": 2899 }, "geometry": { "type": "MultiLineString", "coordinates": [ [ [ -46.552938440076382, -23.658393885886774 ], [ -46.552883794402298, -23.65848184804058 ] ] ] } },
{ "type": "Feature", "properties": { "ID": 2822 }, "geometry": { "type": "MultiLineString", "coordinates": [ [ [ -46.539441935511299, -23.643044797709678 ], [ -46.539367545793318, -23.64298710904988 ], [ -46.539286166108717, -23.642910074200085 ], [ -46.539177265847002, -23.642793217141524 ], [ -46.539091820762678, -23.642687054061192 ], [ -46.538983868332288, -23.642525486524853 ], [ -46.538906426980475, -23.642374452660185 ], [ -46.538845857980277, -23.64223282361181 ], [ -46.538807610235558, -23.642113910449012 ], [ -46.538773491236483, -23.641970844891809 ], [ -46.538759781357086, -23.641888171364592 ], [ -46.538743638236262, -23.641765065389585 ], [ -46.538741043427557, -23.641660518071888 ], [ -46.538743553198039, -23.641531447468612 ], [ -46.538750526677781, -23.641423644522241 ], [ -46.538768403437587, -23.641200414015344 ], [ -46.538792034714575, -23.640941185044397 ], [ -46.538801393326167, -23.640743956567036 ], [ -46.538799020428662, -23.640616469590544 ], [ -46.538782782655929, -23.640493635449804 ], [ -46.538750644851262, -23.640369062686521 ], [ -46.538710475779645, -23.640261817846692 ], [ -46.53864796403338, -23.640138359201238 ], [ -46.538560357253253, -23.640014788304025 ], [ -46.538449316575388, -23.639899035461717 ], [ -46.538367816224337, -23.639828232235054 ], [ -46.538250447913263, -23.639749747640646 ], [ -46.538178044344427, -23.639710822009501 ], [ -46.537951160324845, -23.639596669381252 ], [ -46.537357491931857, -23.639290823604398 ], [ -46.536803095970733, -23.639006981854646 ], [ -46.536536273257653, -23.638872091482899 ], [ -46.536496830741889, -23.638852073376764 ], [ -46.536402660280253, -23.638804151435348 ], [ -46.535307336497873, -23.638247342500126 ], [ -46.535300234465552, -23.638243529698194 ], [ -46.535294212653376, -23.63823988681137 ], [ -46.535289077147219, -23.638236596369399 ], [ -46.535280282609513, -23.63823054269746 ], [ -46.535273855064972, -23.638225729861219 ], [ -46.535264357604696, -23.638218238266983 ], [ -46.535254957102502, -23.638210655407129 ], [ -46.535248919494435, -23.638205658099185 ], [ -46.535238720166653, -23.638196818876388 ], [ -46.535231386308674, -23.638189937995133 ], [ -46.535225933604295, -23.638184663980496 ], [ -46.535222062756233, -23.638180548270611 ], [ -46.535216402446736, -23.638174282955561 ], [ -46.535210936051847, -23.638167835110369 ], [ -46.535208746123772, -23.638164967029493 ], [ -46.535205060765215, -23.638159946432424 ], [ -46.535199775647108, -23.638152232521723 ], [ -46.53519698607294, -23.638148377021619 ], [ -46.535192610430975, -23.638143002037893 ], [ -46.535191520017122, -23.638141910847111 ], [ -46.535190346816542, -23.638140895144975 ], [ -46.535189096971003, -23.638139960251589 ], [ -46.535187777023388, -23.638139111061676 ], [ -46.535186393883379, -23.63813835202069 ], [ -46.535184954791525, -23.6381376871025 ], [ -46.535183467281144, -23.638137119785043 ], [ -46.535181939139534, -23.638136653042075 ], [ -46.535180378366128, -23.638136289314538 ], [ -46.535178793131145, -23.638136030507717 ], [ -46.535177191733069, -23.638135877972644 ] ] ] } },
{ "type": "Feature", "properties": { "ID": 2823 }, "geometry": { "type": "MultiLineString", "coordinates": [ [ [ -46.539476274606756, -23.642988738659884 ], [ -46.539441935511299, -23.643044797709678 ] ] ] } },
{ "type": "Feature", "properties": { "ID": 2824 }, "geometry": { "type": "MultiLineString", "coordinates": [ [ [ -46.539662258895667, -23.642941107339301 ], [ -46.539604077358007, -23.643037137317851 ] ] ] } },
{ "type": "Feature", "properties": { "ID": 2825 }, "geometry": { "type": "MultiLineString", "coordinates": [ [ [ -46.539619033780447, -23.643050353920064 ], [ -46.539680109233323, -23.642950321785101 ] ] ] } },
{ "type": "Feature", "properties": { "ID": 2826 }, "geometry": { "type": "MultiLineString", "coordinates": [ [ [ -46.535094201386876, -23.638328288825484 ], [ -46.535095666276675, -23.638327822798846 ], [ -46.535099375926578, -23.638326521805435 ], [ -46.535104648476484, -23.638324753814867 ], [ -46.535109236006875, -23.638323082910578 ], [ -46.535124847102971, -23.63831687793212 ], [ -46.53512875066663, -23.638315394408231 ], [ -46.535134707181797, -23.638313439035702 ], [ -46.535137734971073, -23.638312506011673 ], [ -46.535140862877, -23.638311752606313 ], [ -46.535147217752254, -23.638310335120028 ], [ -46.53515269474692, -23.638309287544395 ], [ -46.535162476824539, -23.638307565214145 ], [ -46.535169816015546, -23.638306499202574 ], [ -46.535180876439959, -23.638305125436073 ], [ -46.535191940023701, -23.638304022552482 ], [ -46.535205550822937, -23.638302804145809 ], [ -46.535215834536345, -23.638302070201423 ], [ -46.535231115723725, -23.638301196475524 ], [ -46.535238855380896, -23.638300848936439 ], [ -46.535246499134132, -23.638300682956405 ], [ -46.535260613676193, -23.63830063352302 ], [ -46.535271299962851, -23.638300798639783 ], [ -46.535279243013292, -23.638301081220096 ], [ -46.535291209753971, -23.638301775488415 ], [ -46.535303180707849, -23.638302830934407 ], [ -46.535315743937055, -23.638304241735462 ], [ -46.535325168729024, -23.638305502998495 ], [ -46.535339212646775, -23.63830780218797 ], [ -46.535353160661259, -23.638310282935727 ], [ -46.535364457130306, -23.638312338410131 ], [ -46.535372906033025, -23.638313970552606 ], [ -46.535379195548352, -23.638315353159978 ], [ -46.535383913738279, -23.638316480409848 ], [ -46.535390894592943, -23.638318307696743 ], [ -46.535394240638198, -23.638319448532286 ], [ -46.535397684693841, -23.638320588397136 ], [ -46.535439520271808, -23.638335706631754 ], [ -46.535496262872584, -23.638359888360156 ], [ -46.536391793778371, -23.638822139487903 ], [ -46.536485774553043, -23.638870605144795 ], [ -46.536519994042933, -23.638888236772189 ], [ -46.536791558195361, -23.639026240855603 ], [ -46.537345856206848, -23.639310083614646 ], [ -46.537939622676355, -23.639615928460035 ], [ -46.538166310698678, -23.639730083048352 ], [ -46.538237332618863, -23.639768209646121 ], [ -46.538352527803013, -23.639845270930298 ], [ -46.538432047874878, -23.639914378018336 ], [ -46.538541203111087, -23.640028162872223 ], [ -46.538627014005804, -23.640149042452865 ], [ -46.538688223083199, -23.64027007580102 ], [ -46.538727583764263, -23.640375251656319 ], [ -46.538759205096099, -23.640497571927749 ], [ -46.538775120305893, -23.640617971040406 ], [ -46.538777472064623, -23.640743652129867 ], [ -46.538768100747582, -23.640939797074623 ], [ -46.538744563212482, -23.641198663894045 ], [ -46.538726689579462, -23.641422165283672 ], [ -46.538719625458057, -23.641530601263593 ], [ -46.538717126221947, -23.641660574811883 ], [ -46.538719727346496, -23.641765663897353 ], [ -46.538741558194864, -23.641930885816155 ], [ -46.538748842145139, -23.642000528906863 ], [ -46.538772523506502, -23.642106040916772 ], [ -46.538803567507067, -23.642212473203895 ], [ -46.538840218375462, -23.642320565627646 ], [ -46.538890551037248, -23.642425090660627 ], [ -46.538936326015083, -23.64250031182344 ], [ -46.53900294700108, -23.642606210324857 ], [ -46.539083608514545, -23.642722444785402 ], [ -46.539160859349572, -23.642823632140743 ], [ -46.539342299519419, -23.64303278304795 ], [ -46.539408847326484, -23.643098857625933 ] ] ] } },
{ "type": "Feature", "properties": { "ID": 2827 }, "geometry": { "type": "MultiLineString", "coordinates": [ [ [ -46.539441935511299, -23.643044797709678 ], [ -46.539408847326484, -23.643098857625933 ] ] ] } },
{ "type": "Feature", "properties": { "ID": 2828 }, "geometry": { "type": "MultiLineString", "coordinates": [ [ [ -46.539375277497136, -23.643153644756794 ], [ -46.539339560518336, -23.643117064678378 ], [ -46.539175747882915, -23.642948375976836 ], [ -46.539046617865573, -23.642786476902984 ], [ -46.538922400071286, -23.642608725595437 ], [ -46.538827408892459, -23.642449015999706 ], [ -46.538767243785031, -23.642316774619442 ], [ -46.538724068852936, -23.642187254356635 ], [ -46.538692875879569, -23.642059692183846 ], [ -46.538669958113182, -23.641927261721936 ], [ -46.538660623695094, -23.641824767990549 ], [ -46.538658051271447, -23.641780815033325 ], [ -46.538653428340176, -23.641704011440904 ], [ -46.538653181638708, -23.641699679253861 ], [ -46.538653864265399, -23.641582005197467 ], [ -46.538661601173558, -23.641438885461003 ], [ -46.538678086025143, -23.641222351333433 ], [ -46.53869613410486, -23.641022146875848 ], [ -46.538708859052733, -23.640827774751283 ], [ -46.538712192047178, -23.640702037247451 ], [ -46.538698656475844, -23.64052526425078 ], [ -46.538679475799377, -23.640427383451886 ], [ -46.538648649877324, -23.640339551743136 ], [ -46.538602137588946, -23.640234717741269 ], [ -46.538546393610886, -23.640145146545496 ], [ -46.53848556382394, -23.640064927192245 ], [ -46.538438995836998, -23.640014005719685 ], [ -46.538406328920949, -23.639978298153739 ], [ -46.538311900248253, -23.639891639190687 ], [ -46.538235993226017, -23.639838118948976 ], [ -46.538145381402167, -23.639784473616352 ], [ -46.537957168692223, -23.639683031616919 ], [ -46.537294862392812, -23.6393501427393 ], [ -46.536795706625064, -23.639096095797122 ], [ -46.536550210076413, -23.638974359242447 ], [ -46.53663021025902, -23.639025943400107 ], [ -46.536775215058945, -23.63911246346909 ], [ -46.536844859900569, -23.639150243166579 ], [ -46.536997721608429, -23.639229641357467 ], [ -46.537707576049222, -23.639588429106276 ], [ -46.538046229454096, -23.639763332407341 ], [ -46.538111022828502, -23.639796915291615 ] ] ] } },
{ "type": "Feature", "properties": { "ID": 2829 }, "geometry": { "type": "MultiLineString", "coordinates": [ [ [ -46.539408847326484, -23.643098857625933 ], [ -46.539375277497136, -23.643153644756794 ] ] ] } },
{ "type": "Feature", "properties": { "ID": 2830 }, "geometry": { "type": "MultiLineString", "coordinates": [ [ [ -46.539604077358007, -23.643037137317851 ], [ -46.539550607557899, -23.643125354273756 ] ] ] } },
{ "type": "Feature", "properties": { "ID": 2831 }, "geometry": { "type": "MultiLineString", "coordinates": [ [ [ -46.539566231066004, -23.643136938769533 ], [ -46.539619033780447, -23.643050353920064 ] ] ] } },
{ "type": "Feature", "properties": { "ID": 2832 }, "geometry": { "type": "MultiLineString", "coordinates": [ [ [ -46.539550607557899, -23.643125354273756 ], [ -46.539515216721902, -23.643183681403883 ] ] ] } },
{ "type": "Feature", "properties": { "ID": 2833 }, "geometry": { "type": "MultiLineString", "coordinates": [ [ [ -46.539530354391118, -23.64319563194644 ], [ -46.539566231066004, -23.643136938769533 ] ] ] } },
{ "type": "Feature", "properties": { "ID": 2834 }, "geometry": { "type": "MultiLineString", "coordinates": [ [ [ -46.539515216721902, -23.643183681403883 ], [ -46.539454918814755, -23.643283163931493 ] ] ] } },
{ "type": "Feature", "properties": { "ID": 2835 }, "geometry": { "type": "MultiLineString", "coordinates": [ [ [ -46.539470146053588, -23.643294391151315 ], [ -46.539530354391118, -23.64319563194644 ] ] ] } },
{ "type": "Feature", "properties": { "ID": 2836 }, "geometry": { "type": "MultiLineString", "coordinates": [ [ [ -46.539428980998359, -23.643361896387365 ], [ -46.539470146053588, -23.643294391151315 ] ] ] } },
{ "type": "Feature", "properties": { "ID": 2837 }, "geometry": { "type": "MultiLineString", "coordinates": [ [ [ -46.539454918814755, -23.643283163931493 ], [ -46.539420297218982, -23.643340219136487 ], [ -46.539415583271825, -23.643347851548324 ] ] ] } },
{ "type": "Feature", "properties": { "ID": 2838 }, "geometry": { "type": "MultiLineString", "coordinates": [ [ [ -46.539415583271825, -23.643347851548324 ], [ -46.539372291442838, -23.643417906423192 ] ] ] } },
{ "type": "Feature", "properties": { "ID": 2839 }, "geometry": { "type": "MultiLineString", "coordinates": [ [ [ -46.539375277497136, -23.643153644756794 ], [ -46.539369410627017, -23.643163275320898 ], [ -46.539345363505824, -23.643202525769084 ], [ -46.539304965620786, -23.643268578479951 ], [ -46.539238790063656, -23.643376788551173 ], [ -46.53905288822633, -23.643682961406061 ], [ -46.538897824922984, -23.643927149750517 ], [ -46.538841478291978, -23.644020903638751 ] ] ] } },
{ "type": "Feature", "properties": { "ID": 2840 }, "geometry": { "type": "MultiLineString", "coordinates": [ [ [ -46.540150582430144, -23.642016683156186 ], [ -46.539364208300881, -23.643313503954666 ], [ -46.539016139702198, -23.64387666890266 ], [ -46.538887997840654, -23.644092685804356 ] ] ] } },
{ "type": "Feature", "properties": { "ID": 2841 }, "geometry": { "type": "MultiLineString", "coordinates": [ [ [ -46.538890562057738, -23.64409401492588 ], [ -46.539018703916106, -23.643877998022248 ], [ -46.539367157167902, -23.643314197115821 ], [ -46.540153146616959, -23.642018012258703 ] ] ] } },
{ "type": "Feature", "properties": { "ID": 2842 }, "geometry": { "type": "MultiLineString", "coordinates": [ [ [ -46.538816395906487, -23.64410576824725 ], [ -46.539103134447686, -23.64362918275727 ], [ -46.539270958048746, -23.643352989931465 ], [ -46.539462343254705, -23.643038002828256 ], [ -46.539885675876874, -23.642339535293388 ], [ -46.540090018393357, -23.642001210468894 ], [ -46.540094579292607, -23.64198888370673 ], [ -46.540094599105686, -23.641982200950807 ], [ -46.540089304297915, -23.641982072932883 ], [ -46.540079112281759, -23.641990662822845 ], [ -46.539822141308747, -23.642413674426241 ], [ -46.539726063670805, -23.64258006705284 ], [ -46.539685284666582, -23.642647026685044 ], [ -46.539685284666582, -23.642647026685044 ], [ -46.539502051036308, -23.642946490962562 ], [ -46.539501955135492, -23.642946672524563 ], [ -46.539479544743806, -23.64298337820378 ], [ -46.539479446730169, -23.642983379176897 ], [ -46.539476274606756, -23.642988738659884 ] ] ] } },
{ "type": "Feature", "properties": { "ID": 2843 }, "geometry": { "type": "MultiLineString", "coordinates": [ [ [ -46.53898037626513, -23.644104321240707 ], [ -46.538984420002862, -23.64409805006613 ], [ -46.539400606686833, -23.643408323891805 ], [ -46.539428980998359, -23.643361896387365 ] ] ] } },
{ "type": "Feature", "properties": { "ID": 2844 }, "geometry": { "type": "MultiLineString", "coordinates": [ [ [ -46.539372291442838, -23.643417906423192 ], [ -46.539071266615672, -23.643904928933829 ], [ -46.538945142996582, -23.644117494259941 ] ] ] } },
{ "type": "Feature", "properties": { "ID": 2845 }, "geometry": { "type": "MultiLineString", "coordinates": [ [ [ -46.538971803996475, -23.644117319925872 ], [ -46.53898037626513, -23.644104321240707 ] ] ] } },
{ "type": "Feature", "properties": { "ID": 2846 }, "geometry": { "type": "MultiLineString", "coordinates": [ [ [ -46.538966795953833, -23.644124955244884 ], [ -46.538971803996475, -23.644117319925872 ] ] ] } },
{ "type": "Feature", "properties": { "ID": 2850 }, "geometry": { "type": "MultiLineString", "coordinates": [ [ [ -46.523722982727151, -23.649578694889293 ], [ -46.523722982727151, -23.649578694889293 ], [ -46.523859329519233, -23.649662151229258 ] ] ] } },
{ "type": "Feature", "properties": { "ID": 2851 }, "geometry": { "type": "MultiLineString", "coordinates": [ [ [ -46.523859329519233, -23.649662151229258 ], [ -46.524061529306849, -23.649785868276098 ] ] ] } },
{ "type": "Feature", "properties": { "ID": 2853 }, "geometry": { "type": "MultiLineString", "coordinates": [ [ [ -46.524061529306849, -23.649785868276098 ], [ -46.52419006497577, -23.649863531262131 ] ] ] } },
{ "type": "Feature", "properties": { "ID": 2855 }, "geometry": { "type": "MultiLineString", "coordinates": [ [ [ -46.52419006497577, -23.649863531262131 ], [ -46.524356625004472, -23.649965563849488 ] ] ] } },
{ "type": "Feature", "properties": { "ID": 2856 }, "geometry": { "type": "MultiLineString", "coordinates": [ [ [ -46.522887398353646, -23.650081208413603 ], [ -46.522865627467091, -23.650081205950698 ], [ -46.522843910885079, -23.650079790317477 ], [ -46.522822356570096, -23.650076968546887 ], [ -46.522801071678366, -23.650072754671591 ], [ -46.522780162026244, -23.650067169637961 ], [ -46.52275973156501, -23.650060241213307 ], [ -46.522739881863039, -23.650052003839122 ], [ -46.522720711602162, -23.650042498468167 ], [ -46.522702316085883, -23.65003177235819 ], [ -46.522684786766042, -23.650019878829077 ], [ -46.522668210788538, -23.65000687701103 ], [ -46.522652670559168, -23.649992831543102 ], [ -46.522638243335109, -23.649977812249961 ], [ -46.522625000839831, -23.649961893796849 ], [ -46.522613008907094, -23.649945155324922 ], [ -46.522602327153457, -23.649927680047501 ], [ -46.522593008681817, -23.649909554839617 ], [ -46.522585099817931, -23.649890869810001 ], [ -46.522578639879185, -23.649871717851166 ], [ -46.522573660980399, -23.64985219417412 ], [ -46.522570187872802, -23.64983239584058 ], [ -46.522568237822178, -23.649812421275435 ], [ -46.52256782052212, -23.649792369778815 ], [ -46.522568938046653, -23.649772341037856 ], [ -46.522571584839426, -23.649752434622997 ], [ -46.522575747741492, -23.649732749496732 ], [ -46.522581406056517, -23.64971338352219 ], [ -46.522588531654229, -23.649694432973313 ], [ -46.522597089109851, -23.649675992061983 ], [ -46.522607035879972, -23.64965815246693 ], [ -46.522618322515051, -23.649641002875246 ], [ -46.522630892904083, -23.649624628542838 ], [ -46.522644684554081, -23.649609110875179 ], [ -46.522659628901266, -23.64959452701401 ], [ -46.522675651650935, -23.649580949463264 ], [ -46.522830286933626, -23.649449029079328 ], [ -46.522856261579243, -23.649428363439512 ], [ -46.522883742169419, -23.649409422604858 ], [ -46.522912594010151, -23.649392299406049 ], [ -46.52294267568675, -23.649377077776105 ], [ -46.522973839757064, -23.649363832320063 ], [ -46.523005933473435, -23.649352627958024 ], [ -46.523038799532038, -23.649343519606688 ], [ -46.523072276843486, -23.649336551911322 ], [ -46.523106201322527, -23.649331759020487 ], [ -46.523140406692399, -23.649329164429627 ], [ -46.523174725299697, -23.649328780852496 ], [ -46.523208988935565, -23.64933061017004 ], [ -46.523243029661003, -23.649334643415798 ], [ -46.523276680629586, -23.649340860823834 ], [ -46.52330977690491, -23.649349231915416 ], [ -46.523342156269607, -23.649359715663312 ], [ -46.523373660019587, -23.649372260683119 ], [ -46.523404133742893, -23.649386805485062 ], [ -46.523433428075762, -23.649403278782046 ], [ -46.523722982727151, -23.649578694889293 ] ] ] } },
{ "type": "Feature", "properties": { "ID": 2857 }, "geometry": { "type": "MultiLineString", "coordinates": [ [ [ -46.522900870119223, -23.650152015052395 ], [ -46.52287482373972, -23.650152718464927 ], [ -46.522848785152696, -23.650151802382677 ], [ -46.522822872885712, -23.650149270965617 ], [ -46.52279720489198, -23.650145135743969 ], [ -46.522771898012273, -23.650139415538412 ], [ -46.522747067443959, -23.650132136388859 ], [ -46.522722826215848, -23.650123331429331 ], [ -46.52269928467414, -23.65011304073801 ], [ -46.522676549980048, -23.650101311161311 ], [ -46.52265472562182, -23.650088196090408 ], [ -46.522633910944073, -23.650073755226909 ], [ -46.522614200694662, -23.65005805430307 ], [ -46.522595684594471, -23.650041164791066 ], [ -46.522578446928506, -23.650023163573227 ], [ -46.522562566162151, -23.650004132588471 ], [ -46.522548114583742, -23.649984158467547 ], [ -46.522535157976634, -23.649963332131541 ], [ -46.522523755318112, -23.649941748383569 ], [ -46.522513958512548, -23.649919505470013 ], [ -46.522505812153931, -23.649896704643609 ], [ -46.522499353323674, -23.649873449689636 ], [ -46.522494611421365, -23.649849846466797 ], [ -46.522491608031061, -23.649826002417655 ], [ -46.522490356823234, -23.649802026076511 ], [ -46.522490863492457, -23.649778026587732 ], [ -46.522493125731266, -23.649754113191488 ], [ -46.522497133241302, -23.649730394743443 ], [ -46.52250286777933, -23.649706979210514 ], [ -46.522510303241098, -23.649683973174884 ], [ -46.522519405779768, -23.649661481365563 ], [ -46.522530133959883, -23.649639606159589 ], [ -46.522542438946417, -23.649618447134483 ], [ -46.522556264726887, -23.649598100603136 ], [ -46.52257154836628, -23.649578659185046 ], [ -46.522588220293329, -23.649560211376141 ], [ -46.522606204617702, -23.649542841146246 ], [ -46.522625419475041, -23.649526627569092 ], [ -46.52277772423826, -23.649396626540756 ], [ -46.522806132224595, -23.649373946277418 ], [ -46.522836107644373, -23.649353048039195 ], [ -46.522867519007775, -23.649334023490521 ], [ -46.52290022852663, -23.649316956091567 ], [ -46.522934092718053, -23.649301920705433 ], [ -46.522968963034501, -23.649288983285174 ], [ -46.523004686515513, -23.649278200582167 ], [ -46.523041106457569, -23.649269619894017 ], [ -46.523078063103036, -23.649263278865181 ], [ -46.523115394339534, -23.649259205302428 ], [ -46.523152936411819, -23.64925741708285 ], [ -46.52315377502201, -23.649257376453477 ], [ -46.523154608634101, -23.649257282947094 ], [ -46.52315543332427, -23.649257137007023 ], [ -46.523156245210998, -23.649256939318395 ], [ -46.523157040472235, -23.649256690815513 ], [ -46.523157815364954, -23.649256392663336 ], [ -46.523158566241399, -23.649256046267055 ], [ -46.523159289567282, -23.649255653256802 ], [ -46.523159981937958, -23.649255215483201 ], [ -46.523160640094098, -23.649254735008594 ], [ -46.523161260938025, -23.64925421409183 ], [ -46.523161841547058, -23.649253655183774 ], [ -46.523162379188548, -23.649253060918642 ], [ -46.523162871331657, -23.649252434092265 ], [ -46.523163315659737, -23.649251777655536 ], [ -46.523163710081278, -23.649251094699252 ], [ -46.523164052740022, -23.649250388434613 ], [ -46.523164342022667, -23.649249662188854 ], [ -46.523164576567787, -23.649248919381467 ], [ -46.523164755271154, -23.649248163504783 ], [ -46.523164877291897, -23.649247398121727 ], [ -46.523164942055367, -23.649246626831381 ], [ -46.523164949256859, -23.64924585326677 ], [ -46.523164898862554, -23.649245081066873 ], [ -46.523164791109423, -23.649244313868 ], [ -46.523164626504794, -23.649243555280123 ], [ -46.523164405823628, -23.649242808873996 ], [ -46.523164130104483, -23.649242078166097 ], [ -46.523163800645158, -23.649241366592847 ], [ -46.523163418996617, -23.64924067750421 ], [ -46.523162986955327, -23.649240014142247 ], [ -46.523162506554627, -23.649239379634722 ], [ -46.523161980056145, -23.649238776962918 ], [ -46.523161409938027, -23.649238208963872 ], [ -46.523160798884042, -23.649237678316503 ], [ -46.523160149770099, -23.64923718751486 ], [ -46.523159465651666, -23.649236738865348 ], [ -46.523141694583103, -23.649225895676381 ], [ -46.523120880273012, -23.649212761147563 ], [ -46.523099909706353, -23.649199839264174 ], [ -46.523078785442614, -23.649187131604293 ], [ -46.523057510060646, -23.64917463971533 ], [ -46.523036086157674, -23.649162365128348 ], [ -46.523014516348702, -23.64915030933442 ], [ -46.522992803267016, -23.64913847381268 ], [ -46.522943098118567, -23.649112497331394 ], [ -46.522892701429363, -23.649087677333167 ], [ -46.52284164490068, -23.649064029425482 ], [ -46.522789960648801, -23.649041568491644 ], [ -46.522737681185198, -23.649020308656503 ], [ -46.522684839395282, -23.649000263290915 ], [ -46.522631468518505, -23.648981445006889 ] ] ] } },
{ "type": "Feature", "properties": { "ID": 2859 }, "geometry": { "type": "MultiLineString", "coordinates": [ [ [ -46.524356625004472, -23.649965563849488 ], [ -46.524463472182305, -23.650032693548578 ] ] ] } },
{ "type": "Feature", "properties": { "ID": 2860 }, "geometry": { "type": "MultiLineString", "coordinates": [ [ [ -46.524463472182305, -23.650032693548578 ], [ -46.524892244704589, -23.650302100995827 ], [ -46.524918330223564, -23.650319815118454 ], [ -46.524926110797502, -23.650331387948071 ], [ -46.524918775391356, -23.650341303376589 ], [ -46.524901323683345, -23.650341113834848 ], [ -46.524827438685492, -23.650318361295597 ], [ -46.524700632101606, -23.650288453324126 ], [ -46.524607870168474, -23.650269408252907 ], [ -46.524517558752279, -23.650250339024673 ], [ -46.524442221699445, -23.650237624455933 ], [ -46.524368174610991, -23.650226251742851 ], [ -46.524301433308565, -23.65021932241412 ], [ -46.524220606467928, -23.650215060104681 ], [ -46.524147066568283, -23.650213615871841 ], [ -46.524057263763332, -23.650213053940966 ], [ -46.52397476776715, -23.650217025689376 ], [ -46.523839111592267, -23.650218630223261 ], [ -46.523838129225709, -23.650218604341696 ], [ -46.52383715093027, -23.650218518067756 ], [ -46.523836181076227, -23.650218371785176 ], [ -46.523835223996194, -23.650218166147884 ], [ -46.523834283965847, -23.650217902075173 ], [ -46.52383336518443, -23.650217580748695 ], [ -46.523832471756478, -23.650217203598626 ], [ -46.523831607673422, -23.650216772314632 ], [ -46.523830776795158, -23.650216288822332 ], [ -46.523829982833526, -23.650215755279191 ], [ -46.523829229335306, -23.650215174070365 ], [ -46.523828519666857, -23.650214547793784 ], [ -46.523827856998309, -23.650213879245218 ], [ -46.523827244290047, -23.650213171411995 ], [ -46.523826684279221, -23.650212427455848 ], [ -46.523826179467648, -23.650211650700179 ], [ -46.523825732110339, -23.650210844615049 ], [ -46.523825344205882, -23.650210012802223 ], [ -46.523825017487141, -23.650209158978061 ], [ -46.523824753413606, -23.650208286954157 ], [ -46.523824553165063, -23.650207400632077 ], [ -46.523824417636135, -23.6502065039614 ], [ -46.523824347432175, -23.650205600958657 ] ] ] } },
{ "type": "Feature", "properties": { "ID": 2862 }, "geometry": { "type": "MultiLineString", "coordinates": [ [ [ -46.524982657169296, -23.65016927482111 ], [ -46.52495580779356, -23.650216511117176 ] ] ] } },
{ "type": "Feature", "properties": { "ID": 2863 }, "geometry": { "type": "MultiLineString", "coordinates": [ [ [ -46.52556347311323, -23.650649583105487 ], [ -46.525458210608619, -23.650575485121031 ], [ -46.525287380344047, -23.65046040156005 ], [ -46.525202157894178, -23.650406786083575 ], [ -46.525201840663257, -23.650406567899953 ], [ -46.525201540303556, -23.65040633031856 ], [ -46.525201258210039, -23.650406074437424 ], [ -46.525200995693581, -23.650405801452592 ], [ -46.525200753973373, -23.650405512625603 ], [ -46.52520053417274, -23.650405209303958 ], [ -46.525200337312697, -23.650404892892158 ], [ -46.52520016430767, -23.650404564862519 ], [ -46.525200015961509, -23.650404226740068 ], [ -46.525199892963343, -23.650403880091929 ], [ -46.525199795884646, -23.650403526533701 ], [ -46.525199725176357, -23.650403167701558 ], [ -46.525199681166939, -23.650402805267351 ], [ -46.525199664060864, -23.650402440914892 ], [ -46.525199673937614, -23.650402076333549 ], [ -46.525199710751394, -23.650401713218198 ], [ -46.525199774331014, -23.650401353258523 ], [ -46.525199864381186, -23.650400998123871 ], [ -46.52519998048367, -23.650400649463297 ], [ -46.525200122098816, -23.65040030889903 ], [ -46.525200288568939, -23.650399978013578 ], [ -46.525200479120691, -23.650399658343204 ], [ -46.525200692868665, -23.650399351371451 ], [ -46.525200928819991, -23.650399058524805 ], [ -46.525201185878402, -23.65039878116615 ], [ -46.525201462849715, -23.650398520581842 ], [ -46.525201758447324, -23.650398277983783 ], [ -46.525202071297862, -23.650398054498602 ], [ -46.525202399947759, -23.650397851163302 ], [ -46.525202742870498, -23.650397668923016 ], [ -46.525203098472751, -23.650397508626657 ], [ -46.52520346510277, -23.650397371016044 ], [ -46.525203841056857, -23.650397256732326 ], [ -46.525204224588805, -23.650397166305098 ], [ -46.525204613916806, -23.650397100154525 ], [ -46.525205007232096, -23.65039705859121 ], [ -46.525205402707215, -23.650397041803231 ], [ -46.525205798505304, -23.650397049871088 ], [ -46.525206192787401, -23.650397082756911 ], [ -46.525206583721797, -23.65039714030647 ], [ -46.525206969492309, -23.650397222255588 ], [ -46.52520734830685, -23.65039732822359 ], [ -46.525207718405397, -23.650397457714288 ], [ -46.525208078068843, -23.650397610127754 ], [ -46.525208425626133, -23.650397784759658 ] ] ] } },
{ "type": "Feature", "properties": { "ID": 2864 }, "geometry": { "type": "MultiLineString", "coordinates": [ [ [ -46.524982657514457, -23.650169275238891 ], [ -46.525011033727111, -23.650181638804742 ], [ -46.525058048720936, -23.650203571953718 ], [ -46.52511039932768, -23.650220666417248 ], [ -46.525117188857919, -23.650222857247194 ], [ -46.525177263143064, -23.650238159897704 ], [ -46.52523686998012, -23.650246965149861 ], [ -46.525290588960608, -23.650246797795415 ], [ -46.525306231246709, -23.650353023389865 ], [ -46.525476964820605, -23.650476686880495 ], [ -46.5256010904315, -23.650562790407022 ], [ -46.525731711085662, -23.650659485907642 ], [ -46.525771262611308, -23.650688716701538 ], [ -46.525815066721314, -23.650721156611088 ], [ -46.525923407354675, -23.650807054013921 ], [ -46.526015278201186, -23.650884444179383 ], [ -46.526010731115676, -23.65087274927285 ], [ -46.52600416182446, -23.650855746269485 ], [ -46.525988085186249, -23.650830438480654 ], [ -46.525960988722822, -23.6507678528348 ], [ -46.525931571393656, -23.65069111211842 ], [ -46.525910732113601, -23.650618621600714 ], [ -46.525896584836609, -23.65055681151917 ], [ -46.525889213343589, -23.650512905465156 ], [ -46.525880159369848, -23.65045917270858 ], [ -46.525874678108586, -23.650409197599465 ], [ -46.525870032507342, -23.650346752150309 ], [ -46.525866952434441, -23.650250246239594 ], [ -46.525864331315454, -23.650074989697515 ], [ -46.525857934592828, -23.649903834048953 ], [ -46.525856709756752, -23.649896756414496 ], [ -46.525855182367316, -23.649889728881345 ], [ -46.525853354808682, -23.649882762411313 ], [ -46.525851229934361, -23.649875867886855 ], [ -46.525848811061174, -23.649869056070635 ], [ -46.525846101965698, -23.649862337592722 ], [ -46.525843106877154, -23.649855722945059 ] ] ] } },
{ "type": "Feature", "properties": { "ID": 2865 }, "geometry": { "type": "MultiLineString", "coordinates": [ [ [ -46.524253796908511, -23.65091360580973 ], [ -46.524197026663622, -23.650811216095367 ], [ -46.52415713650052, -23.650727353560413 ], [ -46.524135661209982, -23.65065911336249 ], [ -46.524129172146665, -23.65060670983387 ], [ -46.524132908879714, -23.650565403607501 ], [ -46.524138750390243, -23.650536538806055 ], [ -46.524149821154793, -23.650502113969345 ], [ -46.524165972209374, -23.650466194295962 ], [ -46.524184674193471, -23.650438918839594 ], [ -46.524210193617073, -23.650407783527044 ], [ -46.524235615340451, -23.650385137861807 ], [ -46.524262620020586, -23.650363740900243 ], [ -46.524300030486728, -23.65034359618819 ], [ -46.524348496588999, -23.650330025335506 ], [ -46.524383488269407, -23.650321102236557 ], [ -46.524397116864051, -23.65031284074329 ], [ -46.524350352717278, -23.650304089485825 ], [ -46.524290275674048, -23.650297004313849 ], [ -46.524238858903509, -23.650292814034074 ], [ -46.524182455681689, -23.650289756429824 ], [ -46.524126430939617, -23.650285521115766 ], [ -46.524037829429858, -23.650287114689522 ], [ -46.523973169849008, -23.65029064015927 ], [ -46.523919046189192, -23.650289727373224 ], [ -46.523848864759557, -23.650282018922461 ], [ -46.523814727724009, -23.650280096872592 ], [ -46.523808177437814, -23.650290094839292 ] ] ] } },
{ "type": "Feature", "properties": { "ID": 2866 }, "geometry": { "type": "MultiLineString", "coordinates": [ [ [ -46.525923041286063, -23.649854338487792 ], [ -46.525927090115729, -23.649890691617742 ], [ -46.525944243828043, -23.650338436414359 ], [ -46.525950637339982, -23.650424795523222 ], [ -46.525969988021281, -23.6505464267027 ], [ -46.526000603108649, -23.650675713228235 ], [ -46.526036522120634, -23.650772076448249 ], [ -46.526072360669367, -23.65084459988622 ], [ -46.526072361716963, -23.650844690181096 ] ] ] } },
{ "type": "Feature", "properties": { "ID": 2867 }, "geometry": { "type": "MultiLineString", "coordinates": [ [ [ -46.526072361716963, -23.650844690181096 ], [ -46.52610151517176, -23.650898676562335 ] ] ] } },
{ "type": "Feature", "properties": { "ID": 2868 }, "geometry": { "type": "MultiLineString", "coordinates": [ [ [ -46.526460005934958, -23.650762669061784 ], [ -46.526514641771335, -23.650782359378017 ], [ -46.52664442140938, -23.650890982630401 ], [ -46.52671665206222, -23.650948518048086 ], [ -46.526886897686836, -23.651021523512789 ], [ -46.526885720396322, -23.651021444804453 ] ] ] } },
{ "type": "Feature", "properties": { "ID": 2869 }, "geometry": { "type": "MultiLineString", "coordinates": [ [ [ -46.526015386888673, -23.651079683288838 ], [ -46.525948762455975, -23.651023717838818 ], [ -46.525885276821057, -23.650967902069844 ], [ -46.525819907908712, -23.650910298706677 ], [ -46.525794603174596, -23.65089230614614 ], [ -46.525764157410755, -23.650870571367609 ], [ -46.525733761929267, -23.650853170735886 ], [ -46.525705447346958, -23.650888397531091 ], [ -46.52561279921359, -23.650820045341796 ], [ -46.525497266011406, -23.650739456198504 ], [ -46.525399872291068, -23.650667628672284 ], [ -46.525315224167905, -23.650612833647681 ], [ -46.525227199859344, -23.650562767663374 ], [ -46.525141552172663, -23.650514755261877 ], [ -46.525036560470355, -23.650472441739364 ], [ -46.525024059604625, -23.650468049465665 ], [ -46.524966079903038, -23.650447398147072 ], [ -46.524868031337881, -23.650412060005745 ], [ -46.524765107316945, -23.650387425771346 ], [ -46.524679345890128, -23.650380322478501 ], [ -46.524586906917797, -23.650380689840787 ], [ -46.524483093803006, -23.650389296478032 ], [ -46.524377691765878, -23.650404601257407 ], [ -46.524312289467026, -23.650428633458663 ], [ -46.524275491164282, -23.650450849174707 ], [ -46.524238988619125, -23.650490129660458 ], [ -46.524221680891316, -23.650519287822945 ], [ -46.524206568638064, -23.65056025437935 ], [ -46.524205298783684, -23.650619868308947 ], [ -46.524224732421416, -23.650689573455359 ], [ -46.524248493281888, -23.650752011630161 ], [ -46.524288428876247, -23.650822869741418 ], [ -46.524316966625477, -23.650883003298382 ], [ -46.524322687713649, -23.650894506105569 ] ] ] } },
{ "type": "Feature", "properties": { "ID": 2870 }, "geometry": { "type": "MultiLineString", "coordinates": [ [ [ -46.52610151517176, -23.650898676562335 ], [ -46.526139371951722, -23.650959259829847 ], [ -46.52618128799611, -23.651014836336167 ], [ -46.526354185178462, -23.65118119181259 ] ] ] } },
{ "type": "Feature", "properties": { "ID": 2871 }, "geometry": { "type": "MultiLineString", "coordinates": [ [ [ -46.526279445617369, -23.651312960526234 ], [ -46.526218327665099, -23.651292250298106 ], [ -46.52615798551291, -23.651270809965524 ], [ -46.526121015053526, -23.651269729079722 ], [ -46.526079046600465, -23.651268787696907 ], [ -46.526039153933446, -23.651260872369498 ], [ -46.526020137065302, -23.651184932340172 ], [ -46.526021866707971, -23.6511396724276 ], [ -46.526016373826018, -23.651088704088647 ], [ -46.526015386888673, -23.651079683288838 ] ] ] } },
{ "type": "Feature", "properties": { "ID": 2872 }, "geometry": { "type": "MultiLineString", "coordinates": [ [ [ -46.526279445617369, -23.651312960526234 ], [ -46.526104087812001, -23.651154214831145 ], [ -46.526015386888673, -23.651079683288838 ] ] ] } },
{ "type": "Feature", "properties": { "ID": 2873 }, "geometry": { "type": "MultiLineString", "coordinates": [ [ [ -46.526354185178462, -23.65118119181259 ], [ -46.526400879810673, -23.651226155494147 ] ] ] } },
{ "type": "Feature", "properties": { "ID": 2874 }, "geometry": { "type": "MultiLineString", "coordinates": [ [ [ -46.528030295434988, -23.651465303820341 ], [ -46.527722510952557, -23.651307955745356 ], [ -46.527393344083258, -23.65114955344972 ], [ -46.526969306603419, -23.650934018805255 ], [ -46.526769360030222, -23.650827441543466 ], [ -46.526724425536628, -23.650798986475372 ], [ -46.52666382106122, -23.650746483946381 ], [ -46.526659304315878, -23.650737407611295 ], [ -46.526654787571175, -23.650728331276039 ] ] ] } },
{ "type": "Feature", "properties": { "ID": 2875 }, "geometry": { "type": "MultiLineString", "coordinates": [ [ [ -46.527993192259515, -23.651537191212512 ], [ -46.527602467012457, -23.651337133417641 ], [ -46.526887561387731, -23.650977357763743 ], [ -46.526759861295773, -23.650895896093111 ], [ -46.526704606929222, -23.650856706048348 ], [ -46.526824984832913, -23.650923881374226 ], [ -46.526923240727193, -23.650977006305748 ], [ -46.527586786288275, -23.651312183130369 ], [ -46.528000286341097, -23.651523394906498 ] ] ] } },
{ "type": "Feature", "properties": { "ID": 2876 }, "geometry": { "type": "MultiLineString", "coordinates": [ [ [ -46.492996192498154, -23.651791173933663 ], [ -46.492999782512392, -23.651813806183288 ], [ -46.493001045898936, -23.651821470031908 ], [ -46.492834289687089, -23.65195085924098 ], [ -46.492805693065094, -23.65193614383714 ] ] ] } },
{ "type": "Feature", "properties": { "ID": 2877 }, "geometry": { "type": "MultiLineString", "coordinates": [ [ [ -46.527964718947281, -23.651592467695419 ], [ -46.527511541371865, -23.651366565886054 ], [ -46.526977739754933, -23.651094678868148 ], [ -46.526920948329504, -23.651075100263334 ], [ -46.526872299391641, -23.651064471944952 ], [ -46.526867885336905, -23.6510642445092 ] ] ] } },
{ "type": "Feature", "properties": { "ID": 2878 }, "geometry": { "type": "MultiLineString", "coordinates": [ [ [ -46.531347838227205, -23.655031488895233 ], [ -46.531297094040951, -23.654992617295903 ], [ -46.531288588368888, -23.654986199374797 ], [ -46.531280176515182, -23.654979419306461 ], [ -46.531271960708217, -23.654972637300585 ], [ -46.531263744902084, -23.65496585529441 ], [ -46.531255626068379, -23.654958982024581 ], [ -46.531247507235555, -23.654952108754365 ], [ -46.531239484323812, -23.654945053926117 ], [ -46.531231461412951, -23.654937999097285 ], [ -46.531223634548752, -23.654930942331134 ], [ -46.53121570755988, -23.65492370594383 ], [ -46.531208074640574, -23.654916466650796 ], [ -46.531200245676345, -23.654909229294258 ], [ -46.531192610656149, -23.654901809411225 ], [ -46.531184577237575, -23.654893851633854 ], [ -46.53116910064314, -23.654878110856497 ], [ -46.531162851613196, -23.654871851243964 ], [ -46.531155604483715, -23.654864066306988 ], [ -46.531148358406355, -23.654856371664234 ], [ -46.531141209301438, -23.654848585758007 ], [ -46.531134156117744, -23.654840618293871 ], [ -46.531127204111492, -23.654832920744919 ], [ -46.531120149878262, -23.654824862985532 ], [ -46.531113488788463, -23.654816891646817 ], [ -46.531106630602608, -23.654808831950071 ], [ -46.531100066486069, -23.65480076934789 ], [ -46.531092507425157, -23.654791452304398 ], [ -46.531027458655387, -23.654711181629217 ], [ -46.53100229625101, -23.654680274970506 ], [ -46.530963060336205, -23.654634780398432 ], [ -46.530920950740303, -23.654591520712902 ], [ -46.530876117166784, -23.654550649698574 ], [ -46.530828719003125, -23.654512312657932 ], [ -46.530778924753449, -23.654476645878109 ], [ -46.530726911439217, -23.654443776156704 ], [ -46.530672863971084, -23.654413820348299 ], [ -46.530637628914079, -23.654395532922429 ], [ -46.530620565927435, -23.654386670930162 ], [ -46.530603405971355, -23.654377900198465 ], [ -46.530586342989139, -23.65436903820218 ], [ -46.530569280009175, -23.65436017620387 ], [ -46.53055211900891, -23.654351315171471 ], [ -46.530476375380324, -23.654312328928096 ], [ -46.530180555882978, -23.654156222619811 ], [ -46.530064098459015, -23.654089372641785 ], [ -46.530057485792121, -23.654085554805267 ], [ -46.530041289326277, -23.654075329616173 ], [ -46.530025093913338, -23.654065194719994 ], [ -46.530008995474709, -23.654054968559581 ], [ -46.529992799016235, -23.654044743365088 ], [ -46.529976602560204, -23.654034518168658 ], [ -46.52996040715707, -23.65402438326506 ], [ -46.52994421070597, -23.65401415806496 ], [ -46.529928014257337, -23.654003932863116 ], [ -46.529911916883819, -23.653993796986434 ], [ -46.529895720440081, -23.653983571780927 ], [ -46.529879523998837, -23.653973346573586 ], [ -46.529863327560037, -23.65396312136431 ], [ -46.529847132174027, -23.653952986447973 ], [ -46.529830935740151, -23.653942761235033 ], [ -46.529814837330981, -23.653932535052739 ], [ -46.529798641952304, -23.653922400130902 ], [ -46.529782445525804, -23.653912174912453 ], [ -46.529766249101769, -23.65390194969218 ], [ -46.529750052680193, -23.653891724470061 ], [ -46.529733857311342, -23.653881589540891 ], [ -46.529717758916888, -23.653871363347658 ], [ -46.52970156250268, -23.653861138120131 ], [ -46.529685367141155, -23.653851003185363 ], [ -46.529669170731879, -23.653840777954091 ], [ -46.52965297432506, -23.653830552721054 ], [ -46.529636777920722, -23.653820327486095 ], [ -46.529620680591144, -23.653810191576703 ], [ -46.529604484191701, -23.653799966338077 ], [ -46.529588287794745, -23.653789741097718 ], [ -46.529572092450358, -23.653779606150113 ], [ -46.529555896058298, -23.653769380905995 ], [ -46.52953969966871, -23.653759155660119 ], [ -46.52952360235377, -23.653749019739688 ], [ -46.529507405969085, -23.653738794490064 ], [ -46.529491209586887, -23.653728569238694 ], [ -46.52947501320714, -23.653718343985403 ], [ -46.529458817879878, -23.653708209024959 ], [ -46.529442621505055, -23.653697983768097 ], [ -46.529426523154761, -23.653687757542116 ], [ -46.529410327834853, -23.653677622576179 ], [ -46.529394131467392, -23.653667397313715 ], [ -46.529377935102403, -23.653657172049499 ], [ -46.52936173873988, -23.653646946783368 ], [ -46.529345543429763, -23.653636811810095 ], [ -46.529329445094191, -23.653626585573178 ], [ -46.529313248739044, -23.653616360301537 ], [ -46.529280857086043, -23.653596000047557 ], [ -46.529264660738264, -23.65358577477042 ], [ -46.529248464392978, -23.653575549491531 ], [ -46.529232367121999, -23.653565413538285 ], [ -46.529216170781602, -23.653555188255638 ], [ -46.529199974443671, -23.653544962971161 ], [ -46.529183779158053, -23.653534827979655 ], [ -46.529167582825039, -23.653524602691501 ], [ -46.529151386494483, -23.653514377401692 ], [ -46.52913528818835, -23.653504151142812 ], [ -46.529119092912538, -23.653494016143785 ], [ -46.529102896589357, -23.653483790848483 ], [ -46.529086700268643, -23.65347356555116 ], [ -46.52905430868438, -23.653453205245818 ], [ -46.529038210392969, -23.653442978975995 ], [ -46.529022014082088, -23.653432753671336 ], [ -46.5290058188234, -23.653422618659658 ], [ -46.52898962251745, -23.653412393351328 ], [ -46.528973426213959, -23.653402168041165 ], [ -46.528957230962639, -23.653392033023987 ], [ -46.528941132685937, -23.653381806743209 ], [ -46.528924936389814, -23.653371581427557 ], [ -46.528908740096178, -23.653361356110238 ], [ -46.528892544854635, -23.653351221085543 ], [ -46.528876348565909, -23.653340995764463 ], [ -46.528860152279641, -23.65333077044146 ], [ -46.528844055067253, -23.653320634444476 ], [ -46.528827858785917, -23.653310409117992 ], [ -46.528811662507024, -23.653300183789497 ], [ -46.528795466230598, -23.653289958459151 ], [ -46.528779271006201, -23.653279823421713 ], [ -46.528763074734691, -23.653269598087796 ], [ -46.528529811588385, -23.653122534051121 ], [ -46.528340585548804, -23.653002488165356 ], [ -46.52824854115083, -23.652944155600171 ], [ -46.528202711877491, -23.652914716478247 ], [ -46.528157269464828, -23.65288482200236 ], [ -46.528122981134771, -23.652861500121233 ], [ -46.528064063067525, -23.652819276369563 ], [ -46.527977331421518, -23.652754118374041 ], [ -46.527891083673985, -23.652688413725397 ], [ -46.527821361857491, -23.652636001589645 ], [ -46.52778674392551, -23.652609612503973 ], [ -46.527679860428783, -23.652522799123744 ], [ -46.527494900042726, -23.652356293262326 ], [ -46.527221334266827, -23.65210667644531 ], [ -46.526781271888794, -23.65170165854353 ], [ -46.526382371643685, -23.651337683994871 ], [ -46.526367130849039, -23.651325281657776 ], [ -46.526140772366951, -23.651113758165433 ], [ -46.526136610466168, -23.651109916019877 ], [ -46.526131060567067, -23.651104732962509 ], [ -46.526010342962053, -23.650999812877821 ], [ -46.525891815510832, -23.650897760895443 ], [ -46.525789884877412, -23.650815141670154 ], [ -46.52562397973329, -23.650693688667772 ], [ -46.52556347311323, -23.650649583105487 ] ] ] } },
{ "type": "Feature", "properties": { "ID": 2908 }, "geometry": { "type": "MultiLineString", "coordinates": [ [ [ -46.531573390104143, -23.658926550328303 ], [ -46.531568276143908, -23.658916757634312 ], [ -46.531568173911047, -23.658916397424946 ] ] ] } },
{ "type": "Feature", "properties": { "ID": 2909 }, "geometry": { "type": "MultiLineString", "coordinates": [ [ [ -46.531496758465863, -23.658946742777161 ], [ -46.531492901180727, -23.658937013579365 ], [ -46.531489768046228, -23.658927066101334 ], [ -46.531487373448051, -23.658916946010105 ], [ -46.531485728380837, -23.658906699776896 ], [ -46.531484840397802, -23.658896374446275 ], [ -46.531484713576049, -23.658886017427665 ], [ -46.531485348497569, -23.658875676274754 ] ] ] } },
{ "type": "Feature", "properties": { "ID": 2910 }, "geometry": { "type": "MultiLineString", "coordinates": [ [ [ -46.531485348497725, -23.658875676273222 ], [ -46.531485311730265, -23.658875059057127 ], [ -46.531485229443533, -23.658874445580256 ], [ -46.531485102019055, -23.658873838681309 ], [ -46.531484930047839, -23.658873241180306 ], [ -46.531484714327213, -23.658872655845716 ], [ -46.531484455857928, -23.658872085393369 ], [ -46.531484155838299, -23.658871532466137 ], [ -46.531483815659918, -23.658870999631745 ], [ -46.531483436900317, -23.658870489357056 ], [ -46.531483021316042, -23.658870004012428 ], [ -46.531482570834328, -23.658869545848113 ], [ -46.531482087544383, -23.658869116985727 ], [ -46.531481573687444, -23.658868719418383 ], [ -46.531481031646749, -23.658868354987032 ], [ -46.531480463935814, -23.658868025380663 ], [ -46.531479873187429, -23.658867732132048 ], [ -46.531479262141346, -23.658867476598516 ], [ -46.531478633631409, -23.658867259964222 ], [ -46.53147799057222, -23.658867083235968 ], [ -46.5314773359462, -23.658866947232578 ], [ -46.531476672788877, -23.658866852582875 ], [ -46.531476004176028, -23.658866799730145 ], [ -46.531475333208348, -23.658866788915017 ], [ -46.531474662997219, -23.658866820188553 ], [ -46.531473996651144, -23.658866893408089 ], [ -46.531473337260131, -23.658867008233035 ], [ -46.531472687882278, -23.658867164130445 ], [ -46.531472051529072, -23.65886736037621 ], [ -46.531471431151687, -23.658867596063409 ], [ -46.531438944100415, -23.658881281676745 ], [ -46.531438340330425, -23.658881558834143 ], [ -46.531437758557104, -23.658881873383635 ], [ -46.531437201506009, -23.658882223855517 ], [ -46.53143667178729, -23.658882608608113 ], [ -46.531436171882092, -23.658883025835284 ], [ -46.531435704132832, -23.658883473586904 ], [ -46.53143527073059, -23.658883949761506 ], [ -46.531434873705862, -23.658884452129989 ], [ -46.531434514918665, -23.658884978337941 ], [ -46.531434196049972, -23.658885525922905 ], [ -46.531433918593549, -23.6588860923166 ], [ -46.531433683849343, -23.658886674864423 ], [ -46.531433492916882, -23.658887270840527 ], [ -46.531433346690854, -23.658887877452191 ], [ -46.53143324585632, -23.658888491857105 ], [ -46.531433190885622, -23.658889111174133 ], [ -46.531433182036182, -23.65888973250706 ], [ -46.531433219349715, -23.658890352940269 ], [ -46.531433302651259, -23.658890969568887 ], [ -46.531433431550447, -23.658891579505237 ], [ -46.531433605443802, -23.658892179890675 ], [ -46.531433823516146, -23.658892767913851 ], [ -46.531434084745989, -23.658893340814856 ], [ -46.531438099284323, -23.658901337717641 ] ] ] } },
{ "type": "Feature", "properties": { "ID": 2911 }, "geometry": { "type": "MultiLineString", "coordinates": [ [ [ -46.531684908011052, -23.658956061509109 ], [ -46.531666810035027, -23.658959401057562 ], [ -46.531654242736288, -23.658957809475464 ], [ -46.531638579837967, -23.658951372022575 ], [ -46.531629932733054, -23.658941253031166 ], [ -46.531620963153628, -23.658928698993702 ], [ -46.531611466634381, -23.658912989491476 ], [ -46.531610361003679, -23.658910652491016 ] ] ] } },
{ "type": "Feature", "properties": { "ID": 2912 }, "geometry": { "type": "MultiLineString", "coordinates": [ [ [ -46.531438099284323, -23.658901337717641 ], [ -46.5314674981434, -23.658959203555856 ] ] ] } },
{ "type": "Feature", "properties": { "ID": 2913 }, "geometry": { "type": "MultiLineString", "coordinates": [ [ [ -46.531639229632574, -23.658973490303968 ], [ -46.531614632702805, -23.658965967184582 ], [ -46.531594469239472, -23.658951898290255 ], [ -46.531581086394318, -23.658939207257905 ], [ -46.531579004712128, -23.658937241123326 ], [ -46.531573390104143, -23.658926550328303 ] ] ] } },
{ "type": "Feature", "properties": { "ID": 2914 }, "geometry": { "type": "MultiLineString", "coordinates": [ [ [ -46.531685588522109, -23.658972399972139 ], [ -46.531685100496276, -23.658972585405476 ], [ -46.531660617160547, -23.658974814101263 ], [ -46.531639327658475, -23.6589734893352 ], [ -46.531639229632574, -23.658973490303968 ] ] ] } },
{ "type": "Feature", "properties": { "ID": 2915 }, "geometry": { "type": "MultiLineString", "coordinates": [ [ [ -46.531367791753404, -23.658933729524509 ], [ -46.531361571129672, -23.65892150952596 ], [ -46.531351620863639, -23.65892576187807 ], [ -46.531357942667398, -23.658938251791959 ] ] ] } },
{ "type": "Feature", "properties": { "ID": 2916 }, "geometry": { "type": "MultiLineString", "coordinates": [ [ [ -46.531395990091696, -23.658989530227295 ], [ -46.531367791753404, -23.658933729524509 ] ] ] } },
{ "type": "Feature", "properties": { "ID": 2917 }, "geometry": { "type": "MultiLineString", "coordinates": [ [ [ -46.531357942667398, -23.658938251791959 ], [ -46.531386137847839, -23.658993781613091 ] ] ] } },
{ "type": "Feature", "properties": { "ID": 2918 }, "geometry": { "type": "MultiLineString", "coordinates": [ [ [ -46.531501898286507, -23.658957291621622 ], [ -46.531501111188092, -23.658955807016177 ], [ -46.531500341556097, -23.658954314661717 ], [ -46.531499589480376, -23.658952814731606 ], [ -46.531498855048746, -23.658951307402614 ], [ -46.531498138347104, -23.658949792850432 ], [ -46.531497439459116, -23.658948271247549 ], [ -46.531496758466474, -23.658946742778589 ] ] ] } },
{ "type": "Feature", "properties": { "ID": 2919 }, "geometry": { "type": "MultiLineString", "coordinates": [ [ [ -46.531546739202767, -23.65900867748184 ], [ -46.531538907736078, -23.659002509205092 ], [ -46.531531506971163, -23.658995905105083 ], [ -46.531524565442297, -23.658988890646885 ], [ -46.531518109913456, -23.658981492874069 ], [ -46.531512165274613, -23.658973740309563 ], [ -46.531506754445189, -23.658965662846828 ], [ -46.531501898287502, -23.658957291623409 ] ] ] } },
{ "type": "Feature", "properties": { "ID": 2920 }, "geometry": { "type": "MultiLineString", "coordinates": [ [ [ -46.531286367067707, -23.658971197923595 ], [ -46.531276134979599, -23.658951251336312 ] ] ] } },
{ "type": "Feature", "properties": { "ID": 2921 }, "geometry": { "type": "MultiLineString", "coordinates": [ [ [ -46.5314674981434, -23.658959203555856 ], [ -46.531472817615146, -23.658969806966759 ] ] ] } },
{ "type": "Feature", "properties": { "ID": 2793 }, "geometry": { "type": "MultiLineString", "coordinates": [ [ [ -46.542475676440482, -23.624629387263745 ], [ -46.542486037276731, -23.624635334683475 ], [ -46.542546302597486, -23.62467618545843 ], [ -46.542594027842384, -23.62470912375667 ], [ -46.542635915421521, -23.624745732285202 ], [ -46.542678707234238, -23.624784228214022 ], [ -46.542660793649176, -23.624744310939459 ], [ -46.542659481575079, -23.624741073007627 ], [ -46.542658465616057, -23.624738012741396 ], [ -46.542657744714433, -23.624735039845945 ], [ -46.542657123928024, -23.624732246564928 ], [ -46.542656473527629, -23.624726925039408 ], [ -46.542656124530474, -23.624722232651596 ], [ -46.542655977878987, -23.624718080081436 ], [ -46.542656186209534, -23.62471076330764 ], [ -46.542656743176259, -23.624699740563539 ], [ -46.5426569737173, -23.624694319973205 ], [ -46.542657106258488, -23.624688900357366 ], [ -46.542657260649293, -23.624676978566693 ], [ -46.542657645941993, -23.624668034543884 ], [ -46.542658155675596, -23.624661346907775 ], [ -46.542658783504194, -23.624656373891611 ], [ -46.542659425082114, -23.624652574703337 ], [ -46.542660633506159, -23.624646963779309 ], [ -46.542662233929462, -23.624641348957194 ], [ -46.542663466679137, -23.624637814805407 ], [ -46.54266470260167, -23.624634551536936 ], [ -46.542667376792117, -23.624628564817645 ], [ -46.54267006261648, -23.624623571337235 ], [ -46.542672658902021, -23.624619301186904 ], [ -46.542675065533665, -23.62461557475239 ], [ -46.542677283569155, -23.624612482327713 ], [ -46.542681436216945, -23.624607203346457 ], [ -46.54268472273106, -23.624603287552269 ], [ -46.542690048202864, -23.624597725993493 ], [ -46.542695571789139, -23.624592343074386 ], [ -46.542704785521508, -23.624584033701545 ], [ -46.542711672642163, -23.624577914783146 ], [ -46.542722250965596, -23.624568959705016 ], [ -46.542733126459943, -23.624560272585928 ], [ -46.542741577343477, -23.624553776896128 ], [ -46.542754303195906, -23.624544078020651 ], [ -46.542767228219077, -23.624534648078594 ], [ -46.542771019535543, -23.624531991532262 ], [ -46.542774325084004, -23.624529701036376 ], [ -46.542780258644143, -23.624525849221978 ], [ -46.542784832900267, -23.624523094584401 ], [ -46.54278843667835, -23.624521162342482 ], [ -46.542791164805067, -23.624519780638046 ], [ -46.54279525752392, -23.624517753228627 ], [ -46.542799646357288, -23.624515903484308 ], [ -46.542805013072346, -23.624513863405163 ], [ -46.542809798135309, -23.624512370940106 ], [ -46.542813999430749, -23.624511245500127 ], [ -46.542817713900696, -23.624510395816237 ], [ -46.542820941545209, -23.624509821888378 ], [ -46.542826616009577, -23.624508952712723 ], [ -46.542830922708724, -23.624508458358715 ], [ -46.542834154584142, -23.624508245608443 ], [ -46.542838955512877, -23.624508107559063 ], [ -46.542843855499086, -23.624508058829488 ], [ -46.542874832931631, -23.624508563504449 ] ] ] } },
{ "type": "Feature", "properties": { "ID": 2794 }, "geometry": { "type": "MultiLineString", "coordinates": [ [ [ -46.542747301943834, -23.624808199355009 ], [ -46.542729718662066, -23.624779747535207 ], [ -46.542728318105226, -23.624777323228574 ], [ -46.542727213663632, -23.624775076587408 ], [ -46.542726207221989, -23.624772828971494 ], [ -46.542724589511607, -23.624768600725073 ], [ -46.542723467089374, -23.624764819078244 ], [ -46.542722643955436, -23.624761485979953 ], [ -46.542721398148863, -23.624755538240926 ], [ -46.542720017323425, -23.624746431170795 ], [ -46.542718833555675, -23.624737412446112 ], [ -46.542718183152765, -23.62473209092089 ], [ -46.542717638153597, -23.624727400482413 ], [ -46.542717051904752, -23.624719188560412 ], [ -46.542716881982294, -23.624713049512607 ], [ -46.542716926040264, -23.624708443521445 ], [ -46.542717138598192, -23.624701487925527 ], [ -46.542717646213404, -23.624694619700463 ], [ -46.542718272982135, -23.624689556389814 ], [ -46.542719005154503, -23.624685124165818 ], [ -46.542719744730604, -23.624681324002943 ], [ -46.542720588652649, -23.624678064632157 ], [ -46.542721338805542, -23.624675167413614 ], [ -46.542722945572599, -23.624670094357828 ], [ -46.542724274205312, -23.624666378642161 ], [ -46.542725417415141, -23.624663567820086 ], [ -46.542727328758325, -23.624659394784977 ], [ -46.542729436101091, -23.624655219800964 ], [ -46.542731932269994, -23.62465077003532 ], [ -46.542734240900593, -23.624647044574321 ], [ -46.542736457877417, -23.624643861854477 ], [ -46.542738387200842, -23.624641223824892 ], [ -46.542742058309386, -23.624636672070338 ], [ -46.542744960226891, -23.624633392234248 ], [ -46.542749510160263, -23.624628560825332 ], [ -46.542754354092736, -23.624623726492629 ], [ -46.542759297082362, -23.624618981479802 ], [ -46.542763758534299, -23.624614963695027 ], [ -46.542767638333437, -23.624611493524167 ], [ -46.542771034479649, -23.624608569992699 ], [ -46.542774141914919, -23.624606100856933 ], [ -46.542779681363726, -23.624602072351745 ], [ -46.542784058565097, -23.624599229368847 ], [ -46.54278736728812, -23.624597209755855 ], [ -46.54279262860274, -23.624594538590642 ], [ -46.542795357788599, -23.624593247180531 ], [ -46.542798187089687, -23.624592135384731 ], [ -46.54280287098252, -23.624590373010918 ], [ -46.542807070164997, -23.624589066982175 ], [ -46.542810683464161, -23.624587947389433 ], [ -46.542817034410724, -23.624586258741889 ], [ -46.542821921706881, -23.62458512647952 ], [ -46.54282925476646, -23.624583608674516 ], [ -46.542836589941352, -23.624582271458024 ], [ -46.542846759705292, -23.624580273916784 ], [ -46.542849303468437, -23.624579887399381 ], [ -46.54285116229088, -23.624579597998636 ], [ -46.542852631229771, -23.624579493085182 ], [ -46.542854786167076, -23.624579381349474 ], [ -46.54285694216216, -23.624579359908108 ], [ -46.542874883525648, -23.624579813615419 ] ] ] } },
{ "type": "Feature", "properties": { "ID": 3020 }, "geometry": { "type": "MultiLineString", "coordinates": [ [ [ -46.535094009135442, -23.656407971670358 ], [ -46.535092276329955, -23.656419096329333 ], [ -46.535091916909934, -23.656421899339396 ] ] ] } },
{ "type": "Feature", "properties": { "ID": 3021 }, "geometry": { "type": "MultiLineString", "coordinates": [ [ [ -46.534865946753058, -23.656346384942516 ], [ -46.534864755700525, -23.656353530821175 ], [ -46.534863603641583, -23.656364017593042 ], [ -46.534861149846535, -23.656388966032448 ], [ -46.534851530772507, -23.656446766092973 ] ] ] } },
{ "type": "Feature", "properties": { "ID": 3022 }, "geometry": { "type": "MultiLineString", "coordinates": [ [ [ -46.534929284765397, -23.65646459883574 ], [ -46.534933600993597, -23.6564480303011 ], [ -46.534943533073687, -23.656391852624132 ], [ -46.534945861419466, -23.656372955851289 ] ] ] } },
{ "type": "Feature", "properties": { "ID": 3023 }, "geometry": { "type": "MultiLineString", "coordinates": [ [ [ -46.535016823273658, -23.656396815941029 ], [ -46.535015384533182, -23.656407937686787 ], [ -46.535009600060661, -23.656441498076145 ], [ -46.535000255102794, -23.656480782935144 ] ] ] } },
{ "type": "Feature", "properties": { "ID": 3024 }, "geometry": { "type": "MultiLineString", "coordinates": [ [ [ -46.534919724763455, -23.656502260333379 ], [ -46.53492769108076, -23.656470845653889 ], [ -46.534929284765397, -23.65646459883574 ] ] ] } },
{ "type": "Feature", "properties": { "ID": 3025 }, "geometry": { "type": "MultiLineString", "coordinates": [ [ [ -46.531684264501393, -23.655963452856906 ], [ -46.53158169566845, -23.656171806655799 ], [ -46.531346548491896, -23.65657083991449 ], [ -46.531580653225696, -23.656132805221159 ], [ -46.531671187391098, -23.65596015050814 ] ] ] } },
{ "type": "Feature", "properties": { "ID": 3026 }, "geometry": { "type": "MultiLineString", "coordinates": [ [ [ -46.535000255102794, -23.656480782935144 ], [ -46.534997080387726, -23.656494360105409 ], [ -46.534982074272257, -23.656544176395812 ] ] ] } },
{ "type": "Feature", "properties": { "ID": 3027 }, "geometry": { "type": "MultiLineString", "coordinates": [ [ [ -46.534843455875212, -23.656477278796135 ], [ -46.534840346497617, -23.656488055866546 ], [ -46.534836936724574, -23.656498294082738 ], [ -46.534820642535522, -23.656546949153324 ] ] ] } },
{ "type": "Feature", "properties": { "ID": 3028 }, "geometry": { "type": "MultiLineString", "coordinates": [ [ [ -46.534982074272257, -23.656544176395812 ], [ -46.534977636836487, -23.656558759425451 ], [ -46.53497488162143, -23.656566282015937 ], [ -46.5349596088274, -23.656610050521135 ], [ -46.534953410117168, -23.656624921908936 ] ] ] } },
{ "type": "Feature", "properties": { "ID": 3029 }, "geometry": { "type": "MultiLineString", "coordinates": [ [ [ -46.535075943251492, -23.656498003929734 ], [ -46.535074913474219, -23.65650216815235 ], [ -46.535066037571966, -23.656539642271486 ], [ -46.535046462297011, -23.656601153148536 ], [ -46.535042479150256, -23.656612661315474 ], [ -46.535040018010022, -23.656620180994182 ] ] ] } },
{ "type": "Feature", "properties": { "ID": 3030 }, "geometry": { "type": "MultiLineString", "coordinates": [ [ [ -46.531021702275332, -23.656557704150725 ], [ -46.530804161860409, -23.656448236101419 ] ] ] } },
{ "type": "Feature", "properties": { "ID": 3031 }, "geometry": { "type": "MultiLineString", "coordinates": [ [ [ -46.531023126732492, -23.656680053294444 ], [ -46.530752209238223, -23.656541402142022 ] ] ] } },
{ "type": "Feature", "properties": { "ID": 3032 }, "geometry": { "type": "MultiLineString", "coordinates": [ [ [ -46.531272579198507, -23.656684361661405 ], [ -46.531021702275332, -23.656557704150725 ] ] ] } },
{ "type": "Feature", "properties": { "ID": 3033 }, "geometry": { "type": "MultiLineString", "coordinates": [ [ [ -46.531373436764419, -23.656716236109457 ], [ -46.53137334084321, -23.656716417667131 ] ] ] } },
{ "type": "Feature", "properties": { "ID": 3034 }, "geometry": { "type": "MultiLineString", "coordinates": [ [ [ -46.531356007142179, -23.656726432181653 ], [ -46.531272579198507, -23.656684361661405 ] ] ] } },
{ "type": "Feature", "properties": { "ID": 2765 }, "geometry": { "type": "MultiLineString", "coordinates": [ [ [ -46.528013724680278, -23.651616908820539 ], [ -46.527964718947281, -23.651592467695419 ] ] ] } },
{ "type": "Feature", "properties": { "ID": 2766 }, "geometry": { "type": "MultiLineString", "coordinates": [ [ [ -46.492817068228419, -23.651996900591968 ], [ -46.492818828533608, -23.651996522414514 ], [ -46.492819707661383, -23.651996243029529 ], [ -46.492836087301164, -23.651988318956192 ], [ -46.49285246693892, -23.651980394881122 ], [ -46.493005535256998, -23.651862877285119 ], [ -46.49302915175074, -23.651844769205393 ], [ -46.493158603298738, -23.65174535954981 ] ] ] } },
{ "type": "Feature", "properties": { "ID": 2767 }, "geometry": { "type": "MultiLineString", "coordinates": [ [ [ -46.528000286341097, -23.651523394906498 ], [ -46.528051961685257, -23.651549796416418 ] ] ] } },
{ "type": "Feature", "properties": { "ID": 2768 }, "geometry": { "type": "MultiLineString", "coordinates": [ [ [ -46.528084435959173, -23.651492945290144 ], [ -46.528083844689249, -23.651492680203756 ], [ -46.528030295434988, -23.651465303820341 ] ] ] } },
{ "type": "Feature", "properties": { "ID": 2769 }, "geometry": { "type": "MultiLineString", "coordinates": [ [ [ -46.492923386559809, -23.652089498109444 ], [ -46.492924092735656, -23.65208719902018 ], [ -46.492924950615823, -23.652084944146686 ], [ -46.492925956971689, -23.652082741968972 ], [ -46.492927108016431, -23.652080600779449 ], [ -46.492928399418133, -23.652078528630298 ], [ -46.49292982631713, -23.652076533323662 ], [ -46.492931383343858, -23.652074622368385 ], [ -46.49293306463877, -23.652072802950777 ], [ -46.492934863874986, -23.652071081923669 ], [ -46.493172654267696, -23.651886372605919 ], [ -46.493177801772362, -23.651882632271683 ], [ -46.493183209501282, -23.651879217701321 ], [ -46.493188853201282, -23.65187614420444 ], [ -46.493194707561209, -23.651873425568695 ], [ -46.493200746325101, -23.651871073986804 ], [ -46.493206942409898, -23.651869100004834 ], [ -46.493213268026985, -23.651867512472563 ], [ -46.493219694806946, -23.651866318514315 ], [ -46.493226193926382, -23.651865523483611 ], [ -46.493232736237886, -23.651865130943555 ], [ -46.493239292400098, -23.651865142657375 ] ] ] } },
{ "type": "Feature", "properties": { "ID": 2770 }, "geometry": { "type": "MultiLineString", "coordinates": [ [ [ -46.528044276337816, -23.651563327638186 ], [ -46.527993192259515, -23.651537191212512 ] ] ] } },
{ "type": "Feature", "properties": { "ID": 2771 }, "geometry": { "type": "MultiLineString", "coordinates": [ [ [ -46.492975474261065, -23.652107806017391 ], [ -46.492978930217596, -23.652075443151521 ], [ -46.493128783256189, -23.651959672219451 ], [ -46.493148418873062, -23.651970861639267 ], [ -46.493148516895488, -23.651970860695098 ], [ -46.493150687739522, -23.651972104068658 ] ] ] } },
{ "type": "Feature", "properties": { "ID": 2772 }, "geometry": { "type": "MultiLineString", "coordinates": [ [ [ -46.528932690112143, -23.651921837825959 ], [ -46.528508783592855, -23.651709557317556 ], [ -46.528491132971254, -23.651700700861902 ], [ -46.528467171258647, -23.651688655653452 ], [ -46.528084435959173, -23.651492945290144 ] ] ] } },
{ "type": "Feature", "properties": { "ID": 2773 }, "geometry": { "type": "MultiLineString", "coordinates": [ [ [ -46.528051961685257, -23.651549796416418 ], [ -46.528274342959968, -23.651663375137097 ], [ -46.528449364096844, -23.651750690226724 ], [ -46.528465041718199, -23.651758482481274 ], [ -46.5288908117817, -23.65197083502829 ] ] ] } },
{ "type": "Feature", "properties": { "ID": 2774 }, "geometry": { "type": "MultiLineString", "coordinates": [ [ [ -46.528877367412377, -23.651986500109274 ], [ -46.528520012961884, -23.65180697607115 ], [ -46.528452655607758, -23.651772421295163 ], [ -46.528437567158697, -23.651764713534842 ], [ -46.528044276337816, -23.651563327638186 ] ] ] } },
{ "type": "Feature", "properties": { "ID": 2775 }, "geometry": { "type": "MultiLineString", "coordinates": [ [ [ -46.511084448836982, -23.652178498804407 ], [ -46.51108592642516, -23.652179116538854 ], [ -46.511087107873301, -23.652179556549129 ], [ -46.511088782542409, -23.652180262667745 ], [ -46.511089669925234, -23.652180705544719 ], [ -46.511090458248908, -23.652181059081816 ], [ -46.511092628213774, -23.65218221189987 ], [ -46.511094503075967, -23.65218327728914 ], [ -46.511096082835486, -23.65218425524964 ], [ -46.511097465514077, -23.652185144825861 ], [ -46.511099837746819, -23.652186837505223 ], [ -46.511101518640302, -23.652188085396592 ], [ -46.511103895022629, -23.65219013925774 ], [ -46.51110627244239, -23.652192283414418 ], [ -46.511116183545823, -23.652201668877211 ] ] ] } },
{ "type": "Feature", "properties": { "ID": 2776 }, "geometry": { "type": "MultiLineString", "coordinates": [ [ [ -46.5288908117817, -23.65197083502829 ], [ -46.528975414307673, -23.652013076036475 ] ] ] } },
{ "type": "Feature", "properties": { "ID": 2777 }, "geometry": { "type": "MultiLineString", "coordinates": [ [ [ -46.528838970563392, -23.652031399231198 ], [ -46.528764030778007, -23.651993939319858 ], [ -46.528412688235413, -23.651817155192205 ], [ -46.528399277676719, -23.651810424239578 ], [ -46.528097537309016, -23.651658706592634 ], [ -46.528013724680278, -23.651616908820539 ] ] ] } },
{ "type": "Feature", "properties": { "ID": 2778 }, "geometry": { "type": "MultiLineString", "coordinates": [ [ [ -46.529011872083466, -23.651961603740858 ], [ -46.528987910279028, -23.651949558618337 ], [ -46.528932690112143, -23.651921837825959 ] ] ] } },
{ "type": "Feature", "properties": { "ID": 2779 }, "geometry": { "type": "MultiLineString", "coordinates": [ [ [ -46.511116183545823, -23.652201668877211 ], [ -46.51112025430843, -23.652206144470082 ] ] ] } },
{ "type": "Feature", "properties": { "ID": 2780 }, "geometry": { "type": "MultiLineString", "coordinates": [ [ [ -46.511347906973079, -23.652344440384734 ], [ -46.51134584332565, -23.65234400897846 ], [ -46.511344172803341, -23.652343664044615 ], [ -46.511341123749339, -23.652342790718627 ], [ -46.511338465745403, -23.652341823273936 ], [ -46.511336200866573, -23.652340942301866 ], [ -46.511334230053464, -23.652340058462382 ], [ -46.511332554343568, -23.652339262051139 ], [ -46.511329596048903, -23.65233775570092 ], [ -46.511327523063862, -23.652336511635394 ], [ -46.511324461559816, -23.652334554763648 ], [ -46.511321496002665, -23.652332416345118 ], [ -46.511298457702082, -23.652315302305244 ], [ -46.51124105804805, -23.652165864399922 ], [ -46.511240652473987, -23.652164694381771 ], [ -46.511240443980938, -23.652163612747689 ], [ -46.511240334547118, -23.652162620453392 ], [ -46.511240225113283, -23.652161628159082 ], [ -46.511240312760442, -23.652160724248862 ], [ -46.511240302385843, -23.652159821294241 ], [ -46.511240577776825, -23.652158193109152 ], [ -46.511240855242733, -23.652156745514738 ], [ -46.511241232805311, -23.652155477555674 ], [ -46.511241992080286, -23.65215330281929 ], [ -46.511242659558235, -23.6521516708113 ], [ -46.51124380780778, -23.652149221365743 ], [ -46.511244958132217, -23.652146952511146 ], [ -46.511246588190708, -23.652143775923509 ], [ -46.511249082807893, -23.652139055711995 ], [ -46.511251676484143, -23.652134424840128 ] ] ] } },
{ "type": "Feature", "properties": { "ID": 2781 }, "geometry": { "type": "MultiLineString", "coordinates": [ [ [ -46.526400879810673, -23.651226155494147 ], [ -46.526653783460411, -23.65146956576632 ], [ -46.526913169994074, -23.651713995379644 ], [ -46.527004918342165, -23.651797617159158 ], [ -46.527478468113109, -23.652165369590637 ], [ -46.527505037103751, -23.652182446343403 ] ] ] } },
{ "type": "Feature", "properties": { "ID": 2782 }, "geometry": { "type": "MultiLineString", "coordinates": [ [ [ -46.52896354982429, -23.652029718896028 ], [ -46.528877367412377, -23.651986500109274 ] ] ] } },
{ "type": "Feature", "properties": { "ID": 2783 }, "geometry": { "type": "MultiLineString", "coordinates": [ [ [ -46.51112025430843, -23.652206144470082 ], [ -46.511173590874151, -23.652360317926487 ], [ -46.511173793142525, -23.652360857787947 ], [ -46.511173898426421, -23.652361488900453 ], [ -46.51117390465096, -23.652362030673157 ], [ -46.511173916062639, -23.652363023923161 ], [ -46.511173829452396, -23.652364018128839 ], [ -46.511173643782811, -23.652364922994607 ], [ -46.511173359053892, -23.652365738520739 ], [ -46.511172976303051, -23.652366555002448 ], [ -46.511172592514782, -23.652367281188774 ], [ -46.511171823900796, -23.65236864326566 ], [ -46.511171054249395, -23.652369915047238 ], [ -46.511169509759398, -23.652372007133074 ], [ -46.511167094483703, -23.652375101069879 ], [ -46.511166034916116, -23.652376736900159 ], [ -46.511165651127783, -23.652377463086381 ], [ -46.511165170354943, -23.652378280523639 ], [ -46.511164498725336, -23.652379551349537 ], [ -46.511163449531871, -23.652382090134513 ], [ -46.511161738045459, -23.65238671240424 ], [ -46.51116107056545, -23.65238834441195 ], [ -46.511160499032528, -23.65238979487313 ], [ -46.511159925424764, -23.652391064743352 ], [ -46.511159447764079, -23.652392153067034 ], [ -46.511158389233692, -23.652393879192754 ], [ -46.511157521560065, -23.652395151929937 ], [ -46.511156747758719, -23.652396062529629 ], [ -46.511156166888981, -23.652396700331572 ], [ -46.511155196006314, -23.652397522547087 ], [ -46.511154127101697, -23.652398345718243 ], [ -46.511139536887555, -23.652408331268351 ] ] ] } },
{ "type": "Feature", "properties": { "ID": 2784 }, "geometry": { "type": "MultiLineString", "coordinates": [ [ [ -46.529893701224381, -23.652290010672253 ], [ -46.529885193441558, -23.652294929990664 ], [ -46.529876361296402, -23.652299337600112 ], [ -46.52986724100905, -23.652303215421558 ], [ -46.529857869980994, -23.652306547552694 ], [ -46.529848286642476, -23.652309320333153 ], [ -46.529838530294114, -23.652311522388047 ], [ -46.529828640946278, -23.652313144686584 ], [ -46.529818659154557, -23.652314180576045 ], [ -46.529808625853597, -23.652314625811371 ], [ -46.529798582189621, -23.652314478563294 ], [ -46.529788569351034, -23.652313739437204 ], [ -46.529778628400031, -23.652312411461942 ], [ -46.529768800103824, -23.652310500087111 ], [ -46.529759124767729, -23.652308013148165 ], [ -46.52974964206981, -23.652304960845395 ], [ -46.529740390897892, -23.652301355694963 ], [ -46.529731409190823, -23.652297212484214 ], [ -46.529619295548216, -23.65224124555931 ], [ -46.529608686358095, -23.652236194198178 ], [ -46.529597862624939, -23.652231545086103 ], [ -46.529586842311957, -23.652227305929024 ], [ -46.529575643708874, -23.652223483770921 ], [ -46.529564285401086, -23.652220084952067 ], [ -46.529552786239258, -23.652217115109305 ], [ -46.529541165307528, -23.652214579178693 ], [ -46.529529229333072, -23.652211966189437 ], [ -46.529517422056216, -23.652208896880428 ], [ -46.52950576402587, -23.652205376588533 ], [ -46.529494275531952, -23.652201411442412 ], [ -46.529482976568829, -23.652197008347681 ], [ -46.529471886801254, -23.652192174959225 ], [ -46.529461025529635, -23.652186919694763 ], [ -46.529250794765886, -23.65208124886674 ], [ -46.529011872083466, -23.651961603740858 ] ] ] } },
{ "type": "Feature", "properties": { "ID": 2785 }, "geometry": { "type": "MultiLineString", "coordinates": [ [ [ -46.528930081328234, -23.652076917357476 ], [ -46.528838970563392, -23.652031399231198 ] ] ] } },
{ "type": "Feature", "properties": { "ID": 2786 }, "geometry": { "type": "MultiLineString", "coordinates": [ [ [ -46.527505037103751, -23.652182446343403 ], [ -46.527555015360939, -23.65221464426148 ] ] ] } },
{ "type": "Feature", "properties": { "ID": 2797 }, "geometry": { "type": "MultiLineString", "coordinates": [ [ [ -46.543282670926722, -23.62549668741098 ], [ -46.543108107631944, -23.625312305380103 ] ] ] } },
{ "type": "Feature", "properties": { "ID": 2798 }, "geometry": { "type": "MultiLineString", "coordinates": [ [ [ -46.543286343500014, -23.625500624293387 ], [ -46.543286144324796, -23.625500355360021 ], [ -46.543282670926722, -23.62549668741098 ] ] ] } },
{ "type": "Feature", "properties": { "ID": 2799 }, "geometry": { "type": "MultiLineString", "coordinates": [ [ [ -46.54332842158469, -23.625545087246874 ], [ -46.543286343500014, -23.625500624293387 ] ] ] } },
{ "type": "Feature", "properties": { "ID": 2800 }, "geometry": { "type": "MultiLineString", "coordinates": [ [ [ -46.542747301943834, -23.624808199355009 ], [ -46.542799753550746, -23.62486809176746 ], [ -46.543113372096521, -23.625150968381096 ], [ -46.543156041181987, -23.625195696426683 ], [ -46.543169635437351, -23.62520991968891 ], [ -46.543169635437351, -23.62520991968891 ], [ -46.543255371006097, -23.625299823303568 ], [ -46.543325725114855, -23.625373534690471 ], [ -46.543413621552304, -23.62547217628854 ], [ -46.543424760562829, -23.625485972427708 ], [ -46.543443668479867, -23.625510347255155 ], [ -46.54349864519714, -23.625584933982118 ], [ -46.543535694023738, -23.625635136123524 ], [ -46.543572256051348, -23.625685614013044 ], [ -46.543592286482003, -23.625713770457352 ], [ -46.543621798432874, -23.625756461953038 ], [ -46.543636164529893, -23.625777992187697 ], [ -46.543650043803645, -23.625799798179738 ], [ -46.543725257648575, -23.625920148647637 ], [ -46.543814159198327, -23.626062668171915 ], [ -46.543839240094272, -23.62610359761603 ], [ -46.543876031636366, -23.62616527094594 ], [ -46.543912434386115, -23.626227219049269 ], [ -46.543973839209627, -23.626331722832617 ], [ -46.544000340922658, -23.62637679212974 ], [ -46.544099125197377, -23.626534564928022 ], [ -46.544133441549853, -23.626594095502824 ], [ -46.544189656432692, -23.626690613705243 ], [ -46.544197153702157, -23.626703091456463 ], [ -46.544203044835299, -23.626712334218741 ], [ -46.544207536421979, -23.626719242985118 ], [ -46.544214614160502, -23.626729376983999 ], [ -46.544222080728943, -23.626739236197253 ], [ -46.544231230262298, -23.626750523535293 ], [ -46.544245342335344, -23.62676708946152 ], [ -46.544252398902636, -23.62677541757126 ], [ -46.544259358528336, -23.626783836950516 ], [ -46.544274878628833, -23.626803459223581 ], [ -46.544297769430059, -23.626833122267929 ], [ -46.544309506191588, -23.626847725125945 ], [ -46.544321729786155, -23.626862052221714 ], [ -46.544398706994905, -23.626948791321958 ], [ -46.54446634931849, -23.627025147951731 ], [ -46.544518596023586, -23.627084138687277 ], [ -46.544632321853925, -23.627203743961719 ], [ -46.544640653550324, -23.627212149659311 ], [ -46.544648185347533, -23.627219208748212 ], [ -46.544654920422545, -23.627225192111361 ], [ -46.544667095369768, -23.62723536563615 ], [ -46.544676493438111, -23.627242767359544 ], [ -46.544690931959749, -23.627253731086554 ], [ -46.544705565427954, -23.627264602565852 ], [ -46.5447137694741, -23.627270480993666 ], [ -46.544721079854625, -23.627275374966334 ], [ -46.544727499746863, -23.627279555367114 ], [ -46.544733225154019, -23.627283020244153 ], [ -46.544743485119902, -23.627288697587698 ], [ -46.544751469863158, -23.627292591489947 ], [ -46.544757481862128, -23.627295421377966 ], [ -46.544766837570911, -23.62729921132231 ], [ -46.544776481989217, -23.627302546866495 ], [ -46.544786317115253, -23.62730542898667 ], [ -46.544794967747144, -23.62730760046281 ], [ -46.544802632006672, -23.62730923993189 ], [ -46.544815892956812, -23.627311726714801 ], [ -46.544826006200502, -23.627313251489689 ], [ -46.544841122828437, -23.627315177961304 ], [ -46.544856336399164, -23.627317013161186 ], [ -46.544875082269364, -23.627319174401382 ], [ -46.544889211466057, -23.627320478567906 ], [ -46.544899804126459, -23.627321095514564 ], [ -46.544907746503156, -23.62732137763545 ], [ -46.54491362766575, -23.627321409369266 ], [ -46.544922543703699, -23.627321139963417 ], [ -46.544931356443186, -23.62732042006138 ], [ -46.544937718080249, -23.627319634265255 ], [ -46.544949554041899, -23.627317619984968 ], [ -46.544959819857006, -23.627315440731721 ], [ -46.544968613527317, -23.627313095529939 ], [ -46.544976329178475, -23.627310761064212 ], [ -46.544989703503461, -23.627306202923172 ], [ -46.544999656242908, -23.627302401297964 ], [ -46.545014481522593, -23.627296203216062 ], [ -46.545029104441042, -23.627289465319244 ], [ -46.545035731476958, -23.627286238644423 ], [ -46.545047033989377, -23.627280527170353 ], [ -46.545055215278879, -23.627276111051124 ], [ -46.545067384972654, -23.627269126670324 ], [ -46.545073419758793, -23.627265544673264 ], [ -46.545079452425739, -23.627261782087583 ], [ -46.545088988785189, -23.627255907591891 ], [ -46.545096092053399, -23.627251502208022 ], [ -46.545101245882435, -23.627248019289446 ], [ -46.545104839100844, -23.627245184048935 ], [ -46.545107459718736, -23.627242990629991 ], [ -46.545109399622213, -23.62724125551528 ], [ -46.545112013883234, -23.627238520330412 ], [ -46.545114430021918, -23.627235606508943 ], [ -46.545174664467389, -23.627156712220607 ] ] ] } },
{ "type": "Feature", "properties": { "ID": 2801 }, "geometry": { "type": "MultiLineString", "coordinates": [ [ [ -46.545201794805834, -23.627228589937044 ], [ -46.545186343307634, -23.627249369786945 ], [ -46.545169394003253, -23.627269133525488 ], [ -46.545151025348403, -23.627287789665075 ], [ -46.545131322368867, -23.627305251847346 ], [ -46.545110376267637, -23.627321439245939 ], [ -46.54508828400126, -23.627336276927153 ], [ -46.545065147832446, -23.627349696210665 ], [ -46.545041074855988, -23.627361634977888 ], [ -46.54501617650309, -23.627372037967561 ], [ -46.544990568025774, -23.627380857024161 ], [ -46.544964367963054, -23.627388051325045 ], [ -46.544937697592701, -23.627393587568907 ], [ -46.544910680369362, -23.627397440127741 ], [ -46.544883441353193, -23.627399591168871 ], [ -46.544856106631244, -23.62740003073603 ], [ -46.544828802733463, -23.627398756796111 ], [ -46.544801656047191, -23.627395775240668 ], [ -46.544774792231962, -23.627391099876693 ], [ -46.544748335638211, -23.627384752341978 ], [ -46.544722408730657, -23.627376762020393 ], [ -46.544697131522994, -23.627367165896853 ], [ -46.544672621020645, -23.627356008394873 ], [ -46.544648990680479, -23.62734334115698 ], [ -46.544626349884751, -23.627329222820652 ], [ -46.544604803435519, -23.627313718738819 ], [ -46.544585830901312, -23.62729879410783 ], [ -46.544567173743125, -23.627283535708457 ], [ -46.544548838876679, -23.627267949193918 ], [ -46.544530833098186, -23.627252040343212 ], [ -46.544513163082016, -23.627235815053901 ], [ -46.544495835378072, -23.62721927933783 ], [ -46.544478856409384, -23.627202439328276 ], [ -46.544478262147749, -23.627201878814272 ], [ -46.544477627112428, -23.627201357635915 ], [ -46.544476954363226, -23.627200878304805 ], [ -46.544476247142271, -23.627200443132242 ], [ -46.544475508857388, -23.627200054212576 ], [ -46.54447474306663, -23.627199713422257 ], [ -46.544473953459949, -23.627199422403933 ], [ -46.544473143842616, -23.627199182557924 ], [ -46.54447231811578, -23.627198995040342 ], [ -46.544471480258963, -23.627198860754582 ], [ -46.544470634309469, -23.627198780351581 ], [ -46.544469784343832, -23.627198754212728 ], [ -46.544468934458095, -23.62719878246735 ], [ -46.544468088747834, -23.627198864979928 ], [ -46.544467251288154, -23.627199001352487 ], [ -46.544466426114909, -23.62719919092693 ], [ -46.544465617204409, -23.627199432789528 ], [ -46.544464828454963, -23.627199725775423 ], [ -46.544464063667213, -23.627200068473158 ], [ -46.544463326526625, -23.627200459229094 ], [ -46.544462620585584, -23.627200896162719 ], [ -46.544461949245907, -23.627201377168955 ], [ -46.544461315742701, -23.627201899926892 ], [ -46.544460723128566, -23.62720246191941 ], [ -46.544460174259576, -23.62720306043753 ], [ -46.544459671780501, -23.627203692597838 ], [ -46.54445921811277, -23.627204355355524 ], [ -46.544458815442525, -23.627205045513112 ], [ -46.544458465710186, -23.627205759746349 ], [ -46.544458170601153, -23.627206494615152 ], [ -46.544457931537572, -23.627207246574365 ], [ -46.54445774967138, -23.62720801200404 ], [ -46.544457625879012, -23.627208787215924 ], [ -46.544457560757039, -23.627209568470715 ], [ -46.544457554619186, -23.62721035200823 ], [ -46.544457607495019, -23.62721113404746 ], [ -46.544457719129902, -23.627211910823114 ], [ -46.544457888985853, -23.627212678592134 ], [ -46.544458116244122, -23.627213433656195 ], [ -46.544458399809812, -23.627214172371456 ], [ -46.544458738316472, -23.627214891182188 ], [ -46.544478865612319, -23.627254869341026 ], [ -46.544498141243729, -23.62729520221475 ], [ -46.544516557849988, -23.627335874402696 ], [ -46.544534108398338, -23.627376870373261 ], [ -46.54455078618691, -23.62741817447634 ], [ -46.544566584846955, -23.627459770939009 ], [ -46.544581498345323, -23.62750164387981 ] ] ] } },
{ "type": "Feature", "properties": { "ID": 2802 }, "geometry": { "type": "MultiLineString", "coordinates": [ [ [ -46.544475522336981, -23.627531486417336 ], [ -46.544280973288437, -23.627114227996728 ], [ -46.544161832310316, -23.626858767478776 ], [ -46.543899939703365, -23.626423846887757 ], [ -46.54389634179752, -23.626417922571026 ], [ -46.543651743827233, -23.626011726919096 ], [ -46.543511143654165, -23.625789982429737 ], [ -46.543380550538039, -23.625610852464529 ], [ -46.543331200516803, -23.625548039664057 ], [ -46.54332842158469, -23.625545087246874 ] ] ] } },
{ "type": "Feature", "properties": { "ID": 2803 }, "geometry": { "type": "MultiLineString", "coordinates": [ [ [ -46.535094245690182, -23.638328257836825 ], [ -46.535093867558622, -23.638328409909558 ], [ -46.535093479707747, -23.638328539556476 ], [ -46.535093083703302, -23.638328646246599 ], [ -46.535092681143631, -23.638328729553955 ], [ -46.535092273654172, -23.638328789142715 ], [ -46.535091862879689, -23.638328824770536 ], [ -46.535091450478411, -23.638328836296122 ], [ -46.535091038115155, -23.638328823668552 ], [ -46.535090627454657, -23.638328786942392 ], [ -46.535090220154679, -23.638328726262703 ], [ -46.535089817859458, -23.638328641879117 ], [ -46.53508942219289, -23.638328534127581 ], [ -46.53508903475241, -23.638328403446579 ] ] ] } },
{ "type": "Feature", "properties": { "ID": 2804 }, "geometry": { "type": "MultiLineString", "coordinates": [ [ [ -46.535320547308864, -23.63812712127768 ], [ -46.535331996703825, -23.63813893604652 ], [ -46.53534388885538, -23.638150373582267 ], [ -46.535356209129283, -23.638161419811389 ], [ -46.535368942365352, -23.638172061139958 ], [ -46.53538207289435, -23.63818228447537 ], [ -46.535395584558159, -23.63819207723694 ], [ -46.535409460729937, -23.63820142737001 ] ] ] } },
{ "type": "Feature", "properties": { "ID": 3544 }, "geometry": { "type": "MultiLineString", "coordinates": [ [ [ -46.515420168805385, -23.664717395333373 ], [ -46.515414189380422, -23.664729684612709 ], [ -46.51540794584443, -23.66474186194915 ], [ -46.515401440666018, -23.66475392252913 ], [ -46.515394676417522, -23.664765861585366 ], [ -46.515387655773651, -23.664777674398021 ], [ -46.51538038151002, -23.664789356292584 ], [ -46.515372856502765, -23.664800902648295 ] ] ] } },
{ "type": "Feature", "properties": { "ID": 3545 }, "geometry": { "type": "MultiLineString", "coordinates": [ [ [ -46.515215155204778, -23.66453226127291 ], [ -46.515214979881947, -23.664532762064731 ], [ -46.515214836525168, -23.664533271414161 ], [ -46.515214725621298, -23.664533787590017 ], [ -46.515214647546621, -23.664534308839279 ], [ -46.515214602566473, -23.664534833391702 ], [ -46.515214590833622, -23.664535359466292 ], [ -46.515214612387787, -23.664535885279882 ], [ -46.515214613943904, -23.664535935978474 ], [ -46.515217359624984, -23.66454951471253 ], [ -46.515218998262448, -23.664563244234554 ], [ -46.515219520729921, -23.664577048085707 ], [ -46.515218924117335, -23.664590849386613 ], [ -46.515217211747313, -23.664604571275522 ], [ -46.515214393155823, -23.664618137330486 ], [ -46.515210484040075, -23.664631471993484 ] ] ] } },
{ "type": "Feature", "properties": { "ID": 3546 }, "geometry": { "type": "MultiLineString", "coordinates": [ [ [ -46.515355495726951, -23.664695729296309 ], [ -46.515351990280642, -23.664702877109367 ], [ -46.515348385999843, -23.664709983094731 ], [ -46.515344683472655, -23.664717046097259 ], [ -46.515340883303182, -23.664724064964524 ], [ -46.515336986111819, -23.664731038551498 ], [ -46.515332992533786, -23.664737965718398 ], [ -46.515328903220727, -23.664744845333267 ], [ -46.515328986207756, -23.664744867629931 ], [ -46.51532614124816, -23.664749203463494 ], [ -46.515322974907072, -23.664753345979268 ], [ -46.515319502605095, -23.664757274994347 ], [ -46.515315741253382, -23.664760971378229 ], [ -46.515311709170561, -23.664764417128822 ], [ -46.515307425994095, -23.664767595461615 ], [ -46.515302912584211, -23.664770490901727 ] ] ] } },
{ "type": "Feature", "properties": { "ID": 3547 }, "geometry": { "type": "MultiLineString", "coordinates": [ [ [ -46.515203690162451, -23.664743711432731 ], [ -46.515205434771524, -23.664741787809952 ], [ -46.515207030343895, -23.664739757376907 ], [ -46.515208469196196, -23.664737629907936 ], [ -46.515209744399662, -23.664735415647154 ], [ -46.515210849813492, -23.664733125260526 ], [ -46.515211780114612, -23.664730769775261 ], [ -46.515212530823199, -23.664728360534735 ], [ -46.515212615526771, -23.66472830585646 ], [ -46.515222018949196, -23.664693536654145 ] ] ] } },
{ "type": "Feature", "properties": { "ID": 3548 }, "geometry": { "type": "MultiLineString", "coordinates": [ [ [ -46.515523527903589, -23.664634740599389 ], [ -46.515524212391348, -23.664634292730412 ], [ -46.515524898905092, -23.664633847501428 ], [ -46.515525587432855, -23.664633404918231 ], [ -46.515526277962593, -23.664632964988435 ], [ -46.515526970482306, -23.664632527722951 ], [ -46.515527664979743, -23.664632093122961 ], [ -46.515528361443103, -23.664631661204531 ] ] ] } },
{ "type": "Feature", "properties": { "ID": 3549 }, "geometry": { "type": "MultiLineString", "coordinates": [ [ [ -46.515424298110084, -23.664708504652701 ], [ -46.515423716653409, -23.664709778060526 ], [ -46.515423132378096, -23.66471105037602 ], [ -46.515422545286235, -23.664712321588713 ], [ -46.515421955380582, -23.664713591697495 ], [ -46.515421362663389, -23.664714860695891 ], [ -46.515420767137051, -23.664716128574192 ], [ -46.515420168804376, -23.664717395335458 ] ] ] } },
{ "type": "Feature", "properties": { "ID": 3550 }, "geometry": { "type": "MultiLineString", "coordinates": [ [ [ -46.515484591501725, -23.664601386333263 ], [ -46.515483368223521, -23.664601006948086 ], [ -46.515482120512296, -23.664600702464011 ], [ -46.515480853767031, -23.664600474194419 ], [ -46.5154795734692, -23.664600323131001 ], [ -46.515478285158736, -23.664600249926846 ], [ -46.515476994410257, -23.6646002548956 ], [ -46.515475706809468, -23.66460033802138 ], [ -46.515474427927529, -23.664600498939659 ], [ -46.515473163298637, -23.6646007369547 ], [ -46.515471918395136, -23.664601051037639 ], [ -46.515470698603629, -23.664601439831056 ], [ -46.515469509202475, -23.664601901649153 ], [ -46.515468355338321, -23.664602434495251 ], [ -46.515467242004398, -23.664603036066268 ], [ -46.515466174017867, -23.664603703752949 ], [ -46.515465156000474, -23.664604434672402 ], [ -46.515464192357086, -23.664605225657457 ], [ -46.515463287257539, -23.664606073287061 ], [ -46.515462444618521, -23.664606973892859 ], [ -46.515461668086168, -23.664607923578789 ], [ -46.515460961020615, -23.664608918236272 ], [ -46.51546032648136, -23.664609953557285 ], [ -46.515459767214516, -23.664611025067856 ], [ -46.515459285639778, -23.664612128124947 ], [ -46.51545888384112, -23.664613257959932 ], [ -46.515458857589991, -23.664613341657656 ], [ -46.515458831777202, -23.664613425466573 ], [ -46.515458806403153, -23.664613509389625 ], [ -46.515458781468716, -23.664613593427866 ], [ -46.51545875697439, -23.664613677574838 ], [ -46.515458732920493, -23.664613761829447 ], [ -46.515458709308028, -23.664613846188168 ], [ -46.515454733156602, -23.664627641742335 ], [ -46.515450440308342, -23.664641356535814 ], [ -46.515445832693409, -23.664654984399863 ], [ -46.515440912383866, -23.664668519209233 ], [ -46.51543568159228, -23.664681954874972 ], [ -46.51543014267039, -23.664695285353059 ], [ -46.515424298109366, -23.664708504654332 ] ] ] } },
{ "type": "Feature", "properties": { "ID": 3551 }, "geometry": { "type": "MultiLineString", "coordinates": [ [ [ -46.515210484039805, -23.664631471994298 ], [ -46.515209793926076, -23.664633479047765 ], [ -46.51520907907566, -23.664635478741015 ], [ -46.515208339580923, -23.664637470814515 ], [ -46.515207575537879, -23.664639455016474 ], [ -46.515206787045337, -23.664641431085411 ], [ -46.515205974204818, -23.664643398767353 ], [ -46.515205137121725, -23.664645357805536 ] ] ] } },
{ "type": "Feature", "properties": { "ID": 3552 }, "geometry": { "type": "MultiLineString", "coordinates": [ [ [ -46.515327576763454, -23.66467363051893 ], [ -46.515344537043305, -23.664631021146576 ], [ -46.5153445380842, -23.664631111441651 ], [ -46.515346597937651, -23.664626446277374 ], [ -46.515349004687138, -23.66462192419333 ], [ -46.515351746701995, -23.664617567049827 ], [ -46.515354810731829, -23.664613395900769 ], [ -46.515358181970093, -23.664609430901372 ], [ -46.515361844124975, -23.66460569121266 ], [ -46.51536577949939, -23.664602194905711 ], [ -46.515365773866492, -23.664602186660577 ], [ -46.515366299796774, -23.664601784529136 ], [ -46.515366854826354, -23.664601417078046 ], [ -46.515367436265514, -23.664601086082378 ], [ -46.515368041296547, -23.664600793148946 ], [ -46.515368666987307, -23.664600539696231 ], [ -46.515369310305786, -23.664600326953117 ], [ -46.515369968134259, -23.66460015595128 ], [ -46.515370637284995, -23.664600027518507 ], [ -46.515371314515313, -23.664599942276457 ], [ -46.51537199654301, -23.664599900638319 ], [ -46.515372680063017, -23.664599902806504 ], [ -46.515373361763132, -23.664599948772505 ], [ -46.51537403833963, -23.664600038310269 ], [ -46.515374706513697, -23.664600170986791 ], [ -46.515375363047504, -23.664600346159858 ], [ -46.515376004759283, -23.664600562979984 ], [ -46.515376628539308, -23.66460082039891 ], [ -46.515377231364667, -23.664601117165127 ], [ -46.515377810313986, -23.664601451840994 ], [ -46.515378362581743, -23.66460182280904 ], [ -46.515378885491451, -23.664602228265331 ], [ -46.515379376509166, -23.664602666249547 ], [ -46.515379833255373, -23.664603134638391 ], [ -46.515380253516717, -23.664603631160499 ], [ -46.515380635256257, -23.664604153411474 ], [ -46.515380976624463, -23.664604698858049 ], [ -46.515381275966625, -23.664605264859553 ], [ -46.515381531832524, -23.66460584867211 ], [ -46.515381742981965, -23.664606447466912 ], [ -46.515381908391667, -23.664607058339815 ], [ -46.515382027260252, -23.664607678333226 ], [ -46.515382013492683, -23.664607626761537 ], [ -46.515382565533798, -23.664612347124354 ], [ -46.515382778313352, -23.664617090747317 ], [ -46.515382650904165, -23.66462183696548 ], [ -46.515382183861732, -23.664626565105227 ], [ -46.515381379220493, -23.664631254570011 ], [ -46.515380240485314, -23.6646358849287 ], [ -46.515378772616721, -23.664640436012292 ], [ -46.515378764203767, -23.664640439370849 ], [ -46.515376362560303, -23.664646948953177 ], [ -46.515373882967246, -23.664653433692912 ], [ -46.515371325727202, -23.66465989279785 ], [ -46.515368691152617, -23.664666325480162 ], [ -46.515365979565054, -23.664672730955129 ], [ -46.515363191295727, -23.664679108439039 ], [ -46.515360326685034, -23.664685457153386 ] ] ] } },
{ "type": "Feature", "properties": { "ID": 3553 }, "geometry": { "type": "MultiLineString", "coordinates": [ [ [ -46.5152380278385, -23.664641395471708 ], [ -46.515237373607263, -23.664643317148936 ], [ -46.515236723930201, -23.664645240135698 ], [ -46.515236078810744, -23.664647164423538 ], [ -46.515235438251871, -23.664649090002747 ], [ -46.515234802257027, -23.664651016868962 ], [ -46.515234170828514, -23.664652945006033 ], [ -46.515233543969728, -23.664654874407525 ] ] ] } },
{ "type": "Feature", "properties": { "ID": 3554 }, "geometry": { "type": "MultiLineString", "coordinates": [ [ [ -46.515205137121612, -23.664645357805902 ], [ -46.515200420478855, -23.664655351359826 ], [ -46.515195073603032, -23.664665071972024 ], [ -46.515189115022054, -23.664674485950407 ], [ -46.515182565383697, -23.664683560682132 ], [ -46.515175447383754, -23.664692264714194 ], [ -46.515167785687559, -23.66470056788874 ], [ -46.515159606844719, -23.664708441434367 ], [ -46.515150939196666, -23.664715858062809 ], [ -46.515141812778872, -23.664722792078546 ] ] ] } },
{ "type": "Feature", "properties": { "ID": 3555 }, "geometry": { "type": "MultiLineString", "coordinates": [ [ [ -46.51532309838035, -23.664684872177009 ], [ -46.515327576763454, -23.66467363051893 ] ] ] } },
{ "type": "Feature", "properties": { "ID": 3556 }, "geometry": { "type": "MultiLineString", "coordinates": [ [ [ -46.515630954285776, -23.664670440669955 ], [ -46.515641475518535, -23.664669266611821 ], [ -46.515652061230782, -23.664668793574684 ], [ -46.515662656439908, -23.664669024013754 ], [ -46.515673206114393, -23.664669956733071 ], [ -46.515683655459441, -23.664671586890357 ], [ -46.515693950200664, -23.664673906011469 ], [ -46.515704036867383, -23.664676902059497 ], [ -46.515715119776786, -23.664680676486398 ] ] ] } },
{ "type": "Feature", "properties": { "ID": 3557 }, "geometry": { "type": "MultiLineString", "coordinates": [ [ [ -46.520028884605338, -23.652241131325432 ], [ -46.519982561232794, -23.652253596195251 ] ] ] } },
{ "type": "Feature", "properties": { "ID": 3558 }, "geometry": { "type": "MultiLineString", "coordinates": [ [ [ -46.519721468970765, -23.652318737885309 ], [ -46.519694744574686, -23.652322070283947 ] ] ] } },
{ "type": "Feature", "properties": { "ID": 3559 }, "geometry": { "type": "MultiLineString", "coordinates": [ [ [ -46.520044896162624, -23.652455991267516 ], [ -46.520013574060421, -23.652451692858065 ], [ -46.519982088134483, -23.652433218113721 ], [ -46.519963636932943, -23.65240594623263 ], [ -46.519949755124195, -23.652366889850025 ], [ -46.519940232119311, -23.652323275457466 ], [ -46.519948427067419, -23.652285899000873 ], [ -46.519969142794714, -23.652263119531618 ], [ -46.519982561232794, -23.652253596195251 ] ] ] } },
{ "type": "Feature", "properties": { "ID": 3560 }, "geometry": { "type": "MultiLineString", "coordinates": [ [ [ -46.520044896162624, -23.652455991267516 ], [ -46.520102175055555, -23.652441432219302 ] ] ] } },
{ "type": "Feature", "properties": { "ID": 3561 }, "geometry": { "type": "MultiLineString", "coordinates": [ [ [ -46.519721468970765, -23.652318737885309 ], [ -46.51975238642936, -23.652321956659168 ], [ -46.519774477832541, -23.652333389444479 ], [ -46.5197967361742, -23.652359269441561 ], [ -46.519812680563277, -23.652398666837431 ], [ -46.519824251607595, -23.652449846804455 ], [ -46.519816276602512, -23.652480809421196 ], [ -46.519789685830837, -23.652512677009138 ], [ -46.519774381987943, -23.652520232099349 ] ] ] } },
{ "type": "Feature", "properties": { "ID": 3562 }, "geometry": { "type": "MultiLineString", "coordinates": [ [ [ -46.519774381987943, -23.652520232099349 ], [ -46.519771841771984, -23.652520979448578 ] ] ] } },
{ "type": "Feature", "properties": { "ID": 3563 }, "geometry": { "type": "MultiLineString", "coordinates": [ [ [ -46.526067150207304, -23.648232212771088 ], [ -46.526037176383504, -23.648251110705171 ] ] ] } },
{ "type": "Feature", "properties": { "ID": 3564 }, "geometry": { "type": "MultiLineString", "coordinates": [ [ [ -46.526032003105129, -23.648333567866583 ], [ -46.526029150751462, -23.648330883352369 ], [ -46.526026507243834, -23.648328023172056 ], [ -46.526024085297358, -23.648325001076437 ], [ -46.526021896561772, -23.648321831607682 ], [ -46.526019951564777, -23.648318530007973 ], [ -46.52601825966191, -23.648315112158635 ], [ -46.526016828991189, -23.648311594497724 ], [ -46.526015666434169, -23.648307993947128 ], [ -46.526014777582795, -23.648304327826878 ], [ -46.526014166712258, -23.648300613769202 ], [ -46.526013836761074, -23.648296869639125 ], [ -46.526013789316067, -23.648293113446282 ], [ -46.526014024605466, -23.648289363256769 ], [ -46.526014541497538, -23.648285637109126 ], [ -46.526015337506124, -23.648281952928244 ], [ -46.526016408802306, -23.648278328434717 ], [ -46.526017750233024, -23.648274781060792 ], [ -46.526019355345966, -23.648271327868244 ], [ -46.526021216420645, -23.648267985470579 ], [ -46.52602332450509, -23.648264769944397 ], [ -46.526025669459486, -23.648261696753618 ], [ -46.526028240004472, -23.648258780680106 ], [ -46.526031023775857, -23.648256035755271 ], [ -46.526034007383515, -23.64825347517667 ], [ -46.526037176476258, -23.648251111263697 ] ] ] } },
{ "type": "Feature", "properties": { "ID": 3565 }, "geometry": { "type": "MultiLineString", "coordinates": [ [ [ -46.526190335847332, -23.648423350103506 ], [ -46.526160954300707, -23.64844260345194 ], [ -46.526150467836629, -23.648451285681912 ] ] ] } },
{ "type": "Feature", "properties": { "ID": 3566 }, "geometry": { "type": "MultiLineString", "coordinates": [ [ [ -46.526032003105996, -23.648333567867297 ], [ -46.526045567770673, -23.648346385979373 ], [ -46.526058079727953, -23.648360082675044 ], [ -46.526069472118905, -23.648374584766614 ], [ -46.52607968406739, -23.64838981475954 ], [ -46.52608866100509, -23.648405691274483 ], [ -46.526096354962256, -23.648422129470717 ], [ -46.526102724825293, -23.648439041509487 ] ] ] } },
{ "type": "Feature", "properties": { "ID": 3567 }, "geometry": { "type": "MultiLineString", "coordinates": [ [ [ -46.526102724825044, -23.648439041508766 ], [ -46.526103387254324, -23.648440810845241 ], [ -46.526104180682381, -23.648442533841973 ], [ -46.526105101323814, -23.648444202272699 ], [ -46.526106144786951, -23.648445808185333 ], [ -46.526107306094183, -23.64844734391561 ], [ -46.526108579705472, -23.648448802137445 ], [ -46.526109959545053, -23.648450175893871 ], [ -46.526111439030878, -23.648451458633399 ], [ -46.526113011105018, -23.648452644235505 ], [ -46.526114668267972, -23.648453727046927 ], [ -46.526116402614498, -23.648454701898526 ], [ -46.526118205871015, -23.648455564141518 ], [ -46.526120069435336, -23.648456309662155 ], [ -46.526121984417571, -23.64845693490501 ], [ -46.526123941682314, -23.648457436887622 ], [ -46.526125931892679, -23.648457813212993 ], [ -46.526127945554585, -23.64845806208853 ], [ -46.526129973062083, -23.64845818232774 ], [ -46.526132004743111, -23.64845817335193 ], [ -46.526134030905666, -23.648458035209163 ], [ -46.526136041884271, -23.648457768556533 ], [ -46.526138028085732, -23.648457374666204 ], [ -46.526139980034877, -23.64845685541632 ], [ -46.526141888420291, -23.648456213286277 ], [ -46.52614374413811, -23.648455451336908 ], [ -46.526145538335996, -23.64845457320358 ], [ -46.526147262454622, -23.648453583075323 ], [ -46.526148908269505, -23.648452485674003 ], [ -46.52615046792944, -23.648451286240345 ] ] ] } },
{ "type": "Feature", "properties": { "ID": 3568 }, "geometry": { "type": "MultiLineString", "coordinates": [ [ [ -46.525807361233284, -23.648374029423646 ], [ -46.525817959871503, -23.648371688555844 ], [ -46.525828711624072, -23.648370043724274 ], [ -46.525839562697207, -23.648369103149751 ], [ -46.525850458800505, -23.648368871544601 ], [ -46.525861345418164, -23.648369350066563 ], [ -46.525872168081968, -23.648370536321472 ], [ -46.525882872643571, -23.648372424372447 ], [ -46.525893405545439, -23.648375004775939 ], [ -46.525903714089139, -23.648378264617882 ], [ -46.525913746698464, -23.648382187590727 ], [ -46.525923453177946, -23.648386754068454 ], [ -46.525932784963757, -23.648391941198796 ], [ -46.525941695366647, -23.648397723036489 ], [ -46.525950139805772, -23.6484040706465 ], [ -46.525958076031635, -23.64841095227618 ], [ -46.525965464336998, -23.648418333491026 ], [ -46.525972267756579, -23.64842617736215 ], [ -46.525978452251124, -23.648434444645343 ], [ -46.525983986878089, -23.648443093977452 ], [ -46.525988843945974, -23.648452082081558 ], [ -46.525992999153779, -23.648461363991672 ], [ -46.525996431711661, -23.648470893266872 ], [ -46.525999124445825, -23.648480622227055 ], [ -46.52600106388342, -23.648490502199735 ], [ -46.526002240321006, -23.648500483751899 ], [ -46.526002647872168, -23.648510516941425 ], [ -46.526002284497807, -23.648520551572993 ], [ -46.526001152015901, -23.648530537437008 ], [ -46.525999256092057, -23.648540424574477 ], [ -46.525996606212168, -23.64855016351629 ], [ -46.525993215633989, -23.648559705536673 ], [ -46.52598910132135, -23.648569002893915 ], [ -46.525984283858932, -23.648578009072619 ] ] ] } },
{ "type": "Feature", "properties": { "ID": 3569 }, "geometry": { "type": "MultiLineString", "coordinates": [ [ [ -46.525084050863896, -23.648835337113109 ], [ -46.525078409654064, -23.648844189274282 ], [ -46.525073446895597, -23.648853379812365 ], [ -46.525069186379113, -23.648862864660845 ], [ -46.525065648529029, -23.648872598356501 ], [ -46.525062850305282, -23.648882534236478 ], [ -46.525060805122266, -23.648892624668427 ], [ -46.525059522784346, -23.648902821280394 ], [ -46.525059009439424, -23.648913075195985 ], [ -46.525059267548109, -23.648923337254242 ], [ -46.525060295873423, -23.648933558261703 ], [ -46.525062089486013, -23.64894368922268 ], [ -46.525064639787757, -23.648953681567278 ], [ -46.525067934552823, -23.648963487398582 ], [ -46.525071957987038, -23.648973059705224 ], [ -46.525076690802685, -23.648982352599635 ], [ -46.525082110311757, -23.648991321534591 ], [ -46.525088190533779, -23.648999923513156 ], [ -46.525094902321307, -23.649008117298425 ], [ -46.525102213499345, -23.649015863610273 ], [ -46.52511008901903, -23.649023125317591 ], [ -46.52511849112657, -23.64902986760454 ], [ -46.525127379543378, -23.649036058151857 ], [ -46.525136711659989, -23.649041667281281 ], [ -46.525146442739704, -23.649046668106493 ], [ -46.525156526132932, -23.649051036651507 ], [ -46.525166913501543, -23.64905475197553 ], [ -46.525177555050057, -23.649057796267591 ], [ -46.525188399764282, -23.649060154932425 ], [ -46.525199395656472, -23.649061816665611 ], [ -46.525210490013833, -23.649062773498486 ], [ -46.525221629651547, -23.649063020846217 ], [ -46.525232761167985, -23.6490625575215 ], [ -46.525243831200129, -23.64906138574722 ] ] ] } },
{ "type": "Feature", "properties": { "ID": 3570 }, "geometry": { "type": "MultiLineString", "coordinates": [ [ [ -46.524952359951889, -23.649001746786727 ], [ -46.525035178259891, -23.649135577129517 ] ] ] } },
{ "type": "Feature", "properties": { "ID": 3571 }, "geometry": { "type": "MultiLineString", "coordinates": [ [ [ -46.524952360044821, -23.649001747345707 ], [ -46.524950996272011, -23.648999694680665 ], [ -46.524949487020244, -23.648997730314342 ], [ -46.524947839001086, -23.648995862977102 ], [ -46.524946059543517, -23.648994100977557 ], [ -46.524944156561027, -23.648992452151333 ], [ -46.524942138516181, -23.648990923828144 ], [ -46.524940014383525, -23.648989522807248 ], [ -46.524937793609219, -23.648988255314919 ], [ -46.524935486069268, -23.648987126994005 ], [ -46.524933102025471, -23.648986142857023 ], [ -46.524930652079817, -23.64898530728447 ], [ -46.524928147127589, -23.648984623988664 ], [ -46.524925598308286, -23.648984096009912 ], [ -46.524923016956862, -23.648983725697644 ], [ -46.524920414552746, -23.648983514695814 ], [ -46.524917802669172, -23.648983463943413 ], [ -46.524915192921362, -23.648983573668517 ], [ -46.524912596914888, -23.648983843380165 ], [ -46.524910026194696, -23.648984271879669 ], [ -46.524907492192817, -23.64898485726324 ], [ -46.524905006178159, -23.648985596926803 ], [ -46.524902579206454, -23.648986487579407 ], [ -46.524900222070364, -23.648987525264165 ], [ -46.524897945252484, -23.648988705359809 ], [ -46.52489575887796, -23.648990022624822 ] ] ] } },
{ "type": "Feature", "properties": { "ID": 3572 }, "geometry": { "type": "MultiLineString", "coordinates": [ [ [ -46.525035178352645, -23.649135577688138 ], [ -46.525036136266237, -23.649137278758147 ], [ -46.525036961938035, -23.649139037676939 ], [ -46.525037651278744, -23.649140845730198 ], [ -46.525038200874988, -23.649142693972212 ], [ -46.525038608004792, -23.649144573241678 ], [ -46.525038870651656, -23.649146474235742 ], [ -46.525038987515039, -23.649148387539043 ], [ -46.525038958016161, -23.64915030367527 ], [ -46.525038782300939, -23.649152213156697 ], [ -46.52503846123976, -23.649154106525035 ], [ -46.525037996422462, -23.649155974403232 ], [ -46.525037390151226, -23.649157807542839 ], [ -46.525036645428393, -23.649159596865086 ], [ -46.525035765942178, -23.649161333506218 ], [ -46.525034756048207, -23.649163008867184 ], [ -46.525033620747891, -23.649164614650473 ], [ -46.525032365663712, -23.649166142905564 ], [ -46.525030997011228, -23.649167586061502 ], [ -46.52502952156879, -23.649168936973453 ], [ -46.525027946643249, -23.649170188947867 ], [ -46.525026280034098, -23.649171335785766 ] ] ] } },
{ "type": "Feature", "properties": { "ID": 3573 }, "geometry": { "type": "MultiLineString", "coordinates": [ [ [ -46.524870655199628, -23.649006253027792 ], [ -46.524895758785249, -23.648990022066108 ] ] ] } },
{ "type": "Feature", "properties": { "ID": 3574 }, "geometry": { "type": "MultiLineString", "coordinates": [ [ [ -46.525026279941756, -23.649171335226782 ], [ -46.524993193220155, -23.649192340615656 ] ] ] } },
{ "type": "Feature", "properties": { "ID": 3575 }, "geometry": { "type": "MultiLineString", "coordinates": [ [ [ -46.534566856768599, -23.638884188456117 ], [ -46.534563944870165, -23.638886655508699 ], [ -46.534553650476404, -23.638894884836251 ], [ -46.534548695089491, -23.638898636381562 ], [ -46.534539261735439, -23.638905051086574 ], [ -46.534530794802556, -23.638910282261879 ], [ -46.534523296396721, -23.63891451049691 ], [ -46.534516572602101, -23.63891791832085 ], [ -46.534504483477534, -23.638923546559269 ], [ -46.534495216663885, -23.638927431072382 ], [ -46.534480968140599, -23.638932809762441 ], [ -46.534466323361727, -23.638937831152216 ], [ -46.534456360995264, -23.638940909800336 ], [ -46.534447663294848, -23.638943163188259 ], [ -46.534439940439064, -23.63894495540411 ], [ -46.53443319242804, -23.638946286448043 ], [ -46.534427322303721, -23.638947247584682 ], [ -46.534416946837872, -23.638948524217142 ], [ -46.53440921029614, -23.638949142601131 ], [ -46.534403429760765, -23.638949380410047 ], [ -46.534394803752264, -23.638949375459415 ], [ -46.534386173533015, -23.638949009329757 ], [ -46.534374888599082, -23.638947947027166 ], [ -46.534365069617493, -23.638946508998306 ], [ -46.534356426766429, -23.638945059331324 ], [ -46.534348957940509, -23.638943417437101 ], [ -46.53433588354811, -23.638940205516626 ], [ -46.534326048777721, -23.638937413065683 ], [ -46.534318669542287, -23.638935047843152 ], [ -46.534307744021639, -23.638931182522821 ], [ -46.534296814291118, -23.638926956023042 ], [ -46.534284599894072, -23.638921839182878 ], [ -46.534274350977846, -23.638917154420056 ], [ -46.534265578540534, -23.638912996878407 ], [ -46.534250686275563, -23.63890519737889 ], [ -46.534239732339415, -23.638898894098105 ], [ -46.534231734517753, -23.638893916145012 ], [ -46.534219684570687, -23.638886088520607 ], [ -46.534207822226165, -23.638877536598788 ], [ -46.534197831561563, -23.638869778903643 ], [ -46.534189517607281, -23.638862907669623 ], [ -46.534182583172871, -23.638856654922105 ], [ -46.534176735278209, -23.638851113865009 ], [ -46.534171873807175, -23.638846104878837 ], [ -46.534163631553341, -23.638836975307473 ], [ -46.534157764714941, -23.638829808945964 ], [ -46.534153581953248, -23.638824161108978 ], [ -46.534147500149146, -23.638815371382734 ], [ -46.534141608052359, -23.638806037948928 ], [ -46.534134902400169, -23.63879418402199 ], [ -46.534129586792268, -23.638783851528711 ], [ -46.534125460996634, -23.638774681229926 ], [ -46.534122230980692, -23.638766676034699 ], [ -46.534119795575954, -23.638759566028721 ], [ -46.534117861802557, -23.638753444415766 ], [ -46.534115186172315, -23.638742543973709 ], [ -46.534113718245784, -23.638734340735589 ], [ -46.534112960601604, -23.638728207486874 ], [ -46.534112362141904, -23.638718911986192 ], [ -46.534112448704725, -23.638709519403523 ], [ -46.534112772335895, -23.638703646372814 ] ] ] } },
{ "type": "Feature", "properties": { "ID": 3576 }, "geometry": { "type": "MultiLineString", "coordinates": [ [ [ -46.53440146840093, -23.639117457514338 ], [ -46.534406471281187, -23.639109370861117 ], [ -46.534412578708164, -23.639095132534806 ], [ -46.534407122946185, -23.6390811892377 ], [ -46.534390516043835, -23.639069252687108 ], [ -46.534343513119971, -23.639056533236047 ], [ -46.534279215017001, -23.639040101776903 ], [ -46.534209500135574, -23.639013067886616 ], [ -46.534176238896258, -23.638993529850723 ], [ -46.534150189424025, -23.63897039856133 ], [ -46.534108562804803, -23.638931166464069 ], [ -46.534082612550748, -23.638899726115017 ], [ -46.534069380166486, -23.638891368346105 ], [ -46.534060180830103, -23.638892633319372 ], [ -46.534051158438366, -23.63890066942119 ], [ -46.534047356798887, -23.638919309872282 ] ] ] } },
{ "type": "Feature", "properties": { "ID": 3577 }, "geometry": { "type": "MultiLineString", "coordinates": [ [ [ -46.534817188897485, -23.637361335177843 ], [ -46.534823174946453, -23.637353509697917 ], [ -46.534827042687169, -23.637348956165166 ] ] ] } },
{ "type": "Feature", "properties": { "ID": 3578 }, "geometry": { "type": "MultiLineString", "coordinates": [ [ [ -46.535180984006679, -23.637512811194053 ], [ -46.535180323665507, -23.637517770202415 ], [ -46.535179679785408, -23.637522731048609 ], [ -46.535179052372222, -23.637527693684582 ], [ -46.535178441431988, -23.637532658063996 ], [ -46.535177846970335, -23.637537624143722 ], [ -46.535177268992655, -23.637542591873117 ], [ -46.535176707504753, -23.6375475612084 ] ] ] } },
{ "type": "Feature", "properties": { "ID": 3580 }, "geometry": { "type": "MultiLineString", "coordinates": [ [ [ -46.535176707504753, -23.637547561208322 ], [ -46.535176614605184, -23.637548182387885 ], [ -46.535176475137192, -23.63754879612824 ], [ -46.535176289773176, -23.637549399471641 ], [ -46.535176059407299, -23.637549989508013 ], [ -46.535175785150372, -23.637550563396193 ], [ -46.535175468324667, -23.637551118365035 ], [ -46.535175110457892, -23.637551651738281 ], [ -46.535174713275907, -23.637552160947486 ], [ -46.535174278693667, -23.637552643532146 ], [ -46.535173808806825, -23.63755309716991 ], [ -46.535173305881102, -23.637553519670249 ], [ -46.535172772341667, -23.637553908998214 ], [ -46.535172210761246, -23.637554263274559 ], [ -46.535171623847667, -23.637554580793125 ], [ -46.5351710144311, -23.637554860018749 ], [ -46.535170385450144, -23.637555099608999 ], [ -46.535169739937622, -23.637555298407797 ], [ -46.535169081006465, -23.63755545545639 ], [ -46.535168411833595, -23.63755556999558 ], [ -46.535167735646162, -23.637555641476695 ], [ -46.535167055704306, -23.637555669550959 ], [ -46.53516637528719, -23.637555654086881 ], [ -46.53516569767536, -23.637555595155334 ], [ -46.535165026136376, -23.637555493044751 ], [ -46.535164363908429, -23.637555348241975 ], [ -46.53516371418479, -23.637555161451729 ], [ -46.535163080098286, -23.637554933568801 ], [ -46.535162464706573, -23.637554665695436 ], [ -46.535161870977092, -23.637554359122042 ], [ -46.535161301772526, -23.637554015327432 ], [ -46.535160759838064, -23.637553635971319 ], [ -46.535160247786571, -23.637553222878388 ], [ -46.53515976808692, -23.637552778043137 ] ] ] } },
{ "type": "Feature", "properties": { "ID": 3375 }, "geometry": { "type": "MultiLineString", "coordinates": [ [ [ -46.52613067373067, -23.662399375641062 ], [ -46.526130784337653, -23.662400458212101 ], [ -46.526130898089207, -23.662401811667255 ], [ -46.526131008696197, -23.662402894238308 ], [ -46.526131213139138, -23.662403614664985 ], [ -46.526131421774856, -23.662404696270436 ], [ -46.526131827516195, -23.662405866239865 ], [ -46.526132331286256, -23.662407035243611 ], [ -46.526132735979409, -23.662408114918041 ], [ -46.526133738278617, -23.662410001452105 ], [ -46.526134640452746, -23.662411708362125 ], [ -46.526135538434126, -23.662413054093282 ], [ -46.526137135194908, -23.662415476602586 ], [ -46.526139724821363, -23.662418972993279 ], [ -46.526142412476666, -23.662422468418491 ], [ -46.526148487615515, -23.662430626341401 ], [ -46.526151671704234, -23.662434658707046 ], [ -46.526153263224565, -23.662436629742569 ], [ -46.52615763518876, -23.662441643763863 ] ] ] } },
{ "type": "Feature", "properties": { "ID": 3376 }, "geometry": { "type": "MultiLineString", "coordinates": [ [ [ -46.526129302469606, -23.662365705368948 ], [ -46.526128525577413, -23.662366345155856 ] ] ] } },
{ "type": "Feature", "properties": { "ID": 3377 }, "geometry": { "type": "MultiLineString", "coordinates": [ [ [ -46.526133873632361, -23.662370988344239 ], [ -46.526133680719546, -23.662371261159372 ], [ -46.526133198961617, -23.662371988344525 ], [ -46.526132813135987, -23.662372533974779 ], [ -46.526132239638493, -23.662373803893669 ], [ -46.526131762073291, -23.662374892257667 ], [ -46.52613138148859, -23.662375889361329 ], [ -46.526131097884395, -23.66237679520502 ], [ -46.526130724637007, -23.662378424371738 ], [ -46.526130444177369, -23.66237960109946 ], [ -46.52613026908373, -23.66238140892472 ], [ -46.526130093990098, -23.662383216749806 ], [ -46.526130012732402, -23.662384662430721 ], [ -46.526130043129854, -23.662387280977317 ], [ -46.526130066190007, -23.662389267460867 ], [ -46.526130197760729, -23.662392155926167 ], [ -46.52613067373067, -23.662399375641062 ] ] ] } },
{ "type": "Feature", "properties": { "ID": 3378 }, "geometry": { "type": "MultiLineString", "coordinates": [ [ [ -46.525595631825617, -23.663046622955807 ], [ -46.5256004850851, -23.663042421139373 ] ] ] } },
{ "type": "Feature", "properties": { "ID": 3379 }, "geometry": { "type": "MultiLineString", "coordinates": [ [ [ -46.525491166241089, -23.662915355140594 ], [ -46.525496110862505, -23.662911997791415 ], [ -46.525501297698355, -23.662908966331241 ], [ -46.525506701478271, -23.662906275526737 ], [ -46.525512295875352, -23.662903938487478 ], [ -46.525518053633554, -23.662901966599016 ], [ -46.525523946701519, -23.662900369468776 ], [ -46.525529946367989, -23.662899154880602 ], [ -46.525536023402871, -23.662898328748152 ], [ -46.525542148199023, -23.662897895096286 ], [ -46.525548290916454, -23.662897856040264 ], [ -46.525554421628158, -23.662898211771392 ], [ -46.525560510465212, -23.662898960551253 ], [ -46.525566527763175, -23.662900098736195 ], [ -46.525572444205729, -23.662901620780122 ], [ -46.525578230968065, -23.662903519267577 ], [ -46.525583859857271, -23.662905784948965 ], [ -46.525589303449578, -23.662908406786542 ], [ -46.525594535223931, -23.662911372004825 ], [ -46.525599529691007, -23.662914666160301 ], [ -46.52560426251798, -23.662918273200521 ], [ -46.525608710646551, -23.662922175553391 ], [ -46.525612852405686, -23.662926354209976 ], [ -46.52561666761639, -23.662930788805301 ], [ -46.525620137691348, -23.662935457740129 ], [ -46.525623245724404, -23.662940338266143 ], [ -46.525625976572847, -23.662945406603608 ], [ -46.525628316932504, -23.66295063806114 ], [ -46.525630255400628, -23.662956007149266 ], [ -46.525631782533402, -23.662961487711144 ], [ -46.525632890890364, -23.662967053047009 ], [ -46.525633575071616, -23.662972676040855 ], [ -46.525633831743889, -23.662978329300103 ], [ -46.525633659656386, -23.662983985278171 ], [ -46.525633059647802, -23.662989616420848 ], [ -46.525632034641013, -23.662995195293306 ], [ -46.525630589629799, -23.663000694715951 ], [ -46.525628731654493, -23.663006087895923 ], [ -46.525626469766678, -23.66301134855669 ], [ -46.525623814986439, -23.663016451069769 ], [ -46.52562078024782, -23.663021370573684 ], [ -46.525617380335994, -23.663026083101617 ], [ -46.525613631814949, -23.663030565694072 ], [ -46.525609552947898, -23.663034796512743 ], [ -46.525605163606699, -23.663038754943589 ], [ -46.52560048517627, -23.663042421703786 ] ] ] } },
{ "type": "Feature", "properties": { "ID": 3380 }, "geometry": { "type": "MultiLineString", "coordinates": [ [ [ -46.525598958172097, -23.663020672657893 ], [ -46.525595651016765, -23.662997587128615 ], [ -46.525595237943001, -23.662995785094818 ], [ -46.525594727887949, -23.662994074320956 ], [ -46.525594024918085, -23.662992636361547 ], [ -46.525593322996087, -23.66299128869688 ], [ -46.525592524092794, -23.662990032292061 ], [ -46.525591726237344, -23.662988866181998 ], [ -46.52559003668874, -23.662986896106027 ], [ -46.525588349235854, -23.662985106619452 ], [ -46.525585275752661, -23.662982156813676 ], [ -46.525580519008273, -23.66297777870016 ], [ -46.525578141160125, -23.662975634790627 ], [ -46.525575958322555, -23.662973398656128 ], [ -46.52557039848454, -23.662967402958419 ], [ -46.525566527147099, -23.662963287042107 ] ] ] } },
{ "type": "Feature", "properties": { "ID": 3381 }, "geometry": { "type": "MultiLineString", "coordinates": [ [ [ -46.525566527147099, -23.662963287042107 ], [ -46.525566229916137, -23.66296301905345 ], [ -46.525559879558827, -23.662956489308169 ], [ -46.525557201337001, -23.662953806525433 ] ] ] } },
{ "type": "Feature", "properties": { "ID": 3382 }, "geometry": { "type": "MultiLineString", "coordinates": [ [ [ -46.525557201337001, -23.662953806525433 ], [ -46.525553334191677, -23.662950051787668 ], [ -46.525550160585304, -23.662946922356923 ], [ -46.525547383286927, -23.662944150244314 ], [ -46.525544905315151, -23.662941826710039 ], [ -46.525542626545189, -23.662939772129391 ], [ -46.525540646053969, -23.662938075832361 ], [ -46.525538766735366, -23.662936649454394 ], [ -46.525537184647625, -23.662935491065127 ], [ -46.525535702684678, -23.662934512300108 ], [ -46.525534419923424, -23.662933802489029 ], [ -46.525532151631829, -23.662932650855666 ], [ -46.525530279647995, -23.662931856540606 ], [ -46.525528902001092, -23.662931418578886 ], [ -46.52552683710244, -23.662930897078251 ], [ -46.525524578241139, -23.66293055809729 ], [ -46.525506026635448, -23.662928663726841 ] ] ] } },
{ "type": "Feature", "properties": { "ID": 3383 }, "geometry": { "type": "MultiLineString", "coordinates": [ [ [ -46.525710966911738, -23.662939492874031 ], [ -46.525711065225579, -23.662939800520313 ], [ -46.525711186909426, -23.662940100998338 ], [ -46.525711331353911, -23.6629403927951 ], [ -46.525711497836092, -23.662940674454735 ], [ -46.525711685522658, -23.662940944567691 ], [ -46.52571189347421, -23.662941201782481 ], [ -46.525712120649601, -23.662941444808919 ], [ -46.525712365911872, -23.662941672430978 ], [ -46.52571262803307, -23.662941883511017 ], [ -46.525712905701447, -23.662942076991904 ], [ -46.525713197526926, -23.662942251903377 ], [ -46.525713502048688, -23.662942407372771 ], [ -46.525713817742407, -23.662942542618477 ], [ -46.525714143028019, -23.662942656964919 ], [ -46.52571447627713, -23.662942749842514 ], [ -46.525714815821502, -23.662942820783247 ], [ -46.525715159961777, -23.662942869431379 ], [ -46.525715506975054, -23.662942895545513 ], [ -46.525715855124403, -23.662942898994196 ], [ -46.525716202667333, -23.66294287976012 ], [ -46.525716547863695, -23.662942837940093 ], [ -46.525716888986054, -23.662942773742749 ], [ -46.525717224326513, -23.662942687488485 ], [ -46.525717552206849, -23.662942579611506 ], [ -46.52571787098541, -23.662942450651165 ], [ -46.525718179066736, -23.662942301249721 ], [ -46.525718474908686, -23.662942132161913 ], [ -46.525718757030262, -23.662941944225864 ], [ -46.525719024019466, -23.662941738387573 ] ] ] } },
{ "type": "Feature", "properties": { "ID": 3384 }, "geometry": { "type": "MultiLineString", "coordinates": [ [ [ -46.525597991785517, -23.662828307662579 ], [ -46.525608800912835, -23.662831923880297 ], [ -46.525619322223584, -23.662836200068018 ], [ -46.5256295082864, -23.662841116939244 ], [ -46.525639313180662, -23.662846652336043 ], [ -46.525648692704387, -23.662852781299687 ], [ -46.525657604573304, -23.662859476201128 ], [ -46.525666008611424, -23.662866706860726 ], [ -46.525673866931747, -23.662874440675676 ], [ -46.525681144107686, -23.662882642786251 ], [ -46.525687807332559, -23.662891276214165 ], [ -46.525693826567498, -23.662900302039855 ], [ -46.525699174676589, -23.662909679571179 ], [ -46.525703827549677, -23.66291936653495 ], [ -46.525707764210608, -23.662929319257785 ], [ -46.525710966912357, -23.662939492876291 ] ] ] } },
{ "type": "Feature", "properties": { "ID": 3385 }, "geometry": { "type": "MultiLineString", "coordinates": [ [ [ -46.526029484607015, -23.662677066855768 ], [ -46.525719023926662, -23.662941737824436 ] ] ] } },
{ "type": "Feature", "properties": { "ID": 3386 }, "geometry": { "type": "MultiLineString", "coordinates": [ [ [ -46.526029484700231, -23.662677067418525 ], [ -46.526030442063487, -23.662676193124685 ], [ -46.526031331784921, -23.662675260173685 ], [ -46.526032149639562, -23.662674273000015 ], [ -46.526032891744492, -23.662673236289233 ], [ -46.526033554575285, -23.662672154964543 ], [ -46.526034134984734, -23.662671034161782 ], [ -46.526034630216621, -23.662669879200276 ], [ -46.526035037919478, -23.662668695567586 ], [ -46.526035356157358, -23.662667488880679 ], [ -46.526035583419024, -23.662666264872922 ], [ -46.526035718625273, -23.66266502935521 ], [ -46.526035761134175, -23.662663788192294 ], [ -46.526035710743926, -23.66266254728118 ], [ -46.526035567693675, -23.66266131251238 ], [ -46.526035332662765, -23.662660089750524 ], [ -46.526035006767344, -23.662658884799988 ], [ -46.526034591554783, -23.662657703383374 ], [ -46.526034088996667, -23.662656551109315 ], [ -46.526033501479567, -23.662655433453146 ], [ -46.526032831793131, -23.662654355718335 ], [ -46.526032083117606, -23.662653323024681 ], [ -46.526031259007745, -23.662652340275194 ], [ -46.52603036337694, -23.662651412135485 ] ] ] } },
{ "type": "Feature", "properties": { "ID": 3387 }, "geometry": { "type": "MultiLineString", "coordinates": [ [ [ -46.525597991785418, -23.66282830766249 ], [ -46.52559768292646, -23.662828202794923 ], [ -46.525597382325451, -23.662828079238846 ], [ -46.525597091314062, -23.66282793753297 ], [ -46.525596811181288, -23.662827778309435 ], [ -46.525596543168618, -23.66282760227406 ], [ -46.525596288463184, -23.66282741020747 ], [ -46.525596048193457, -23.662827202957629 ], [ -46.525595823423885, -23.662826981446301 ], [ -46.525595615150301, -23.662826746649792 ], [ -46.525595424295439, -23.662826499614003 ], [ -46.525595251704978, -23.6628262414308 ], [ -46.525595098143242, -23.662825973242388 ], [ -46.525594964290924, -23.662825696239153 ], [ -46.525594850740653, -23.662825411646796 ], [ -46.525594757995734, -23.662825120728503 ], [ -46.525594686467045, -23.662824824772059 ], [ -46.525594636471453, -23.662824525087679 ], [ -46.525594608230492, -23.662824223001621 ], [ -46.525594601869152, -23.662823919856152 ], [ -46.525594617415713, -23.66282361699233 ], [ -46.52559465480131, -23.662823315752178 ], [ -46.525594713860116, -23.662823017470053 ], [ -46.5255947943308, -23.662822723468356 ], [ -46.525594895856777, -23.662822435046721 ], [ -46.525595017988046, -23.662822153486317 ], [ -46.525595160183627, -23.662821880032638 ], [ -46.525595321813618, -23.662821615897581 ], [ -46.525595502162034, -23.662821362252984 ], [ -46.525595700429633, -23.662821120220922 ], [ -46.52559591573813, -23.662820890872563 ], [ -46.525596147133683, -23.662820675227103 ] ] ] } },
{ "type": "Feature", "properties": { "ID": 3388 }, "geometry": { "type": "MultiLineString", "coordinates": [ [ [ -46.525491166146594, -23.662915354578747 ], [ -46.525485626683952, -23.662919563147408 ] ] ] } },
{ "type": "Feature", "properties": { "ID": 3389 }, "geometry": { "type": "MultiLineString", "coordinates": [ [ [ -46.525905924654687, -23.662556281581328 ], [ -46.525596147040829, -23.662820674663969 ] ] ] } },
{ "type": "Feature", "properties": { "ID": 3390 }, "geometry": { "type": "MultiLineString", "coordinates": [ [ [ -46.525933483427508, -23.662557094413167 ], [ -46.525932534414565, -23.662556238596697 ], [ -46.525931524869918, -23.662555443718965 ], [ -46.525930459395397, -23.66255471339754 ], [ -46.525929342848066, -23.662554050963802 ], [ -46.525928180317429, -23.662553459438904 ], [ -46.52592697710282, -23.662552941517973 ], [ -46.525925738689132, -23.662552499560515 ], [ -46.525924470721513, -23.662552135584338 ], [ -46.525923178979852, -23.662551851246324 ], [ -46.525921869352487, -23.662551647842751 ], [ -46.525920547809257, -23.662551526303076 ], [ -46.525919220374313, -23.662551487177275 ], [ -46.525917893098658, -23.662551530646908 ], [ -46.525916572032678, -23.662551656512438 ], [ -46.525915263198286, -23.66255186419999 ], [ -46.525913972561519, -23.662552152763759 ], [ -46.525912706005968, -23.662552520888422 ], [ -46.525911469304958, -23.662552966895895 ], [ -46.525910268096048, -23.662553488752021 ], [ -46.525909107854559, -23.662554084077591 ], [ -46.52590799386968, -23.662554750162602 ], [ -46.525906931219289, -23.662555483965399 ], [ -46.525905924747399, -23.662556282144365 ] ] ] } },
{ "type": "Feature", "properties": { "ID": 3391 }, "geometry": { "type": "MultiLineString", "coordinates": [ [ [ -46.525933483334832, -23.662557093850396 ], [ -46.526030363284157, -23.662651411572536 ] ] ] } },
{ "type": "Feature", "properties": { "ID": 3392 }, "geometry": { "type": "MultiLineString", "coordinates": [ [ [ -46.526110545370834, -23.662607908161498 ], [ -46.526109543331259, -23.662608704198281 ], [ -46.526108485315341, -23.662609436212826 ], [ -46.526107376135904, -23.662610100865361 ], [ -46.526106220838699, -23.662610695140373 ], [ -46.526105024679033, -23.662611216330347 ], [ -46.526103793098478, -23.66261166206715 ], [ -46.526102531699301, -23.662612030321284 ], [ -46.526101246219781, -23.662612319417146 ], [ -46.526099942507443, -23.662612528039759 ], [ -46.526098626493102, -23.66261265524151 ], [ -46.526097304163102, -23.662612700442399 ], [ -46.526095981532734, -23.662612663438942 ], [ -46.526094664618917, -23.662612544395767 ], [ -46.526093359412016, -23.662612343858907 ], [ -46.526092071849639, -23.662612062736574 ], [ -46.526090807788691, -23.662611702310283 ], [ -46.526089572979643, -23.662611264217844 ], [ -46.526088373039599, -23.662610750453617 ], [ -46.526087213427047, -23.662610163351566 ], [ -46.526086099417121, -23.662609505587639 ], [ -46.526085036077511, -23.662608780150936 ], [ -46.526084028245158, -23.662607990340721 ], [ -46.526083080505046, -23.662607139752094 ] ] ] } },
{ "type": "Feature", "properties": { "ID": 3393 }, "geometry": { "type": "MultiLineString", "coordinates": [ [ [ -46.526033809806528, -23.662559808324254 ], [ -46.526083085664702, -23.662607184690842 ] ] ] } },
{ "type": "Feature", "properties": { "ID": 3394 }, "geometry": { "type": "MultiLineString", "coordinates": [ [ [ -46.526235177381842, -23.662500120111005 ], [ -46.526110545277675, -23.66260790759873 ] ] ] } },
{ "type": "Feature", "properties": { "ID": 3395 }, "geometry": { "type": "MultiLineString", "coordinates": [ [ [ -46.526235177381842, -23.662500120111005 ], [ -46.526259447665275, -23.662479472115486 ] ] ] } },
{ "type": "Feature", "properties": { "ID": 3396 }, "geometry": { "type": "MultiLineString", "coordinates": [ [ [ -46.526033809900731, -23.662559808888535 ], [ -46.526029750112102, -23.662555623823089 ], [ -46.52602601359974, -23.662551190642752 ], [ -46.52602261818496, -23.662546530484128 ], [ -46.526019580061671, -23.662541665576118 ], [ -46.52601691372012, -23.662536619122509 ], [ -46.526014631877295, -23.662531415193925 ], [ -46.52601274541631, -23.662526078606767 ], [ -46.526011263334489, -23.662520634813937 ], [ -46.526010192700404, -23.662515109780379 ], [ -46.52600953862045, -23.662509529858514 ], [ -46.526009304214107, -23.662503921659319 ], [ -46.526009490599428, -23.662498311931905 ], [ -46.526010096887227, -23.662492727432227 ], [ -46.526011120185899, -23.662487194793851 ], [ -46.526012555614763, -23.662481740405109 ], [ -46.526014396327668, -23.662476390281839 ], [ -46.526016633545275, -23.662471169937863 ], [ -46.526019256597301, -23.662466104274809 ], [ -46.526022252973291, -23.662461217450225 ], [ -46.5260256083819, -23.662456532773685 ], [ -46.526029306820035, -23.662452072586611 ], [ -46.526033330647728, -23.662447858163549 ], [ -46.526037660674014, -23.662443909603581 ] ] ] } },
{ "type": "Feature", "properties": { "ID": 3397 }, "geometry": { "type": "MultiLineString", "coordinates": [ [ [ -46.526128525577413, -23.662366345155856 ], [ -46.526037660582837, -23.662443909039172 ] ] ] } },
{ "type": "Feature", "properties": { "ID": 3398 }, "geometry": { "type": "MultiLineString", "coordinates": [ [ [ -46.526231958188298, -23.662484619354132 ], [ -46.526249318205934, -23.662476772433653 ], [ -46.526253300695529, -23.662473572530644 ] ] ] } },
{ "type": "Feature", "properties": { "ID": 3399 }, "geometry": { "type": "MultiLineString", "coordinates": [ [ [ -46.526217238148931, -23.662483409766708 ], [ -46.526231958188298, -23.662484619354132 ] ] ] } },
{ "type": "Feature", "properties": { "ID": 3400 }, "geometry": { "type": "MultiLineString", "coordinates": [ [ [ -46.541743338593093, -23.623909530997146 ], [ -46.541742234334784, -23.623882179555586 ], [ -46.541738676924147, -23.623854581577238 ], [ -46.541732582104032, -23.623827911864247 ], [ -46.54172404998895, -23.623802350031156 ], [ -46.541713084807853, -23.623778257255687 ], [ -46.541699982673144, -23.623755811204774 ], [ -46.541684647699995, -23.623735193440556 ], [ -46.541667378113971, -23.623716762219079 ], [ -46.541648372027076, -23.623700696181007 ], [ -46.541627826494071, -23.623687083672575 ], [ -46.541605841627067, -23.623676104308661 ], [ -46.541582809421691, -23.623667754193487 ], [ -46.541558733047196, -23.623662304210271 ], [ -46.541534102497863, -23.623659749489757 ], [ -46.541509113770339, -23.623660088084485 ], [ -46.541483962861328, -23.623663318047019 ], [ -46.541458845767465, -23.623669437429886 ], [ -46.54143425142626, -23.623678351070364 ], [ -46.541410178779529, -23.623689968674164 ], [ -46.541387017709361, -23.623704105758048 ], [ -46.541365062212385, -23.623720759401539 ], [ -46.541344408173714, -23.623739748042532 ], [ -46.541325345363902, -23.623760707582836 ], [ -46.541320519369584, -23.623767076879236 ] ] ] } },
{ "type": "Feature", "properties": { "ID": 3508 }, "geometry": { "type": "MultiLineString", "coordinates": [ [ [ -46.489075651791694, -23.65013699964776 ], [ -46.489040058014496, -23.649893785687514 ] ] ] } },
{ "type": "Feature", "properties": { "ID": 3509 }, "geometry": { "type": "MultiLineString", "coordinates": [ [ [ -46.489135268482705, -23.649921678774771 ], [ -46.48911245382088, -23.650149198685497 ] ] ] } },
{ "type": "Feature", "properties": { "ID": 3510 }, "geometry": { "type": "MultiLineString", "coordinates": [ [ [ -46.526168152021405, -23.662452376784419 ], [ -46.526170431839887, -23.662454521650471 ], [ -46.526173898485695, -23.662457557877278 ], [ -46.526176473438852, -23.662459790141448 ], [ -46.52618053140214, -23.66246309145906 ], [ -46.526184588317406, -23.662466302481921 ], [ -46.526188049722698, -23.662468887234901 ], [ -46.526190621531605, -23.66247084861461 ], [ -46.526192695859116, -23.662472182758986 ], [ -46.526195660831469, -23.662474230571227 ], [ -46.526198821861421, -23.662476276452296 ], [ -46.526200698035105, -23.662477431938285 ], [ -46.52620237710304, -23.662478499060537 ], [ -46.526203858016984, -23.662479387524517 ], [ -46.526205140776895, -23.662480097330032 ], [ -46.5262063234116, -23.662480627511826 ], [ -46.52620740801752, -23.662481158659073 ], [ -46.526209181969584, -23.662481953931675 ], [ -46.526210657642352, -23.662482390921923 ], [ -46.526211641074809, -23.662482652150597 ], [ -46.526212526478474, -23.662482914344821 ], [ -46.52621370492021, -23.662483083347723 ], [ -46.526214981390716, -23.662483251384963 ], [ -46.526217238148931, -23.662483409766708 ] ] ] } },
{ "type": "Feature", "properties": { "ID": 3581 }, "geometry": { "type": "MultiLineString", "coordinates": [ [ [ -46.535123409704134, -23.637781834805324 ], [ -46.535123830247116, -23.63777587050949 ], [ -46.535124134876874, -23.63776837217527 ], [ -46.535124191814631, -23.637764849715101 ], [ -46.535124151795578, -23.637761418519545 ], [ -46.535123677611494, -23.637754379420389 ], [ -46.535123230808907, -23.637749687981277 ], [ -46.535122374063405, -23.637743465414577 ], [ -46.535120905036479, -23.637735171892931 ], [ -46.535119968184461, -23.637730485304814 ], [ -46.535118728877784, -23.637725079270542 ], [ -46.535115955181894, -23.637714179817824 ], [ -46.535112792606292, -23.637703555129903 ], [ -46.535110455182078, -23.637696444169983 ], [ -46.535107112384388, -23.637687175841624 ], [ -46.53510499098978, -23.637681778538987 ], [ -46.535102470184029, -23.63767575305479 ], [ -46.535098345414752, -23.637666673077081 ], [ -46.53509392977579, -23.637657866893548 ], [ -46.535090726061327, -23.637652119084503 ], [ -46.535086128094015, -23.637644488671224 ], [ -46.535083432332193, -23.637640271019489 ], [ -46.535080141139765, -23.637635427126543 ], [ -46.535076156506996, -23.637629957962556 ], [ -46.535070782887317, -23.637623057667206 ], [ -46.53506521535472, -23.637616339901225 ], [ -46.535061342423084, -23.637612043596622 ], [ -46.535055984601108, -23.637606497720075 ], [ -46.535048548564838, -23.637599256619065 ], [ -46.535044189797418, -23.637595326343416 ], [ -46.535038942623466, -23.637590863031416 ], [ -46.535032808096204, -23.637585956977517 ], [ -46.535024303431946, -23.637579539198644 ], [ -46.535015606961068, -23.637573484538191 ], [ -46.53500968003857, -23.6375695697838 ], [ -46.535001779230853, -23.637564500602128 ], [ -46.534991019291056, -23.637558014839922 ], [ -46.534976315794083, -23.637549581400489 ], [ -46.534967436996922, -23.637544702507384 ], [ -46.534958464402656, -23.637540185762294 ], [ -46.534952353046769, -23.637537266186772 ], [ -46.534944175061725, -23.637533644626373 ], [ -46.534939447426282, -23.637531704709581 ], [ -46.534933835596973, -23.637529592934378 ], [ -46.534927340626865, -23.637527399595225 ], [ -46.534919177384765, -23.637525042158121 ], [ -46.534910920345077, -23.637523046869113 ], [ -46.534905417056038, -23.637521837069091 ], [ -46.534898147485187, -23.637520464140962 ], [ -46.53488832860743, -23.637519026139767 ], [ -46.534875175291639, -23.637517440530861 ], [ -46.534857513526532, -23.637515899543363 ], [ -46.534846330936006, -23.637515197477185 ], [ -46.534835249514096, -23.637514765324109 ], [ -46.534827700655725, -23.63751465942763 ], [ -46.534817802721491, -23.637514847695311 ], [ -46.534812121313308, -23.637515174840722 ], [ -46.534805657932679, -23.637515690335334 ], [ -46.534798316675605, -23.637516575738228 ], [ -46.534788140505086, -23.637518121333631 ], [ -46.534778065502735, -23.637519936842249 ], [ -46.534771319673979, -23.637521448486392 ], [ -46.534762524062607, -23.637523702857244 ], [ -46.534757542409565, -23.637525197040922 ], [ -46.534751976909156, -23.637527058222918 ], [ -46.534745732710093, -23.63752955825705 ], [ -46.534738809812254, -23.637532697143335 ], [ -46.534735204507079, -23.637534538925159 ], [ -46.534674227283183, -23.637567471598363 ], [ -46.534654962314924, -23.637588161497963 ] ] ] } },
{ "type": "Feature", "properties": { "ID": 3582 }, "geometry": { "type": "MultiLineString", "coordinates": [ [ [ -46.537680402944112, -23.631715909441425 ], [ -46.537673414124185, -23.631730156617866 ] ] ] } },
{ "type": "Feature", "properties": { "ID": 3583 }, "geometry": { "type": "MultiLineString", "coordinates": [ [ [ -46.537681920859093, -23.631753552146055 ], [ -46.537680720932073, -23.63175288789455 ], [ -46.537679574893211, -23.631752147257227 ], [ -46.537678488460124, -23.631751333934485 ], [ -46.53767746705401, -23.631750451981635 ], [ -46.537676515770592, -23.63174950579743 ], [ -46.537675639356252, -23.631748500108085 ], [ -46.537674842183868, -23.631747439925597 ], [ -46.537674128230606, -23.63174633054361 ], [ -46.537673501058684, -23.631745177494555 ], [ -46.537672963797363, -23.631743986532644 ], [ -46.537672519127099, -23.631742763599508 ], [ -46.537672169266635, -23.631741514798552 ], [ -46.537671915961319, -23.631740246356287 ], [ -46.537671760475313, -23.631738964605177 ], [ -46.537671703584103, -23.631737675940684 ], [ -46.5376717455716, -23.631736386788944 ], [ -46.537671886228438, -23.631735103585328 ], [ -46.537672124852769, -23.631733832729161 ], [ -46.537672460254008, -23.631732580565394 ], [ -46.537672890758678, -23.631731353338299 ], [ -46.537673414218631, -23.631730157170679 ] ] ] } },
{ "type": "Feature", "properties": { "ID": 3584 }, "geometry": { "type": "MultiLineString", "coordinates": [ [ [ -46.537902900388097, -23.63182495926419 ], [ -46.537896293062069, -23.631838299616792 ] ] ] } },
{ "type": "Feature", "properties": { "ID": 3585 }, "geometry": { "type": "MultiLineString", "coordinates": [ [ [ -46.537681920764662, -23.631753551592876 ], [ -46.537869044478043, -23.631846697244672 ] ] ] } },
{ "type": "Feature", "properties": { "ID": 3586 }, "geometry": { "type": "MultiLineString", "coordinates": [ [ [ -46.537896293156237, -23.631838300170333 ], [ -46.537895665722871, -23.631839453617097 ], [ -46.537894950792378, -23.631840563008684 ], [ -46.537894151989683, -23.631841622713001 ], [ -46.537893273364418, -23.631842627362222 ], [ -46.537892319371558, -23.631843571862213 ], [ -46.537891294847746, -23.631844451424019 ], [ -46.537890204987342, -23.631845261586722 ], [ -46.53788905531605, -23.631845998243506 ], [ -46.537887851662852, -23.631846657659189 ], [ -46.537886600130243, -23.631847236492035 ], [ -46.537885307063533, -23.631847731806964 ], [ -46.537883979018737, -23.63184814109097 ], [ -46.537882622729093, -23.631848462270668 ], [ -46.537881245071027, -23.631848693716897 ], [ -46.537879853029587, -23.631848834258079 ], [ -46.537878453662017, -23.631848883178282 ], [ -46.537877054063642, -23.631848840230635 ], [ -46.537875661330226, -23.631848705633288 ], [ -46.537874282523248, -23.631848480069774 ], [ -46.537872924633177, -23.631848164682953 ], [ -46.53787159454464, -23.631847761072081 ], [ -46.537870299001291, -23.631847271281352 ], [ -46.537869044571593, -23.631846697797315 ] ] ] } },
{ "type": "Feature", "properties": { "ID": 3587 }, "geometry": { "type": "MultiLineString", "coordinates": [ [ [ -46.537675711351831, -23.631842924829751 ], [ -46.537753991695972, -23.63188188296127 ] ] ] } },
{ "type": "Feature", "properties": { "ID": 3588 }, "geometry": { "type": "MultiLineString", "coordinates": [ [ [ -46.537675744674964, -23.63184290147495 ], [ -46.537672867417697, -23.631841579101099 ], [ -46.537669902171181, -23.63184043354579 ], [ -46.53766686171916, -23.631839469741934 ], [ -46.537663759170137, -23.631838691849484 ], [ -46.537660607900364, -23.631838103220531 ], [ -46.537657421495815, -23.6318377063923 ], [ -46.537654213694395, -23.631837503078049 ], [ -46.537650998325674, -23.631837494150446 ], [ -46.537647789252468, -23.631837679650776 ], [ -46.537644600310102, -23.63183805877873 ], [ -46.537641445247004, -23.631838629899484 ], [ -46.537638337665847, -23.63183939055077 ], [ -46.537635290964474, -23.631840337454179 ], [ -46.537632318278064, -23.631841466524349 ], [ -46.537629432422889, -23.631842772897567 ], [ -46.537626645841122, -23.631844250938698 ], [ -46.537623970546221, -23.631845894276232 ], [ -46.537621418072611, -23.63184769582428 ], [ -46.537618999424758, -23.631849647817553 ], [ -46.537616725030198, -23.631851741839807 ], [ -46.53761460469471, -23.631853968860877 ], [ -46.537612647559754, -23.631856319284477 ], [ -46.537610862063211, -23.631858782973364 ], [ -46.537609255902737, -23.631861349302412 ], [ -46.537607836003495, -23.631864007215214 ] ] ] } },
{ "type": "Feature", "properties": { "ID": 3589 }, "geometry": { "type": "MultiLineString", "coordinates": [ [ [ -46.537753991790041, -23.631881883514275 ], [ -46.53776121291542, -23.631885788976916 ], [ -46.537768114160215, -23.631890157871581 ], [ -46.537774660548671, -23.631894968050695 ], [ -46.537780818903137, -23.631900195144649 ], [ -46.537786558012975, -23.631905812654391 ], [ -46.537791848792047, -23.631911792116668 ], [ -46.537796664426295, -23.631918103222109 ], [ -46.5378009805099, -23.631924713990355 ], [ -46.537804775168723, -23.63193159091313 ], [ -46.537808029171167, -23.631938699140502 ], [ -46.537810726025782, -23.631946002647709 ], [ -46.537812852064512, -23.631953464419656 ], [ -46.537814396512481, -23.631961046639571 ], [ -46.537815351542442, -23.631968710882319 ], [ -46.537815712313879, -23.631976418302351 ], [ -46.537815476998404, -23.631984129839076 ], [ -46.537814646788476, -23.631991806410966 ] ] ] } },
{ "type": "Feature", "properties": { "ID": 3590 }, "geometry": { "type": "MultiLineString", "coordinates": [ [ [ -46.537607835909448, -23.631864006661587 ], [ -46.537606496524027, -23.63186681939554 ] ] ] } },
{ "type": "Feature", "properties": { "ID": 3591 }, "geometry": { "type": "MultiLineString", "coordinates": [ [ [ -46.537437973731087, -23.632350900003477 ], [ -46.537434718277787, -23.632350379315632 ], [ -46.537431508219953, -23.632349658027731 ], [ -46.537428358102098, -23.632348739413906 ], [ -46.537425282197567, -23.632347627633319 ], [ -46.537422294442806, -23.632346327724854 ], [ -46.537419408375214, -23.632344845576355 ], [ -46.53741663707131, -23.632343187907018 ], [ -46.53741399308776, -23.632341362222757 ], [ -46.537411488404402, -23.632339376799521 ], [ -46.537409134369589, -23.632337240632179 ], [ -46.537406941649387, -23.632334963398407 ], [ -46.537404920178851, -23.632332555416152 ], [ -46.537403079117006, -23.63233002759879 ], [ -46.537401426805786, -23.632327391395318 ], [ -46.537399970731663, -23.632324658754097 ], [ -46.53739871749184, -23.63232184205431 ], [ -46.537397672764726, -23.632318954056704 ], [ -46.537396841283979, -23.6323160078522 ], [ -46.537396226816782, -23.632313016782447 ], [ -46.537395832147574, -23.632309994407663 ], [ -46.537395659064259, -23.632306954415295 ], [ -46.53739570835112, -23.632303910584557 ], [ -46.537395979784769, -23.632300876701546 ] ] ] } },
{ "type": "Feature", "properties": { "ID": 3592 }, "geometry": { "type": "MultiLineString", "coordinates": [ [ [ -46.537437973636948, -23.632350899450216 ], [ -46.53754340165122, -23.632364393468322 ] ] ] } },
{ "type": "Feature", "properties": { "ID": 3593 }, "geometry": { "type": "MultiLineString", "coordinates": [ [ [ -46.537628435588772, -23.63234488983986 ], [ -46.537621658160809, -23.632349078988256 ], [ -46.53761458180805, -23.632352825160613 ], [ -46.537607240583782, -23.632356110319005 ], [ -46.537599669816196, -23.632358918661875 ], [ -46.537591905937916, -23.63236123666972 ], [ -46.537583986311127, -23.632363053191856 ], [ -46.537575949047408, -23.632364359485873 ], [ -46.537567832824166, -23.632365149262537 ], [ -46.537559676699189, -23.6323654187253 ], [ -46.537551519922125, -23.632365166571095 ], [ -46.537543401745964, -23.632364394021671 ] ] ] } },
{ "type": "Feature", "properties": { "ID": 3594 }, "geometry": { "type": "MultiLineString", "coordinates": [ [ [ -46.537349996469253, -23.632421667597484 ], [ -46.537563896073557, -23.632449077029584 ] ] ] } },
{ "type": "Feature", "properties": { "ID": 3595 }, "geometry": { "type": "MultiLineString", "coordinates": [ [ [ -46.537329440145548, -23.632432003989372 ], [ -46.537330030597069, -23.632430915140347 ], [ -46.537330699467482, -23.632429865493727 ], [ -46.537331443706243, -23.632428859829421 ], [ -46.537332259919545, -23.63242790273582 ], [ -46.53733314438486, -23.632426998580662 ], [ -46.537334093068601, -23.632426151483934 ], [ -46.537335101644544, -23.632425365310159 ], [ -46.537336165513018, -23.632424643644519 ], [ -46.537337279822466, -23.632423989777582 ], [ -46.537338439490938, -23.632423406694301 ], [ -46.537339639229714, -23.632422897047977 ], [ -46.537340873567828, -23.632422463166442 ], [ -46.537342136876006, -23.632422107030322 ], [ -46.537343423392812, -23.632421830259805 ], [ -46.537344727251309, -23.632421634118764 ], [ -46.537346042505433, -23.632421519501502 ], [ -46.537347363156918, -23.63242148693147 ], [ -46.537348683182898, -23.632421536555551 ], [ -46.537349996563741, -23.632421668150741 ] ] ] } },
{ "type": "Feature", "properties": { "ID": 3596 }, "geometry": { "type": "MultiLineString", "coordinates": [ [ [ -46.537579089390078, -23.632474302679096 ], [ -46.537579595322342, -23.632473155683183 ], [ -46.537580014648093, -23.63247197940683 ], [ -46.537580345391312, -23.632470779395135 ], [ -46.537580585993823, -23.63246956130769 ], [ -46.537580735321299, -23.632468330881792 ], [ -46.537580792669985, -23.632467093916063 ], [ -46.537580757769881, -23.632465856241463 ], [ -46.537580630785307, -23.63246462368679 ], [ -46.537580412314767, -23.632463402063625 ], [ -46.537580103387732, -23.632462197129737 ], [ -46.537579705460082, -23.632461014561176 ], [ -46.537579220407309, -23.632459859932951 ], [ -46.537578650515051, -23.632458738684651 ], [ -46.537577998469125, -23.632457656103348 ], [ -46.537577267342364, -23.632456617287122 ], [ -46.537576460580333, -23.632455627132263 ], [ -46.537575581984953, -23.632454690307618 ], [ -46.537574635696771, -23.632453811226785 ], [ -46.537573626175366, -23.632452994031048 ], [ -46.537572558178255, -23.632452242572409 ], [ -46.537571436738467, -23.632451560394372 ], [ -46.537570267141035, -23.632450950708563 ], [ -46.537569054897709, -23.632450416390615 ], [ -46.537567805721537, -23.632449959956769 ], [ -46.537566525499507, -23.632449583560923 ], [ -46.537565220264462, -23.632449288974417 ], [ -46.537563896167704, -23.632449077582859 ] ] ] } },
{ "type": "Feature", "properties": { "ID": 3597 }, "geometry": { "type": "MultiLineString", "coordinates": [ [ [ -46.537329435321723, -23.63243198556151 ], [ -46.537320432589624, -23.632450045496988 ] ] ] } },
{ "type": "Feature", "properties": { "ID": 3598 }, "geometry": { "type": "MultiLineString", "coordinates": [ [ [ -46.537579089295598, -23.632474302126109 ], [ -46.537570859043356, -23.632491361061522 ] ] ] } },
{ "type": "Feature", "properties": { "ID": 3599 }, "geometry": { "type": "MultiLineString", "coordinates": [ [ [ -46.541478125053999, -23.623474367660695 ], [ -46.541464176497264, -23.623505209953684 ] ] ] } },
{ "type": "Feature", "properties": { "ID": 3600 }, "geometry": { "type": "MultiLineString", "coordinates": [ [ [ -46.541491871066398, -23.623542714467259 ], [ -46.541489859196005, -23.623542688472082 ], [ -46.541487853966352, -23.623542535757895 ], [ -46.541485864767964, -23.623542257035037 ], [ -46.541483900916759, -23.623541853615809 ], [ -46.541481971609635, -23.623541327386377 ], [ -46.54148008588195, -23.623540680808336 ], [ -46.541478252564751, -23.623539916913703 ], [ -46.541476480243787, -23.623539039279464 ], [ -46.541474777219349, -23.623538052012972 ], [ -46.541473151466604, -23.623536959741532 ], [ -46.541471610599508, -23.623535767576172 ], [ -46.541470161834177, -23.623534481103359 ], [ -46.541468811955191, -23.623533106346638 ], [ -46.541467567284478, -23.623531649745377 ], [ -46.541466433650825, -23.623530118118467 ], [ -46.54146541636333, -23.623528518640899 ], [ -46.541464520186231, -23.623526858803132 ], [ -46.541463749316137, -23.623525146376835 ], [ -46.54146310736359, -23.623523389382818 ], [ -46.541462597334579, -23.623521596050256 ], [ -46.541462221617685, -23.623519774775954 ], [ -46.541461981972709, -23.623517934089989 ], [ -46.541461879521691, -23.623516082612745 ], [ -46.541461914744524, -23.62351422901618 ], [ -46.541462087476241, -23.623512381978699 ], [ -46.541462396907917, -23.623510550150613 ], [ -46.541462841590395, -23.623508742112197 ], [ -46.541463419441101, -23.623506966327259 ], [ -46.541464127754104, -23.623505231117633 ] ] ] } },
{ "type": "Feature", "properties": { "ID": 3601 }, "geometry": { "type": "MultiLineString", "coordinates": [ [ [ -46.541781889954066, -23.623577457616086 ], [ -46.541768806684182, -23.623640349610461 ] ] ] } },
{ "type": "Feature", "properties": { "ID": 3602 }, "geometry": { "type": "MultiLineString", "coordinates": [ [ [ -46.541751819100689, -23.623645294617777 ], [ -46.541736150120158, -23.62363052322706 ], [ -46.541719467432486, -23.623616726390427 ], [ -46.541701842290053, -23.62360396302903 ], [ -46.541683349971024, -23.623592287659744 ], [ -46.541664069456814, -23.623581750148698 ], [ -46.541644083095179, -23.623572395500442 ], [ -46.541623476248645, -23.623564263668701 ], [ -46.541602336930104, -23.62355738938777 ], [ -46.541580755426004, -23.623551802012663 ], [ -46.541558823911757, -23.623547525413095 ], [ -46.541536636057621, -23.623544577851458 ], [ -46.541514286628455, -23.623542971914691 ], [ -46.541491871079465, -23.623542714467035 ] ] ] } },
{ "type": "Feature", "properties": { "ID": 3603 }, "geometry": { "type": "MultiLineString", "coordinates": [ [ [ -46.541751819096795, -23.623645294613844 ], [ -46.541752290831219, -23.623645737819857 ], [ -46.541752794499054, -23.62364615011305 ], [ -46.541753327720009, -23.623646529550019 ], [ -46.541753887974494, -23.623646874335392 ], [ -46.541754472614741, -23.623647182840887 ], [ -46.541755078877713, -23.62364745360836 ], [ -46.541755703898353, -23.623647685359391 ], [ -46.541756344722963, -23.623647876995136 ], [ -46.541756998322953, -23.623648027613438 ], [ -46.541757661609658, -23.62364813650003 ], [ -46.541758331448349, -23.623648203143507 ], [ -46.541759004673651, -23.623648227224376 ], [ -46.541759678103794, -23.623648208632147 ], [ -46.541760348556437, -23.623648147454446 ], [ -46.541761012862963, -23.623648043981113 ], [ -46.541761667884089, -23.623647898697637 ], [ -46.541762310524092, -23.623647712293614 ], [ -46.541762937746157, -23.623647485649673 ], [ -46.541763546586068, -23.623647219835181 ], [ -46.541764134166563, -23.623646916110285 ], [ -46.541764697710633, -23.623646575904193 ], [ -46.541765234555299, -23.623646200830176 ], [ -46.541765742163406, -23.623645792657396 ], [ -46.541766218136118, -23.623645353317286 ], [ -46.54176666022407, -23.6236448848862 ], [ -46.54176706633794, -23.623644389574537 ], [ -46.54176743455848, -23.6236438697245 ], [ -46.541767763145565, -23.623643327794923 ], [ -46.541768050546459, -23.623642766346137 ], [ -46.541768295402825, -23.623642188029102 ], [ -46.541768496557602, -23.623641595579983 ], [ -46.541768653060068, -23.623640991797505 ], [ -46.541768764170506, -23.623640379532322 ] ] ] } },
{ "type": "Feature", "properties": { "ID": 3604 }, "geometry": { "type": "MultiLineString", "coordinates": [ [ [ -46.528424262510356, -23.660626301400253 ], [ -46.528424222339723, -23.66062660369651 ], [ -46.528424204385047, -23.66062690779955 ], [ -46.528424208727813, -23.660627212324286 ], [ -46.528424235348595, -23.660627515887544 ], [ -46.52842428412611, -23.660627817105066 ], [ -46.528424354838499, -23.660628114611846 ], [ -46.528424447163914, -23.660628407048193 ], [ -46.52842456068241, -23.660628693087681 ], [ -46.528424694877458, -23.660628971426348 ], [ -46.528424849138304, -23.660629240799938 ], [ -46.528425022763173, -23.660629499979503 ], [ -46.528425214962105, -23.660629747790846 ], [ -46.5284254248606, -23.660629983101476 ], [ -46.528425651503653, -23.660630204842132 ], [ -46.528425893859847, -23.660630412004604 ], [ -46.528426150826789, -23.660630603645966 ], [ -46.528426421235004, -23.660630778895026 ], [ -46.528426703854201, -23.660630936954362 ], [ -46.528426997398611, -23.660631077104611 ], [ -46.528427300532442, -23.660631198706614 ], [ -46.528427611876594, -23.660631301207694 ], [ -46.528427930014303, -23.660631384141706 ], [ -46.528428253498134, -23.660631447133234 ], [ -46.52842858085625, -23.660631489893209 ], [ -46.528428910599196, -23.660631512227482 ], [ -46.528429241226497, -23.660631514034581 ], [ -46.528429571234085, -23.660631495307825 ], [ -46.528429899120276, -23.660631456130918 ], [ -46.52843022339308, -23.660631396682202 ], [ -46.528430542577205, -23.660631317230283 ], [ -46.528430855220392, -23.660631218140445 ], [ -46.528431159900002, -23.660631099861629 ], [ -46.528431455230077, -23.660630962933912 ], [ -46.528431739866356, -23.660630807976638 ], [ -46.528432012513946, -23.660630635696208 ] ] ] } },
{ "type": "Feature", "properties": { "ID": 3605 }, "geometry": { "type": "MultiLineString", "coordinates": [ [ [ -46.52833789215925, -23.66049554879632 ], [ -46.52834565922241, -23.660519263309105 ], [ -46.528351643437773, -23.660543412414004 ], [ -46.528355816659122, -23.66056788253232 ], [ -46.528358159257877, -23.660592558574535 ], [ -46.52835866021551, -23.660617324486619 ], [ -46.528357317174446, -23.660642063785691 ], [ -46.528354136450247, -23.660666660113957 ] ] ] } },
{ "type": "Feature", "properties": { "ID": 3606 }, "geometry": { "type": "MultiLineString", "coordinates": [ [ [ -46.528337892156451, -23.660495548788774 ], [ -46.528337650929082, -23.660494966620938 ], [ -46.52833736692132, -23.660494401068686 ], [ -46.528337041470621, -23.660493854785788 ], [ -46.528336676109937, -23.660493330352612 ], [ -46.528336272559976, -23.66049283023786 ], [ -46.528335832721204, -23.660492356793288 ], [ -46.528335358665423, -23.660491912252688 ], [ -46.528334852625079, -23.660491498708328 ], [ -46.528334316983624, -23.660491118108883 ], [ -46.528333754263763, -23.660490772244465 ], [ -46.528333167115683, -23.660490462746797 ], [ -46.528332558304776, -23.66049019106989 ], [ -46.528331930698371, -23.660489958498808 ], [ -46.528331287252215, -23.660489766121831 ], [ -46.528330630997161, -23.660489614852089 ], [ -46.528329965023602, -23.660489505397599 ], [ -46.528329292468214, -23.660489438274286 ], [ -46.528328616498541, -23.660489413799723 ], [ -46.528327940298276, -23.660489432086752 ], [ -46.528327267052205, -23.660489493052278 ], [ -46.528326599931198, -23.66048959640883 ], [ -46.528325942076904, -23.660489741666826 ], [ -46.528325296587973, -23.660489928145477 ], [ -46.528324666504346, -23.660490154964357 ], [ -46.528324054793543, -23.660490421056434 ], [ -46.528323464336729, -23.660490725166063 ], [ -46.528322897914613, -23.660491065865269 ], [ -46.528322358194892, -23.660491441544181 ], [ -46.52832184771971, -23.660491850439033 ] ] ] } },
{ "type": "Feature", "properties": { "ID": 3607 }, "geometry": { "type": "MultiLineString", "coordinates": [ [ [ -46.528321847626486, -23.660491849876728 ], [ -46.528233719500932, -23.660568484915704 ] ] ] } },
{ "type": "Feature", "properties": { "ID": 3608 }, "geometry": { "type": "MultiLineString", "coordinates": [ [ [ -46.528237042965863, -23.660583573398476 ], [ -46.528236403763721, -23.660583334468001 ], [ -46.528235784380577, -23.660583054736055 ], [ -46.528235187881833, -23.66058273558237 ], [ -46.528234617219923, -23.660582378589375 ], [ -46.528234075219252, -23.660581985521624 ], [ -46.528233564562115, -23.66058155832485 ], [ -46.528233087776215, -23.660581099116392 ], [ -46.528232647220939, -23.660580610163802 ], [ -46.528232245077106, -23.660580093893596 ], [ -46.528231883335003, -23.660579552854706 ], [ -46.528231563784857, -23.660578989729384 ], [ -46.528231288008151, -23.660578407300989 ], [ -46.528231057370036, -23.660577808456203 ], [ -46.528230873011964, -23.660577196154946 ], [ -46.528230735846321, -23.660576573430475 ], [ -46.528230646551847, -23.660575943363547 ], [ -46.528230605570798, -23.660575309073852 ], [ -46.528230613105713, -23.66057467369853 ], [ -46.528230669119409, -23.660574040383526 ], [ -46.528230773334812, -23.660573412264249 ], [ -46.528230925235832, -23.660572792448317 ], [ -46.528231124070871, -23.66057218400476 ], [ -46.528231368855778, -23.660571589942453 ], [ -46.528231658379049, -23.660571013201483 ], [ -46.528231991207598, -23.660570456640158 ], [ -46.528232365694443, -23.660569923011217 ], [ -46.528232779985849, -23.660569414954264 ], [ -46.528233232031475, -23.660568934983814 ], [ -46.52823371959397, -23.660568485478191 ] ] ] } },
{ "type": "Feature", "properties": { "ID": 3609 }, "geometry": { "type": "MultiLineString", "coordinates": [ [ [ -46.528335459822536, -23.660668891455728 ], [ -46.528330890194276, -23.660659995899991 ], [ -46.528325728245164, -23.660651379619395 ], [ -46.528319993998778, -23.660643076040614 ], [ -46.52831370969821, -23.660635117374309 ], [ -46.528306899720377, -23.660627534492445 ], [ -46.528299590481083, -23.660620356805445 ], [ -46.528291810332838, -23.660613612156574 ], [ -46.528283589455057, -23.660607326708941 ], [ -46.528274959736208, -23.660601524843326 ], [ -46.528265954650983, -23.660596229066773 ], [ -46.528256609130189, -23.660591459920262 ], [ -46.528246959424756, -23.660587235903591 ], [ -46.52823704296582, -23.660583573398476 ] ] ] } },
{ "type": "Feature", "properties": { "ID": 3610 }, "geometry": { "type": "MultiLineString", "coordinates": [ [ [ -46.528354136451497, -23.660666660106543 ], [ -46.528354009035269, -23.660667278086891 ], [ -46.528353835221651, -23.66066788639683 ], [ -46.528353615853867, -23.660668482084983 ], [ -46.528353351996607, -23.660669062261164 ], [ -46.52835304493005, -23.660669624110565 ], [ -46.528352696144296, -23.660670164905657 ], [ -46.528352307331794, -23.660670682020282 ], [ -46.528351880379212, -23.660671172949058 ], [ -46.528351417358436, -23.660671635307516 ], [ -46.528350920516381, -23.660672066853721 ], [ -46.52835039226369, -23.660672465490517 ], [ -46.528349835163823, -23.660672829287183 ], [ -46.528349251920055, -23.660673156475251 ], [ -46.528348645362698, -23.660673445470156 ], [ -46.528348018435032, -23.660673694867079 ], [ -46.528347374179162, -23.660673903456157 ], [ -46.528346715721312, -23.660674070224754 ], [ -46.528346046256559, -23.660674194366283 ], [ -46.528345369033758, -23.660674275275976 ], [ -46.528344687338993, -23.660674312561881 ], [ -46.528344004479955, -23.660674306042804 ], [ -46.528343323770592, -23.660674255750653 ], [ -46.528342648513735, -23.660674161928444 ], [ -46.528341981986223, -23.660674025034748 ], [ -46.528341327422233, -23.660673845728788 ], [ -46.528340687998273, -23.660673624885671 ], [ -46.528340066816952, -23.660673363572833 ], [ -46.528339466892554, -23.660673063060994 ], [ -46.528338891136201, -23.660672724809181 ], [ -46.528338342341868, -23.660672350454135 ], [ -46.528337823172443, -23.660671941816908 ], [ -46.528337336147189, -23.660671500879268 ], [ -46.528336883629578, -23.660671029781721 ], [ -46.528336467815116, -23.660670530806353 ], [ -46.528336090721893, -23.660670006380187 ], [ -46.528335754179523, -23.660669459041923 ], [ -46.528335459821157, -23.660668891452858 ] ] ] } },
{ "type": "Feature", "properties": { "ID": 3611 }, "geometry": { "type": "MultiLineString", "coordinates": [ [ [ -46.528254234620988, -23.66078149324186 ], [ -46.528257447934202, -23.660777013684932 ], [ -46.528260350673747, -23.660772357715889 ], [ -46.528262931465363, -23.660767543575545 ], [ -46.528265180195987, -23.660762590132759 ], [ -46.528267088054058, -23.660757516796881 ], [ -46.528268647563337, -23.660752343447438 ], [ -46.528269852613114, -23.660747090356356 ], [ -46.528270698481229, -23.660741778106953 ], [ -46.528271181853221, -23.660736427518515 ] ] ] } },
{ "type": "Feature", "properties": { "ID": 3612 }, "geometry": { "type": "MultiLineString", "coordinates": [ [ [ -46.528271181853228, -23.660736427518433 ], [ -46.528271300220794, -23.660731008975695 ], [ -46.528271046830625, -23.66072559436104 ], [ -46.528270422694447, -23.66072020529711 ], [ -46.528269430304476, -23.660714863301514 ], [ -46.528268073622947, -23.660709589700843 ], [ -46.528266358066659, -23.660704405552192 ], [ -46.528264290485318, -23.660699331556188 ], [ -46.528261879134241, -23.660694387966835 ], [ -46.528259133641413, -23.660689594526165 ], [ -46.528256064968438, -23.660684970373133 ], [ -46.528252685367583, -23.660680533966776 ] ] ] } },
{ "type": "Feature", "properties": { "ID": 3613 }, "geometry": { "type": "MultiLineString", "coordinates": [ [ [ -46.528243037964593, -23.660670441466475 ], [ -46.528238650682937, -23.660666762380686 ], [ -46.528234017939681, -23.660663348129528 ], [ -46.528229158543425, -23.660660212569965 ], [ -46.5282240922227, -23.660657368433171 ], [ -46.528218839546192, -23.660654827268623 ], [ -46.528213421839247, -23.660652599390041 ], [ -46.528207861097236, -23.660650693845007 ], [ -46.528202179896006, -23.660649118368489 ], [ -46.528196401300839, -23.660647879355746 ], [ -46.528190548772166, -23.660646981839584 ], [ -46.528184646070486, -23.660646429462215 ], [ -46.528178717160216, -23.660646224464365 ], [ -46.52817278611208, -23.660646367681938 ] ] ] } },
{ "type": "Feature", "properties": { "ID": 3614 }, "geometry": { "type": "MultiLineString", "coordinates": [ [ [ -46.528172786112691, -23.660646367681842 ], [ -46.528166313485556, -23.660646923674562 ], [ -46.528159898746104, -23.660647894290985 ], [ -46.528153573158889, -23.660649274797326 ], [ -46.528147367553935, -23.66065105846382 ], [ -46.528141312176771, -23.660653236601828 ], [ -46.52813543654063, -23.660655798591119 ], [ -46.528129769282749, -23.660658731946388 ] ] ] } },
{ "type": "Feature", "properties": { "ID": 3615 }, "geometry": { "type": "MultiLineString", "coordinates": [ [ [ -46.528227966750151, -23.660773624287845 ], [ -46.528228229345913, -23.660770912548468 ], [ -46.528222542497126, -23.660753991294154 ], [ -46.528202258388212, -23.66072953807301 ], [ -46.528198689520849, -23.660726141678992 ] ] ] } },
{ "type": "Feature", "properties": { "ID": 3616 }, "geometry": { "type": "MultiLineString", "coordinates": [ [ [ -46.528198689520849, -23.660726141678992 ], [ -46.528188675408508, -23.660716487497638 ] ] ] } },
{ "type": "Feature", "properties": { "ID": 3617 }, "geometry": { "type": "MultiLineString", "coordinates": [ [ [ -46.528188675408508, -23.660716487497638 ], [ -46.528177076067784, -23.66070540406864 ], [ -46.528156129497702, -23.660691432752948 ], [ -46.528137611150733, -23.660683939448059 ], [ -46.528128206822878, -23.660684574018461 ] ] ] } },
{ "type": "Feature", "properties": { "ID": 3618 }, "geometry": { "type": "MultiLineString", "coordinates": [ [ [ -46.52853402368514, -23.660535812662641 ], [ -46.528501777333894, -23.66052809359363 ], [ -46.528419280702508, -23.660439776276831 ], [ -46.528407761961525, -23.660418758520798 ] ] ] } },
{ "type": "Feature", "properties": { "ID": 3619 }, "geometry": { "type": "MultiLineString", "coordinates": [ [ [ -46.528586893434849, -23.660504406841785 ], [ -46.528558159773596, -23.6605289823184 ], [ -46.528536874872259, -23.660536506978413 ], [ -46.52853402368514, -23.660535812662641 ] ] ] } },
{ "type": "Feature", "properties": { "ID": 3620 }, "geometry": { "type": "MultiLineString", "coordinates": [ [ [ -46.528219655201639, -23.660800797754494 ], [ -46.528226564140255, -23.660787906309167 ], [ -46.528227969898808, -23.660773895171829 ] ] ] } },
{ "type": "Feature", "properties": { "ID": 3621 }, "geometry": { "type": "MultiLineString", "coordinates": [ [ [ -46.528128206822878, -23.660684574018461 ], [ -46.52812360268625, -23.660684890336711 ], [ -46.528111989905753, -23.660689520104349 ] ] ] } },
{ "type": "Feature", "properties": { "ID": 3622 }, "geometry": { "type": "MultiLineString", "coordinates": [ [ [ -46.528252685366901, -23.660680533965973 ], [ -46.528251414206558, -23.660679008586548 ], [ -46.528250106240343, -23.660677509837679 ], [ -46.528248762125962, -23.660676038474545 ], [ -46.528247382539071, -23.660674595238643 ], [ -46.528245968173266, -23.660673180855159 ], [ -46.528244519739026, -23.66067179603299 ], [ -46.528243037964693, -23.660670441466568 ] ] ] } },
{ "type": "Feature", "properties": { "ID": 3623 }, "geometry": { "type": "MultiLineString", "coordinates": [ [ [ -46.526911857351891, -23.661817068926844 ], [ -46.526935599666757, -23.661843836169918 ], [ -46.526956681538472, -23.661852568622422 ], [ -46.526974032541432, -23.661852397640491 ] ] ] } },
{ "type": "Feature", "properties": { "ID": 3624 }, "geometry": { "type": "MultiLineString", "coordinates": [ [ [ -46.526904705984933, -23.661809102249101 ], [ -46.526911857351891, -23.661817068926844 ] ] ] } },
{ "type": "Feature", "properties": { "ID": 3625 }, "geometry": { "type": "MultiLineString", "coordinates": [ [ [ -46.52694916292937, -23.661888945892482 ], [ -46.526948168437464, -23.661889719442318 ], [ -46.526947120257745, -23.661890430310727 ], [ -46.526946023038043, -23.661891075344521 ], [ -46.526944881644283, -23.6618916516871 ], [ -46.526943701137533, -23.661892156777078 ], [ -46.526942486752958, -23.661892588377526 ], [ -46.526941243875577, -23.661892944575161 ], [ -46.526939978016792, -23.661893223787008 ], [ -46.52693869479014, -23.661893424780043 ], [ -46.52693739988608, -23.661893546658501 ], [ -46.526936099046594, -23.661893588885661 ], [ -46.526934798040472, -23.661893551271202 ], [ -46.526933502636716, -23.661893433982197 ], [ -46.526932218579816, -23.661893237541186 ], [ -46.526930951563926, -23.661892962815717 ], [ -46.526929707207543, -23.661892611027191 ], [ -46.526928491028656, -23.66189218373599 ], [ -46.526927308420369, -23.661891682833172 ], [ -46.526926164627014, -23.661891110542825 ], [ -46.526925064720508, -23.661890469402913 ], [ -46.526924013578515, -23.661889762255832 ], [ -46.526923015862053, -23.661888992234609 ], [ -46.526922075995756, -23.661888162759709 ] ] ] } },
{ "type": "Feature", "properties": { "ID": 3626 }, "geometry": { "type": "MultiLineString", "coordinates": [ [ [ -46.526949162836296, -23.66188894532981 ], [ -46.526948168344433, -23.661889718879138 ], [ -46.5269471201646, -23.661890429749704 ], [ -46.526946022945033, -23.661891074783494 ], [ -46.526944881551103, -23.661891651123923 ], [ -46.526943701044502, -23.661892156213895 ], [ -46.526942486659784, -23.66189258781435 ], [ -46.526941243782396, -23.661892944011981 ], [ -46.52693997792376, -23.661893223223824 ], [ -46.526938694697108, -23.661893424216863 ], [ -46.526937399793056, -23.661893546095314 ], [ -46.52693609895357, -23.661893588322478 ], [ -46.526934797947447, -23.661893550708022 ], [ -46.526933502543685, -23.661893433419017 ], [ -46.526932218486785, -23.661893236978003 ], [ -46.526930951470924, -23.661892962254694 ], [ -46.52692970711454, -23.661892610466161 ], [ -46.526928490935624, -23.661892183172807 ], [ -46.526927308327338, -23.661891682269992 ], [ -46.52692616453384, -23.661891109979642 ], [ -46.526925064627484, -23.661890468839733 ], [ -46.526924013485342, -23.661889761692652 ], [ -46.526923015769022, -23.661888991671429 ], [ -46.526922075902696, -23.66188816219702 ] ] ] } },
{ "type": "Feature", "properties": { "ID": 3627 }, "geometry": { "type": "MultiLineString", "coordinates": [ [ [ -46.52692209444271, -23.661888128404456 ], [ -46.526878759005101, -23.661845750848133 ] ] ] } },
{ "type": "Feature", "properties": { "ID": 3628 }, "geometry": { "type": "MultiLineString", "coordinates": [ [ [ -46.526863079968784, -23.661736636270479 ], [ -46.526849241802587, -23.661760703455997 ], [ -46.526848667265845, -23.66176188308242 ], [ -46.526848190757285, -23.661763061742999 ], [ -46.526847910305115, -23.661764238471708 ], [ -46.526847726832514, -23.661765323939765 ], [ -46.526847542311245, -23.661766319113205 ], [ -46.526847553846409, -23.661767312354762 ], [ -46.526847574819399, -23.661769118248468 ], [ -46.526847691723304, -23.661770742586995 ], [ -46.526847904558146, -23.66177218537015 ], [ -46.526848425110067, -23.661774799086395 ], [ -46.52684925337914, -23.661778583735902 ], [ -46.526849667513702, -23.661780476060656 ], [ -46.526849982571392, -23.661782279056712 ], [ -46.526850923549937, -23.661787326865785 ], [ -46.526851555762718, -23.661791113447144 ], [ -46.526852177489026, -23.661793997081649 ], [ -46.526852692797867, -23.661796159324485 ], [ -46.526853513726635, -23.661799311911054 ], [ -46.526854530711923, -23.661802462565909 ], [ -46.526855443377087, -23.66180507241835 ], [ -46.526856252770763, -23.661807231763429 ], [ -46.526857866314884, -23.661811098980195 ], [ -46.526859174239135, -23.66181397585304 ], [ -46.526861184091061, -23.661818200384641 ], [ -46.526863291971374, -23.661822423950351 ], [ -46.526865997459325, -23.661827454372535 ], [ -46.52686809904796, -23.661831136169987 ], [ -46.526869798036991, -23.661833918884291 ], [ -46.526871095475052, -23.661835892810263 ], [ -46.526873090646347, -23.661838853215986 ], [ -46.52687528187424, -23.661841811689943 ], [ -46.526876077635741, -23.661842797203931 ], [ -46.526876773271631, -23.661843603094525 ], [ -46.526877269704997, -23.661844140032908 ], [ -46.526877965340908, -23.661844945923502 ], [ -46.526878759005101, -23.661845750848133 ] ] ] } },
{ "type": "Feature", "properties": { "ID": 3629 }, "geometry": { "type": "MultiLineString", "coordinates": [ [ [ -46.526990531703667, -23.661854853896624 ], [ -46.526995292089701, -23.661851104479901 ], [ -46.527022967950856, -23.661828255492534 ] ] ] } },
{ "type": "Feature", "properties": { "ID": 3630 }, "geometry": { "type": "MultiLineString", "coordinates": [ [ [ -46.526864896525588, -23.66196057538183 ], [ -46.526865859954839, -23.661959694482643 ], [ -46.526866755262532, -23.661958754584596 ], [ -46.526867578200722, -23.661957760141945 ], [ -46.526868324864779, -23.6619567158771 ], [ -46.526868991711979, -23.661955626743591 ], [ -46.526869575578267, -23.661954497907587 ], [ -46.526870073693509, -23.661953334729464 ], [ -46.526870483694132, -23.661952142722754 ], [ -46.526870803634978, -23.661950927547593 ], [ -46.526871031997743, -23.661949694967547 ], [ -46.526871167699156, -23.661948450830174 ], [ -46.52687121009518, -23.661947201041148 ], [ -46.526871158984832, -23.661945951527613 ], [ -46.526871014610528, -23.661944708218797 ], [ -46.526870777657287, -23.661943477013732 ], [ -46.526870449249373, -23.661942263757599 ], [ -46.526870030945013, -23.661941074200882 ], [ -46.526869524729008, -23.661939913992963 ], [ -46.526868933003151, -23.661938788637034 ], [ -46.526868258575064, -23.661937703470795 ], [ -46.526867504644493, -23.661936663646149 ], [ -46.526866674789048, -23.661935674093826 ], [ -46.526865772945847, -23.661934739510535 ] ] ] } },
{ "type": "Feature", "properties": { "ID": 3631 }, "geometry": { "type": "MultiLineString", "coordinates": [ [ [ -46.526865772852872, -23.661934738947764 ], [ -46.526768905478519, -23.661841505279803 ] ] ] } },
{ "type": "Feature", "properties": { "ID": 3632 }, "geometry": { "type": "MultiLineString", "coordinates": [ [ [ -46.526741542053756, -23.66184060148796 ], [ -46.526742546997916, -23.661839816710341 ], [ -46.526743606875968, -23.661839095852027 ], [ -46.526744716905235, -23.661838442165255 ], [ -46.526745872076482, -23.661837858598417 ], [ -46.526747067176572, -23.661837347787632 ], [ -46.526748296812613, -23.661836912038083 ], [ -46.526749555435522, -23.661836553312057 ], [ -46.526750837365618, -23.661836273232911 ], [ -46.526752136817919, -23.66183607306121 ], [ -46.526753447928513, -23.661835953703019 ], [ -46.526754764780577, -23.661835915696759 ], [ -46.526756081431806, -23.661835959210787 ], [ -46.526757391940386, -23.661836084051753 ], [ -46.526758690392597, -23.661836289655689 ], [ -46.526759970928815, -23.661836575094238 ], [ -46.526761227770365, -23.661836939078686 ], [ -46.526762455245695, -23.661837379968336 ], [ -46.526763647815457, -23.661837895772376 ], [ -46.526764800097979, -23.661838484162569 ], [ -46.526765906893353, -23.661839142485935 ], [ -46.526766963207024, -23.661839867772049 ], [ -46.526767964272274, -23.66184065674253 ], [ -46.526768905571508, -23.661841505842574 ] ] ] } },
{ "type": "Feature", "properties": { "ID": 3633 }, "geometry": { "type": "MultiLineString", "coordinates": [ [ [ -46.526692996527686, -23.66188144557383 ], [ -46.526741541960526, -23.661840600925284 ] ] ] } },
{ "type": "Feature", "properties": { "ID": 3634 }, "geometry": { "type": "MultiLineString", "coordinates": [ [ [ -46.526822176074745, -23.661996485637957 ], [ -46.526864896432748, -23.661960574818874 ] ] ] } },
{ "type": "Feature", "properties": { "ID": 3364 }, "geometry": { "type": "MultiLineString", "coordinates": [ [ [ -46.497645330005135, -23.660051281341552 ], [ -46.49765275511281, -23.660039447417311 ], [ -46.497660248813531, -23.660027650238749 ], [ -46.497667810892736, -23.660015890137796 ], [ -46.497675441134106, -23.660004167453515 ], [ -46.497683139319548, -23.659992482521698 ], [ -46.497690905228865, -23.659980835672826 ], [ -46.497698738640075, -23.659969227243529 ] ] ] } },
{ "type": "Feature", "properties": { "ID": 3365 }, "geometry": { "type": "MultiLineString", "coordinates": [ [ [ -46.497293349914301, -23.66104429076244 ], [ -46.497315984044477, -23.660895479078167 ], [ -46.497348072596004, -23.66074814968341 ], [ -46.497389504635755, -23.660602811763862 ], [ -46.497440136939673, -23.660459967618159 ], [ -46.497499794488498, -23.660320110931632 ], [ -46.497568271072424, -23.660183725052434 ], [ -46.497645330004985, -23.66005128134173 ] ] ] } },
{ "type": "Feature", "properties": { "ID": 3366 }, "geometry": { "type": "MultiLineString", "coordinates": [ [ [ -46.497443312202137, -23.661521183571853 ], [ -46.497434720522193, -23.661349839421746 ], [ -46.497439378785899, -23.661178366282272 ], [ -46.497457263355123, -23.661007632377235 ], [ -46.497488283622808, -23.66083850218968 ], [ -46.497532282473315, -23.660671832076975 ], [ -46.497589037078697, -23.660508465936736 ], [ -46.497658260027677, -23.660349230933033 ], [ -46.497739600782069, -23.660194933308954 ], [ -46.49783264745242, -23.660046354313131 ] ] ] } },
{ "type": "Feature", "properties": { "ID": 3367 }, "geometry": { "type": "MultiLineString", "coordinates": [ [ [ -46.526786798648786, -23.661904903711807 ], [ -46.526779362636546, -23.661897752578177 ], [ -46.526777678328962, -23.66189623398839 ], [ -46.526776094146946, -23.661894895022204 ], [ -46.526773421167562, -23.66189266373371 ], [ -46.526771343698307, -23.661891058712698 ], [ -46.526768080452065, -23.661888652630111 ], [ -46.526764818254541, -23.661886336841974 ], [ -46.526762939987883, -23.661885000773214 ], [ -46.52676116289534, -23.661883934622686 ], [ -46.52675968198492, -23.661883046163741 ], [ -46.52675830119999, -23.661882337328489 ], [ -46.526755933840569, -23.661881096383688 ], [ -46.526754060817026, -23.66188021178829 ], [ -46.526752583052463, -23.661879594213403 ], [ -46.526750415944058, -23.66187871251552 ], [ -46.526748151856005, -23.661877922078187 ], [ -46.526746183950024, -23.661877309332631 ], [ -46.52674441314921, -23.661876784949914 ], [ -46.526742937481913, -23.661876347964373 ], [ -46.526741561940042, -23.661876090602266 ], [ -46.526740481531668, -23.661875920637353 ], [ -46.526739401123258, -23.661875750672426 ], [ -46.526738517820064, -23.661875669070458 ], [ -46.526736948318792, -23.661875594229407 ], [ -46.526735771979283, -23.661875605819755 ], [ -46.526734889724629, -23.661875614512404 ], [ -46.526733617453978, -23.661875807657857 ], [ -46.526732345183319, -23.661876000803289 ], [ -46.526729019561344, -23.661876665705126 ] ] ] } },
{ "type": "Feature", "properties": { "ID": 3368 }, "geometry": { "type": "MultiLineString", "coordinates": [ [ [ -46.526729019561344, -23.661876665705126 ], [ -46.526714937041007, -23.661879694217038 ] ] ] } },
{ "type": "Feature", "properties": { "ID": 3369 }, "geometry": { "type": "MultiLineString", "coordinates": [ [ [ -46.526714937041007, -23.661879694217038 ], [ -46.526703153210221, -23.661886492890762 ] ] ] } },
{ "type": "Feature", "properties": { "ID": 3370 }, "geometry": { "type": "MultiLineString", "coordinates": [ [ [ -46.526990531703667, -23.661854853896624 ], [ -46.526949162836303, -23.66188894532981 ] ] ] } },
{ "type": "Feature", "properties": { "ID": 3371 }, "geometry": { "type": "MultiLineString", "coordinates": [ [ [ -46.526974032194715, -23.661852397220827 ], [ -46.5269740493017, -23.66185239705225 ], [ -46.52697873755141, -23.661852350852548 ], [ -46.526999279932774, -23.66183995724181 ], [ -46.527016080456562, -23.661826155622727 ] ] ] } },
{ "type": "Feature", "properties": { "ID": 3372 }, "geometry": { "type": "MultiLineString", "coordinates": [ [ [ -46.526907012776526, -23.661712272538175 ], [ -46.526883425786593, -23.661732642978922 ], [ -46.526874050780357, -23.661752692766818 ], [ -46.526874508457169, -23.661766775840022 ], [ -46.526883646099598, -23.661785378939342 ], [ -46.526904705984933, -23.661809102249101 ] ] ] } },
{ "type": "Feature", "properties": { "ID": 3373 }, "geometry": { "type": "MultiLineString", "coordinates": [ [ [ -46.526898024049309, -23.661706491285411 ], [ -46.526863079968784, -23.661736636270479 ] ] ] } },
{ "type": "Feature", "properties": { "ID": 3374 }, "geometry": { "type": "MultiLineString", "coordinates": [ [ [ -46.526822297677782, -23.661990072783446 ], [ -46.52682979078827, -23.66197681441788 ], [ -46.526830270443611, -23.661975906641377 ], [ -46.526830651021925, -23.661974909536188 ], [ -46.526830935669182, -23.66197409398627 ], [ -46.526831121239404, -23.661973189107563 ], [ -46.526831209829936, -23.661972375489501 ], [ -46.526831290031254, -23.661970839513863 ], [ -46.526831274301522, -23.661969485093557 ], [ -46.526831260669084, -23.661968311262676 ], [ -46.526831039444801, -23.661966146122126 ], [ -46.526829686427604, -23.661959386577578 ] ] ] } },
{ "type": "Feature", "properties": { "ID": 3401 }, "geometry": { "type": "MultiLineString", "coordinates": [ [ [ -46.541451007521552, -23.624599205349401 ], [ -46.541447995946235, -23.62460149289716 ], [ -46.541441677738902, -23.624605980619162 ], [ -46.541436714620424, -23.624609009997013 ], [ -46.541432917988907, -23.624611215039582 ], [ -46.541426876871455, -23.624614255127899 ], [ -46.541420636583609, -23.624617026279939 ], [ -46.541417612325858, -23.624618230293102 ], [ -46.541411949468994, -23.624620092657622 ], [ -46.54140696732717, -23.624621496733358 ], [ -46.541402570014149, -23.624622624083507 ], [ -46.541398756473193, -23.624623384413304 ], [ -46.541392008219738, -23.624624625426041 ], [ -46.541386919623449, -23.624625308118997 ], [ -46.541379285143805, -23.624626196716235 ], [ -46.541371549493832, -23.624626815403374 ], [ -46.541363714787146, -23.624627344769202 ], [ -46.541350000087455, -23.624627932554169 ], [ -46.54133971115651, -23.624628125082243 ], [ -46.54133196810902, -23.624628111705807 ], [ -46.541320300839267, -23.624627776096446 ], [ -46.541308727342539, -23.624627078334612 ], [ -46.54129979984274, -23.624626354284054 ], [ -46.541292047284891, -23.624625528255098 ], [ -46.541285372725831, -23.624624691515926 ], [ -46.541279481109207, -23.624623756693108 ], [ -46.541274372435019, -23.624622723786732 ], [ -46.541265430141983, -23.62462073561106 ], [ -46.541258841959653, -23.624618904657602 ], [ -46.54125392188881, -23.62461723774166 ], [ -46.541246539141035, -23.624614511631375 ], [ -46.541239248053458, -23.624611242779917 ], [ -46.541236290093906, -23.624609736980805 ], [ -46.541233627190692, -23.624608318555289 ], [ -46.54122879032716, -23.624605386541965 ], [ -46.541224838632616, -23.62460271664969 ], [ -46.541221477050719, -23.624600221504924 ], [ -46.541218608638253, -23.624597992375755 ], [ -46.541213856038851, -23.624593885559566 ], [ -46.541210388004373, -23.62459066903202 ], [ -46.541205330839482, -23.62458566219119 ], [ -46.541200271561692, -23.624580474761082 ], [ -46.541194911944956, -23.624574748484477 ], [ -46.541185874559602, -23.62456463379781 ], [ -46.541179413700213, -23.624556931750334 ], [ -46.541174737970955, -23.624551018068914 ], [ -46.541171353145756, -23.624546536443635 ], [ -46.541166469794831, -23.624539631469471 ], [ -46.541161779274255, -23.624532453664418 ], [ -46.541159080448729, -23.624527965224157 ], [ -46.541156779962272, -23.624524014656714 ], [ -46.541154876758235, -23.624520511667669 ], [ -46.541151765858523, -23.624514311525452 ], [ -46.541149652919351, -23.62450963665475 ], [ -46.541149450580143, -23.624509096834686 ] ] ] } },
{ "type": "Feature", "properties": { "ID": 3402 }, "geometry": { "type": "MultiLineString", "coordinates": [ [ [ -46.541100096405671, -23.624638452360294 ], [ -46.541092654752539, -23.624639068113183 ] ] ] } },
{ "type": "Feature", "properties": { "ID": 3403 }, "geometry": { "type": "MultiLineString", "coordinates": [ [ [ -46.541120077288397, -23.62465405725251 ], [ -46.541100096405671, -23.624638452360294 ] ] ] } },
{ "type": "Feature", "properties": { "ID": 3404 }, "geometry": { "type": "MultiLineString", "coordinates": [ [ [ -46.541150384357117, -23.624681028298049 ], [ -46.541120077288397, -23.62465405725251 ] ] ] } },
{ "type": "Feature", "properties": { "ID": 3405 }, "geometry": { "type": "MultiLineString", "coordinates": [ [ [ -46.541184934754796, -23.62470208735736 ], [ -46.541150384357117, -23.624681028298049 ] ] ] } },
{ "type": "Feature", "properties": { "ID": 3406 }, "geometry": { "type": "MultiLineString", "coordinates": [ [ [ -46.54121961036703, -23.624717094729032 ], [ -46.541184934754796, -23.62470208735736 ] ] ] } },
{ "type": "Feature", "properties": { "ID": 3407 }, "geometry": { "type": "MultiLineString", "coordinates": [ [ [ -46.541269769981064, -23.624731948263122 ], [ -46.54121961036703, -23.624717094729032 ] ] ] } },
{ "type": "Feature", "properties": { "ID": 3408 }, "geometry": { "type": "MultiLineString", "coordinates": [ [ [ -46.541320501478594, -23.62473704315823 ], [ -46.541269769981064, -23.624731948263122 ] ] ] } },
{ "type": "Feature", "properties": { "ID": 3409 }, "geometry": { "type": "MultiLineString", "coordinates": [ [ [ -46.541334675821062, -23.624742230329112 ], [ -46.541320501478594, -23.62473704315823 ] ] ] } },
{ "type": "Feature", "properties": { "ID": 3410 }, "geometry": { "type": "MultiLineString", "coordinates": [ [ [ -46.541351318406448, -23.624757326526051 ], [ -46.541334675821062, -23.624742230329112 ] ] ] } },
{ "type": "Feature", "properties": { "ID": 3411 }, "geometry": { "type": "MultiLineString", "coordinates": [ [ [ -46.541092654752539, -23.624639068113183 ], [ -46.541083615502103, -23.624670674354299 ] ] ] } },
{ "type": "Feature", "properties": { "ID": 3412 }, "geometry": { "type": "MultiLineString", "coordinates": [ [ [ -46.541359877999405, -23.624785236034242 ], [ -46.541351318406448, -23.624757326526051 ] ] ] } },
{ "type": "Feature", "properties": { "ID": 3413 }, "geometry": { "type": "MultiLineString", "coordinates": [ [ [ -46.541353925917946, -23.624804259220728 ], [ -46.541359877999405, -23.624785236034242 ] ] ] } },
{ "type": "Feature", "properties": { "ID": 3414 }, "geometry": { "type": "MultiLineString", "coordinates": [ [ [ -46.545488923163596, -23.609656907612493 ], [ -46.545487884469772, -23.609654754617555 ], [ -46.545487006336487, -23.60965254176477 ], [ -46.545486292792837, -23.609650279206534 ], [ -46.545485747113212, -23.609647977325558 ], [ -46.545485371801497, -23.609645646684488 ], [ -46.545485168579496, -23.609643297977531 ], [ -46.545485138379796, -23.609640941979983 ], [ -46.545485281341172, -23.609638589505181 ], [ -46.545485596807417, -23.60963625134422 ], [ -46.545486083331049, -23.609633938229337 ], [ -46.545486738679671, -23.609631660771413 ], [ -46.545487559846123, -23.60962942942324 ], [ -46.545488543062504, -23.609627254422346 ], [ -46.545489683817216, -23.609625145746715 ], [ -46.54549097687616, -23.609623113075941 ] ] ] } },
{ "type": "Feature", "properties": { "ID": 3415 }, "geometry": { "type": "MultiLineString", "coordinates": [ [ [ -46.545488923068255, -23.60965690706665 ], [ -46.545568089087126, -23.609814152601611 ] ] ] } },
{ "type": "Feature", "properties": { "ID": 3416 }, "geometry": { "type": "MultiLineString", "coordinates": [ [ [ -46.545568089182638, -23.609814153148005 ], [ -46.545569262030767, -23.609816313251727 ], [ -46.545570590595155, -23.609818395396672 ], [ -46.545572068802727, -23.609820390054807 ], [ -46.545573689896813, -23.609822288116099 ], [ -46.545575446467211, -23.609824080903287 ], [ -46.545577330484939, -23.609825760220055 ], [ -46.545579333337912, -23.609827318393677 ], [ -46.545581445871342, -23.609828748295101 ], [ -46.545583658428946, -23.609830043395586 ] ] ] } },
{ "type": "Feature", "properties": { "ID": 3417 }, "geometry": { "type": "MultiLineString", "coordinates": [ [ [ -46.545381571129724, -23.60977754357372 ], [ -46.545386744861581, -23.609776462485328 ], [ -46.545391985758144, -23.609775704335881 ], [ -46.545397270108232, -23.609775272552557 ], [ -46.545402574004193, -23.609775169090437 ], [ -46.54540787344996, -23.609775394415593 ], [ -46.54541314446962, -23.609775947511523 ], [ -46.545418363215681, -23.609776825874871 ], [ -46.545423506077491, -23.609778025529362 ], [ -46.545428549787388, -23.60977954105066 ], [ -46.545433471526422, -23.609781365580332 ], [ -46.545438249027512, -23.609783490865745 ], [ -46.545442860676239, -23.60978590728919 ], [ -46.545447285607985, -23.609788603918627 ], [ -46.54545150380364, -23.609791568554034 ], [ -46.54545549617913, -23.609794787784722 ], [ -46.545459244671562, -23.609798247042246 ], [ -46.54546273232225, -23.60980193068033 ], [ -46.545465943351978, -23.609805822029056 ], [ -46.54546886323341, -23.609809903488649 ] ] ] } },
{ "type": "Feature", "properties": { "ID": 3418 }, "geometry": { "type": "MultiLineString", "coordinates": [ [ [ -46.545468863137636, -23.609809902942004 ], [ -46.545525558785677, -23.609922942151456 ] ] ] } },
{ "type": "Feature", "properties": { "ID": 3419 }, "geometry": { "type": "MultiLineString", "coordinates": [ [ [ -46.545525558785677, -23.609922942151456 ], [ -46.545525558785677, -23.609922942151456 ] ] ] } },
{ "type": "Feature", "properties": { "ID": 3420 }, "geometry": { "type": "MultiLineString", "coordinates": [ [ [ -46.54552555888116, -23.609922942697764 ], [ -46.545527208889283, -23.609927311488651 ], [ -46.545528604490315, -23.609931754939929 ], [ -46.545529741736466, -23.609936260480236 ], [ -46.545530617410456, -23.609940815366571 ], [ -46.545531229035021, -23.609945406713987 ], [ -46.545531574880172, -23.609950021529976 ], [ -46.545531653967416, -23.609954646764248 ] ] ] } },
{ "type": "Feature", "properties": { "ID": 3421 }, "geometry": { "type": "MultiLineString", "coordinates": [ [ [ -46.545506861119989, -23.609598752614406 ], [ -46.54549097678057, -23.609623112530375 ] ] ] } },
{ "type": "Feature", "properties": { "ID": 3422 }, "geometry": { "type": "MultiLineString", "coordinates": [ [ [ -46.545583658429955, -23.609830043395664 ], [ -46.545587883498477, -23.609830681963444 ], [ -46.545592144818258, -23.609831064776806 ], [ -46.545596424176182, -23.609831190195539 ], [ -46.545600703282389, -23.609831057685888 ], [ -46.545604963848419, -23.609830667816457 ], [ -46.545609187664326, -23.609830022249856 ], [ -46.545613356677926, -23.609829123745218 ], [ -46.545617453070825, -23.609827976146601 ], [ -46.545621459335088, -23.609826584354273 ], [ -46.545625358348197, -23.60982495431967 ], [ -46.545629133445857, -23.609823093011265 ], [ -46.545632768493391, -23.609821008378365 ], [ -46.54563624795464, -23.609818709334835 ] ] ] } },
{ "type": "Feature", "properties": { "ID": 3423 }, "geometry": { "type": "MultiLineString", "coordinates": [ [ [ -46.54553165396743, -23.609954646763615 ], [ -46.545531136790913, -23.609958767527456 ], [ -46.545530327411079, -23.609962848159228 ], [ -46.545529229313971, -23.609966871083753 ], [ -46.545527847228627, -23.609970818976883 ], [ -46.545526187107626, -23.609974674834916 ], [ -46.545524256100556, -23.609978422048112 ], [ -46.545522062524086, -23.609982044484571 ] ] ] } },
{ "type": "Feature", "properties": { "ID": 3424 }, "geometry": { "type": "MultiLineString", "coordinates": [ [ [ -46.545354910072433, -23.60979482518545 ], [ -46.545358121632049, -23.609791662167783 ], [ -46.545361560735039, -23.609788709255362 ], [ -46.545365211231342, -23.609785980313632 ], [ -46.545369055978654, -23.60978348816127 ], [ -46.545373076922182, -23.609781244498933 ], [ -46.545377255179375, -23.609779259865366 ], [ -46.545381571129624, -23.609777543573724 ] ] ] } },
{ "type": "Feature", "properties": { "ID": 3425 }, "geometry": { "type": "MultiLineString", "coordinates": [ [ [ -46.545514719799115, -23.609993126792354 ], [ -46.545522037766681, -23.609982036708939 ] ] ] } },
{ "type": "Feature", "properties": { "ID": 3426 }, "geometry": { "type": "MultiLineString", "coordinates": [ [ [ -46.544804098107292, -23.610623784411391 ], [ -46.544805524982458, -23.610631838021245 ], [ -46.54480755234858, -23.610639781533209 ], [ -46.544810170514694, -23.610647576975921 ], [ -46.544813366965755, -23.61065518708531 ], [ -46.544817126422799, -23.610662575488195 ], [ -46.544821430915107, -23.610669706861934 ], [ -46.544826259867207, -23.610676547121994 ], [ -46.54483159019626, -23.610683063569496 ], [ -46.54483739642297, -23.610689225058085 ], [ -46.544843650793077, -23.610695002130495 ], [ -46.544850323410181, -23.610700367176552 ], [ -46.544857382378751, -23.610705294548037 ], [ -46.5448647939564, -23.610709760692792 ], [ -46.544872522714911, -23.610713744260789 ], [ -46.544880531710568, -23.610717226212209 ], [ -46.544888782659243, -23.610720189901869 ], [ -46.544897236121137, -23.6107226211656 ], [ -46.544905851687751, -23.610724508376581 ], [ -46.544914588175814, -23.610725842518722 ], [ -46.54492340382442, -23.610726617212705 ], [ -46.544932256493702, -23.610726828754913 ], [ -46.544941103867437, -23.610726476136961 ], [ -46.54494990365405, -23.610725561040407 ], [ -46.544958613789994, -23.610724087840222 ], [ -46.544967192640243, -23.610722063581854 ] ] ] } },
{ "type": "Feature", "properties": { "ID": 3427 }, "geometry": { "type": "MultiLineString", "coordinates": [ [ [ -46.544836888463578, -23.610907530893119 ], [ -46.544830109193377, -23.610906063183624 ], [ -46.5447789452545, -23.610871985590922 ], [ -46.54474978601877, -23.610842384836499 ], [ -46.544711459984846, -23.610791563315896 ], [ -46.544662008126153, -23.610794854935168 ] ] ] } },
{ "type": "Feature", "properties": { "ID": 3428 }, "geometry": { "type": "MultiLineString", "coordinates": [ [ [ -46.544836888558812, -23.610907531439508 ], [ -46.544837900806407, -23.610907685047916 ], [ -46.544838899434552, -23.610907901494674 ], [ -46.544839879853804, -23.610908179787856 ], [ -46.544840837559278, -23.610908518649246 ], [ -46.544841768149979, -23.610908916521861 ], [ -46.544842667349229, -23.610909371577296 ], [ -46.544843531025222, -23.61090988172516 ], [ -46.544844355208703, -23.610910444617247 ], [ -46.544845136112563, -23.610911057671004 ], [ -46.544845870148315, -23.610911718067211 ], [ -46.54484655394252, -23.610912422773531 ], [ -46.544847184353095, -23.610913168546464 ], [ -46.544847758483087, -23.610913951963521 ], [ -46.544848273694271, -23.610914769425257 ], [ -46.544848727618884, -23.610915617170182 ], [ -46.54484911817093, -23.610916491307005 ], [ -46.54484944355606, -23.610917387818784 ], [ -46.54484970227859, -23.610918302582267 ], [ -46.544849893149788, -23.610919231395783 ], [ -46.544850015292631, -23.610920169992141 ], [ -46.544850068145742, -23.610921114057927 ], [ -46.544850051466057, -23.610922059252886 ], [ -46.544849965330613, -23.610923001235712 ], [ -46.544849810134906, -23.610923935674879 ], [ -46.54484958659225, -23.610924858280875 ], [ -46.544849295729733, -23.61092576480846 ], [ -46.5448489388843, -23.610926651097575 ], [ -46.544848517695549, -23.610927513071271 ], [ -46.544848034099019, -23.610928346769121 ], [ -46.54484749031699, -23.610929148363546 ], [ -46.54484688884822, -23.610929914164398 ] ] ] } },
{ "type": "Feature", "properties": { "ID": 3429 }, "geometry": { "type": "MultiLineString", "coordinates": [ [ [ -46.544820913126266, -23.61055387232993 ], [ -46.544816718005521, -23.610560976898562 ], [ -46.544813072834479, -23.610568334623622 ], [ -46.544809995493537, -23.610575909407196 ], [ -46.544807501078452, -23.610583664097991 ], [ -46.544805601824962, -23.61059156065388 ], [ -46.544804307049446, -23.610599560341551 ], [ -46.544803623103597, -23.610607623922174 ], [ -46.54480355334212, -23.610615711835816 ], [ -46.54480409810752, -23.610623784413551 ] ] ] } },
{ "type": "Feature", "properties": { "ID": 3430 }, "geometry": { "type": "MultiLineString", "coordinates": [ [ [ -46.544967192640264, -23.610722063581676 ], [ -46.544976449491244, -23.610718205986252 ], [ -46.544985419125652, -23.610713809843606 ], [ -46.544994064690513, -23.610708893208393 ], [ -46.545002350664582, -23.610703476288499 ], [ -46.545010243004093, -23.610697581338663 ], [ -46.545017709282369, -23.610691232575071 ], [ -46.545024718823477, -23.610684456085711 ] ] ] } },
{ "type": "Feature", "properties": { "ID": 3431 }, "geometry": { "type": "MultiLineString", "coordinates": [ [ [ -46.544662008126153, -23.610794854935168 ], [ -46.544650308033546, -23.610808336524872 ] ] ] } },
{ "type": "Feature", "properties": { "ID": 3432 }, "geometry": { "type": "MultiLineString", "coordinates": [ [ [ -46.544833992285476, -23.610953073465428 ], [ -46.544846852980065, -23.610929917669981 ] ] ] } },
{ "type": "Feature", "properties": { "ID": 3433 }, "geometry": { "type": "MultiLineString", "coordinates": [ [ [ -46.544650308033546, -23.610808336524872 ], [ -46.544645979997881, -23.610815333087423 ] ] ] } },
{ "type": "Feature", "properties": { "ID": 3434 }, "geometry": { "type": "MultiLineString", "coordinates": [ [ [ -46.52374660501269, -23.649984655657757 ], [ -46.523745145178523, -23.649985573059968 ], [ -46.523741165408751, -23.649987905341042 ], [ -46.523737021099315, -23.649989980240758 ], [ -46.523732731834656, -23.649991787942998 ], [ -46.523728317885066, -23.649993319912966 ], [ -46.523723800109323, -23.649994568910564 ], [ -46.523719199857453, -23.649995529028967 ], [ -46.523714538868887, -23.649996195735454 ], [ -46.523709839170152, -23.649996565874616 ], [ -46.523705122970647, -23.649996637701616 ], [ -46.523700412558114, -23.649996410876806 ], [ -46.523695730192365, -23.649995886468911 ], [ -46.523691098001137, -23.649995066958169 ], [ -46.523686537875008, -23.649993956218058 ], [ -46.523682071363595, -23.649992559494716 ], [ -46.523677719574579, -23.649990883392906 ], [ -46.523673503073411, -23.649988935829597 ], [ -46.523669441785913, -23.649986726011299 ], [ -46.523665554904859, -23.649984264378936 ], [ -46.5236618607982, -23.649981562565731 ], [ -46.523658376923557, -23.649978633342034 ], [ -46.523655119744781, -23.64997549054835 ], [ -46.523652104654218, -23.649972149034721 ], [ -46.523649345900402, -23.649968624598163 ], [ -46.523649767367438, -23.649969171964855 ], [ -46.523612810163094, -23.649918422451268 ], [ -46.523612809117267, -23.649918332156282 ], [ -46.523609673339458, -23.649913713086015 ], [ -46.52360688235435, -23.649908909971384 ], [ -46.523604448833552, -23.649903944618689 ], [ -46.523602383825775, -23.64989883957044 ], [ -46.523600696706808, -23.64989361800782 ], [ -46.523599395136344, -23.649888303633773 ], [ -46.523598485023989, -23.649882920581803 ], [ -46.523597970501882, -23.649877493291424 ], [ -46.523597853905827, -23.649872046400628 ], [ -46.523598135765326, -23.649866604642682 ], [ -46.523598814800394, -23.649861192723414 ], [ -46.523599887928349, -23.649855835213518 ], [ -46.5236013502766, -23.64985055644074 ], [ -46.52360319520578, -23.649845380369118 ], [ -46.523605414339265, -23.649840330499611 ], [ -46.523607997601665, -23.64983542975996 ], [ -46.523610933264166, -23.649830700400859 ], [ -46.523614207998357, -23.649826163896432 ], [ -46.523617806935796, -23.649821840843465 ], [ -46.523621713736468, -23.649817750867136 ], [ -46.523625910662496, -23.649813912539049 ] ] ] } },
{ "type": "Feature", "properties": { "ID": 3473 }, "geometry": { "type": "MultiLineString", "coordinates": [ [ [ -46.523389679577008, -23.649978170731902 ], [ -46.523394136354582, -23.649975500423583 ], [ -46.523398779737803, -23.649973115158616 ], [ -46.523403588277667, -23.649971025945874 ], [ -46.523408539762876, -23.649969242445803 ], [ -46.523413611320919, -23.649967772889234 ], [ -46.523418779525691, -23.649966624068885 ], [ -46.523424020503782, -23.649965801289785 ], [ -46.523429310046204, -23.649965308350971 ], [ -46.523434623719382, -23.6499651475315 ], [ -46.523439936978285, -23.649965319574257 ], [ -46.523445225279808, -23.649965823682681 ], [ -46.523450464196181, -23.649966657530427 ], [ -46.523455629527675, -23.649967817264539 ], [ -46.523460697414713, -23.649969297528074 ], [ -46.523465644447477, -23.649971091484822 ], [ -46.523470447774528, -23.649973190846246 ], [ -46.52347508520829, -23.649975585913506 ], [ -46.523479535327603, -23.649978265628111 ], [ -46.523483777576153, -23.649981217607593 ], [ -46.523487792358274, -23.649984428217685 ], [ -46.5234915611288, -23.649987882628597 ], [ -46.523495066478787, -23.649991564879759 ], [ -46.523498292216395, -23.649995457968494 ], [ -46.523565097880734, -23.650081711753089 ] ] ] } },
{ "type": "Feature", "properties": { "ID": 3474 }, "geometry": { "type": "MultiLineString", "coordinates": [ [ [ -46.523565097973297, -23.650081712312165 ], [ -46.52356601054089, -23.65008297195596 ], [ -46.523566829228571, -23.650084285204937 ], [ -46.523567550340829, -23.650085646129686 ], [ -46.523568170622653, -23.650087048590507 ], [ -46.52356868727388, -23.6500884862559 ], [ -46.523569097962273, -23.650089952633696 ], [ -46.523569400834006, -23.650091441106419 ], [ -46.523569594521838, -23.650092944954963 ], [ -46.523569678151418, -23.650094457388604 ], [ -46.523569651345419, -23.650095971583745 ], [ -46.523569514224462, -23.650097480701145 ], [ -46.523569267407922, -23.650098977931087 ], [ -46.523568912009644, -23.650100456514998 ], [ -46.523568449634247, -23.650101909777742 ], [ -46.523567882368539, -23.650103331157862 ], [ -46.523567212773628, -23.650104714242097 ], [ -46.523566443871815, -23.650106052784917 ], [ -46.523565579134008, -23.650107340743052 ], [ -46.523564622463873, -23.650108572305825 ], [ -46.523563578179875, -23.650109741910388 ], [ -46.523562450996145, -23.650110844279588 ], [ -46.523561246000767, -23.650111874436178 ], [ -46.523559968632902, -23.650112827729028 ] ] ] } },
{ "type": "Feature", "properties": { "ID": 3475 }, "geometry": { "type": "MultiLineString", "coordinates": [ [ [ -46.52355996854012, -23.650112827170144 ], [ -46.523551215792935, -23.650118873343093 ] ] ] } },
{ "type": "Feature", "properties": { "ID": 3476 }, "geometry": { "type": "MultiLineString", "coordinates": [ [ [ -46.496150505662541, -23.655419687355625 ], [ -46.496246554532938, -23.655460481485918 ] ] ] } },
{ "type": "Feature", "properties": { "ID": 3477 }, "geometry": { "type": "MultiLineString", "coordinates": [ [ [ -46.496190750419508, -23.655544733830748 ], [ -46.49580643904509, -23.655293780521557 ] ] ] } },
{ "type": "Feature", "properties": { "ID": 3478 }, "geometry": { "type": "MultiLineString", "coordinates": [ [ [ -46.496296058434602, -23.65656300044904 ], [ -46.496165163642864, -23.656488229268568 ], [ -46.496038109562697, -23.656408033626004 ], [ -46.495915160926529, -23.656322580620355 ], [ -46.495796573911768, -23.656232048306446 ], [ -46.49568259560543, -23.656136625324582 ], [ -46.495573463490501, -23.656036510498527 ], [ -46.495469404950413, -23.655931912439975 ] ] ] } },
{ "type": "Feature", "properties": { "ID": 3479 }, "geometry": { "type": "MultiLineString", "coordinates": [ [ [ -46.497856428682717, -23.66535625483149 ], [ -46.497843845785731, -23.665356164835782 ], [ -46.497831262510296, -23.665356160791898 ], [ -46.497818679548104, -23.665356242693985 ], [ -46.497806097591166, -23.665356410540738 ], [ -46.497793517331594, -23.665356664325461 ], [ -46.497780939460874, -23.665357004027481 ], [ -46.497768364670996, -23.66535742963373 ] ] ] } },
{ "type": "Feature", "properties": { "ID": 3480 }, "geometry": { "type": "MultiLineString", "coordinates": [ [ [ -46.497768364661653, -23.665357429634092 ], [ -46.497754549171312, -23.665358013181905 ], [ -46.497740739110085, -23.665358697125068 ], [ -46.497726935338157, -23.66535948142047 ], [ -46.497713138714843, -23.665360366019964 ], [ -46.497699350099147, -23.665361350870043 ], [ -46.497685570349773, -23.665362435905358 ], [ -46.497671800324852, -23.665363621062621 ] ] ] } },
{ "type": "Feature", "properties": { "ID": 3481 }, "geometry": { "type": "MultiLineString", "coordinates": [ [ [ -46.497622124624591, -23.66591481054374 ], [ -46.497639887776799, -23.665912684050166 ], [ -46.497657621854103, -23.665910360784022 ], [ -46.497675324287144, -23.665907841081907 ], [ -46.497692992511503, -23.665905125307734 ], [ -46.497710623967194, -23.66590221385875 ], [ -46.497728216100022, -23.665899107150434 ], [ -46.497745766361291, -23.665895805638808 ] ] ] } },
{ "type": "Feature", "properties": { "ID": 3482 }, "geometry": { "type": "MultiLineString", "coordinates": [ [ [ -46.497697608078305, -23.6652659068689 ], [ -46.497723160879247, -23.665264241612643 ], [ -46.497748735292987, -23.665262886781683 ], [ -46.497774326874669, -23.665261842604441 ], [ -46.497799931176814, -23.665261109267057 ], [ -46.497825543749364, -23.665260686894364 ], [ -46.497851160141117, -23.665260575562755 ], [ -46.497876775900146, -23.66526077528906 ] ] ] } },
{ "type": "Feature", "properties": { "ID": 3483 }, "geometry": { "type": "MultiLineString", "coordinates": [ [ [ -46.497722224229925, -23.665998016451425 ], [ -46.497723745151113, -23.665997765990475 ], [ -46.497725265846718, -23.6659975143709 ], [ -46.497726786315958, -23.665997261593009 ], [ -46.49772830655737, -23.665997007655726 ], [ -46.497729826570236, -23.66599675256122 ], [ -46.497731346353362, -23.665996496306274 ], [ -46.497732865905824, -23.66599623889396 ] ] ] } },
{ "type": "Feature", "properties": { "ID": 3484 }, "geometry": { "type": "MultiLineString", "coordinates": [ [ [ -46.497559786990195, -23.666034264036416 ], [ -46.497560464989242, -23.66603353503649 ], [ -46.497599765390028, -23.666015003697638 ], [ -46.497660186750387, -23.666008730388413 ], [ -46.497722224245265, -23.665998016448931 ] ] ] } },
{ "type": "Feature", "properties": { "ID": 3485 }, "geometry": { "type": "MultiLineString", "coordinates": [ [ [ -46.497622124619035, -23.665914810544333 ], [ -46.497614834764711, -23.665915633106895 ], [ -46.497607532348788, -23.665916354981107 ], [ -46.497600219010451, -23.665916976001572 ], [ -46.497592896391382, -23.66591749602647 ], [ -46.497585566135399, -23.665917914945165 ], [ -46.497578229888028, -23.665918232658882 ], [ -46.49757088929627, -23.665918449097312 ] ] ] } },
{ "type": "Feature", "properties": { "ID": 3486 }, "geometry": { "type": "MultiLineString", "coordinates": [ [ [ -46.553842071944551, -23.656828704635732 ], [ -46.553869398417739, -23.656785084592084 ] ] ] } },
{ "type": "Feature", "properties": { "ID": 3487 }, "geometry": { "type": "MultiLineString", "coordinates": [ [ [ -46.503292056507178, -23.631313412592181 ], [ -46.503292152451792, -23.631313231050186 ] ] ] } },
{ "type": "Feature", "properties": { "ID": 3488 }, "geometry": { "type": "MultiLineString", "coordinates": [ [ [ -46.50330893916874, -23.631349822903875 ], [ -46.503294006140514, -23.631338227852041 ], [ -46.503293709027709, -23.631337959813646 ], [ -46.503293411914917, -23.631337691775155 ], [ -46.503293212808721, -23.631337422786775 ], [ -46.503293013702546, -23.631337153798487 ], [ -46.503292713496784, -23.631336614871916 ], [ -46.503292510266661, -23.631335984699508 ], [ -46.503292406074138, -23.631335443873173 ], [ -46.503292301881615, -23.631334903046927 ], [ -46.503292295695701, -23.631334361270692 ], [ -46.50329228435487, -23.631333368014388 ], [ -46.503292372051618, -23.63133246410424 ], [ -46.503292646482713, -23.631330745630105 ], [ -46.503292828062136, -23.631329479585951 ], [ -46.503293013765479, -23.63132857472592 ], [ -46.503293005517598, -23.631327852357668 ], [ -46.503293092183355, -23.631326858151478 ], [ -46.503293085997441, -23.63132631637534 ], [ -46.503293080842511, -23.631325864895253 ], [ -46.503292056507178, -23.631313412592181 ] ] ] } },
{ "type": "Feature", "properties": { "ID": 3489 }, "geometry": { "type": "MultiLineString", "coordinates": [ [ [ -46.503338554575713, -23.631368229213027 ], [ -46.50330893916874, -23.631349822903875 ] ] ] } },
{ "type": "Feature", "properties": { "ID": 3490 }, "geometry": { "type": "MultiLineString", "coordinates": [ [ [ -46.503382120098912, -23.631363652882357 ], [ -46.503381535152286, -23.631363929470087 ], [ -46.503379489385644, -23.631365032970891 ], [ -46.503377830490273, -23.631365681191927 ], [ -46.503376658534897, -23.631366053775068 ], [ -46.50337470252645, -23.631366433957744 ], [ -46.503372744455923, -23.631366633548307 ], [ -46.503338554575713, -23.631368229213027 ] ] ] } },
{ "type": "Feature", "properties": { "ID": 3491 }, "geometry": { "type": "MultiLineString", "coordinates": [ [ [ -46.503323060612253, -23.63146202672517 ], [ -46.503323534149551, -23.63146057723926 ], [ -46.503324572013746, -23.631457045245345 ], [ -46.503325315857815, -23.631453516101171 ], [ -46.503325403554356, -23.631452612191023 ], [ -46.503325481971778, -23.631450895616698 ], [ -46.503325267400136, -23.631449272187989 ], [ -46.503324955852825, -23.631447740005235 ], [ -46.503324450354164, -23.631446390314316 ], [ -46.503323847879834, -23.631445131869366 ], [ -46.503323245405518, -23.631443873424395 ], [ -46.503322546986531, -23.631442796521359 ], [ -46.503320955166259, -23.631440734911141 ], [ -46.50331946547675, -23.63143903353501 ], [ -46.503318075855987, -23.63143751180105 ], [ -46.503315301769589, -23.631434919813362 ], [ -46.503313122940426, -23.631432954198356 ], [ -46.503309660745437, -23.631430188267689 ], [ -46.503306199581608, -23.631427512632989 ], [ -46.503304419996411, -23.63142617529051 ], [ -46.503301160001115, -23.631423949235966 ], [ -46.503298296156622, -23.631422080566054 ], [ -46.503295829493851, -23.631420659576591 ], [ -46.503293561937454, -23.631419507575469 ], [ -46.503291689500749, -23.6314186226628 ], [ -46.50328991713274, -23.631417917392408 ], [ -46.503286865523066, -23.631416772990111 ], [ -46.503284505115062, -23.631416073418812 ], [ -46.503282734809062, -23.63141554874035 ], [ -46.503279983405392, -23.631414943264481 ], [ -46.503277234063709, -23.631414518380666 ], [ -46.503242873995099, -23.6314097942528 ] ] ] } },
{ "type": "Feature", "properties": { "ID": 3492 }, "geometry": { "type": "MultiLineString", "coordinates": [ [ [ -46.503242873995099, -23.6314097942528 ], [ -46.503234850784182, -23.63141962506095 ] ] ] } },
{ "type": "Feature", "properties": { "ID": 3493 }, "geometry": { "type": "MultiLineString", "coordinates": [ [ [ -46.503017169768192, -23.633867688597352 ], [ -46.503016554190289, -23.633870531652661 ], [ -46.503015729842829, -23.633873329473868 ], [ -46.503014700555049, -23.633876069064353 ], [ -46.503013471107955, -23.633878737697312 ], [ -46.503012047212778, -23.633881322977135 ], [ -46.503010435483738, -23.633883812894528 ], [ -46.503008643407696, -23.633886195881736 ], [ -46.503006679309159, -23.633888460871013 ], [ -46.503004552312035, -23.633890597342344 ], [ -46.503002272296527, -23.633892595366948 ], [ -46.502999849853722, -23.633894445667977 ], [ -46.502997296236536, -23.633896139646861 ], [ -46.50299462330711, -23.633897669437616 ], [ -46.502991843481638, -23.633899027933229 ], [ -46.502988969673282, -23.633900208822805 ], [ -46.502986015231201, -23.633901206617992 ], [ -46.50298299387984, -23.633902016690207 ], [ -46.502979919653605, -23.633902635271227 ], [ -46.502976806833317, -23.633903059488258 ], [ -46.502973669878642, -23.633903287371069 ], [ -46.502970523361519, -23.633903317863403 ], [ -46.502967381897989, -23.633903150821453 ], [ -46.502964260081079, -23.633902787023171 ], [ -46.502961172412178, -23.633902228153808 ], [ -46.502958133234337, -23.633901476815218 ], [ -46.502955156665081, -23.63390053649422 ], [ -46.502952256531415, -23.633899411558861 ], [ -46.502949446304989, -23.63389810723541 ], [ -46.502946739040013, -23.633896629580949 ], [ -46.502944147312249, -23.633894985464625 ], [ -46.502941683160955, -23.633893182518641 ], [ -46.50293935803267, -23.633891229119438 ], [ -46.502937182727997, -23.633889134340858 ], [ -46.502935167351794, -23.633886907915876 ], [ -46.502933321265942, -23.633884560183187 ], [ -46.502931653045856, -23.633882102051093 ], [ -46.502930170440841, -23.633879544937528 ], [ -46.502928880337969, -23.633876900720963 ], [ -46.502927788729934, -23.633874181683588 ], [ -46.502926900687385, -23.633871400454574 ], [ -46.50292622033583, -23.633868569959219 ] ] ] } },
{ "type": "Feature", "properties": { "ID": 3494 }, "geometry": { "type": "MultiLineString", "coordinates": [ [ [ -46.503004487447804, -23.633968552622868 ], [ -46.502997122342634, -23.633970526804422 ], [ -46.502989637582161, -23.633972072501273 ], [ -46.50298206250428, -23.633973183655137 ], [ -46.502974426801025, -23.633973855912199 ], [ -46.502966760401641, -23.63397408663451 ], [ -46.50295909335626, -23.633973874919366 ], [ -46.502951455716975, -23.633973221596211 ], [ -46.502943877420968, -23.633972129224517 ], [ -46.502936388172955, -23.633970602090116 ] ] ] } },
{ "type": "Feature", "properties": { "ID": 3495 }, "geometry": { "type": "MultiLineString", "coordinates": [ [ [ -46.502936388173168, -23.633970602090201 ], [ -46.502935746692586, -23.633970472649001 ], [ -46.502935097243508, -23.633970383067812 ], [ -46.502934442741292, -23.633970333756931 ], [ -46.50293378612438, -23.633970324934403 ], [ -46.502933130339834, -23.633970356639487 ], [ -46.502932478331481, -23.63397042872954 ], [ -46.502931833026203, -23.633970540883404 ], [ -46.502931197320734, -23.63397069259501 ], [ -46.502930574068785, -23.633970883184329 ], [ -46.50292996606769, -23.633971111795329 ], [ -46.502929376047163, -23.633971377402535 ], [ -46.50292880665539, -23.633971678813325 ], [ -46.502928260448456, -23.633972014674491 ], [ -46.502927739878295, -23.633972383478817 ], [ -46.502927247281654, -23.633972783569476 ], [ -46.502926784869715, -23.633973213153073 ], [ -46.502926354718291, -23.633973670297589 ], [ -46.502925958758127, -23.633974152956124 ], [ -46.502925598766836, -23.633974658956227 ], [ -46.50292527636023, -23.633975186030145 ], [ -46.502924992985641, -23.633975731812708 ], [ -46.502924749915131, -23.633976293850019 ], [ -46.502924548239797, -23.633976869623194 ], [ -46.502924388864891, -23.633977456546241 ], [ -46.502924272506107, -23.63397805198224 ], [ -46.502924199685232, -23.633978653263913 ], [ -46.502924170729514, -23.633979257683901 ] ] ] } },
{ "type": "Feature", "properties": { "ID": 3496 }, "geometry": { "type": "MultiLineString", "coordinates": [ [ [ -46.502923697182645, -23.634017222470145 ], [ -46.502924146297488, -23.633979289597001 ] ] ] } },
{ "type": "Feature", "properties": { "ID": 3497 }, "geometry": { "type": "MultiLineString", "coordinates": [ [ [ -46.503004487447896, -23.633968552622868 ], [ -46.503005146001783, -23.633968378499574 ], [ -46.503005816149972, -23.633968247186786 ], [ -46.503006494617686, -23.633968159326123 ], [ -46.503007178089916, -23.633968115349091 ], [ -46.503007863226934, -23.633968115469987 ], [ -46.503008546681016, -23.633968159684667 ], [ -46.503009225112557, -23.633968247782192 ], [ -46.503009895206581, -23.633968379327477 ], [ -46.503010553688853, -23.633968553680482 ], [ -46.503011197341728, -23.633968769989657 ], [ -46.503011823020408, -23.633969027196017 ], [ -46.503012427667258, -23.633969324043818 ], [ -46.503013008328004, -23.633969659082542 ], [ -46.50301356216557, -23.633970030675361 ], [ -46.503014086473357, -23.63397043700764 ], [ -46.503014578689687, -23.633970876091098 ], [ -46.50301503640943, -23.6339713457809 ], [ -46.503015457396089, -23.633971843784181 ], [ -46.5030158395925, -23.633972367666399 ], [ -46.503016181131137, -23.63397291486843 ], [ -46.50301648034322, -23.633973482712967 ], [ -46.5030167357666, -23.633974068430277 ], [ -46.503016946153338, -23.633974669153808 ], [ -46.503017110475305, -23.633975281952445 ], [ -46.503017227929725, -23.633975903831519 ], [ -46.503017297942584, -23.633976531746779 ], [ -46.503017320171821, -23.633977162637365 ] ] ] } },
{ "type": "Feature", "properties": { "ID": 3498 }, "geometry": { "type": "MultiLineString", "coordinates": [ [ [ -46.503017200500274, -23.634016587275827 ], [ -46.503017338036635, -23.6339771222212 ] ] ] } },
{ "type": "Feature", "properties": { "ID": 3499 }, "geometry": { "type": "MultiLineString", "coordinates": [ [ [ -46.502933618321279, -23.634026338097044 ], [ -46.502932940307069, -23.634026323046466 ], [ -46.50293226504553, -23.634026264837917 ], [ -46.5029315957701, -23.634026163742661 ], [ -46.502930935684802, -23.634026020251763 ], [ -46.502930287950576, -23.634025835046188 ], [ -46.502929655668368, -23.634025609017389 ], [ -46.502929041865798, -23.634025343247 ], [ -46.502928449481651, -23.634025039004854 ], [ -46.50292788135225, -23.634024697749062 ], [ -46.502927340197779, -23.634024321113291 ], [ -46.502926828609368, -23.634023910902521 ], [ -46.50292634903635, -23.634023469078144 ], [ -46.502925903775008, -23.634022997758048 ], [ -46.50292549495714, -23.634022499197371 ], [ -46.50292512454034, -23.63402197578425 ], [ -46.502924794298174, -23.634021430022752 ], [ -46.502924505811528, -23.634020864528583 ], [ -46.502924260462052, -23.634020282007672 ], [ -46.502924059424231, -23.634019685249775 ], [ -46.502923903660651, -23.63401907711344 ], [ -46.502923793917176, -23.634018460507765 ], [ -46.502923730719282, -23.634017838384885 ], [ -46.502923714369508, -23.634017213727599 ] ] ] } },
{ "type": "Feature", "properties": { "ID": 3500 }, "geometry": { "type": "MultiLineString", "coordinates": [ [ [ -46.503007501699599, -23.634025621560532 ], [ -46.502933603193874, -23.634026337688798 ] ] ] } },
{ "type": "Feature", "properties": { "ID": 3501 }, "geometry": { "type": "MultiLineString", "coordinates": [ [ [ -46.50300750178954, -23.634025622114493 ], [ -46.503008167122431, -23.634025597608911 ], [ -46.503008829091407, -23.634025531350446 ], [ -46.503009484612384, -23.63402542364129 ], [ -46.50301013063175, -23.634025274985795 ], [ -46.503010764139972, -23.634025086079493 ], [ -46.503011382185669, -23.63402485779714 ], [ -46.50301198188977, -23.634024591206554 ], [ -46.503012560458416, -23.63402428754701 ], [ -46.503013115196318, -23.63402394823548 ], [ -46.503013643519274, -23.634023574849383 ], [ -46.50301414296591, -23.634023169130717 ], [ -46.503014611209579, -23.634022732968717 ], [ -46.503015046068846, -23.634022268395494 ], [ -46.503015445518031, -23.634021777575132 ], [ -46.503015807696293, -23.634021262794988 ], [ -46.503016130916265, -23.634020726452693 ], [ -46.503016413672221, -23.634020171045329 ], [ -46.503016654646935, -23.634019599162869 ], [ -46.503016852717927, -23.63401901346662 ], [ -46.50301700696216, -23.634018416686985 ], [ -46.503017116661518, -23.634017811605151 ], [ -46.503017181304507, -23.63401720103689 ], [ -46.503017200590392, -23.634016587829787 ] ] ] } },
{ "type": "Feature", "properties": { "ID": 3502 }, "geometry": { "type": "MultiLineString", "coordinates": [ [ [ -46.503015907869347, -23.634166766701043 ], [ -46.503015221715486, -23.634163927489801 ], [ -46.503014329419415, -23.634161137341724 ], [ -46.50301323503912, -23.634158408942582 ], [ -46.503011943551478, -23.634155754702821 ], [ -46.503010460829536, -23.634153186692643 ], [ -46.503008793616601, -23.634150716591634 ], [ -46.50300694949437, -23.634148355629893 ], [ -46.503004936849415, -23.634146114547427 ], [ -46.503002764834534, -23.634144003532082 ], [ -46.503000443327295, -23.634142032187658 ], [ -46.502997982885354, -23.634140209478396 ], [ -46.502995394697798, -23.634138543692785 ], [ -46.502992690534931, -23.634137042407485 ], [ -46.502989882694543, -23.634135712449076 ], [ -46.502986983945462, -23.63413455986451 ], [ -46.502984007470481, -23.634133589895747 ], [ -46.502980966805573, -23.634132806954572 ], [ -46.50297787577874, -23.634132214601618 ], [ -46.502974748446782, -23.634131815531951 ], [ -46.502971599031966, -23.634131611558402 ], [ -46.502968441856758, -23.634131603607948 ], [ -46.502965291278734, -23.63413179172014 ], [ -46.502962161625945, -23.634132175034882 ], [ -46.502959067130959, -23.634132751814501 ], [ -46.502956021866481, -23.63413351943154 ], [ -46.502953039681387, -23.634134474395175 ], [ -46.502950134137656, -23.634135612366901 ], [ -46.502947318448761, -23.634136928165443 ], [ -46.50294460541965, -23.63413841581254 ], [ -46.50294200738815, -23.634140068539978 ], [ -46.502939536169166, -23.634141878831052 ], [ -46.50293720300126, -23.634143838455511 ], [ -46.502935018494604, -23.634145938500215 ], [ -46.502932992584007, -23.634148169414793 ], [ -46.502931134482395, -23.634150521055187 ], [ -46.502929452639783, -23.63415298272492 ], [ -46.502927954704788, -23.63415554322933 ], [ -46.50292664748951, -23.634158190925369 ], [ -46.502925536938754, -23.634160913772597 ], [ -46.502924628102839, -23.634163699386104 ], [ -46.502923925115198, -23.634166535100498 ] ] ] } },
{ "type": "Feature", "properties": { "ID": 3503 }, "geometry": { "type": "MultiLineString", "coordinates": [ [ [ -46.502916555549696, -23.635597272671195 ], [ -46.502914644387658, -23.635600286480184 ], [ -46.502912507640765, -23.635603168838877 ], [ -46.502910155914968, -23.635605905434513 ], [ -46.502907600883361, -23.635608482689783 ], [ -46.502904855228024, -23.63561088780779 ], [ -46.502901932577565, -23.635613108853367 ], [ -46.502898847438914, -23.635615134802205 ], [ -46.50289561512534, -23.635616955595339 ], [ -46.502892251680976, -23.635618562198076 ], [ -46.502888773800812, -23.635619946632989 ], [ -46.502885198747506, -23.63562110203031 ], [ -46.502881544266373, -23.635622022654555 ], [ -46.502877828497155, -23.635622703935539 ], [ -46.502874069883234, -23.635623142492918 ], [ -46.502870287081087, -23.635623336147859 ], [ -46.502866498867185, -23.635623283941143 ], [ -46.50286272404486, -23.635622986131935 ], [ -46.502858981350755, -23.63562244419651 ], [ -46.502855289362415, -23.635621660824896 ], [ -46.502851666405427, -23.635620639908765 ], [ -46.502848130462787, -23.635619386512278 ], [ -46.502844699085685, -23.635617906857782 ], [ -46.502841389305985, -23.635616208287967 ], [ -46.502838217552373, -23.635614299238661 ], [ -46.502835199568338, -23.635612189179334 ], [ -46.502832350333883, -23.635609888590182 ], [ -46.502829683991507, -23.635607408885349 ], [ -46.502827213776058, -23.635604762374822 ], [ -46.502824951948703, -23.635601962196191 ], [ -46.50282290973626, -23.635599022248485 ], [ -46.502821097275636, -23.635595957121666 ], [ -46.502819523562984, -23.635592782032528 ], [ -46.502818196409791, -23.635589512738996 ], [ -46.502817122403506, -23.635586165469444 ], [ -46.502816306874927, -23.635582756841217 ], [ -46.502815753872135, -23.635579303768306 ], [ -46.502815466140092, -23.635575823395847 ], [ -46.502815445106791, -23.6355723329937 ], [ -46.502815690876716, -23.635568849892763 ] ] ] } },
{ "type": "Feature", "properties": { "ID": 3504 }, "geometry": { "type": "MultiLineString", "coordinates": [ [ [ -46.502753069739036, -23.635736028855838 ], [ -46.502755012954921, -23.635732845098545 ], [ -46.502757193668259, -23.635729794691393 ], [ -46.50275960114697, -23.635726892641799 ], [ -46.502762223542845, -23.635724153237074 ], [ -46.502765047950369, -23.635721589956631 ], [ -46.502768060469684, -23.635719215416447 ], [ -46.502771246274932, -23.63571704130058 ], [ -46.502774589687853, -23.635715078308792 ], [ -46.502778074254266, -23.635713336101965 ], [ -46.5027816828255, -23.635711823253963 ], [ -46.50278539764259, -23.635710547212074 ], [ -46.502789200423507, -23.635709514253058 ], [ -46.5027930724535, -23.635708729460777 ], [ -46.502796994677205, -23.635708196701611 ], [ -46.502800947791734, -23.635707918591262 ], [ -46.502804912342675, -23.635707896502421 ], [ -46.502808868819017, -23.635708130544501 ], [ -46.502812797749634, -23.635708619562667 ], [ -46.502816679798975, -23.63570936115201 ], [ -46.502820495862082, -23.635710351660901 ], [ -46.502824227158925, -23.635711586218111 ], [ -46.502827855326402, -23.635713058744791 ], [ -46.502831362509141, -23.635714761996677 ], [ -46.502834731447095, -23.635716687591234 ], [ -46.502837945560628, -23.635718826049875 ], [ -46.502840989031718, -23.635721166848867 ], [ -46.502843846882811, -23.63572369847024 ], [ -46.50284650504917, -23.635726408454889 ], [ -46.502848950448943, -23.635729283464347 ], [ -46.50285117104778, -23.635732309351219 ], [ -46.502853155917158, -23.635735471223189 ], [ -46.502854895288927, -23.635738753517874 ], [ -46.502856380602928, -23.635742140086318 ], [ -46.50285760454932, -23.635745614259299 ], [ -46.502858561104823, -23.635749158937468 ], [ -46.50285924556195, -23.635752756681434 ], [ -46.502859654551862, -23.635756389780475 ], [ -46.502859786062153, -23.635760040355695 ], [ -46.502859639445298, -23.635763690445007 ], [ -46.502859215422916, -23.635767322081662 ], [ -46.502858516081957, -23.635770917394201 ] ] ] } },
{ "type": "Feature", "properties": { "ID": 3505 }, "geometry": { "type": "MultiLineString", "coordinates": [ [ [ -46.489775058085435, -23.650322902659681 ], [ -46.489655476615845, -23.650108039436347 ] ] ] } },
{ "type": "Feature", "properties": { "ID": 3506 }, "geometry": { "type": "MultiLineString", "coordinates": [ [ [ -46.489494078330026, -23.650026779563184 ], [ -46.48953292748044, -23.6500985609254 ] ] ] } },
{ "type": "Feature", "properties": { "ID": 3507 }, "geometry": { "type": "MultiLineString", "coordinates": [ [ [ -46.489177596380173, -23.650170878528655 ], [ -46.489198512751493, -23.649940216132361 ] ] ] } },
{ "type": "Feature", "properties": { "ID": 3435 }, "geometry": { "type": "MultiLineString", "coordinates": [ [ [ -46.489009820048835, -23.65011505546174 ], [ -46.489007856246715, -23.650101974502707 ], [ -46.489005798832821, -23.650088905284441 ], [ -46.489000840234837, -23.650057887575251 ], [ -46.488995606853003, -23.650026901856833 ], [ -46.488990139900068, -23.649995949984348 ], [ -46.488984512192893, -23.649964966541408 ], [ -46.488978655408239, -23.649934019923787 ], [ -46.488966485803566, -23.649872186748507 ] ] ] } },
{ "type": "Feature", "properties": { "ID": 3436 }, "geometry": { "type": "MultiLineString", "coordinates": [ [ [ -46.489563569199682, -23.650155430312982 ], [ -46.489627151180422, -23.650273030143989 ] ] ] } },
{ "type": "Feature", "properties": { "ID": 3437 }, "geometry": { "type": "MultiLineString", "coordinates": [ [ [ -46.489563569199682, -23.650155430312982 ], [ -46.48953292748044, -23.6500985609254 ] ] ] } },
{ "type": "Feature", "properties": { "ID": 3438 }, "geometry": { "type": "MultiLineString", "coordinates": [ [ [ -46.552079041264172, -23.672740462414019 ], [ -46.552042248192713, -23.672738302557217 ], [ -46.552012495527805, -23.672734536979412 ] ] ] } },
{ "type": "Feature", "properties": { "ID": 3439 }, "geometry": { "type": "MultiLineString", "coordinates": [ [ [ -46.551999182920049, -23.672728078159921 ], [ -46.55200234457601, -23.672730123477933 ], [ -46.552012495527805, -23.672734536979412 ] ] ] } },
{ "type": "Feature", "properties": { "ID": 3440 }, "geometry": { "type": "MultiLineString", "coordinates": [ [ [ -46.551998668115644, -23.672825611826344 ], [ -46.552015787948989, -23.672814061968225 ], [ -46.552034316617146, -23.672813876318024 ] ] ] } },
{ "type": "Feature", "properties": { "ID": 3441 }, "geometry": { "type": "MultiLineString", "coordinates": [ [ [ -46.552083495217815, -23.672818711502718 ], [ -46.552034316617146, -23.672813876318024 ] ] ] } },
{ "type": "Feature", "properties": { "ID": 3442 }, "geometry": { "type": "MultiLineString", "coordinates": [ [ [ -46.507526790920529, -23.673454543887107 ], [ -46.507530525616097, -23.67345571390063 ], [ -46.507534166707806, -23.673457111970258 ], [ -46.507537697800743, -23.673458731795648 ], [ -46.507541102994935, -23.673460566087389 ], [ -46.507544366957376, -23.673462606581673 ], [ -46.507547474991185, -23.673464844094553 ], [ -46.507550413101455, -23.67346726855034 ], [ -46.507553168058429, -23.673469869030519 ], [ -46.507555727456918, -23.673472633824833 ], [ -46.507558079772629, -23.673475550486717 ], [ -46.507560214413502, -23.673478605880199 ], [ -46.507562121767499, -23.673481786250424 ], [ -46.507563793246213, -23.673485077276016 ], [ -46.507565221323269, -23.673488464136547 ], [ -46.507566399568496, -23.673491931582319 ] ] ] } },
{ "type": "Feature", "properties": { "ID": 3443 }, "geometry": { "type": "MultiLineString", "coordinates": [ [ [ -46.507472922870548, -23.673459673153946 ], [ -46.507476337244199, -23.67344961602064 ] ] ] } },
{ "type": "Feature", "properties": { "ID": 3444 }, "geometry": { "type": "MultiLineString", "coordinates": [ [ [ -46.507489018021161, -23.673443894239576 ], [ -46.507488303269078, -23.673443739678966 ], [ -46.507487578692754, -23.673443630617964 ], [ -46.507486847702495, -23.673443567569731 ], [ -46.507486113739283, -23.673443550835572 ], [ -46.507485380257428, -23.673443580488453 ], [ -46.507484650709266, -23.67344365639358 ], [ -46.507483928528778, -23.673443778190265 ], [ -46.507483217114768, -23.673443945305017 ], [ -46.507482519815866, -23.673444156953838 ], [ -46.507481839914107, -23.673444412140217 ], [ -46.507481180609517, -23.673444709659606 ], [ -46.507480545005414, -23.673445048116758 ], [ -46.507479936093212, -23.673445425915151 ], [ -46.50747935673909, -23.673445841276457 ], [ -46.507478809669891, -23.673446292249327 ], [ -46.507478297460388, -23.673446776705152 ], [ -46.507477822521508, -23.673447292370543 ], [ -46.507477387088784, -23.673447836812336 ], [ -46.50747699321164, -23.673448407473206 ], [ -46.507476642743811, -23.673449001664274 ], [ -46.507476337334928, -23.67344961658706 ] ] ] } },
{ "type": "Feature", "properties": { "ID": 3445 }, "geometry": { "type": "MultiLineString", "coordinates": [ [ [ -46.50748901793051, -23.673443893673078 ], [ -46.507526790830504, -23.673454543320691 ] ] ] } },
{ "type": "Feature", "properties": { "ID": 3446 }, "geometry": { "type": "MultiLineString", "coordinates": [ [ [ -46.507614831421208, -23.673375797479451 ], [ -46.507614363013197, -23.673376936993765 ], [ -46.507613813059677, -23.673378045168903 ], [ -46.507613184014069, -23.673379117057742 ], [ -46.507612478682546, -23.67338014788227 ], [ -46.507611700211832, -23.673381133039854 ], [ -46.507610852074677, -23.673382068138928 ], [ -46.507609938054763, -23.673382949004505 ], [ -46.507608962229654, -23.673383771710643 ], [ -46.507607928952886, -23.67338453258494 ], [ -46.507606842833802, -23.673385228232377 ], [ -46.507605708717868, -23.673385855552777 ], [ -46.507604531664505, -23.673386411743138 ], [ -46.507603316924715, -23.67338689432372 ], [ -46.507602069917816, -23.673387301144707 ], [ -46.507600796206717, -23.673387630386451 ], [ -46.507599501473692, -23.673387880583402 ], [ -46.507598191494687, -23.673388050617895 ], [ -46.507596872113943, -23.673388139733294 ], [ -46.507595549217214, -23.673388147529984 ], [ -46.507594228706118, -23.673388073974216 ], [ -46.507592916471971, -23.673387919395104 ], [ -46.507591618368401, -23.673387684477422 ], [ -46.507590340186937, -23.673387370276057 ] ] ] } },
{ "type": "Feature", "properties": { "ID": 3447 }, "geometry": { "type": "MultiLineString", "coordinates": [ [ [ -46.507525124552842, -23.673369130587187 ], [ -46.507590340095717, -23.673387369709292 ] ] ] } },
{ "type": "Feature", "properties": { "ID": 3448 }, "geometry": { "type": "MultiLineString", "coordinates": [ [ [ -46.507525124643387, -23.673369131153599 ], [ -46.507523851446898, -23.673368726046917 ], [ -46.50752261134474, -23.673368241617954 ], [ -46.507521410154652, -23.673367680140249 ], [ -46.507520253511878, -23.673367044251307 ], [ -46.507519146842306, -23.673366336933061 ], [ -46.50751809533736, -23.673365561502361 ], [ -46.507517103929899, -23.673364721597203 ], [ -46.507516177270759, -23.673363821157622 ], [ -46.507515319707203, -23.673362864406496 ], [ -46.507514535262146, -23.673361855834692 ], [ -46.507513827615433, -23.673360800173239 ], [ -46.507513200086791, -23.673359702371989 ], [ -46.50751265562031, -23.673358567584671 ], [ -46.507512196769838, -23.673357401130293 ], [ -46.507511825688063, -23.673356208484652 ], [ -46.507511544115687, -23.673354995239475 ], [ -46.507511353373943, -23.673353767089655 ], [ -46.507511254357176, -23.673352529794482 ], [ -46.507511247530253, -23.673351289158383 ], [ -46.507511332925041, -23.67335005100287 ], [ -46.507511510141093, -23.67334882113753 ], [ -46.507511778346739, -23.673347605326647 ], [ -46.5075121362839, -23.673346409277279 ] ] ] } },
{ "type": "Feature", "properties": { "ID": 3449 }, "geometry": { "type": "MultiLineString", "coordinates": [ [ [ -46.507512117553283, -23.673346409897917 ], [ -46.507512306377123, -23.673345775922087 ] ] ] } },
{ "type": "Feature", "properties": { "ID": 3450 }, "geometry": { "type": "MultiLineString", "coordinates": [ [ [ -46.507451491087352, -23.673822187169186 ], [ -46.50744154987644, -23.673818852310347 ] ] ] } },
{ "type": "Feature", "properties": { "ID": 3451 }, "geometry": { "type": "MultiLineString", "coordinates": [ [ [ -46.50744154987644, -23.673818852310347 ], [ -46.507373426804804, -23.67379504249157 ], [ -46.507372934542765, -23.673794866671162 ], [ -46.507372344242647, -23.673794691804734 ], [ -46.507371853016465, -23.67379460627971 ], [ -46.507370869528238, -23.673794344934191 ], [ -46.507369985113932, -23.673794172930062 ], [ -46.507369199773578, -23.673794090267066 ], [ -46.507368513507132, -23.673794096945471 ], [ -46.507367925278757, -23.673794102669817 ], [ -46.50736743508844, -23.67379410744007 ], [ -46.507367043972067, -23.673794201551743 ], [ -46.50736665285568, -23.673794295663225 ], [ -46.507366359777357, -23.673794388820742 ], [ -46.507365871658763, -23.673794574181777 ], [ -46.507365578580433, -23.673794667339372 ], [ -46.507365286537983, -23.673794850792266 ], [ -46.507364897493311, -23.673795125494536 ], [ -46.507364606486711, -23.673795399242724 ], [ -46.507359084612055, -23.673801232527108 ] ] ] } },
{ "type": "Feature", "properties": { "ID": 3452 }, "geometry": { "type": "MultiLineString", "coordinates": [ [ [ -46.50749312621717, -23.673739105362142 ], [ -46.507492666417264, -23.673740313157644 ], [ -46.507492114896252, -23.67374148793067 ], [ -46.507491474423873, -23.673742623772469 ], [ -46.507490748217045, -23.673743714988142 ], [ -46.507489939922813, -23.673744756091736 ], [ -46.507489053600786, -23.673745741854912 ], [ -46.507488093702335, -23.673746667327549 ], [ -46.507487065048181, -23.673747527861657 ], [ -46.507485972804957, -23.673748319135306 ], [ -46.507484822457975, -23.67374903717441 ], [ -46.507483619784772, -23.673749678372367 ], [ -46.507482370825464, -23.673750239509715 ], [ -46.507481081852831, -23.673750717767344 ], [ -46.507479759340384, -23.673751110744039 ], [ -46.507478409930314, -23.673751416465411 ], [ -46.507477040399891, -23.673751633397117 ], [ -46.507475657627154, -23.67375176044737 ], [ -46.507474268557061, -23.673751796982312 ], [ -46.507472880165693, -23.673751742813501 ], [ -46.507471499426082, -23.673751598215393 ], [ -46.507470133272982, -23.673751363916057 ], [ -46.507468788567429, -23.673751041087794 ], [ -46.507467472063205, -23.67375063135777 ] ] ] } },
{ "type": "Feature", "properties": { "ID": 3453 }, "geometry": { "type": "MultiLineString", "coordinates": [ [ [ -46.507467436175673, -23.673750600385613 ], [ -46.507436131630485, -23.673739707166973 ] ] ] } },
{ "type": "Feature", "properties": { "ID": 3454 }, "geometry": { "type": "MultiLineString", "coordinates": [ [ [ -46.50749309068263, -23.673739062530728 ], [ -46.507495651725229, -23.673731542254231 ] ] ] } },
{ "type": "Feature", "properties": { "ID": 3455 }, "geometry": { "type": "MultiLineString", "coordinates": [ [ [ -46.507399448673496, -23.67370043377359 ], [ -46.507400397261257, -23.673703926621485 ], [ -46.507401595662188, -23.673707353719973 ], [ -46.507403038582694, -23.673710699932236 ], [ -46.507404719649216, -23.673713950478248 ], [ -46.507406631436069, -23.673717090997311 ], [ -46.507408765498717, -23.673720107619854 ], [ -46.507411112410338, -23.673722987019815 ], [ -46.507413661804264, -23.673725716476653 ], [ -46.507416402419302, -23.673728283935251 ], [ -46.507419322149417, -23.673730678052728 ], [ -46.507422408098009, -23.673732888258243 ], [ -46.507425646633536, -23.67373490478473 ], [ -46.507429023450733, -23.673736718725365 ], [ -46.507432523633518, -23.673738322070651 ], [ -46.507436131720752, -23.673739707733475 ] ] ] } },
{ "type": "Feature", "properties": { "ID": 3456 }, "geometry": { "type": "MultiLineString", "coordinates": [ [ [ -46.507457764202833, -23.673839103541908 ], [ -46.507457954063447, -23.673838559861515 ], [ -46.507458142888133, -23.673837925885834 ], [ -46.507458331712812, -23.673837291910068 ], [ -46.50745842249939, -23.673836658888423 ], [ -46.507458514321904, -23.67383611616216 ], [ -46.507458508106318, -23.67383557439004 ], [ -46.507458496711102, -23.673834581141072 ], [ -46.507458486351801, -23.673833678187503 ], [ -46.507458378990364, -23.673832866483345 ], [ -46.50745827370077, -23.673832235369865 ], [ -46.507458071409019, -23.673831695505992 ], [ -46.507457967155368, -23.673831154687999 ], [ -46.507457663717759, -23.673830344892103 ], [ -46.507457362352, -23.673829715686882 ], [ -46.507457161096191, -23.673829266118311 ], [ -46.507456761692353, -23.67382863786731 ], [ -46.507456264250443, -23.673828010570336 ], [ -46.507451491087352, -23.673822187169186 ] ] ] } },
{ "type": "Feature", "properties": { "ID": 3457 }, "geometry": { "type": "MultiLineString", "coordinates": [ [ [ -46.507359084612055, -23.673801232527108 ], [ -46.507355927045097, -23.673808036163017 ] ] ] } },
{ "type": "Feature", "properties": { "ID": 3458 }, "geometry": { "type": "MultiLineString", "coordinates": [ [ [ -46.505362150316849, -23.680983230421532 ], [ -46.505361965346815, -23.680975646564011 ] ] ] } },
{ "type": "Feature", "properties": { "ID": 3459 }, "geometry": { "type": "MultiLineString", "coordinates": [ [ [ -46.505361965437281, -23.680975647133316 ], [ -46.50536189863373, -23.680974434724156 ], [ -46.50536174391469, -23.680973229144684 ], [ -46.505361501972921, -23.680972035798415 ], [ -46.505361173893064, -23.680970860030506 ], [ -46.505360761144473, -23.680969707111323 ], [ -46.505360265576478, -23.680968582200979 ], [ -46.50535968940936, -23.680967490346152 ], [ -46.505359035224068, -23.680966436430701 ], [ -46.505358305951887, -23.680965425182226 ], [ -46.505357504859624, -23.680964461129115 ], [ -46.505356635536643, -23.680963548589943 ], [ -46.505355701877235, -23.68096269165423 ], [ -46.505354708064608, -23.680961894158973 ], [ -46.505353658551016, -23.680961159680137 ], [ -46.505352558038346, -23.680960491507104 ], [ -46.505351411457241, -23.680959892629886 ], [ -46.505350223944433, -23.6809593657383 ], [ -46.505349000819812, -23.680958913186672 ], [ -46.505347747563434, -23.680958537005207 ] ] ] } },
{ "type": "Feature", "properties": { "ID": 3460 }, "geometry": { "type": "MultiLineString", "coordinates": [ [ [ -46.505254126016673, -23.6809517705099 ], [ -46.505254175685351, -23.680956104687525 ] ] ] } },
{ "type": "Feature", "properties": { "ID": 3461 }, "geometry": { "type": "MultiLineString", "coordinates": [ [ [ -46.505272900529306, -23.680938674913079 ], [ -46.505271919039899, -23.680938441131406 ], [ -46.505270922323142, -23.68093827053114 ], [ -46.505269915168228, -23.680938163930492 ], [ -46.505268902414748, -23.680938121845408 ], [ -46.505267888928799, -23.680938144477288 ], [ -46.505266879580063, -23.680938231716357 ], [ -46.505265879218349, -23.68093838314514 ], [ -46.505264892650551, -23.680938598032249 ], [ -46.50526392461687, -23.680938875347671 ], [ -46.505262979768737, -23.680939213760816 ], [ -46.505262062646025, -23.68093961164076 ], [ -46.505261177655683, -23.68094006708014 ], [ -46.505260329049911, -23.680940577888862 ], [ -46.505259520906058, -23.68094114161374 ], [ -46.505258757107526, -23.680941755542946 ], [ -46.505258041324083, -23.680942416729877 ], [ -46.505257376995004, -23.680943121995515 ], [ -46.505256767312595, -23.680943867952216 ], [ -46.505256215206089, -23.680944651014684 ], [ -46.505255723328595, -23.680945467421587 ], [ -46.505255294043394, -23.680946313250779 ], [ -46.505254929413134, -23.680947184434487 ], [ -46.505254631189999, -23.680948076789541 ], [ -46.505254400806884, -23.680948986030359 ], [ -46.505254239370878, -23.680949907783027 ], [ -46.505254147657404, -23.680950837623037 ], [ -46.505254126107133, -23.680951771078838 ] ] ] } },
{ "type": "Feature", "properties": { "ID": 3462 }, "geometry": { "type": "MultiLineString", "coordinates": [ [ [ -46.505347747472285, -23.680958536435988 ], [ -46.505272900438761, -23.680938674344134 ] ] ] } },
{ "type": "Feature", "properties": { "ID": 3463 }, "geometry": { "type": "MultiLineString", "coordinates": [ [ [ -46.505343402267364, -23.680844613798108 ], [ -46.505344342199123, -23.680844836847804 ], [ -46.505345296072427, -23.68084500225325 ], [ -46.505346259723005, -23.680845109282803 ], [ -46.505347228944395, -23.680845157474621 ], [ -46.505348199505889, -23.680845146621142 ], [ -46.505349167170685, -23.680845076763557 ], [ -46.505350127714706, -23.680844948209909 ], [ -46.505351076944983, -23.680844761521993 ], [ -46.505352010717878, -23.68084451751302 ], [ -46.5053529249574, -23.680844217249636 ], [ -46.505353815672443, -23.680843862040927 ], [ -46.50535467897506, -23.680843453438278 ], [ -46.505355511096724, -23.680842993226602 ], [ -46.505356308405005, -23.6808424834134 ], [ -46.505357067419595, -23.680841926224296 ], [ -46.505357784826934, -23.680841324092167 ], [ -46.505358457495689, -23.680840679644017 ], [ -46.505359082489285, -23.680839995694441 ], [ -46.505359657079808, -23.680839275228237 ], [ -46.505360178758608, -23.680838521389571 ], [ -46.505360645248842, -23.680837737471048 ], [ -46.505361054513926, -23.680836926894276 ], [ -46.50536140476742, -23.680836093196859 ], [ -46.505361694480449, -23.680835240017238 ], [ -46.505361922388332, -23.680834371082792 ], [ -46.50536208749606, -23.68083349018287 ], [ -46.505362189083229, -23.680832601166816 ] ] ] } },
{ "type": "Feature", "properties": { "ID": 3464 }, "geometry": { "type": "MultiLineString", "coordinates": [ [ [ -46.505343402176926, -23.680844613229077 ], [ -46.50527071837336, -23.680825271937859 ] ] ] } },
{ "type": "Feature", "properties": { "ID": 3465 }, "geometry": { "type": "MultiLineString", "coordinates": [ [ [ -46.505362188992763, -23.680832600598052 ], [ -46.505362621259167, -23.680827539292284 ] ] ] } },
{ "type": "Feature", "properties": { "ID": 3466 }, "geometry": { "type": "MultiLineString", "coordinates": [ [ [ -46.505270707433212, -23.680825263362873 ], [ -46.505269476045349, -23.680824897421463 ], [ -46.505268273711685, -23.68082445709657 ], [ -46.50526710572354, -23.680823944321499 ], [ -46.505265977221022, -23.680823361355415 ], [ -46.505264893170491, -23.680822710760623 ], [ -46.50526385834263, -23.680821995403829 ], [ -46.50526287729155, -23.680821218429422 ], [ -46.505261954334962, -23.680820383261846 ], [ -46.50526109353433, -23.68081949357132 ], [ -46.50526029867823, -23.680818553276175 ], [ -46.505259573264397, -23.680817566515014 ], [ -46.50525892048546, -23.680816537629635 ], [ -46.505258343214116, -23.680815471145838 ], [ -46.505257843991032, -23.68081437176054 ], [ -46.505257425012886, -23.680813244309668 ], [ -46.505257088123969, -23.680812093757453 ], [ -46.505256834806424, -23.680810925164224 ], [ -46.505256666175285, -23.680809743673532 ], [ -46.505256582972805, -23.680808554487466 ], [ -46.505256585564858, -23.680807362833299 ], [ -46.505256673940274, -23.680806173964413 ] ] ] } },
{ "type": "Feature", "properties": { "ID": 3467 }, "geometry": { "type": "MultiLineString", "coordinates": [ [ [ -46.505256673849786, -23.680806173395649 ], [ -46.505257291859436, -23.680800207230263 ] ] ] } },
{ "type": "Feature", "properties": { "ID": 3468 }, "geometry": { "type": "MultiLineString", "coordinates": [ [ [ -46.505362150316849, -23.680983230421532 ], [ -46.505361965346815, -23.680975646564011 ] ] ] } },
{ "type": "Feature", "properties": { "ID": 3469 }, "geometry": { "type": "MultiLineString", "coordinates": [ [ [ -46.505361965437281, -23.680975647133316 ], [ -46.50536189863373, -23.680974434724156 ], [ -46.50536174391469, -23.680973229144684 ], [ -46.505361501972921, -23.680972035798415 ], [ -46.505361173893064, -23.680970860030506 ], [ -46.505360761144473, -23.680969707111323 ], [ -46.505360265576478, -23.680968582200979 ], [ -46.50535968940936, -23.680967490346152 ], [ -46.505359035224068, -23.680966436430701 ], [ -46.505358305951887, -23.680965425182226 ], [ -46.505357504859624, -23.680964461129115 ], [ -46.505356635536643, -23.680963548589943 ], [ -46.505355701877235, -23.68096269165423 ], [ -46.505354708064608, -23.680961894158973 ], [ -46.505353658551016, -23.680961159680137 ], [ -46.505352558038346, -23.680960491507104 ], [ -46.505351411457241, -23.680959892629886 ], [ -46.505350223944433, -23.6809593657383 ], [ -46.505349000819812, -23.680958913186672 ], [ -46.505347747563434, -23.680958537005207 ] ] ] } },
{ "type": "Feature", "properties": { "ID": 3470 }, "geometry": { "type": "MultiLineString", "coordinates": [ [ [ -46.505254126016673, -23.6809517705099 ], [ -46.505254175685351, -23.680956104687525 ] ] ] } },
{ "type": "Feature", "properties": { "ID": 3471 }, "geometry": { "type": "MultiLineString", "coordinates": [ [ [ -46.505272900529306, -23.680938674913079 ], [ -46.505271919039899, -23.680938441131406 ], [ -46.505270922323142, -23.68093827053114 ], [ -46.505269915168228, -23.680938163930492 ], [ -46.505268902414748, -23.680938121845408 ], [ -46.505267888928799, -23.680938144477288 ], [ -46.505266879580063, -23.680938231716357 ], [ -46.505265879218349, -23.68093838314514 ], [ -46.505264892650551, -23.680938598032249 ], [ -46.50526392461687, -23.680938875347671 ], [ -46.505262979768737, -23.680939213760816 ], [ -46.505262062646025, -23.68093961164076 ], [ -46.505261177655683, -23.68094006708014 ], [ -46.505260329049911, -23.680940577888862 ], [ -46.505259520906058, -23.68094114161374 ], [ -46.505258757107526, -23.680941755542946 ], [ -46.505258041324083, -23.680942416729877 ], [ -46.505257376995004, -23.680943121995515 ], [ -46.505256767312595, -23.680943867952216 ], [ -46.505256215206089, -23.680944651014684 ], [ -46.505255723328595, -23.680945467421587 ], [ -46.505255294043394, -23.680946313250779 ], [ -46.505254929413134, -23.680947184434487 ], [ -46.505254631189999, -23.680948076789541 ], [ -46.505254400806884, -23.680948986030359 ], [ -46.505254239370878, -23.680949907783027 ], [ -46.505254147657404, -23.680950837623037 ], [ -46.505254126107133, -23.680951771078838 ] ] ] } },
{ "type": "Feature", "properties": { "ID": 3472 }, "geometry": { "type": "MultiLineString", "coordinates": [ [ [ -46.505347747472285, -23.680958536435988 ], [ -46.505272900438761, -23.680938674344134 ] ] ] } },
{ "type": "Feature", "properties": { "ID": 2795 }, "geometry": { "type": "MultiLineString", "coordinates": [ [ [ -46.543094113964635, -23.625297453951102 ], [ -46.543026828709827, -23.625226330771028 ], [ -46.542763576247665, -23.624975914437872 ] ] ] } },
{ "type": "Feature", "properties": { "ID": 2796 }, "geometry": { "type": "MultiLineString", "coordinates": [ [ [ -46.543108107631944, -23.625312305380103 ], [ -46.543094113964635, -23.625297453951102 ] ] ] } },
{ "type": "Feature", "properties": { "ID": 3726 }, "geometry": { "type": "MultiLineString", "coordinates": [ [ [ -46.52495580158071, -23.650216503597001 ], [ -46.524587308570943, -23.6499946145073 ], [ -46.524587306323603, -23.649994613153964 ], [ -46.524477383206388, -23.649928422318855 ], [ -46.52447738095919, -23.649928420965697 ], [ -46.524277811348981, -23.649808248599061 ], [ -46.524277811212677, -23.649808247887261 ], [ -46.524277019354699, -23.649807771692721 ], [ -46.524148399498678, -23.64973032200119 ], [ -46.524148378951047, -23.649730309628147 ], [ -46.523946253596471, -23.649608597476863 ], [ -46.523942988232363, -23.649606631195471 ], [ -46.523808191910241, -23.649525461723723 ], [ -46.523808084307269, -23.649525396929047 ], [ -46.522928695398058, -23.648995855215261 ] ] ] } },
{ "type": "Feature", "properties": { "ID": 2847 }, "geometry": { "type": "MultiLineString", "coordinates": [ [ [ -46.522695427144185, -23.648878453404858 ], [ -46.522718505849937, -23.648888956232781 ], [ -46.522741491046837, -23.64889963166301 ], [ -46.522764381213619, -23.648910478983474 ], [ -46.522787174835472, -23.648921497480277 ], [ -46.522809870404117, -23.648932686425486 ], [ -46.522832466417547, -23.648944045074934 ], [ -46.522854961380581, -23.648955572679345 ], [ -46.522928698846457, -23.648995859389604 ] ] ] } },
{ "type": "Feature", "properties": { "ID": 3745 }, "geometry": { "type": "MultiLineString", "coordinates": [ [ [ -46.506226317530718, -23.677264538763119 ], [ -46.506234380679274, -23.677266537372319 ], [ -46.506262805546932, -23.677274207809429 ], [ -46.506269885183585, -23.677275945065475 ], [ -46.506275191805308, -23.677276977121242 ], [ -46.506283247708183, -23.677278343660152 ], [ -46.506287273589102, -23.677278846338748 ], [ -46.506291297399436, -23.677279168426463 ], [ -46.506291885643698, -23.677279162705414 ], [ -46.506293062132237, -23.677279151263424 ], [ -46.506294140580053, -23.677279140774758 ], [ -46.506295021911164, -23.67727904189784 ], [ -46.506301288234205, -23.677278258510142 ] ] ] } },
{ "type": "Feature", "properties": { "ID": 3746 }, "geometry": { "type": "MultiLineString", "coordinates": [ [ [ -46.506218603064902, -23.677258743934004 ], [ -46.506226317530718, -23.677264538763119 ] ] ] } },
{ "type": "Feature", "properties": { "ID": 3747 }, "geometry": { "type": "MultiLineString", "coordinates": [ [ [ -46.506210657343281, -23.677244767653335 ], [ -46.506210605211507, -23.677245365780259 ], [ -46.506210615563866, -23.677246268734045 ], [ -46.506210624881049, -23.677247081392352 ], [ -46.506210730168419, -23.677247712506571 ], [ -46.506210736379849, -23.677248254278769 ], [ -46.506210938672687, -23.677248794144038 ], [ -46.506211144071202, -23.677249604895575 ], [ -46.506211347399294, -23.677250235056238 ], [ -46.506211646697565, -23.677250683672721 ], [ -46.506211948066337, -23.677251312879918 ], [ -46.50621244448125, -23.677251849885035 ], [ -46.506218602718171, -23.677258743514116 ] ] ] } },
{ "type": "Feature", "properties": { "ID": 3748 }, "geometry": { "type": "MultiLineString", "coordinates": [ [ [ -46.506178367979096, -23.677349891765012 ], [ -46.506178746684292, -23.677348714111396 ], [ -46.506179412265205, -23.677346901529823 ], [ -46.506179892116812, -23.677345993808945 ], [ -46.50618027392764, -23.677345087041434 ], [ -46.506180562873823, -23.677344632704358 ], [ -46.506180754814466, -23.677344269615951 ], [ -46.50618104376062, -23.677343815278778 ], [ -46.506181722799425, -23.677343176537011 ], [ -46.506182304832649, -23.677342629044162 ], [ -46.506182985941876, -23.677342170893272 ], [ -46.506183668086301, -23.67734180303767 ], [ -46.506184351265972, -23.67734152547747 ], [ -46.506185034445629, -23.677341247917266 ], [ -46.506185718660511, -23.67734106065237 ], [ -46.50618698904951, -23.677340687076196 ], [ -46.506188163468188, -23.677340495044092 ], [ -46.506189141805343, -23.677340304918978 ], [ -46.506191002509354, -23.677340106212721 ], [ -46.506192375080019, -23.677340092864458 ], [ -46.506194432900749, -23.67733998254673 ], [ -46.506195316302836, -23.677340064261049 ], [ -46.506196296710435, -23.677340054726603 ], [ -46.506202378343332, -23.677340266498742 ], [ -46.506206891324041, -23.677340493525914 ], [ -46.506210325856387, -23.67734073104106 ], [ -46.506212878021906, -23.677340977137305 ], [ -46.506216706787811, -23.677341391429206 ], [ -46.506220537624252, -23.677341986311792 ], [ -46.506230067247948, -23.677343609437457 ], [ -46.506234881597891, -23.677344465671027 ], [ -46.5062395989424, -23.677345413153319 ], [ -46.506244120205409, -23.677346362542362 ], [ -46.506247462908803, -23.677347142782356 ], [ -46.506252576557621, -23.677348447631836 ], [ -46.50625759216576, -23.677349753434562 ], [ -46.506259264035144, -23.677350188702068 ], [ -46.50626073982302, -23.67735062587656 ], [ -46.506262019529395, -23.677351064958057 ], [ -46.506263102118936, -23.677351415651145 ], [ -46.506263988626941, -23.677351768251174 ], [ -46.506264777094216, -23.677352121804692 ], [ -46.506265467520713, -23.677352476311711 ], [ -46.506266059906444, -23.677352831772236 ], [ -46.506267047561103, -23.67735345430491 ], [ -46.506267838098935, -23.677353988449102 ], [ -46.506268332443909, -23.677354344863137 ], [ -46.506269027011577, -23.677355060551623 ], [ -46.506269721579244, -23.677355776240105 ], [ -46.506270219030064, -23.677356403540134 ], [ -46.506270716480927, -23.677357030840319 ], [ -46.506271016814971, -23.677357569751972 ], [ -46.506271715523795, -23.677358646622018 ], [ -46.506272216080525, -23.677359544808109 ], [ -46.506272618596491, -23.677360443947823 ], [ -46.506273321446493, -23.677361881999246 ], [ -46.506273727068354, -23.67736305202504 ], [ -46.506274942898649, -23.677366471806991 ], [ -46.506278084656607, -23.677375381489927 ] ] ] } },
{ "type": "Feature", "properties": { "ID": 3673 }, "geometry": { "type": "MultiLineString", "coordinates": [ [ [ -46.506083737528392, -23.698346079261825 ], [ -46.506014085234618, -23.698318310878605 ], [ -46.506011246402281, -23.698310211032055 ] ] ] } },
{ "type": "Feature", "properties": { "ID": 3674 }, "geometry": { "type": "MultiLineString", "coordinates": [ [ [ -46.506085934581797, -23.698452076203466 ], [ -46.506086026421158, -23.698451533478522 ] ] ] } },
{ "type": "Feature", "properties": { "ID": 3675 }, "geometry": { "type": "MultiLineString", "coordinates": [ [ [ -46.506085982706978, -23.69845150790551 ], [ -46.506086030168454, -23.698450865310221 ], [ -46.506086027767431, -23.698450221236925 ], [ -46.506085975516022, -23.698449578957771 ], [ -46.506085873680007, -23.698448941743877 ], [ -46.506085722777613, -23.698448312833765 ], [ -46.506085523576409, -23.698447695430144 ], [ -46.50608527708988, -23.698447092670904 ], [ -46.506084984572126, -23.698446507624841 ], [ -46.506084647510995, -23.698445943265899 ], [ -46.506084267621603, -23.698445402468927 ], [ -46.506083846836511, -23.698444887981772 ], [ -46.506083387296528, -23.698444402425402 ], [ -46.50608289133929, -23.698443948267048 ], [ -46.506082361488097, -23.698443527814973 ], [ -46.506081800438579, -23.698443143215176 ] ] ] } },
{ "type": "Feature", "properties": { "ID": 3676 }, "geometry": { "type": "MultiLineString", "coordinates": [ [ [ -46.505999431179973, -23.698413042517725 ], [ -46.505999750169096, -23.698412479174788 ], [ -46.506000111383997, -23.698411937882703 ], [ -46.506000513036575, -23.698411421316695 ], [ -46.506000953138546, -23.698410932035614 ], [ -46.506001429511251, -23.698410472460235 ], [ -46.506001939796832, -23.698410044867725 ], [ -46.50600248146926, -23.698409651373264 ], [ -46.506003051847031, -23.698409293925621 ], [ -46.506003648107004, -23.698408974294082 ], [ -46.506004267297314, -23.698408694057552 ], [ -46.506004906353063, -23.698408454608728 ], [ -46.506005562111028, -23.698408257128118 ], [ -46.506006231324903, -23.698408102596797 ], [ -46.50600691068199, -23.698407991776893 ], [ -46.506007596819551, -23.698407925217847 ], [ -46.506008286341014, -23.698407903249826 ], [ -46.506008975833446, -23.698407925983556 ], [ -46.506009661883454, -23.69840799330154 ], [ -46.506010341095255, -23.698408104875107 ], [ -46.506011010106576, -23.698408260149186 ], [ -46.506011665605726, -23.698408458356159 ], [ -46.506012304347848, -23.698408698514587 ], [ -46.50601292317144, -23.698408979436323 ] ] ] } },
{ "type": "Feature", "properties": { "ID": 3677 }, "geometry": { "type": "MultiLineString", "coordinates": [ [ [ -46.505906588569395, -23.70863085193098 ], [ -46.505926206991695, -23.708639691496217 ], [ -46.505940822283421, -23.708631331479744 ], [ -46.505948521253998, -23.708618523524464 ] ] ] } },
{ "type": "Feature", "properties": { "ID": 3678 }, "geometry": { "type": "MultiLineString", "coordinates": [ [ [ -46.505948521253998, -23.708618523524464 ], [ -46.505950038506349, -23.70861485066666 ], [ -46.505953267995771, -23.708607957118996 ], [ -46.505959513882509, -23.708595882689288 ], [ -46.505964061213191, -23.708586829339914 ], [ -46.505967039659872, -23.708580047122339 ], [ -46.505968880725142, -23.708574967545008 ], [ -46.505969977419191, -23.708571162987461 ], [ -46.505970613480052, -23.708568312933235 ], [ -46.505971227966697, -23.708564043978413 ], [ -46.505971384919171, -23.708559783278091 ], [ -46.505971321901988, -23.708558900750244 ], [ -46.505971187520231, -23.708558074738992 ], [ -46.505971001766767, -23.708557301431746 ], [ -46.505970780375009, -23.708556577308624 ], [ -46.505970258981819, -23.708555221495082 ], [ -46.505965241299258, -23.708545755479033 ] ] ] } },
{ "type": "Feature", "properties": { "ID": 3679 }, "geometry": { "type": "MultiLineString", "coordinates": [ [ [ -46.506071084272044, -23.708709802974322 ], [ -46.506068723701127, -23.708734840465411 ] ] ] } },
{ "type": "Feature", "properties": { "ID": 3680 }, "geometry": { "type": "MultiLineString", "coordinates": [ [ [ -46.506094204574147, -23.708664876894492 ], [ -46.506071084272044, -23.708709802974322 ] ] ] } },
{ "type": "Feature", "properties": { "ID": 3681 }, "geometry": { "type": "MultiLineString", "coordinates": [ [ [ -46.50611601628561, -23.70866827677898 ], [ -46.506094204574147, -23.708664876894492 ] ] ] } },
{ "type": "Feature", "properties": { "ID": 3682 }, "geometry": { "type": "MultiLineString", "coordinates": [ [ [ -46.55319631873386, -23.668993831742124 ], [ -46.553150958831033, -23.669013340694043 ] ] ] } },
{ "type": "Feature", "properties": { "ID": 3683 }, "geometry": { "type": "MultiLineString", "coordinates": [ [ [ -46.553053484743828, -23.669144536538887 ], [ -46.553046836673261, -23.669146138357299 ], [ -46.553024863785254, -23.669161800650141 ] ] ] } },
{ "type": "Feature", "properties": { "ID": 3684 }, "geometry": { "type": "MultiLineString", "coordinates": [ [ [ -46.553199760178764, -23.669160589057679 ], [ -46.553093815444477, -23.669139165485173 ], [ -46.553075286236613, -23.669139260941488 ], [ -46.553053484743828, -23.669144536538887 ] ] ] } },
{ "type": "Feature", "properties": { "ID": 3685 }, "geometry": { "type": "MultiLineString", "coordinates": [ [ [ -46.553215176813502, -23.669096228218446 ], [ -46.553017635422094, -23.669056217217843 ], [ -46.553017479099552, -23.669056182076687 ], [ -46.55301732581637, -23.669056136982203 ], [ -46.553017176318129, -23.669056082159059 ], [ -46.553017031332139, -23.669056017870133 ], [ -46.553016891563708, -23.669055944432404 ], [ -46.55301675769244, -23.669055862200761 ], [ -46.553016630369648, -23.66905577157344 ], [ -46.553016510214334, -23.669055672992066 ], [ -46.553016397811156, -23.669055566939516 ], [ -46.553016293706733, -23.669055453927033 ], [ -46.553016198407384, -23.669055334507167 ], [ -46.55301611237666, -23.669055209258747 ], [ -46.553016036033185, -23.669055078793335 ], [ -46.553015969748053, -23.669054943742349 ], [ -46.553015913843751, -23.669054804765697 ], [ -46.553015868592126, -23.669054662538837 ], [ -46.553015834213312, -23.669054517750695 ], [ -46.553015810874619, -23.669054371110082 ], [ -46.553015798689479, -23.669054223326366 ], [ -46.553015797717109, -23.669054075120201 ], [ -46.553015807962367, -23.669053927212804 ], [ -46.553015829375312, -23.66905378032164 ], [ -46.55301586185189, -23.669053635162541 ], [ -46.553015905234048, -23.669053492441137 ], [ -46.553015959310855, -23.669053352852806 ], [ -46.553016023819161, -23.669053217076257 ], [ -46.553016098445354, -23.669053085769118 ], [ -46.553016182826475, -23.669052959572337 ], [ -46.553016276551809, -23.669052839099336 ], [ -46.553016379165896, -23.669052724938151 ], [ -46.553016490169334, -23.669052617640649 ], [ -46.553016609022471, -23.669052517728968 ], [ -46.553016735147004, -23.669052425693341 ], [ -46.553016867929436, -23.669052341974819 ], [ -46.553017006724211, -23.669052266986789 ], [ -46.553017150855965, -23.669052201091276 ], [ -46.553017299623853, -23.669052144607495 ], [ -46.553017452304161, -23.669052097811832 ], [ -46.553017608154192, -23.669052060931335 ], [ -46.553017766416211, -23.669052034145839 ], [ -46.55301792632023, -23.669052017585791 ], [ -46.553018087088503, -23.66905201133218 ], [ -46.553018247939306, -23.669052015413307 ], [ -46.55301840808994, -23.669052029812256 ], [ -46.553018566761423, -23.669052054454919 ], [ -46.553200466467722, -23.669087616199906 ] ] ] } },
{ "type": "Feature", "properties": { "ID": 3686 }, "geometry": { "type": "MultiLineString", "coordinates": [ [ [ -46.553150958831033, -23.669013340694043 ], [ -46.553058976434755, -23.668995298972934 ] ] ] } },
{ "type": "Feature", "properties": { "ID": 3687 }, "geometry": { "type": "MultiLineString", "coordinates": [ [ [ -46.553058976432119, -23.668995298971868 ], [ -46.553051764150261, -23.668992128473814 ], [ -46.553044766360792, -23.668988573508436 ], [ -46.553038007195958, -23.668984646335193 ], [ -46.553031509965045, -23.668980360498693 ], [ -46.553025297074136, -23.668975730776573 ], [ -46.553019389948695, -23.668970773135076 ], [ -46.553013808959925, -23.668965504674784 ] ] ] } },
{ "type": "Feature", "properties": { "ID": 3511 }, "geometry": { "type": "MultiLineString", "coordinates": [ [ [ -46.52615763518876, -23.662441643763863 ], [ -46.526158628054695, -23.662442717645234 ], [ -46.526161506527451, -23.662445759665513 ], [ -46.526163689365198, -23.662447995791855 ], [ -46.526166963097815, -23.6624513048341 ], [ -46.526168152021405, -23.662452376784419 ] ] ] } },
{ "type": "Feature", "properties": { "ID": 3512 }, "geometry": { "type": "MultiLineString", "coordinates": [ [ [ -46.525598958172097, -23.663020672657893 ], [ -46.525582737137555, -23.663033745987835 ] ] ] } },
{ "type": "Feature", "properties": { "ID": 3513 }, "geometry": { "type": "MultiLineString", "coordinates": [ [ [ -46.525500396478137, -23.662933505324268 ], [ -46.525506026635448, -23.662928663726841 ] ] ] } },
{ "type": "Feature", "properties": { "ID": 3514 }, "geometry": { "type": "MultiLineString", "coordinates": [ [ [ -46.515141812779532, -23.664722792078084 ], [ -46.515140539517439, -23.664723695321054 ], [ -46.515139258454475, -23.664724589157743 ], [ -46.515137969672487, -23.664725473527604 ], [ -46.515136673253878, -23.664726348379251 ], [ -46.515135369281523, -23.664727213653723 ], [ -46.515134057838928, -23.664728069295311 ], [ -46.515132739009971, -23.664728915251178 ], [ -46.515132718222773, -23.664728906565706 ], [ -46.515132163712003, -23.664729287292236 ], [ -46.515131639728686, -23.664729703089137 ], [ -46.515131148881231, -23.664730151880377 ], [ -46.5151306936135, -23.664730631436264 ], [ -46.515130276192089, -23.664731139369511 ], [ -46.515129898694944, -23.664731673149351 ], [ -46.515129563001629, -23.664732230119917 ], [ -46.515129270783333, -23.664732807506823 ], [ -46.515129023494886, -23.664733402436596 ], [ -46.515128822367465, -23.664734011945367 ], [ -46.515128668402205, -23.664734633000485 ], [ -46.515128562365973, -23.664735262511275 ], [ -46.515128504786404, -23.664735897342059 ], [ -46.515128495950222, -23.664736534331503 ], [ -46.515128535901397, -23.664737170309909 ], [ -46.515128624441097, -23.664737802109936 ], [ -46.515128761128544, -23.664738426585988 ], [ -46.515128945283188, -23.664739040629257 ], [ -46.51512917598815, -23.664739641184941 ], [ -46.515129452094939, -23.664740225258601 ], [ -46.515129772228981, -23.664740789948464 ], [ -46.515130134796472, -23.664741332436716 ], [ -46.515130537992199, -23.664741850028157 ], [ -46.515130979808873, -23.664742340141554 ], [ -46.51513145804703, -23.664742800339628 ], [ -46.515131970325633, -23.664743228331144 ], [ -46.515132514094461, -23.664743621983686 ], [ -46.515133086646003, -23.664743979338617 ], [ -46.515133685130095, -23.664744298618491 ], [ -46.515134306567013, -23.664744578227957 ], [ -46.515134947862997, -23.664744816781393 ], [ -46.515134960045444, -23.664744778380143 ], [ -46.515161140358309, -23.664753552897789 ], [ -46.515161042327335, -23.664753553856453 ], [ -46.515163652718911, -23.664754334213118 ], [ -46.51516631591867, -23.66475494469443 ], [ -46.515169018913198, -23.664755382314706 ], [ -46.515171748495234, -23.664755644939174 ], [ -46.51517449132708, -23.664755731284792 ], [ -46.515177234006437, -23.66475564092498 ], [ -46.515179963131814, -23.664755374305145 ], [ -46.515182665368002, -23.664754932726947 ], [ -46.515185327510913, -23.664754318347697 ], [ -46.5151879365526, -23.664753534168899 ], [ -46.515190479744838, -23.664752584024942 ], [ -46.515192944660463, -23.664751472556596 ], [ -46.515195319255376, -23.664750205193201 ], [ -46.515197591926501, -23.664748788130598 ], [ -46.515199751569284, -23.664747228292843 ], [ -46.515201787630637, -23.664745533298348 ], [ -46.515203690162096, -23.664743711433097 ] ] ] } },
{ "type": "Feature", "properties": { "ID": 3515 }, "geometry": { "type": "MultiLineString", "coordinates": [ [ [ -46.515270865545197, -23.66455082807898 ], [ -46.515252142583201, -23.664602123993188 ] ] ] } },
{ "type": "Feature", "properties": { "ID": 3516 }, "geometry": { "type": "MultiLineString", "coordinates": [ [ [ -46.515233543983378, -23.664654874365315 ], [ -46.515231786062117, -23.664660368856353 ], [ -46.515230065199795, -23.664665873294766 ], [ -46.515228381462805, -23.664671387463571 ], [ -46.51522673491592, -23.66467691115221 ], [ -46.515225125622607, -23.664682444149065 ], [ -46.515223553644795, -23.664687986237151 ], [ -46.515222019043378, -23.664693537208425 ] ] ] } },
{ "type": "Feature", "properties": { "ID": 3517 }, "geometry": { "type": "MultiLineString", "coordinates": [ [ [ -46.515372856519548, -23.664800902623124 ], [ -46.515371881692573, -23.664802361103249 ], [ -46.515370902864241, -23.664803817306506 ], [ -46.515369920040762, -23.664805271225703 ], [ -46.515368933228757, -23.664806722851075 ], [ -46.515367942434565, -23.664808172176091 ], [ -46.515366947664027, -23.664809619186727 ], [ -46.515365948923652, -23.664811063873163 ], [ -46.515365926782998, -23.664811061361764 ], [ -46.515365595718087, -23.66481158384968 ], [ -46.51536530335953, -23.664812125572087 ], [ -46.51536505101835, -23.664812684103804 ], [ -46.515364839826383, -23.664813256939418 ], [ -46.515364670730634, -23.664813841508639 ], [ -46.515364544489238, -23.664814435192408 ], [ -46.515364461668263, -23.664815035326175 ], [ -46.515364422639045, -23.664815639219317 ], [ -46.515364427576827, -23.664816244165884 ], [ -46.515364476459354, -23.664816847451114 ], [ -46.515364569067444, -23.664817446370758 ], [ -46.515364704985608, -23.664818038239741 ], [ -46.51536488360469, -23.664818620400709 ], [ -46.515365104123568, -23.664819190247684 ], [ -46.515365365553336, -23.664819745221756 ], [ -46.515365666721841, -23.664820282834718 ], [ -46.515366006278434, -23.6648208006776 ], [ -46.515366382700456, -23.664821296427082 ], [ -46.51536679430005, -23.664821767860506 ], [ -46.515367239231317, -23.664822212862255 ], [ -46.515367715499323, -23.664822629440902 ], [ -46.515368220968341, -23.664823015722654 ], [ -46.515368753371554, -23.664823369981406 ], [ -46.515369310321674, -23.664823690623578 ], [ -46.515369889321178, -23.664823976213818 ], [ -46.515370487773694, -23.664824225472795 ], [ -46.515371102995871, -23.664824437280227 ], [ -46.515371732228424, -23.664824610686729 ], [ -46.515372372649963, -23.664824744914423 ], [ -46.515372360027953, -23.664824815155658 ], [ -46.515432386053767, -23.664835425926011 ], [ -46.515432386053767, -23.664835425926011 ], [ -46.515433035550394, -23.664835520893202 ], [ -46.515433690479227, -23.664835575723213 ], [ -46.515434347920547, -23.664835590176299 ], [ -46.515435004943683, -23.664835564187438 ], [ -46.515435658619481, -23.664835497872492 ], [ -46.515436306033855, -23.664835391526932 ], [ -46.515436944300475, -23.664835245624673 ], [ -46.515437570573766, -23.664835060815779 ], [ -46.515438182062034, -23.664834837924186 ], [ -46.515438776038934, -23.664834577945417 ], [ -46.515439349856557, -23.664834282035745 ], [ -46.515439900956814, -23.664833951514144 ], [ -46.515440426882755, -23.664833587855817 ], [ -46.515440925289724, -23.6648331926834 ], [ -46.515441393956046, -23.664832767756124 ], [ -46.515441830792071, -23.66483231496975 ], [ -46.515442233850408, -23.664831836341332 ], [ -46.515442601334144, -23.664831334004901 ], [ -46.515442931605257, -23.66483081020057 ], [ -46.515443223191006, -23.664830267263731 ], [ -46.515443474791759, -23.664829707616342 ], [ -46.515443685285753, -23.664829133749688 ], [ -46.515443853734475, -23.664828548224317 ], [ -46.515443979387172, -23.664827953650587 ], [ -46.515444061683567, -23.664827352677932 ], [ -46.515444100256765, -23.664826747988315 ], [ -46.515444094934914, -23.664826142275796 ], [ -46.515444045741539, -23.664825538241161 ], [ -46.515443952895936, -23.664824938572863 ] ] ] } },
{ "type": "Feature", "properties": { "ID": 3518 }, "geometry": { "type": "MultiLineString", "coordinates": [ [ [ -46.51552324362931, -23.664751933296881 ], [ -46.515523584218919, -23.664750938779747 ], [ -46.515523934769099, -23.664749947205536 ], [ -46.515524295249939, -23.664748958653941 ], [ -46.515524665630615, -23.664747973214631 ], [ -46.515525045879635, -23.664746990967572 ], [ -46.515525435964506, -23.664746011998119 ], [ -46.515525835851875, -23.664745036391611 ] ] ] } },
{ "type": "Feature", "properties": { "ID": 3519 }, "geometry": { "type": "MultiLineString", "coordinates": [ [ [ -46.515528361443046, -23.664631661204535 ], [ -46.515528923835021, -23.664631286837604 ], [ -46.515529456069665, -23.664630876771934 ], [ -46.515529955480275, -23.664630433052274 ], [ -46.515530419565145, -23.664629957908907 ], [ -46.515530845999436, -23.664629453718913 ], [ -46.515531232646985, -23.664628923007179 ], [ -46.515531577570769, -23.664628368436599 ], [ -46.515531879042761, -23.664627792779971 ], [ -46.515532135552938, -23.664627198926382 ], [ -46.515532345816013, -23.664626589844531 ], [ -46.515532508778961, -23.664625968591277 ], [ -46.515532623625212, -23.664625338277144 ], [ -46.515532689779469, -23.664624702059818 ], [ -46.515532706910442, -23.664624063124752 ], [ -46.515532674932189, -23.664623424674346 ], [ -46.515532594004888, -23.664622789906467 ], [ -46.515532464534076, -23.664622161999347 ], [ -46.515532287168334, -23.664621544103003 ], [ -46.515532062796062, -23.664620939309138 ], [ -46.515531792541196, -23.664620350649006 ], [ -46.515531477757968, -23.664619781069781 ], [ -46.515531120022899, -23.664619233426077 ], [ -46.515530721128378, -23.664618710462708 ], [ -46.515530283072593, -23.664618214797603 ], [ -46.515529808049912, -23.664617748915443 ], [ -46.515529298440157, -23.664617315146238 ], [ -46.515528756796165, -23.664616915667565 ], [ -46.515528185831435, -23.664616552478908 ], [ -46.515527588406158, -23.664616227400682 ], [ -46.51552696751309, -23.664615942058223 ], [ -46.515526326262879, -23.664615697884873 ] ] ] } },
{ "type": "Feature", "properties": { "ID": 3520 }, "geometry": { "type": "MultiLineString", "coordinates": [ [ [ -46.515302912585938, -23.664770490900715 ], [ -46.515302456509424, -23.664770701714669 ], [ -46.515301985727177, -23.6647708830398 ], [ -46.515301502483084, -23.664771034008304 ], [ -46.515301009080822, -23.664771153905441 ], [ -46.51530050787278, -23.664771242158118 ], [ -46.515300001247958, -23.664771298342476 ], [ -46.515299491621604, -23.664771322193772 ], [ -46.515298981423108, -23.664771313597821 ], [ -46.515298473084677, -23.664771272595409 ], [ -46.515297969029625, -23.664771199382468 ], [ -46.515297471660681, -23.664771094305813 ], [ -46.51529698334906, -23.664770957869756 ], [ -46.51529650642248, -23.664770790721107 ], [ -46.515296043154471, -23.664770593660119 ], [ -46.515295595753393, -23.664770367623294 ], [ -46.515295166352217, -23.664770113689968 ], [ -46.515294756997939, -23.664769833069524 ], [ -46.515294369641893, -23.664769527101431 ], [ -46.515294006130553, -23.664769197242485 ], [ -46.515293668197025, -23.664768845064678 ], [ -46.515293357452087, -23.664768472248845 ], [ -46.515293075377173, -23.66476808057185 ], [ -46.515292823316955, -23.664767671900133 ], [ -46.515292602473053, -23.664767248183374 ], [ -46.51529241389823, -23.664766811439453 ], [ -46.515292258491307, -23.664766363750175 ], [ -46.515292136993338, -23.66476590725058 ], [ -46.515292049983259, -23.664765444118185 ], [ -46.515291997876126, -23.664764976557958 ], [ -46.515291980920175, -23.664764506802342 ], [ -46.515291999196407, -23.664764037087547 ], [ -46.515292052617419, -23.664763569653598 ], [ -46.515292140928693, -23.664763106730312 ], [ -46.515292263709341, -23.66476265052113 ], [ -46.515292420373932, -23.664762203206283 ] ] ] } },
{ "type": "Feature", "properties": { "ID": 3521 }, "geometry": { "type": "MultiLineString", "coordinates": [ [ [ -46.515292420282343, -23.664762202642592 ], [ -46.51532309838035, -23.664684872177009 ] ] ] } },
{ "type": "Feature", "properties": { "ID": 3522 }, "geometry": { "type": "MultiLineString", "coordinates": [ [ [ -46.515525835854234, -23.664745036385803 ], [ -46.515529097444599, -23.664737915560242 ], [ -46.515532883053616, -23.664731018236008 ], [ -46.515537174750406, -23.66472437707618 ], [ -46.515541952207272, -23.664718023542854 ], [ -46.515547192795509, -23.664711987727596 ], [ -46.51555287169289, -23.664706298217997 ], [ -46.515558962001151, -23.664700981963041 ], [ -46.515565434873388, -23.664696064143723 ], [ -46.515572259650838, -23.664691568053581 ] ] ] } },
{ "type": "Feature", "properties": { "ID": 3523 }, "geometry": { "type": "MultiLineString", "coordinates": [ [ [ -46.515224894974914, -23.664526263637701 ], [ -46.515224234316214, -23.664526253041217 ], [ -46.515223574382958, -23.664526283459487 ], [ -46.515222918173059, -23.664526354753516 ], [ -46.515222268667806, -23.664526466602382 ], [ -46.51522162881767, -23.664526618496044 ], [ -46.515221001529262, -23.664526809745094 ], [ -46.515220389652065, -23.664527039479825 ], [ -46.515219795965763, -23.664527306658965 ], [ -46.51521922316725, -23.664527610065512 ], [ -46.515218673858783, -23.664527948321897 ], [ -46.515218150535496, -23.664528319894437 ], [ -46.51521765557488, -23.664528723093429 ], [ -46.515217191225339, -23.664529156084022 ], [ -46.515216759596377, -23.664529616905686 ], [ -46.515216362648466, -23.664530103459416 ], [ -46.515216002185262, -23.66453061353792 ], [ -46.51521567984404, -23.664531144822504 ], [ -46.515215397089058, -23.664531694901438 ], [ -46.515215155204721, -23.664532261273092 ] ] ] } },
{ "type": "Feature", "properties": { "ID": 3524 }, "geometry": { "type": "MultiLineString", "coordinates": [ [ [ -46.515243399653251, -23.664626140972782 ], [ -46.515242614642801, -23.66462831489034 ], [ -46.51524183549391, -23.664630490593133 ], [ -46.515241062211125, -23.664632668072954 ], [ -46.515240294799383, -23.664634847313593 ], [ -46.515239533263809, -23.664637028304242 ], [ -46.515238777608445, -23.664639211028717 ], [ -46.515238027838151, -23.664641395472696 ] ] ] } },
{ "type": "Feature", "properties": { "ID": 3525 }, "geometry": { "type": "MultiLineString", "coordinates": [ [ [ -46.515252142583201, -23.664602123993188 ], [ -46.515243399562962, -23.664626140405556 ] ] ] } },
{ "type": "Feature", "properties": { "ID": 3526 }, "geometry": { "type": "MultiLineString", "coordinates": [ [ [ -46.51504062103664, -23.664688582114476 ], [ -46.515032211238044, -23.664690174570278 ], [ -46.515023714876079, -23.664691312253414 ], [ -46.515015160912291, -23.664691991280616 ], [ -46.515006578504853, -23.66469220933968 ], [ -46.514997996908775, -23.664691965690242 ], [ -46.5149894453765, -23.664691261154005 ], [ -46.514980953057929, -23.664690098142607 ] ] ] } },
{ "type": "Feature", "properties": { "ID": 3527 }, "geometry": { "type": "MultiLineString", "coordinates": [ [ [ -46.515077401597722, -23.664675582715464 ], [ -46.51507239929925, -23.664677991329977 ], [ -46.515067300218668, -23.664680221129245 ], [ -46.515062111886834, -23.664682268818076 ], [ -46.515056841966455, -23.664684131372958 ], [ -46.51505149824056, -23.664685806043689 ], [ -46.515046088601515, -23.664687290353509 ], [ -46.515040621038821, -23.664688582114007 ] ] ] } },
{ "type": "Feature", "properties": { "ID": 3528 }, "geometry": { "type": "MultiLineString", "coordinates": [ [ [ -46.515131106151657, -23.664621240128742 ], [ -46.515127229781477, -23.664628749024899 ], [ -46.515122764040861, -23.664635974834617 ], [ -46.515117733143065, -23.664642878369669 ], [ -46.515112164366279, -23.664649422207077 ], [ -46.515106087904734, -23.66465557085893 ], [ -46.515099536705776, -23.664661290990328 ], [ -46.515092546290632, -23.66466655158483 ], [ -46.515085154561831, -23.664671324117439 ], [ -46.515077401598454, -23.664675582715095 ] ] ] } },
{ "type": "Feature", "properties": { "ID": 3529 }, "geometry": { "type": "MultiLineString", "coordinates": [ [ [ -46.5151373395028, -23.664604370071061 ], [ -46.515136627357975, -23.664606832556547 ], [ -46.515135855062532, -23.664609279613341 ], [ -46.515135023009641, -23.66461170999138 ], [ -46.515134131623036, -23.664614122456054 ], [ -46.515133181356816, -23.664616515780001 ], [ -46.51513217269504, -23.664618888738762 ], [ -46.515131106151507, -23.664621240129112 ] ] ] } },
{ "type": "Feature", "properties": { "ID": 3530 }, "geometry": { "type": "MultiLineString", "coordinates": [ [ [ -46.515526326171326, -23.664615697321278 ], [ -46.51548459141047, -23.66460138576975 ] ] ] } },
{ "type": "Feature", "properties": { "ID": 3531 }, "geometry": { "type": "MultiLineString", "coordinates": [ [ [ -46.515272671925267, -23.664545933925833 ], [ -46.515270865545197, -23.66455082807898 ] ] ] } },
{ "type": "Feature", "properties": { "ID": 3532 }, "geometry": { "type": "MultiLineString", "coordinates": [ [ [ -46.515132522924802, -23.664534994421345 ], [ -46.515135381190412, -23.664542389852393 ], [ -46.515137674699155, -23.664549950334241 ], [ -46.515139392366031, -23.664557639319298 ], [ -46.51514052588881, -23.664565419650771 ], [ -46.515141069789138, -23.664573253720111 ], [ -46.515141021437799, -23.664581103665906 ], [ -46.515140381068669, -23.664588931548142 ], [ -46.515139151776474, -23.664596699530147 ], [ -46.515137339502786, -23.664604370071146 ] ] ] } },
{ "type": "Feature", "properties": { "ID": 3533 }, "geometry": { "type": "MultiLineString", "coordinates": [ [ [ -46.515272662485671, -23.664545927439409 ], [ -46.515272948235626, -23.664545044336517 ], [ -46.515273168135835, -23.66454414537915 ], [ -46.515273321168642, -23.664543234732339 ], [ -46.515273406625845, -23.664542316608959 ], [ -46.515273424111854, -23.664541395257618 ], [ -46.515273373545959, -23.664540474944282 ], [ -46.515273255161766, -23.664539559925394 ], [ -46.515273069507614, -23.664538654439252 ], [ -46.515272817442614, -23.664537762675881 ], [ -46.515272500133307, -23.664536888764179 ], [ -46.515272119048333, -23.664536036743964 ], [ -46.515271675951539, -23.664535210561748 ], [ -46.515271172893769, -23.664534414042816 ], [ -46.515270612203118, -23.664533650871928 ], [ -46.515269996474899, -23.664532924580538 ], [ -46.515269328558723, -23.66453223853183 ], [ -46.515268611546013, -23.664531595901448 ], [ -46.515267848755194, -23.664530999660435 ], [ -46.515267043716769, -23.664530452571075 ], [ -46.515266200156816, -23.664529957165502 ], [ -46.515265321979399, -23.664529515737286 ], [ -46.51526441324912, -23.664529130326514 ], [ -46.515263478171853, -23.664528802717847 ], [ -46.515262521075435, -23.664528534429905 ], [ -46.515261546389702, -23.664528326703646 ], [ -46.515260558625592, -23.664528180501534 ], [ -46.515259562354679, -23.664528096493623 ], [ -46.51525962276434, -23.664528090782522 ], [ -46.515224992914284, -23.664526262115309 ] ] ] } },
{ "type": "Feature", "properties": { "ID": 3534 }, "geometry": { "type": "MultiLineString", "coordinates": [ [ [ -46.515107074964554, -23.664496343831392 ], [ -46.515111551863797, -23.664501351866914 ], [ -46.515115763299377, -23.66450655159786 ], [ -46.515119699610921, -23.664511931098421 ], [ -46.515123351769439, -23.66451747802844 ], [ -46.515126711397528, -23.664523179667853 ], [ -46.515129770788107, -23.664529022931568 ], [ -46.5151325229238, -23.6645349944191 ] ] ] } },
{ "type": "Feature", "properties": { "ID": 3535 }, "geometry": { "type": "MultiLineString", "coordinates": [ [ [ -46.515077853631873, -23.664472503455691 ], [ -46.515082434881407, -23.664475458203491 ], [ -46.515086890939244, -23.664478571145757 ], [ -46.51509121537002, -23.664481837786933 ], [ -46.515095401929109, -23.664485253411559 ], [ -46.515099444570438, -23.664488813090149 ], [ -46.5151033374554, -23.664492511677004 ], [ -46.515107074962252, -23.664496343828876 ] ] ] } },
{ "type": "Feature", "properties": { "ID": 3536 }, "geometry": { "type": "MultiLineString", "coordinates": [ [ [ -46.515224992914284, -23.664526262115309 ], [ -46.515224894883488, -23.664526263074002 ] ] ] } },
{ "type": "Feature", "properties": { "ID": 3537 }, "geometry": { "type": "MultiLineString", "coordinates": [ [ [ -46.515545090112226, -23.66485801073518 ], [ -46.515551846228199, -23.664865771196474 ], [ -46.515559202458448, -23.664873054029066 ], [ -46.515567119128605, -23.664879819953516 ], [ -46.515575553541353, -23.664886032476673 ], [ -46.515584460207215, -23.664891658096366 ], [ -46.515593791089678, -23.664896666466973 ], [ -46.515603495864013, -23.664901030582836 ] ] ] } },
{ "type": "Feature", "properties": { "ID": 3538 }, "geometry": { "type": "MultiLineString", "coordinates": [ [ [ -46.515572259649367, -23.66469156805449 ], [ -46.515579956805027, -23.664687146461453 ], [ -46.515587935297347, -23.664683170423086 ], [ -46.515596164765711, -23.664679655062148 ], [ -46.515604613894446, -23.664676613763614 ], [ -46.515613250532326, -23.664674058095905 ], [ -46.515622041814247, -23.664671997783891 ], [ -46.515630954286721, -23.664670440669767 ] ] ] } },
{ "type": "Feature", "properties": { "ID": 3539 }, "geometry": { "type": "MultiLineString", "coordinates": [ [ [ -46.515545090116149, -23.664858010740101 ], [ -46.515541817116315, -23.664853787956289 ], [ -46.515538722099585, -23.664849452810557 ], [ -46.51553580960725, -23.664845011663395 ], [ -46.515533083913375, -23.66484047103441 ], [ -46.515530549017051, -23.664835837584757 ], [ -46.515528208637619, -23.664831118112925 ], [ -46.515526066209191, -23.664826319542293 ], [ -46.515526106999843, -23.664826291452002 ], [ -46.515523599303435, -23.664819797320789 ], [ -46.515521527909648, -23.664813173975812 ], [ -46.51551990058784, -23.664806446252353 ], [ -46.515518723441474, -23.664799639394378 ], [ -46.515518000886075, -23.664792778927193 ], [ -46.515517735631761, -23.664785890585492 ], [ -46.515517928673063, -23.664779000206849 ], [ -46.51551857928623, -23.66477213363488 ], [ -46.515519685030625, -23.664765316625573 ], [ -46.515521241758847, -23.664758574747065 ], [ -46.515523243631669, -23.664751933289818 ] ] ] } },
{ "type": "Feature", "properties": { "ID": 3540 }, "geometry": { "type": "MultiLineString", "coordinates": [ [ [ -46.515443952896483, -23.664824938575208 ], [ -46.515441747866348, -23.664814125925403 ], [ -46.515440244309595, -23.664803211695045 ], [ -46.515439447540224, -23.66479223445187 ], [ -46.515439360373904, -23.664781232999577 ], [ -46.515439983118561, -23.664770246215951 ], [ -46.515441313573021, -23.664759312933292 ], [ -46.515443347034967, -23.66474847179413 ], [ -46.515446076317382, -23.664737761112224 ], [ -46.515449491773801, -23.664727218746414 ] ] ] } },
{ "type": "Feature", "properties": { "ID": 3541 }, "geometry": { "type": "MultiLineString", "coordinates": [ [ [ -46.515449491773829, -23.664727218746322 ], [ -46.515449934099976, -23.66472600232775 ], [ -46.515450385570119, -23.664724788765142 ], [ -46.515450846162601, -23.66472357811249 ], [ -46.515451315855167, -23.664722370429232 ], [ -46.515451794625449, -23.664721165778023 ], [ -46.515452282450205, -23.664719964207535 ], [ -46.515452779306187, -23.664718765784308 ] ] ] } },
{ "type": "Feature", "properties": { "ID": 3542 }, "geometry": { "type": "MultiLineString", "coordinates": [ [ [ -46.51536032668735, -23.664685457148313 ], [ -46.515359649009632, -23.664686929541034 ], [ -46.51535896717089, -23.664688400302879 ], [ -46.515358281175523, -23.6646898694217 ], [ -46.515357591028724, -23.664691336892041 ], [ -46.5153568967349, -23.664692802703112 ], [ -46.51535619829874, -23.664694266843025 ], [ -46.515355495724798, -23.664695729300838 ] ] ] } },
{ "type": "Feature", "properties": { "ID": 3543 }, "geometry": { "type": "MultiLineString", "coordinates": [ [ [ -46.515452779306528, -23.664718765783501 ], [ -46.515457852431055, -23.664707732917158 ], [ -46.515463690035922, -23.664697025557626 ], [ -46.515470267650365, -23.664686688586638 ], [ -46.515477557701182, -23.66467676533793 ], [ -46.515485529629366, -23.664667297408933 ], [ -46.515494150016899, -23.6646583244884 ], [ -46.515503382727807, -23.664649884191334 ], [ -46.515513189059455, -23.664642011892884 ], [ -46.515523527904485, -23.664634740598839 ] ] ] } },
{ "type": "Feature", "properties": { "ID": 3635 }, "geometry": { "type": "MultiLineString", "coordinates": [ [ [ -46.526829686427604, -23.661959386577578 ], [ -46.526828960380577, -23.661955962140894 ], [ -46.526828550440193, -23.661954430994907 ], [ -46.526827833831028, -23.66195181921044 ], [ -46.526827125611071, -23.661949929783475 ], [ -46.526826618691025, -23.661948489898009 ], [ -46.526826115965584, -23.661947411191399 ], [ -46.52682541089159, -23.661945792648375 ], [ -46.52682451080959, -23.661944266331915 ], [ -46.526823012071148, -23.661941842864078 ], [ -46.526821714632646, -23.661939868937836 ], [ -46.526820517319813, -23.661938074635078 ], [ -46.526818425168322, -23.661935205489275 ], [ -46.526816635491031, -23.661933055803097 ], [ -46.526815343295894, -23.66193153335017 ], [ -46.526813257436437, -23.661929205972374 ], [ -46.526810977617686, -23.661927061115712 ], [ -46.526799189557536, -23.661916611579372 ] ] ] } },
{ "type": "Feature", "properties": { "ID": 3636 }, "geometry": { "type": "MultiLineString", "coordinates": [ [ [ -46.526799189557536, -23.661916611579372 ], [ -46.526794731095151, -23.66191259178369 ], [ -46.526786798648786, -23.661904903711807 ] ] ] } },
{ "type": "Feature", "properties": { "ID": 3637 }, "geometry": { "type": "MultiLineString", "coordinates": [ [ [ -46.505343402267364, -23.680844613798108 ], [ -46.505344342199123, -23.680844836847804 ], [ -46.505345296072427, -23.68084500225325 ], [ -46.505346259723005, -23.680845109282803 ], [ -46.505347228944395, -23.680845157474621 ], [ -46.505348199505889, -23.680845146621142 ], [ -46.505349167170685, -23.680845076763557 ], [ -46.505350127714706, -23.680844948209909 ], [ -46.505351076944983, -23.680844761521993 ], [ -46.505352010717878, -23.68084451751302 ], [ -46.5053529249574, -23.680844217249636 ], [ -46.505353815672443, -23.680843862040927 ], [ -46.50535467897506, -23.680843453438278 ], [ -46.505355511096724, -23.680842993226602 ], [ -46.505356308405005, -23.6808424834134 ], [ -46.505357067419595, -23.680841926224296 ], [ -46.505357784826934, -23.680841324092167 ], [ -46.505358457495689, -23.680840679644017 ], [ -46.505359082489285, -23.680839995694441 ], [ -46.505359657079808, -23.680839275228237 ], [ -46.505360178758608, -23.680838521389571 ], [ -46.505360645248842, -23.680837737471048 ], [ -46.505361054513926, -23.680836926894276 ], [ -46.50536140476742, -23.680836093196859 ], [ -46.505361694480449, -23.680835240017238 ], [ -46.505361922388332, -23.680834371082792 ], [ -46.50536208749606, -23.68083349018287 ], [ -46.505362189083229, -23.680832601166816 ] ] ] } },
{ "type": "Feature", "properties": { "ID": 3638 }, "geometry": { "type": "MultiLineString", "coordinates": [ [ [ -46.505343402176926, -23.680844613229077 ], [ -46.50527071837336, -23.680825271937859 ] ] ] } },
{ "type": "Feature", "properties": { "ID": 3639 }, "geometry": { "type": "MultiLineString", "coordinates": [ [ [ -46.505362188992763, -23.680832600598052 ], [ -46.505362621259167, -23.680827539292284 ] ] ] } },
{ "type": "Feature", "properties": { "ID": 3640 }, "geometry": { "type": "MultiLineString", "coordinates": [ [ [ -46.505270707433212, -23.680825263362873 ], [ -46.505269476045349, -23.680824897421463 ], [ -46.505268273711685, -23.68082445709657 ], [ -46.50526710572354, -23.680823944321499 ], [ -46.505265977221022, -23.680823361355415 ], [ -46.505264893170491, -23.680822710760623 ], [ -46.50526385834263, -23.680821995403829 ], [ -46.50526287729155, -23.680821218429422 ], [ -46.505261954334962, -23.680820383261846 ], [ -46.50526109353433, -23.68081949357132 ], [ -46.50526029867823, -23.680818553276175 ], [ -46.505259573264397, -23.680817566515014 ], [ -46.50525892048546, -23.680816537629635 ], [ -46.505258343214116, -23.680815471145838 ], [ -46.505257843991032, -23.68081437176054 ], [ -46.505257425012886, -23.680813244309668 ], [ -46.505257088123969, -23.680812093757453 ], [ -46.505256834806424, -23.680810925164224 ], [ -46.505256666175285, -23.680809743673532 ], [ -46.505256582972805, -23.680808554487466 ], [ -46.505256585564858, -23.680807362833299 ], [ -46.505256673940274, -23.680806173964413 ] ] ] } },
{ "type": "Feature", "properties": { "ID": 3641 }, "geometry": { "type": "MultiLineString", "coordinates": [ [ [ -46.505256673849786, -23.680806173395649 ], [ -46.505257291859436, -23.680800207230263 ] ] ] } },
{ "type": "Feature", "properties": { "ID": 3642 }, "geometry": { "type": "MultiLineString", "coordinates": [ [ [ -46.506153124356075, -23.684315303500767 ], [ -46.506143489257482, -23.684321628290519 ], [ -46.506110213256783, -23.68436990410704 ] ] ] } },
{ "type": "Feature", "properties": { "ID": 3643 }, "geometry": { "type": "MultiLineString", "coordinates": [ [ [ -46.506110213256783, -23.68436990410704 ], [ -46.506104217245394, -23.684377186857436 ], [ -46.506095027135018, -23.684388112889774 ], [ -46.506090678229853, -23.684393663816962 ], [ -46.506088553317902, -23.684396483951335 ], [ -46.506086527487398, -23.684399393427267 ], [ -46.506085948530732, -23.684400211806825 ], [ -46.50608546762011, -23.684401029232642 ], [ -46.506084698784377, -23.68440239129125 ], [ -46.506082490323166, -23.684406476513324 ] ] ] } },
{ "type": "Feature", "properties": { "ID": 3644 }, "geometry": { "type": "MultiLineString", "coordinates": [ [ [ -46.506121268933562, -23.684213839204943 ], [ -46.50605062043136, -23.684303748068235 ] ] ] } },
{ "type": "Feature", "properties": { "ID": 3645 }, "geometry": { "type": "MultiLineString", "coordinates": [ [ [ -46.506153124356075, -23.684315303500767 ], [ -46.50615894324136, -23.684318226977911 ] ] ] } },
{ "type": "Feature", "properties": { "ID": 3646 }, "geometry": { "type": "MultiLineString", "coordinates": [ [ [ -46.506082490323166, -23.684406476513324 ], [ -46.50608291493468, -23.684417850859383 ] ] ] } },
{ "type": "Feature", "properties": { "ID": 3647 }, "geometry": { "type": "MultiLineString", "coordinates": [ [ [ -46.507171090857369, -23.687590886565815 ], [ -46.507170271858747, -23.687579335459773 ] ] ] } },
{ "type": "Feature", "properties": { "ID": 3648 }, "geometry": { "type": "MultiLineString", "coordinates": [ [ [ -46.507170271858747, -23.687579335459773 ], [ -46.507173250425403, -23.687556910750384 ], [ -46.507213127721691, -23.687460076498223 ], [ -46.507234248937735, -23.687429257390168 ], [ -46.507237529510995, -23.687441687585604 ] ] ] } },
{ "type": "Feature", "properties": { "ID": 3649 }, "geometry": { "type": "MultiLineString", "coordinates": [ [ [ -46.507113610255871, -23.687384285735547 ], [ -46.507113709340437, -23.687384375076366 ], [ -46.507113906473244, -23.687384463462756 ], [ -46.507114300738813, -23.687384640235543 ], [ -46.507114693968035, -23.687384726713084 ], [ -46.507114890064464, -23.687384724804332 ], [ -46.507115282257331, -23.687384720986632 ], [ -46.507115674450198, -23.68738471716901 ], [ -46.507123404713759, -23.687383287342126 ] ] ] } },
{ "type": "Feature", "properties": { "ID": 3650 }, "geometry": { "type": "MultiLineString", "coordinates": [ [ [ -46.507123404713759, -23.687383287342126 ], [ -46.507138277172743, -23.687363365709221 ], [ -46.507144558696723, -23.687346778692621 ], [ -46.507169393961114, -23.687263636668757 ] ] ] } },
{ "type": "Feature", "properties": { "ID": 3651 }, "geometry": { "type": "MultiLineString", "coordinates": [ [ [ -46.507169393961114, -23.687263636668757 ], [ -46.507170616767169, -23.687259109500268 ], [ -46.50717240091565, -23.68725222892941 ], [ -46.507173145917669, -23.687248790075703 ], [ -46.507173518418654, -23.687247070648837 ], [ -46.507173792871534, -23.687245352176536 ], [ -46.507174065251618, -23.687243453113659 ], [ -46.507174242692763, -23.687241825890862 ], [ -46.507174405624426, -23.68723893453506 ], [ -46.507174796371267, -23.687230261422208 ] ] ] } },
{ "type": "Feature", "properties": { "ID": 3652 }, "geometry": { "type": "MultiLineString", "coordinates": [ [ [ -46.507174796371267, -23.687230261422208 ], [ -46.507173190918969, -23.687218537360835 ] ] ] } },
{ "type": "Feature", "properties": { "ID": 3653 }, "geometry": { "type": "MultiLineString", "coordinates": [ [ [ -46.507132840846602, -23.692246044370975 ], [ -46.507141815395244, -23.692250472259534 ] ] ] } },
{ "type": "Feature", "properties": { "ID": 3654 }, "geometry": { "type": "MultiLineString", "coordinates": [ [ [ -46.507156450389424, -23.692175647907078 ], [ -46.507157693757044, -23.692176214804327 ], [ -46.50715897768071, -23.692176699005763 ], [ -46.507160295684479, -23.692177098069145 ], [ -46.507161641120796, -23.692177409980449 ], [ -46.507163007203602, -23.692177633170491 ], [ -46.507164387042828, -23.692177766509278 ], [ -46.507165773678892, -23.692177809326061 ], [ -46.507167160118122, -23.692177761404729 ], [ -46.507168539367434, -23.692177622987785 ], [ -46.507169904470494, -23.692177394771612 ], [ -46.507171248542143, -23.692177077908404 ], [ -46.507172564803135, -23.692176673997118 ], [ -46.507173846614727, -23.692176185072441 ], [ -46.50717508751174, -23.692175613602245 ], [ -46.507176281235445, -23.692174962469053 ], [ -46.507177421765036, -23.692174234955655 ], [ -46.507178503348143, -23.692173434734112 ] ] ] } },
{ "type": "Feature", "properties": { "ID": 3655 }, "geometry": { "type": "MultiLineString", "coordinates": [ [ [ -46.507093532525367, -23.692144833651792 ], [ -46.507156450298424, -23.692175647334338 ] ] ] } },
{ "type": "Feature", "properties": { "ID": 3656 }, "geometry": { "type": "MultiLineString", "coordinates": [ [ [ -46.507093548828877, -23.69214482109696 ], [ -46.507092350436785, -23.692144184064109 ], [ -46.507091203972834, -23.692143470574685 ], [ -46.507090115179011, -23.6921426841966 ], [ -46.507089089508959, -23.692141828871755 ], [ -46.507088132100058, -23.692140908885268 ], [ -46.507087247747805, -23.692139928841051 ], [ -46.507086440881515, -23.69213889365227 ], [ -46.507085715542907, -23.692137808502871 ], [ -46.507085075364614, -23.692136678826213 ], [ -46.507084523553573, -23.69213551028157 ], [ -46.507084062873439, -23.69213430872416 ], [ -46.507083695631749, -23.692133080168652 ], [ -46.507083423667858, -23.692131830770986 ], [ -46.507083248344017, -23.692130566786489 ], [ -46.507083170538337, -23.692129294550774 ] ] ] } },
{ "type": "Feature", "properties": { "ID": 3657 }, "geometry": { "type": "MultiLineString", "coordinates": [ [ [ -46.507132840936123, -23.692246044942998 ], [ -46.507129430277288, -23.69224449178062 ], [ -46.507125917516142, -23.692243145368117 ], [ -46.507122317411941, -23.692242011359635 ], [ -46.507118645091268, -23.69224109452005 ], [ -46.507114915984417, -23.692240398702733 ], [ -46.507111145759723, -23.692239926831828 ], [ -46.507107350258643, -23.692239680888925 ], [ -46.507103545428819, -23.692239661907248 ], [ -46.507099747256916, -23.692239869965821 ], [ -46.507095971701851, -23.692240304192332 ], [ -46.50709223462745, -23.692240962761566 ], [ -46.507088551735485, -23.692241842906871 ], [ -46.507084938500782, -23.692242940930448 ], [ -46.507081410104867, -23.692244252215875 ], [ -46.507077981373115, -23.692245771257614 ] ] ] } },
{ "type": "Feature", "properties": { "ID": 3658 }, "geometry": { "type": "MultiLineString", "coordinates": [ [ [ -46.507141840210302, -23.692250473704657 ], [ -46.507143504761558, -23.692251355608196 ], [ -46.507145103492114, -23.692252335355168 ], [ -46.507146629630093, -23.692253408796681 ], [ -46.507148076711026, -23.692254571384918 ], [ -46.507149438605154, -23.692255818196347 ], [ -46.507150709543907, -23.692257143949742 ], [ -46.507151884143283, -23.692258543028551 ], [ -46.507152957428225, -23.69226000950653 ], [ -46.507153924852325, -23.692261537171195 ], [ -46.507154782317457, -23.69226311955164 ], [ -46.507155526191752, -23.692264749946361 ], [ -46.507156153324232, -23.692266421448931 ], [ -46.507156661058289, -23.692268126978025 ], [ -46.507157047243311, -23.692269859309576 ], [ -46.507157310243642, -23.692271611105788 ], [ -46.50715744894481, -23.692273374948467 ], [ -46.507157462759594, -23.692275143361488 ] ] ] } },
{ "type": "Feature", "properties": { "ID": 3659 }, "geometry": { "type": "MultiLineString", "coordinates": [ [ [ -46.507031162501995, -23.692802411542544 ], [ -46.507029544947159, -23.692798182943129 ], [ -46.507025083876933, -23.692793982025883 ], [ -46.507016880236378, -23.692788372659173 ], [ -46.506954999720861, -23.692762515624146 ], [ -46.50694660454262, -23.692765848337785 ], [ -46.506945056436869, -23.692767669513206 ] ] ] } },
{ "type": "Feature", "properties": { "ID": 3660 }, "geometry": { "type": "MultiLineString", "coordinates": [ [ [ -46.507052041755557, -23.692724816679341 ], [ -46.507048070334143, -23.692729099689107 ] ] ] } },
{ "type": "Feature", "properties": { "ID": 3661 }, "geometry": { "type": "MultiLineString", "coordinates": [ [ [ -46.507048070334143, -23.692729099689107 ], [ -46.507035688805033, -23.6927268722904 ], [ -46.506995224537476, -23.692712907680061 ] ] ] } },
{ "type": "Feature", "properties": { "ID": 3662 }, "geometry": { "type": "MultiLineString", "coordinates": [ [ [ -46.506995224537476, -23.692712907680061 ], [ -46.506991580021527, -23.692711498275184 ], [ -46.506978486216219, -23.692707020174524 ], [ -46.506975335071147, -23.692705876882183 ], [ -46.506972969380207, -23.692704816248852 ], [ -46.506971293164206, -23.692704019819299 ], [ -46.506968826311564, -23.692702689254876 ], [ -46.50696645647465, -23.692701267440704 ], [ -46.506965962067611, -23.692700911032627 ], [ -46.506965566749294, -23.692700643965289 ], [ -46.506964873128339, -23.692700018580798 ], [ -46.506964277559582, -23.692699392241771 ], [ -46.506960302609762, -23.692694825369106 ] ] ] } },
{ "type": "Feature", "properties": { "ID": 3663 }, "geometry": { "type": "MultiLineString", "coordinates": [ [ [ -46.506960302609762, -23.692694825369106 ], [ -46.506960274623907, -23.692692387399806 ] ] ] } },
{ "type": "Feature", "properties": { "ID": 3664 }, "geometry": { "type": "MultiLineString", "coordinates": [ [ [ -46.506362123171712, -23.695882823758112 ], [ -46.506356328624292, -23.695882067402735 ] ] ] } },
{ "type": "Feature", "properties": { "ID": 3665 }, "geometry": { "type": "MultiLineString", "coordinates": [ [ [ -46.506383966618237, -23.695812263976926 ], [ -46.506385352119622, -23.695812365411115 ], [ -46.506386741954415, -23.695812374940882 ], [ -46.506388128942262, -23.695812292509586 ], [ -46.506389505917575, -23.695812118549735 ], [ -46.506390865766726, -23.695811853958432 ], [ -46.506392201463996, -23.695811500100167 ], [ -46.506393506109156, -23.695811058805443 ], [ -46.506394772961848, -23.695810532353185 ], [ -46.50639599547722, -23.695809923463944 ], [ -46.506397167339266, -23.695809235282347 ], [ -46.506398282494068, -23.695808471364941 ], [ -46.506399335180305, -23.695807635655111 ], [ -46.506400319959674, -23.695806732475504 ] ] ] } },
{ "type": "Feature", "properties": { "ID": 3666 }, "geometry": { "type": "MultiLineString", "coordinates": [ [ [ -46.50638396652721, -23.695812263403191 ], [ -46.50632603662951, -23.695806054273319 ] ] ] } },
{ "type": "Feature", "properties": { "ID": 3667 }, "geometry": { "type": "MultiLineString", "coordinates": [ [ [ -46.506326036720246, -23.695806054847043 ], [ -46.506324693555186, -23.69580586008297 ], [ -46.50632336794903, -23.695805581384988 ], [ -46.506322066079257, -23.695805220054741 ], [ -46.506320794012609, -23.695804777778211 ], [ -46.506319557676733, -23.695804256613101 ], [ -46.506318362833206, -23.695803658990094 ], [ -46.506317215049613, -23.695802987692712 ], [ -46.506316119674665, -23.695802245848967 ], [ -46.506315081812858, -23.695801436916479 ], [ -46.506314106300636, -23.69580056466339 ], [ -46.506313197683667, -23.695799633157751 ], [ -46.506312360196155, -23.695798646737671 ], [ -46.506311597741075, -23.695797610001726 ], [ -46.50631091387087, -23.695796527780168 ], [ -46.506310311772538, -23.695795405113554 ] ] ] } },
{ "type": "Feature", "properties": { "ID": 3668 }, "geometry": { "type": "MultiLineString", "coordinates": [ [ [ -46.506362110025997, -23.695882814110877 ], [ -46.506363965238386, -23.695883054420197 ], [ -46.506365799720122, -23.695883404583348 ], [ -46.506367605808606, -23.695883863131396 ], [ -46.506369375960674, -23.695884428153725 ], [ -46.506371102782545, -23.695885097288276 ], [ -46.506372779061991, -23.695885867741691 ], [ -46.506374397797558, -23.695886736294419 ], [ -46.506375952228311, -23.695887699319783 ], [ -46.506377435861616, -23.695888752794513 ], [ -46.506378842500801, -23.695889892319947 ], [ -46.50638016627093, -23.695891113136916 ], [ -46.50638140164267, -23.69589241014269 ], [ -46.506382543456326, -23.695893777923065 ], [ -46.506383586942889, -23.69589521076723 ], [ -46.506384527743997, -23.69589670268476 ], [ -46.506385361929965, -23.695898247450707 ], [ -46.506386086016917, -23.695899838608629 ], [ -46.506386696980428, -23.69590146951246 ], [ -46.506387192268669, -23.695903133354314 ] ] ] } },
{ "type": "Feature", "properties": { "ID": 3669 }, "geometry": { "type": "MultiLineString", "coordinates": [ [ [ -46.506356290402827, -23.695882105229224 ], [ -46.506352210033519, -23.695881704341382 ], [ -46.506348109487774, -23.695881560340126 ], [ -46.506344007814185, -23.695881673888138 ], [ -46.50633992406722, -23.695882044463019 ], [ -46.50633587721768, -23.695882670339646 ], [ -46.506331886065141, -23.695883548611487 ], [ -46.506327969150213, -23.695884675198929 ], [ -46.506324144668874, -23.69588604486956 ], [ -46.506320430387618, -23.695887651258356 ], [ -46.506316843561073, -23.695889486905031 ], [ -46.506313400851752, -23.6958915432818 ], [ -46.506310118252514, -23.695893810831766 ], [ -46.506307011012723, -23.695896279027536 ] ] ] } },
{ "type": "Feature", "properties": { "ID": 3670 }, "geometry": { "type": "MultiLineString", "coordinates": [ [ [ -46.506081811681227, -23.698443176106803 ], [ -46.506012968277425, -23.698408988183974 ] ] ] } },
{ "type": "Feature", "properties": { "ID": 3671 }, "geometry": { "type": "MultiLineString", "coordinates": [ [ [ -46.506098826823099, -23.69834493907215 ], [ -46.506098736020057, -23.698345572092258 ], [ -46.506090523110927, -23.698347729031301 ] ] ] } },
{ "type": "Feature", "properties": { "ID": 3672 }, "geometry": { "type": "MultiLineString", "coordinates": [ [ [ -46.506090523110927, -23.698347729031301 ], [ -46.506083737528392, -23.698346079261825 ] ] ] } },
{ "type": "Feature", "properties": { "ID": 3705 }, "geometry": { "type": "MultiLineString", "coordinates": [ [ [ -46.533708685533128, -23.655623060592379 ], [ -46.533714022736476, -23.655620188383203 ] ] ] } },
{ "type": "Feature", "properties": { "ID": 3728 }, "geometry": { "type": "MultiLineString", "coordinates": [ [ [ -46.549012213789581, -23.654717333011586 ], [ -46.549012382400136, -23.654727301727323 ], [ -46.549011774020762, -23.654737255892801 ], [ -46.549010391787881, -23.654747144180647 ], [ -46.549008242827966, -23.654756915612428 ], [ -46.549005338220248, -23.654766519810732 ], [ -46.549001692940216, -23.654775907251619 ], [ -46.548997325782246, -23.65478502954026 ] ] ] } },
{ "type": "Feature", "properties": { "ID": 3579 }, "geometry": { "type": "MultiLineString", "coordinates": [ [ [ -46.535159768089336, -23.637552778045563 ], [ -46.53513569061181, -23.637530313783582 ], [ -46.535110117703319, -23.63750929894422 ], [ -46.53508315196779, -23.637489817840599 ], [ -46.535054901597228, -23.637471948636076 ], [ -46.535025479938326, -23.637455763022693 ], [ -46.534995005036414, -23.6374413259447 ], [ -46.534963599162715, -23.637428695324441 ], [ -46.534931388323912, -23.63741792183686 ], [ -46.534898501755826, -23.637409048708879 ], [ -46.534865071405392, -23.637402111538329 ], [ -46.53483123140159, -23.637397138164474 ], [ -46.534830148981143, -23.637396787100446 ], [ -46.534828771580997, -23.637396349207599 ], [ -46.534827590200223, -23.637395909374835 ], [ -46.534826603785902, -23.637395377307314 ], [ -46.534825716434192, -23.637394934564416 ], [ -46.534824928145078, -23.63739458114603 ], [ -46.534823644543003, -23.637393781104645 ], [ -46.5348227550855, -23.637393157772497 ], [ -46.534822062700286, -23.637392622794923 ], [ -46.534820975117604, -23.637391820813431 ], [ -46.534819984491733, -23.637390927567413 ], [ -46.534819291053616, -23.637390302295078 ], [ -46.534818695625205, -23.637389676052784 ], [ -46.534818198206459, -23.637389048840454 ], [ -46.534817701840637, -23.637388511922772 ], [ -46.534817003138045, -23.637387435177221 ], [ -46.534816305488356, -23.637386448726403 ], [ -46.534815902920613, -23.637385549660237 ], [ -46.534815502458684, -23.637384831183201 ], [ -46.534814898607095, -23.637383482583797 ], [ -46.534814493933581, -23.637382402928306 ], [ -46.534813984932988, -23.637380782474974 ], [ -46.534813475932395, -23.637379162021649 ], [ -46.53481316821567, -23.637377991101452 ], [ -46.534812960614438, -23.637376999800455 ], [ -46.534812753013185, -23.637376008499537 ], [ -46.534812645527417, -23.637375196817917 ], [ -46.534812540147442, -23.637374565725423 ], [ -46.534812532777146, -23.637373933662992 ], [ -46.534812526459753, -23.63737339189522 ], [ -46.534812521195263, -23.637372940422019 ], [ -46.534812609728824, -23.637372126800319 ], [ -46.534812700368207, -23.637371493767855 ], [ -46.534812793113367, -23.637371041324702 ], [ -46.5348129817624, -23.637370407322205 ], [ -46.534813268421111, -23.637369772349761 ], [ -46.534817188897485, -23.637361335177843 ] ] ] } }
]
}
